full_name,project_id,url,strata,stars,license,total_commits,n_model_sql_at_head,n_dbt_projects,created_at,pushed_at,screen,outcome,reason
08Aristodemus24/forums-analyses,08Aristodemus24__forums-analyses,https://github.com/08Aristodemus24/forums-analyses,S3_code,0,,154,22,2,2025-10-13T08:26:49Z,2026-04-02T04:45:45Z,excluded,not screened in,"P4 5.6 months between creation and last push, below 12"
0xChron/luminos,0xChron__luminos,https://github.com/0xChron/luminos,S2_topic_dbt,1,,44,12,1,2026-02-19T16:52:34Z,2026-06-09T11:31:57Z,excluded,not screened in,"P4 3.6 months between creation and last push, below 12"
100-UtpalTripathi/AWS_DBT_Snowflake,100-UtpalTripathi__AWS_DBT_Snowflake,https://github.com/100-UtpalTripathi/AWS_DBT_Snowflake,S3_code,0,,13,,,2026-01-26T12:34:34Z,2026-01-26T12:43:45Z,excluded,not screened in,"P3 13 commits on the default branch, below 40"
100-UtpalTripathi/Data-Engineering-Roadmap,100-UtpalTripathi__Data-Engineering-Roadmap,https://github.com/100-UtpalTripathi/Data-Engineering-Roadmap,S3_code,0,,10,,,2025-05-26T06:36:37Z,2026-01-26T12:35:47Z,excluded,not screened in,"P3 10 commits on the default branch, below 40"
11mahmoudd/NY_Taxi_DBT,11mahmoudd__NY_Taxi_DBT,https://github.com/11mahmoudd/NY_Taxi_DBT,S3_code,0,,39,,,2025-03-08T15:53:50Z,2025-03-14T14:03:59Z,excluded,not screened in,"P3 39 commits on the default branch, below 40"
16aryan/data-lakes-postgres-dbt,16aryan__data-lakes-postgres-dbt,https://github.com/16aryan/data-lakes-postgres-dbt,S3_code,1,,83,7,2,2026-02-22T00:36:34Z,2026-03-03T12:20:49Z,excluded,not screened in,"P4 0.3 months between creation and last push, below 12"
1997mahadi/dbt-dlt-ingestion-pipeline,1997mahadi__dbt-dlt-ingestion-pipeline,https://github.com/1997mahadi/dbt-dlt-ingestion-pipeline,S3_code,21,MIT,95,0,1,2024-07-05T20:18:36Z,2024-08-08T09:44:54Z,excluded,not screened in,"P4 1.1 months between creation and last push, below 12"
19Vermouth/racecast-telemetry,19Vermouth__racecast-telemetry,https://github.com/19Vermouth/racecast-telemetry,S2_topic_dbt,3,,2,,,2026-01-24T14:50:32Z,2026-05-07T14:39:18Z,excluded,not screened in,"P3 2 commits on the default branch, below 40"
1ambda/lakehouse,1ambda__lakehouse,https://github.com/1ambda/lakehouse,S2_topic_dbt,71,,37,,,2023-08-27T13:53:34Z,2023-09-23T02:04:12Z,excluded,not screened in,"P3 37 commits on the default branch, below 40"
1bk/dbt-teach-in,1bk__dbt-teach-in,https://github.com/1bk/dbt-teach-in,S3_code,0,GPL-3.0,29,,,2020-10-31T12:22:58Z,2020-11-06T06:03:11Z,excluded,not screened in,"P3 29 commits on the default branch, below 40"
1bk/simple-airports-analysis,1bk__simple-airports-analysis,https://github.com/1bk/simple-airports-analysis,S2_topic_dbt,13,GPL-3.0,101,5,1,2020-02-16T18:45:40Z,2023-07-25T21:30:30Z,passed,"extracted, excluded","only 3 monthly snapshots, below the 12 minimum"
1pperalta/GitHub-Data-Pipeline,1pperalta__GitHub-Data-Pipeline,https://github.com/1pperalta/GitHub-Data-Pipeline,S2_topic_dbt,1,,38,,,2025-05-03T20:01:20Z,2025-05-05T04:57:20Z,excluded,not screened in,"P3 38 commits on the default branch, below 40"
1pperalta/reddit-pipeline,1pperalta__reddit-pipeline,https://github.com/1pperalta/reddit-pipeline,S2_topic_dbt,1,,12,,,2025-10-14T13:33:08Z,2025-11-20T03:56:44Z,excluded,not screened in,"P3 12 commits on the default branch, below 40"
2000aliali/Customer-Churn-Prediction-Project-using-GCP-Terraform-dbt-airflow-and-ML,2000aliali__Customer-Churn-Prediction-Project-using-GCP-Terraform-dbt-airflow-and-ML,https://github.com/2000aliali/Customer-Churn-Prediction-Project-using-GCP-Terraform-dbt-airflow-and-ML,S3_code,6,,18,,,2024-09-30T23:20:28Z,2025-01-22T11:38:44Z,excluded,not screened in,"P3 18 commits on the default branch, below 40"
2moonyo/Euro_HICP_MoM_App,2moonyo__Euro_HICP_MoM_App,https://github.com/2moonyo/Euro_HICP_MoM_App,S3_code,0,,5,,,2025-11-18T09:21:27Z,2025-12-15T13:47:59Z,excluded,not screened in,"P3 5 commits on the default branch, below 40"
3degreearcsine/DBT_ANALYTICS,3degreearcsine__DBT_ANALYTICS,https://github.com/3degreearcsine/DBT_ANALYTICS,S3_code,0,,5,,,2026-03-02T18:19:42Z,2026-03-03T10:54:36Z,excluded,not screened in,"P3 5 commits on the default branch, below 40"
3lvia/edna-dbt-library,3lvia__edna-dbt-library,https://github.com/3lvia/edna-dbt-library,S3_code,0,,176,0,1,2022-01-24T21:13:00Z,2026-06-24T08:45:35Z,passed,"extracted, excluded",no commits touch any declared model path
57KayBel0/Data_Engineering_Assessment.KM,57KayBel0__Data_Engineering_Assessment.KM,https://github.com/57KayBel0/Data_Engineering_Assessment.KM,S3_code,0,,5,,,2026-04-28T12:52:02Z,2026-05-05T18:49:48Z,excluded,not screened in,"P3 5 commits on the default branch, below 40"
ABISCloud/powerbi-desktop-mcp-server-abis,ABISCloud__powerbi-desktop-mcp-server-abis,https://github.com/ABISCloud/powerbi-desktop-mcp-server-abis,S2_topic_analytics-engineering,2,MIT,10,,,2025-11-30T13:56:19Z,2025-12-01T17:28:30Z,excluded,not screened in,"P3 10 commits on the default branch, below 40"
AFlo59/DBT_DOCS,AFlo59__DBT_DOCS,https://github.com/AFlo59/DBT_DOCS,S3_code,0,,9,,,2025-12-19T13:46:12Z,2025-12-19T15:14:42Z,excluded,not screened in,"P3 9 commits on the default branch, below 40"
AHulshoff/adventureworks-demo,AHulshoff__adventureworks-demo,https://github.com/AHulshoff/adventureworks-demo,S3_code,0,,21,,,2026-06-03T22:15:28Z,2026-06-05T08:01:46Z,excluded,not screened in,"P3 21 commits on the default branch, below 40"
AIVIETNAM-AIO-AnthonyLe632/dbt_multiple_projects,AIVIETNAM-AIO-AnthonyLe632__dbt_multiple_projects,https://github.com/AIVIETNAM-AIO-AnthonyLe632/dbt_multiple_projects,S3_code,0,,37,,,2023-11-22T04:18:05Z,2023-12-28T17:08:22Z,excluded,not screened in,"P3 37 commits on the default branch, below 40"
ALDAutoLeasing/Snowflake_DBT_PoC,ALDAutoLeasing__Snowflake_DBT_PoC,https://github.com/ALDAutoLeasing/Snowflake_DBT_PoC,S3_code,0,,1,,,2025-04-24T20:00:45Z,2025-05-14T09:09:40Z,excluded,not screened in,"P3 1 commits on the default branch, below 40"
ARAVINDHRAJA123/Bank-Statement-Analyser,ARAVINDHRAJA123__Bank-Statement-Analyser,https://github.com/ARAVINDHRAJA123/Bank-Statement-Analyser,S2_topic_analytics-engineering;S2_topic_dbt,1,MIT,63,8,1,2026-06-14T18:02:14Z,2026-07-15T19:45:44Z,excluded,not screened in,"P4 1.0 months between creation and last push, below 12"
ARAVINDHRAJA123/sql-review-agent,ARAVINDHRAJA123__sql-review-agent,https://github.com/ARAVINDHRAJA123/sql-review-agent,S2_topic_analytics-engineering,1,,11,,,2026-06-27T15:06:55Z,2026-07-05T15:43:27Z,excluded,not screened in,"P3 11 commits on the default branch, below 40"
ASAC-DE-bigkk/ASAC-DBT,ASAC-DE-bigkk__ASAC-DBT,https://github.com/ASAC-DE-bigkk/ASAC-DBT,S3_code,0,,701,165,7,2026-06-28T00:54:53Z,2026-08-04T15:27:54Z,excluded,not screened in,"P4 1.2 months between creation and last push, below 12"
ASCENZIODEESTEVELucie/ASCENZIO_DE_ESTEVE_DBT,ASCENZIODEESTEVELucie__ASCENZIO_DE_ESTEVE_DBT,https://github.com/ASCENZIODEESTEVELucie/ASCENZIO_DE_ESTEVE_DBT,S3_code,0,,3,,,2025-07-29T09:35:28Z,2025-07-29T09:44:20Z,excluded,not screened in,"P3 3 commits on the default branch, below 40"
AT-DA/open_source_data_lakehouse_medallion_project,AT-DA__open_source_data_lakehouse_medallion_project,https://github.com/AT-DA/open_source_data_lakehouse_medallion_project,S3_code,1,,16,,,2026-04-26T12:14:27Z,2026-04-26T22:24:29Z,excluded,not screened in,"P3 16 commits on the default branch, below 40"
ATHARNAWAZ/dbt-contracts,ATHARNAWAZ__dbt-contracts,https://github.com/ATHARNAWAZ/dbt-contracts,S2_topic_analytics-engineering;S2_topic_dbt,1,,17,,,2026-03-19T08:38:59Z,2026-04-01T12:15:28Z,excluded,not screened in,"P3 17 commits on the default branch, below 40"
ATHARNAWAZ/dbt-lineage-explorer,ATHARNAWAZ__dbt-lineage-explorer,https://github.com/ATHARNAWAZ/dbt-lineage-explorer,S2_topic_analytics-engineering;S2_topic_dbt,1,,12,,,2026-03-13T13:33:58Z,2026-04-01T13:07:27Z,excluded,not screened in,"P3 12 commits on the default branch, below 40"
ATHARNAWAZ/pipeline-doctor,ATHARNAWAZ__pipeline-doctor,https://github.com/ATHARNAWAZ/pipeline-doctor,S2_topic_analytics-engineering;S2_topic_dbt,1,,3,,,2026-03-18T12:20:54Z,2026-04-28T06:56:28Z,excluded,not screened in,"P3 3 commits on the default branch, below 40"
ATanskiy/youtube_trends_platform,ATanskiy__youtube_trends_platform,https://github.com/ATanskiy/youtube_trends_platform,S3_code,0,,122,10,1,2025-11-25T09:24:13Z,2025-12-22T11:45:36Z,excluded,not screened in,"P4 0.9 months between creation and last push, below 12"
Aaditya-git/blast-radius,Aaditya-git__blast-radius,https://github.com/Aaditya-git/blast-radius,S3_code,0,,39,,,2026-05-16T01:03:03Z,2026-05-25T03:06:09Z,excluded,not screened in,"P3 39 commits on the default branch, below 40"
Aamir2786/marketing_analytics,Aamir2786__marketing_analytics,https://github.com/Aamir2786/marketing_analytics,S2_topic_dbt,1,,27,,,2023-11-13T07:48:42Z,2023-11-19T11:09:02Z,excluded,not screened in,"P3 27 commits on the default branch, below 40"
Aampe/datashare-tools,Aampe__datashare-tools,https://github.com/Aampe/datashare-tools,S3_code,8,Apache-2.0,8,,,2026-04-07T20:06:23Z,2026-04-09T14:24:42Z,excluded,not screened in,"P3 8 commits on the default branch, below 40"
AaronHenry/DBT-Snowflake-Env,AaronHenry__DBT-Snowflake-Env,https://github.com/AaronHenry/DBT-Snowflake-Env,S2_topic_dbt,1,,21,,,2021-12-22T00:01:38Z,2022-01-27T20:22:01Z,excluded,not screened in,"P3 21 commits on the default branch, below 40"
Aarongoldmananalyst/MarketEdge-Retail-Analytics,Aarongoldmananalyst__MarketEdge-Retail-Analytics,https://github.com/Aarongoldmananalyst/MarketEdge-Retail-Analytics,S3_code,0,,87,7,2,2025-11-03T20:00:01Z,2025-12-27T20:37:55Z,excluded,not screened in,"P4 1.8 months between creation and last push, below 12"
AarushCh/Argo,AarushCh__Argo,https://github.com/AarushCh/Argo,S3_code,0,MIT,37,,,2026-07-21T16:50:13Z,2026-07-21T17:11:16Z,excluded,not screened in,"P3 37 commits on the default branch, below 40"
AasthaPJoshi/FinSight360,AasthaPJoshi__FinSight360,https://github.com/AasthaPJoshi/FinSight360,S2_topic_analytics-engineering;S2_topic_dbt,1,NOASSERTION,8,,,2026-06-17T02:59:33Z,2026-07-11T03:14:06Z,excluded,not screened in,"P3 8 commits on the default branch, below 40"
AasthaPJoshi/ThirdLine-of-Defense,AasthaPJoshi__ThirdLine-of-Defense,https://github.com/AasthaPJoshi/ThirdLine-of-Defense,S2_topic_dbt,1,MIT,32,,,2026-06-26T01:56:52Z,2026-07-15T18:46:09Z,excluded,not screened in,"P3 32 commits on the default branch, below 40"
Abuton/snowflake-dbt-integration,Abuton__snowflake-dbt-integration,https://github.com/Abuton/snowflake-dbt-integration,S2_topic_dbt,3,,31,,,2021-09-18T18:40:26Z,2022-03-21T21:02:10Z,excluded,not screened in,"P3 31 commits on the default branch, below 40"
Ademnsr/French-public-procurement-observatory,Ademnsr__French-public-procurement-observatory,https://github.com/Ademnsr/French-public-procurement-observatory,S3_code,0,,12,,,2026-07-24T12:53:05Z,2026-08-03T21:35:01Z,excluded,not screened in,"P3 12 commits on the default branch, below 40"
Adrien0005/streamify_gcp,Adrien0005__streamify_gcp,https://github.com/Adrien0005/streamify_gcp,S2_topic_dbt,1,,44,10,1,2025-03-07T20:52:41Z,2025-03-24T14:45:52Z,excluded,not screened in,"P4 0.5 months between creation and last push, below 12"
Afau-r/ecommerce-data-platform,Afau-r__ecommerce-data-platform,https://github.com/Afau-r/ecommerce-data-platform,S2_topic_dbt,1,MIT,11,,,2026-07-24T11:52:28Z,2026-07-24T11:56:54Z,excluded,not screened in,"P3 11 commits on the default branch, below 40"
Afomiat/medical-telegram-warehouse,Afomiat__medical-telegram-warehouse,https://github.com/Afomiat/medical-telegram-warehouse,S3_code,0,,11,,,2026-06-27T07:14:24Z,2026-06-28T12:20:23Z,excluded,not screened in,"P3 11 commits on the default branch, below 40"
AfriNexa/dbt-Data-Modelling-Trip-Analytics,AfriNexa__dbt-Data-Modelling-Trip-Analytics,https://github.com/AfriNexa/dbt-Data-Modelling-Trip-Analytics,S3_code,23,,3,,,2026-06-10T20:33:45Z,2026-06-10T21:13:58Z,excluded,not screened in,"P3 3 commits on the default branch, below 40"
AhemdMahmoud/Financial-Data-Platform-,AhemdMahmoud__Financial-Data-Platform-,https://github.com/AhemdMahmoud/Financial-Data-Platform-,S3_code,0,,3,,,2026-06-02T15:48:40Z,2026-06-02T21:15:20Z,excluded,not screened in,"P3 3 commits on the default branch, below 40"
AhmedOmerK/aml-detection-pipeline-,AhmedOmerK__aml-detection-pipeline-,https://github.com/AhmedOmerK/aml-detection-pipeline-,S2_topic_dbt,1,,11,,,2026-06-09T03:08:02Z,2026-06-10T02:59:58Z,excluded,not screened in,"P3 11 commits on the default branch, below 40"
Ahmedbakr78/MR---Movie-Analytics-Dashboard-Cinematics-Dashboard-,Ahmedbakr78__MR---Movie-Analytics-Dashboard-Cinematics-Dashboard-,https://github.com/Ahmedbakr78/MR---Movie-Analytics-Dashboard-Cinematics-Dashboard-,S2_topic_analytics-engineering,1,,1,,,2026-05-06T05:42:31Z,2026-05-06T05:56:29Z,excluded,not screened in,"P3 1 commits on the default branch, below 40"
Aidbox/dbt-sample-project,Aidbox__dbt-sample-project,https://github.com/Aidbox/dbt-sample-project,S2_topic_dbt,1,,11,,,2023-06-14T14:52:57Z,2024-03-01T12:24:27Z,excluded,not screened in,"P3 11 commits on the default branch, below 40"
Aidbox/dbt_fhir,Aidbox__dbt_fhir,https://github.com/Aidbox/dbt_fhir,S3_code,3,,60,137,1,2023-04-13T09:12:35Z,2023-06-20T12:51:34Z,excluded,not screened in,"P4 2.2 months between creation and last push, below 12"
Aimpoint-Digital/cortex-pr-repo,Aimpoint-Digital__cortex-pr-repo,https://github.com/Aimpoint-Digital/cortex-pr-repo,S3_code,0,,15,,,2025-11-26T10:33:42Z,2025-11-26T13:01:14Z,excluded,not screened in,"P3 15 commits on the default branch, below 40"
Ajied21/Assignment_Guidance-Data_Warehouse_Modeling,Ajied21__Assignment_Guidance-Data_Warehouse_Modeling,https://github.com/Ajied21/Assignment_Guidance-Data_Warehouse_Modeling,S3_code,0,,13,,,2024-09-19T10:32:15Z,2024-10-27T14:25:20Z,excluded,not screened in,"P3 13 commits on the default branch, below 40"
Ak47-max26/dbt_salesforce,Ak47-max26__dbt_salesforce,https://github.com/Ak47-max26/dbt_salesforce,S3_code,4,,4,,,2025-10-15T17:18:01Z,2025-10-15T17:38:33Z,excluded,not screened in,"P3 4 commits on the default branch, below 40"
Akhaladze/iot,Akhaladze__iot,https://github.com/Akhaladze/iot,S2_topic_dbt,1,,23,,,2026-01-20T07:50:19Z,2026-01-21T00:06:20Z,excluded,not screened in,"P3 23 commits on the default branch, below 40"
AksharGoyal/data-eng-project-toronto-covid-data,AksharGoyal__data-eng-project-toronto-covid-data,https://github.com/AksharGoyal/data-eng-project-toronto-covid-data,S2_topic_dbt,3,,50,2,2,2023-04-16T16:19:40Z,2023-05-28T17:43:10Z,excluded,not screened in,"P4 1.4 months between creation and last push, below 12"
Akshay-devv/Airbnb-Data-Engineering-Pipeline,Akshay-devv__Airbnb-Data-Engineering-Pipeline,https://github.com/Akshay-devv/Airbnb-Data-Engineering-Pipeline,S2_topic_analytics-engineering;S2_topic_dbt,1,MIT,14,,,2026-07-09T13:18:57Z,2026-07-14T16:05:12Z,excluded,not screened in,"P3 14 commits on the default branch, below 40"
Akshay0649/ecommerce-analytics-platform,Akshay0649__ecommerce-analytics-platform,https://github.com/Akshay0649/ecommerce-analytics-platform,S2_topic_analytics-engineering;S2_topic_dbt,1,MIT,24,,,2026-05-19T08:02:47Z,2026-05-21T19:48:39Z,excluded,not screened in,"P3 24 commits on the default branch, below 40"
Alcantara93/credit-fraud-portfolio,Alcantara93__credit-fraud-portfolio,https://github.com/Alcantara93/credit-fraud-portfolio,S2_topic_dbt,1,,3,,,2026-03-10T11:32:20Z,2026-03-10T13:16:09Z,excluded,not screened in,"P3 3 commits on the default branch, below 40"
AlejandraDerobertis/proyecto_snowflake_dbt,AlejandraDerobertis__proyecto_snowflake_dbt,https://github.com/AlejandraDerobertis/proyecto_snowflake_dbt,S3_code,0,,5,,,2024-11-28T17:25:44Z,2024-12-05T08:47:27Z,excluded,not screened in,"P3 5 commits on the default branch, below 40"
AlejandroAcebo/TFG_Calidad_Datos,AlejandroAcebo__TFG_Calidad_Datos,https://github.com/AlejandroAcebo/TFG_Calidad_Datos,S3_code,0,,91,13,1,2025-03-07T10:33:47Z,2025-07-02T21:33:35Z,excluded,not screened in,"P4 3.8 months between creation and last push, below 12"
Alex-Teodosiu/dbt-blueprint,Alex-Teodosiu__dbt-blueprint,https://github.com/Alex-Teodosiu/dbt-blueprint,S3_code,74,,47,30,1,2025-09-11T07:34:25Z,2025-09-25T12:42:37Z,excluded,not screened in,"P4 0.5 months between creation and last push, below 12"
AlexLapsin/Sales-Data-Aggregation-Pipeline,AlexLapsin__Sales-Data-Aggregation-Pipeline,https://github.com/AlexLapsin/Sales-Data-Aggregation-Pipeline,S3_code,0,MIT,202,13,1,2025-07-10T19:03:59Z,2025-11-18T03:31:23Z,excluded,not screened in,"P4 4.3 months between creation and last push, below 12"
AlexMajiA/Ecommerce-analytics-platform,AlexMajiA__Ecommerce-analytics-platform,https://github.com/AlexMajiA/Ecommerce-analytics-platform,S2_topic_dbt,1,MIT,89,25,1,2025-12-28T09:48:44Z,2026-06-10T08:59:10Z,excluded,not screened in,"P4 5.4 months between creation and last push, below 12"
AlexNewell/dbt-learn-on-demand,AlexNewell__dbt-learn-on-demand,https://github.com/AlexNewell/dbt-learn-on-demand,S3_code,0,,8,,,2021-11-08T16:35:45Z,2021-11-14T22:11:33Z,excluded,not screened in,"P3 8 commits on the default branch, below 40"
AlexPerrine/analytics-engineering-seo-tracker,AlexPerrine__analytics-engineering-seo-tracker,https://github.com/AlexPerrine/analytics-engineering-seo-tracker,S3_code,8,,43,7,1,2025-05-14T11:29:27Z,2025-06-08T18:18:25Z,excluded,not screened in,"P4 0.8 months between creation and last push, below 12"
AlexYe-MapleLeafs/DBT_in_Google_Cloud_Platform,AlexYe-MapleLeafs__DBT_in_Google_Cloud_Platform,https://github.com/AlexYe-MapleLeafs/DBT_in_Google_Cloud_Platform,S2_topic_dbt,1,,2,,,2025-08-15T04:09:22Z,2025-08-15T11:39:32Z,excluded,not screened in,"P3 2 commits on the default branch, below 40"
AlexanderSheldon/data-5360-dbt,AlexanderSheldon__data-5360-dbt,https://github.com/AlexanderSheldon/data-5360-dbt,S3_code,0,,32,,,2026-02-18T04:35:54Z,2026-04-22T17:51:59Z,excluded,not screened in,"P3 32 commits on the default branch, below 40"
AlexanderVR/dbt-parquet,AlexanderVR__dbt-parquet,https://github.com/AlexanderVR/dbt-parquet,S3_code,8,,4,,,2022-10-02T06:33:23Z,2022-10-30T22:57:50Z,excluded,not screened in,"P3 4 commits on the default branch, below 40"
Alexey-Samodurov/dbt_lecture,Alexey-Samodurov__dbt_lecture,https://github.com/Alexey-Samodurov/dbt_lecture,S3_code,0,,4,,,2023-11-14T12:16:56Z,2023-11-14T13:07:02Z,excluded,not screened in,"P3 4 commits on the default branch, below 40"
Alexey-Samodurov/newprolab-de-lab08,Alexey-Samodurov__newprolab-de-lab08,https://github.com/Alexey-Samodurov/newprolab-de-lab08,S3_code,0,,30,,,2026-04-25T05:35:03Z,2026-05-26T17:57:44Z,excluded,not screened in,"P3 30 commits on the default branch, below 40"
Ali-Elshafei/daic-woz-pipeline,Ali-Elshafei__daic-woz-pipeline,https://github.com/Ali-Elshafei/daic-woz-pipeline,S2_topic_dbt,2,MIT,53,4,1,2026-06-21T16:44:07Z,2026-06-27T13:31:01Z,excluded,not screened in,"P4 0.2 months between creation and last push, below 12"
AliArjun/pythonautomation,AliArjun__pythonautomation,https://github.com/AliArjun/pythonautomation,S3_code,0,GPL-3.0,33,,,2023-07-20T17:44:13Z,2024-07-19T19:25:42Z,excluded,not screened in,"P3 33 commits on the default branch, below 40"
AliBnh/urban-mobility-platform,AliBnh__urban-mobility-platform,https://github.com/AliBnh/urban-mobility-platform,S3_code,0,MIT,5,,,2026-05-24T01:51:54Z,2026-06-17T13:24:06Z,excluded,not screened in,"P3 5 commits on the default branch, below 40"
Aliette7878/databird-dbt,Aliette7878__databird-dbt,https://github.com/Aliette7878/databird-dbt,S3_code,0,,32,,,2026-03-25T16:05:48Z,2026-03-31T17:26:47Z,excluded,not screened in,"P3 32 commits on the default branch, below 40"
AltimateAI/altimate-code,AltimateAI__altimate-code,https://github.com/AltimateAI/altimate-code,S2_topic_analytics-engineering;S2_topic_dbt;S3_code,792,MIT,590,8,2,2026-02-27T00:57:01Z,2026-08-04T14:30:51Z,excluded,not screened in,"P4 5.2 months between creation and last push, below 12"
AltimateAI/altimate-dbt-snowflake-query-tags,AltimateAI__altimate-dbt-snowflake-query-tags,https://github.com/AltimateAI/altimate-dbt-snowflake-query-tags,S3_code,1,MIT,26,,,2025-05-26T23:40:22Z,2026-03-12T03:02:11Z,excluded,not screened in,"P3 26 commits on the default branch, below 40"
AltimateAI/data-engineering-skills,AltimateAI__data-engineering-skills,https://github.com/AltimateAI/data-engineering-skills,S2_topic_dbt,115,MIT,15,,,2026-01-21T19:09:39Z,2026-07-16T11:47:00Z,excluded,not screened in,"P3 15 commits on the default branch, below 40"
AltimateAI/datapilot-cli,AltimateAI__datapilot-cli,https://github.com/AltimateAI/datapilot-cli,S2_topic_dbt;S2_topic_dbt-core,42,MIT,120,0,0,2024-01-25T04:35:20Z,2026-07-29T12:21:41Z,passed,"extracted, excluded",no dbt_project.yml found anywhere on the first-parent history
AltimateAI/vscode-dbt-power-user,AltimateAI__vscode-dbt-power-user,https://github.com/AltimateAI/vscode-dbt-power-user,S2_topic_dbt;S2_topic_dbt-core,581,MIT,1554,16,2,2020-08-18T16:36:48Z,2026-08-05T01:16:52Z,passed,"extracted, excluded","only 2 monthly snapshots, below the 12 minimum"
Alumno6/curso_data_engineering,Alumno6__curso_data_engineering,https://github.com/Alumno6/curso_data_engineering,S3_code,0,,55,33,1,2024-05-23T14:37:38Z,2024-06-06T17:34:39Z,excluded,not screened in,"P4 0.5 months between creation and last push, below 12"
Alvaro-Kothe/earthquake-hazzard,Alvaro-Kothe__earthquake-hazzard,https://github.com/Alvaro-Kothe/earthquake-hazzard,S3_code,2,MIT,107,2,1,2025-01-26T02:27:26Z,2025-03-01T19:38:26Z,excluded,not screened in,"P4 1.1 months between creation and last push, below 12"
AmeeJoshi-MCA/Azure-data-factory-enterprise-data-engineering,AmeeJoshi-MCA__Azure-data-factory-enterprise-data-engineering,https://github.com/AmeeJoshi-MCA/Azure-data-factory-enterprise-data-engineering,S2_topic_analytics-engineering,4,,14,,,2026-01-13T13:47:35Z,2026-01-13T15:08:59Z,excluded,not screened in,"P3 14 commits on the default branch, below 40"
AmirRazer/ftde-digitalskola-dbt,AmirRazer__ftde-digitalskola-dbt,https://github.com/AmirRazer/ftde-digitalskola-dbt,S3_code,0,,1,,,2024-08-18T12:34:19Z,2024-08-18T12:35:22Z,excluded,not screened in,"P3 1 commits on the default branch, below 40"
AmiraSayedMohamed/Final-Data_Engineering-Project_from-_Dlytica-Real-Time-Payments-Data-Platform,AmiraSayedMohamed__Final-Data_Engineering-Project_from-_Dlytica-Real-Time-Payments-Data-Platform,https://github.com/AmiraSayedMohamed/Final-Data_Engineering-Project_from-_Dlytica-Real-Time-Payments-Data-Platform,S3_code,0,,2,,,2025-11-04T18:41:25Z,2025-11-04T19:16:21Z,excluded,not screened in,"P3 2 commits on the default branch, below 40"
AmirhosseinHonardoust/Decision-Safety,AmirhosseinHonardoust__Decision-Safety,https://github.com/AmirhosseinHonardoust/Decision-Safety,S2_topic_analytics-engineering,11,MIT,4,,,2026-02-01T15:25:51Z,2026-02-01T15:53:52Z,excluded,not screened in,"P3 4 commits on the default branch, below 40"
AmirhosseinHonardoust/The-Analysts-Mirror-Reflective-Dashboards,AmirhosseinHonardoust__The-Analysts-Mirror-Reflective-Dashboards,https://github.com/AmirhosseinHonardoust/The-Analysts-Mirror-Reflective-Dashboards,S2_topic_analytics-engineering,22,MIT,2,,,2025-11-05T21:52:12Z,2025-11-05T21:55:53Z,excluded,not screened in,"P3 2 commits on the default branch, below 40"
Amitesh0512/DBTAndSnowFlake,Amitesh0512__DBTAndSnowFlake,https://github.com/Amitesh0512/DBTAndSnowFlake,S3_code,0,,1,,,2025-03-19T02:05:21Z,2025-03-21T03:55:28Z,excluded,not screened in,"P3 1 commits on the default branch, below 40"
Ammon21/ELT_Pipeline_Project_2,Ammon21__ELT_Pipeline_Project_2,https://github.com/Ammon21/ELT_Pipeline_Project_2,S2_topic_dbt,4,MIT,9,,,2022-07-29T08:26:31Z,2022-07-29T12:10:17Z,excluded,not screened in,"P3 9 commits on the default branch, below 40"
Ammon21/airflow_dbt,Ammon21__airflow_dbt,https://github.com/Ammon21/airflow_dbt,S2_topic_dbt,2,MIT,3,,,2022-07-21T10:28:41Z,2022-07-21T10:33:59Z,excluded,not screened in,"P3 3 commits on the default branch, below 40"
AmritanshuAgrawalTR/TR_Trust-athon,AmritanshuAgrawalTR__TR_Trust-athon,https://github.com/AmritanshuAgrawalTR/TR_Trust-athon,S3_code,0,,5,,,2025-06-25T05:55:32Z,2025-06-26T08:28:53Z,excluded,not screened in,"P3 5 commits on the default branch, below 40"
AnMol12499/Reddit-Analytics-Integration-Platform,AnMol12499__Reddit-Analytics-Integration-Platform,https://github.com/AnMol12499/Reddit-Analytics-Integration-Platform,S2_topic_dbt,31,,2,,,2023-09-12T05:09:04Z,2023-09-12T05:29:30Z,excluded,not screened in,"P3 2 commits on the default branch, below 40"
AnanthaRajuC/DataPractitioner,AnanthaRajuC__DataPractitioner,https://github.com/AnanthaRajuC/DataPractitioner,S2_topic_dbt,6,MIT,25,,,2023-12-16T08:33:15Z,2024-03-03T15:33:22Z,excluded,not screened in,"P3 25 commits on the default branch, below 40"
Anas-elkhabbaz/-DataLakeHouse_PFE,Anas-elkhabbaz__-DataLakeHouse_PFE,https://github.com/Anas-elkhabbaz/-DataLakeHouse_PFE,S3_code,0,,8,,,2026-06-02T13:15:27Z,2026-06-16T15:52:44Z,excluded,not screened in,"P3 8 commits on the default branch, below 40"
Anas-elkhabbaz/BigDataProject,Anas-elkhabbaz__BigDataProject,https://github.com/Anas-elkhabbaz/BigDataProject,S3_code,0,,4,,,2025-11-09T12:49:28Z,2025-12-02T14:17:29Z,excluded,not screened in,"P3 4 commits on the default branch, below 40"
Anass-NB/weather_data_pipeline,Anass-NB__weather_data_pipeline,https://github.com/Anass-NB/weather_data_pipeline,S2_topic_dbt,1,,4,,,2025-06-13T19:55:34Z,2025-06-15T19:48:46Z,excluded,not screened in,"P3 4 commits on the default branch, below 40"
AncaIoana/vitalstats,AncaIoana__vitalstats,https://github.com/AncaIoana/vitalstats,S3_code,0,,57,2,1,2026-03-17T17:26:09Z,2026-05-31T18:39:30Z,excluded,not screened in,"P4 2.5 months between creation and last push, below 12"
Androidown/dagster,Androidown__dagster,https://github.com/Androidown/dagster,S3_code,1,Apache-2.0,17,,,2024-07-23T03:02:44Z,2024-08-19T11:23:24Z,excluded,not screened in,"P3 17 commits on the default branch, below 40"
Angel-Shresth/dbt-iceberg-snowflake,Angel-Shresth__dbt-iceberg-snowflake,https://github.com/Angel-Shresth/dbt-iceberg-snowflake,S3_code,0,Apache-2.0,4,,,2024-03-26T04:37:39Z,2024-04-18T04:43:08Z,excluded,not screened in,"P3 4 commits on the default branch, below 40"
AngelPenata/dbt_habi,AngelPenata__dbt_habi,https://github.com/AngelPenata/dbt_habi,S3_code,0,,2,,,2025-05-21T20:51:59Z,2025-05-21T21:07:37Z,excluded,not screened in,"P3 2 commits on the default branch, below 40"
AnguieGarciaB/Cobre,AnguieGarciaB__Cobre,https://github.com/AnguieGarciaB/Cobre,S3_code,0,,18,,,2025-05-11T12:30:37Z,2025-05-14T22:56:16Z,excluded,not screened in,"P3 18 commits on the default branch, below 40"
AnselmoBorges/dbtzin,AnselmoBorges__dbtzin,https://github.com/AnselmoBorges/dbtzin,S2_topic_dbt,2,,4,,,2024-01-15T00:13:00Z,2024-01-15T07:56:50Z,excluded,not screened in,"P3 4 commits on the default branch, below 40"
AnselmoBorges/saruemo,AnselmoBorges__saruemo,https://github.com/AnselmoBorges/saruemo,S3_code,0,,10,,,2025-05-16T21:25:26Z,2025-07-02T18:20:18Z,excluded,not screened in,"P3 10 commits on the default branch, below 40"
AnthusAI/SQLBot,AnthusAI__SQLBot,https://github.com/AnthusAI/SQLBot,S3_code,2,MIT,127,0,1,2025-09-08T03:42:50Z,2025-12-11T03:54:07Z,excluded,not screened in,"P4 3.1 months between creation and last push, below 12"
AntoineGiraud/dbt_bixi_opendata,AntoineGiraud__dbt_bixi_opendata,https://github.com/AntoineGiraud/dbt_bixi_opendata,S2_topic_dbt,3,,28,,,2024-08-22T09:28:42Z,2025-12-09T13:59:47Z,excluded,not screened in,"P3 28 commits on the default branch, below 40"
AntoineGiraud/dbt_hypermarche,AntoineGiraud__dbt_hypermarche,https://github.com/AntoineGiraud/dbt_hypermarche,S2_topic_dbt;S3_code,3,,33,,,2023-12-18T21:13:08Z,2026-08-02T20:55:14Z,excluded,not screened in,"P3 33 commits on the default branch, below 40"
AntonisCSt/DTC_data_engineering_project,AntonisCSt__DTC_data_engineering_project,https://github.com/AntonisCSt/DTC_data_engineering_project,S2_topic_dbt,9,,19,,,2023-04-10T14:45:32Z,2023-04-24T16:05:12Z,excluded,not screened in,"P3 19 commits on the default branch, below 40"
Anushka-Gurav/data_engineering,Anushka-Gurav__data_engineering,https://github.com/Anushka-Gurav/data_engineering,S3_code,0,,1,,,2026-05-25T11:32:32Z,2026-05-25T11:35:48Z,excluded,not screened in,"P3 1 commits on the default branch, below 40"
AnveshJarabani/END-END-ETL-PIPELINES,AnveshJarabani__END-END-ETL-PIPELINES,https://github.com/AnveshJarabani/END-END-ETL-PIPELINES,S3_code,0,,306,1,1,2022-08-05T21:10:06Z,2023-09-27T06:07:58Z,passed,"extracted, excluded","only 1 monthly snapshots, below the 12 minimum"
Archit1706/transit-lake,Archit1706__transit-lake,https://github.com/Archit1706/transit-lake,S3_code,0,,139,36,1,2026-06-26T23:59:42Z,2026-06-28T22:59:11Z,excluded,not screened in,"P4 0.0 months between creation and last push, below 12"
ArivunidhiA/ChainPulse,ArivunidhiA__ChainPulse,https://github.com/ArivunidhiA/ChainPulse,S3_code,0,,5,,,2026-02-12T20:23:40Z,2026-02-15T05:12:05Z,excluded,not screened in,"P3 5 commits on the default branch, below 40"
ArmVV26/Redata-Project,ArmVV26__Redata-Project,https://github.com/ArmVV26/Redata-Project,S2_topic_dbt,1,MIT,94,20,1,2026-05-08T08:54:21Z,2026-06-20T10:04:13Z,excluded,not screened in,"P4 1.4 months between creation and last push, below 12"
Arshgill01/RetirementConductor,Arshgill01__RetirementConductor,https://github.com/Arshgill01/RetirementConductor,S3_code,0,Apache-2.0,94,3,3,2026-07-30T03:47:35Z,2026-08-02T22:16:59Z,excluded,not screened in,"P4 0.1 months between creation and last push, below 12"
ArthurCoutinho15/Commodities-Python-dbt,ArthurCoutinho15__Commodities-Python-dbt,https://github.com/ArthurCoutinho15/Commodities-Python-dbt,S3_code,0,,12,,,2024-07-11T01:56:13Z,2024-07-13T19:23:08Z,excluded,not screened in,"P3 12 commits on the default branch, below 40"
ArthurZakirov/sheets-to-postgresql,ArthurZakirov__sheets-to-postgresql,https://github.com/ArthurZakirov/sheets-to-postgresql,S2_topic_dbt,1,,6,,,2024-10-27T14:07:05Z,2024-11-14T08:21:00Z,excluded,not screened in,"P3 6 commits on the default branch, below 40"
ArturoAcf/curso_data_engineering,ArturoAcf__curso_data_engineering,https://github.com/ArturoAcf/curso_data_engineering,S3_code,1,,71,30,1,2024-05-23T14:34:42Z,2024-06-06T17:35:45Z,excluded,not screened in,"P4 0.5 months between creation and last push, below 12"
Arturomtz8/de-zoomcamp-project,Arturomtz8__de-zoomcamp-project,https://github.com/Arturomtz8/de-zoomcamp-project,S2_topic_dbt,18,,3322,3,1,2023-03-08T00:26:27Z,2024-12-13T23:17:50Z,passed,"extracted, excluded","only 1 monthly snapshots, below the 12 minimum"
ArulrajGopal/kaninipro,ArulrajGopal__kaninipro,https://github.com/ArulrajGopal/kaninipro,S3_code,0,,175,3,1,2025-10-18T11:30:34Z,2026-07-26T20:17:27Z,excluded,not screened in,"P4 9.2 months between creation and last push, below 12"
Arun-rd/End-to-End-NHS-Healthcare-Data-Pipeline,Arun-rd__End-to-End-NHS-Healthcare-Data-Pipeline,https://github.com/Arun-rd/End-to-End-NHS-Healthcare-Data-Pipeline,S2_topic_dbt,1,,2,,,2026-05-10T21:30:52Z,2026-05-10T21:55:44Z,excluded,not screened in,"P3 2 commits on the default branch, below 40"
Arun-rd/UK-economic-pipeline,Arun-rd__UK-economic-pipeline,https://github.com/Arun-rd/UK-economic-pipeline,S2_topic_dbt,1,,4,,,2026-05-11T21:11:22Z,2026-05-11T22:04:19Z,excluded,not screened in,"P3 4 commits on the default branch, below 40"
ArvoanDev/growthcues-core,ArvoanDev__growthcues-core,https://github.com/ArvoanDev/growthcues-core,S3_code,10,MIT,66,11,1,2026-01-26T08:58:24Z,2026-03-18T13:26:18Z,excluded,not screened in,"P4 1.7 months between creation and last push, below 12"
AsherJD-io/nyc-taxi-data-platform,AsherJD-io__nyc-taxi-data-platform,https://github.com/AsherJD-io/nyc-taxi-data-platform,S2_topic_analytics-engineering;S2_topic_dbt,1,,30,,,2026-01-24T23:42:08Z,2026-03-12T13:38:24Z,excluded,not screened in,"P3 30 commits on the default branch, below 40"
Ashog3/mvpdbtcore,Ashog3__mvpdbtcore,https://github.com/Ashog3/mvpdbtcore,S3_code,0,,72,7,4,2025-06-04T22:26:58Z,2025-06-25T13:29:19Z,excluded,not screened in,"P4 0.7 months between creation and last push, below 12"
Ashok007-cmd/cloud-native-analytics-engineering-pipeline,Ashok007-cmd__cloud-native-analytics-engineering-pipeline,https://github.com/Ashok007-cmd/cloud-native-analytics-engineering-pipeline,S2_topic_analytics-engineering;S2_topic_dbt,1,MIT,8,,,2026-07-05T18:24:55Z,2026-07-11T01:05:08Z,excluded,not screened in,"P3 8 commits on the default branch, below 40"
AskAshut0sh/dataScience,AskAshut0sh__dataScience,https://github.com/AskAshut0sh/dataScience,S3_code,0,AGPL-3.0,188,1,1,2024-01-19T17:42:47Z,2024-01-19T18:15:32Z,excluded,not screened in,"P4 0.0 months between creation and last push, below 12"
AtilaKzlts/ELT-Pipeline,AtilaKzlts__ELT-Pipeline,https://github.com/AtilaKzlts/ELT-Pipeline,S3_code,0,,45,14,1,2025-06-24T13:09:05Z,2025-11-04T18:34:46Z,excluded,not screened in,"P4 4.4 months between creation and last push, below 12"
Auqifer/auqifer_dbt,Auqifer__auqifer_dbt,https://github.com/Auqifer/auqifer_dbt,S3_code,0,,3,,,2024-09-02T06:50:52Z,2024-09-23T08:58:15Z,excluded,not screened in,"P3 3 commits on the default branch, below 40"
Austinstevesk/airbyte,Austinstevesk__airbyte,https://github.com/Austinstevesk/airbyte,S3_code,0,NOASSERTION,2,,,2022-01-23T11:54:30Z,2022-01-30T12:24:52Z,excluded,not screened in,"P3 2 commits on the default branch, below 40"
AvaDominie/project-4-NYC-Hiring-Audit,AvaDominie__project-4-NYC-Hiring-Audit,https://github.com/AvaDominie/project-4-NYC-Hiring-Audit,S3_code,0,,21,,,2025-08-15T19:27:26Z,2025-08-21T16:32:42Z,excluded,not screened in,"P3 21 commits on the default branch, below 40"
AvinashAnalytics/AvinashAnalytics.github.io,AvinashAnalytics__AvinashAnalytics.github.io,https://github.com/AvinashAnalytics/AvinashAnalytics.github.io,S2_topic_dbt,1,,192,0,0,2025-10-19T17:33:11Z,2026-03-06T14:26:10Z,excluded,not screened in,"P4 4.5 months between creation and last push, below 12"
AxelThevenot/dbt-assertions,AxelThevenot__dbt-assertions,https://github.com/AxelThevenot/dbt-assertions,S3_code,73,Apache-2.0,64,0,1,2024-01-15T16:45:21Z,2025-11-25T11:05:27Z,passed,"extracted, excluded",every sampled commit yielded zero models
AxelThevenot/dbt-star,AxelThevenot__dbt-star,https://github.com/AxelThevenot/dbt-star,S3_code,11,Apache-2.0,5,,,2024-01-23T21:22:06Z,2024-03-25T16:24:06Z,excluded,not screened in,"P3 5 commits on the default branch, below 40"
AyanMulaskar223/olist-modern-analytics-platform,AyanMulaskar223__olist-modern-analytics-platform,https://github.com/AyanMulaskar223/olist-modern-analytics-platform,S3_code,0,MIT,132,20,1,2025-12-23T10:55:22Z,2026-03-07T11:32:30Z,excluded,not screened in,"P4 2.4 months between creation and last push, below 12"
AyeshaShaik26/End-to-End-Ride-Streaming-PySpark-dbt-Project,AyeshaShaik26__End-to-End-Ride-Streaming-PySpark-dbt-Project,https://github.com/AyeshaShaik26/End-to-End-Ride-Streaming-PySpark-dbt-Project,S2_topic_dbt,1,,38,,,2026-06-20T13:44:55Z,2026-06-20T14:59:42Z,excluded,not screened in,"P3 38 commits on the default branch, below 40"
Aymane170/FakeSchoolData,Aymane170__FakeSchoolData,https://github.com/Aymane170/FakeSchoolData,S3_code,0,,97,9,4,2025-06-25T12:41:04Z,2025-10-02T14:57:16Z,excluded,not screened in,"P4 3.3 months between creation and last push, below 12"
Aymane170/hospital-analytics,Aymane170__hospital-analytics,https://github.com/Aymane170/hospital-analytics,S3_code,0,,10,,,2025-06-26T09:47:28Z,2025-07-03T18:34:44Z,excluded,not screened in,"P3 10 commits on the default branch, below 40"
Ayush-kushwah/qolyx,Ayush-kushwah__qolyx,https://github.com/Ayush-kushwah/qolyx,S2_topic_dbt,1,MIT,42,9,1,2026-05-11T11:38:43Z,2026-07-06T11:43:42Z,excluded,not screened in,"P4 1.8 months between creation and last push, below 12"
Ayushsaxena14/DataVaccine,Ayushsaxena14__DataVaccine,https://github.com/Ayushsaxena14/DataVaccine,S3_code,0,,2,,,2025-05-30T11:25:42Z,2025-05-30T13:49:25Z,excluded,not screened in,"P3 2 commits on the default branch, below 40"
Azuriee/Ecommerce-marketing-analytics-dbt,Azuriee__Ecommerce-marketing-analytics-dbt,https://github.com/Azuriee/Ecommerce-marketing-analytics-dbt,S2_topic_analytics-engineering;S2_topic_dbt;S2_topic_dbt-project,1,,38,,,2025-10-21T08:09:07Z,2025-11-15T15:11:34Z,excluded,not screened in,"P3 38 commits on the default branch, below 40"
Azuriee/ai-vs-human-customer-support,Azuriee__ai-vs-human-customer-support,https://github.com/Azuriee/ai-vs-human-customer-support,S2_topic_dbt,1,,72,12,1,2025-11-17T14:14:41Z,2025-11-30T15:04:09Z,excluded,not screened in,"P4 0.4 months between creation and last push, below 12"
BBimie/telecoms-cx-data-platform,BBimie__telecoms-cx-data-platform,https://github.com/BBimie/telecoms-cx-data-platform,S2_topic_dbt,1,,66,8,1,2025-11-23T00:24:34Z,2025-12-27T22:30:07Z,excluded,not screened in,"P4 1.1 months between creation and last push, below 12"
BESTSELLER/dbt-dcp-utilities,BESTSELLER__dbt-dcp-utilities,https://github.com/BESTSELLER/dbt-dcp-utilities,S3_code,0,,9,,,2025-05-22T07:28:39Z,2026-04-13T16:00:22Z,excluded,not screened in,"P3 9 commits on the default branch, below 40"
BabatImReal/Airflow_Retail_Project,BabatImReal__Airflow_Retail_Project,https://github.com/BabatImReal/Airflow_Retail_Project,S3_code,0,,11,,,2025-05-01T06:19:43Z,2025-05-01T07:18:07Z,excluded,not screened in,"P3 11 commits on the default branch, below 40"
Bahriilhame/Mlops-Project,Bahriilhame__Mlops-Project,https://github.com/Bahriilhame/Mlops-Project,S3_code,0,,12,,,2026-07-07T18:08:40Z,2026-07-11T22:21:43Z,excluded,not screened in,"P3 12 commits on the default branch, below 40"
Balajirvp/DE-Zoomcamp,Balajirvp__DE-Zoomcamp,https://github.com/Balajirvp/DE-Zoomcamp,S2_topic_dbt,32,Apache-2.0,63,5,1,2023-01-26T23:32:37Z,2023-03-16T02:35:59Z,excluded,not screened in,"P4 1.6 months between creation and last push, below 12"
Balajivs2510/DBT_learning,Balajivs2510__DBT_learning,https://github.com/Balajivs2510/DBT_learning,S3_code,0,,13,,,2024-02-01T04:00:44Z,2024-02-23T03:06:29Z,excluded,not screened in,"P3 13 commits on the default branch, below 40"
Bamm7/Nam_learn_dbt,Bamm7__Nam_learn_dbt,https://github.com/Bamm7/Nam_learn_dbt,S3_code,0,,6,,,2024-01-07T09:57:09Z,2024-08-28T17:03:16Z,excluded,not screened in,"P3 6 commits on the default branch, below 40"
BayoAdejare/airbyte_dbt_covid19,BayoAdejare__airbyte_dbt_covid19,https://github.com/BayoAdejare/airbyte_dbt_covid19,S2_topic_dbt,7,,10,,,2022-06-20T04:41:23Z,2022-08-15T02:20:37Z,excluded,not screened in,"P3 10 commits on the default branch, below 40"
Bee0933/inside-airbnb-pipeline,Bee0933__inside-airbnb-pipeline,https://github.com/Bee0933/inside-airbnb-pipeline,S2_topic_dbt,5,,23,,,2023-03-15T20:29:25Z,2023-04-08T11:50:24Z,excluded,not screened in,"P3 23 commits on the default branch, below 40"
BeharSadiku/movielens_data_engineer_project,BeharSadiku__movielens_data_engineer_project,https://github.com/BeharSadiku/movielens_data_engineer_project,S3_code,0,,9,,,2025-09-30T12:43:03Z,2025-09-30T13:30:09Z,excluded,not screened in,"P3 9 commits on the default branch, below 40"
Ben-TerraPi/p8_ELT_cloud_infra,Ben-TerraPi__p8_ELT_cloud_infra,https://github.com/Ben-TerraPi/p8_ELT_cloud_infra,S3_code,0,,24,,,2026-04-29T14:43:44Z,2026-06-25T15:33:03Z,excluded,not screened in,"P3 24 commits on the default branch, below 40"
BenJoyenConseil/github_insights,BenJoyenConseil__github_insights,https://github.com/BenJoyenConseil/github_insights,S2_topic_dbt;S3_code,7,MIT,48,6,1,2024-11-19T18:58:37Z,2024-11-24T20:30:41Z,excluded,not screened in,"P4 0.2 months between creation and last push, below 12"
BenRodgers/gcp-dbt,BenRodgers__gcp-dbt,https://github.com/BenRodgers/gcp-dbt,S3_code,0,,7,,,2022-07-23T10:28:57Z,2022-07-24T09:25:29Z,excluded,not screened in,"P3 7 commits on the default branch, below 40"
BengiNouri/Danish-energy,BengiNouri__Danish-energy,https://github.com/BengiNouri/Danish-energy,S3_code,0,MIT,30,,,2025-07-10T14:53:04Z,2025-10-20T15:30:54Z,excluded,not screened in,"P3 30 commits on the default branch, below 40"
BenlahcenSoufiane/ETL_pipeline_snowf_dbt_airf,BenlahcenSoufiane__ETL_pipeline_snowf_dbt_airf,https://github.com/BenlahcenSoufiane/ETL_pipeline_snowf_dbt_airf,S3_code,7,,3,,,2024-12-19T16:12:35Z,2024-12-19T16:18:45Z,excluded,not screened in,"P3 3 commits on the default branch, below 40"
Benoit-DAVID-33/Ynov,Benoit-DAVID-33__Ynov,https://github.com/Benoit-DAVID-33/Ynov,S3_code,0,BSD-3-Clause,73,2,1,2025-11-07T08:58:40Z,2026-07-07T13:57:16Z,excluded,not screened in,"P4 8.0 months between creation and last push, below 12"
BhanuprakashAvadutha/gcp-data-platform,BhanuprakashAvadutha__gcp-data-platform,https://github.com/BhanuprakashAvadutha/gcp-data-platform,S2_topic_dbt,1,,1,,,2026-05-06T17:10:36Z,2026-05-06T17:17:52Z,excluded,not screened in,"P3 1 commits on the default branch, below 40"
Bharath485/NETFLIX-REPOSITORY,Bharath485__NETFLIX-REPOSITORY,https://github.com/Bharath485/NETFLIX-REPOSITORY,S2_topic_dbt,1,,114,16,1,2025-08-05T18:14:42Z,2026-01-06T21:38:16Z,excluded,not screened in,"P4 5.1 months between creation and last push, below 12"
Bhargavvxx/mini-log-lakehouse,Bhargavvxx__mini-log-lakehouse,https://github.com/Bhargavvxx/mini-log-lakehouse,S3_code,0,,4,,,2025-11-12T13:56:45Z,2025-11-12T14:02:30Z,excluded,not screened in,"P3 4 commits on the default branch, below 40"
Bhawna-04-dob/Energy-Consumption-Forecasting-Pipeline-Project2,Bhawna-04-dob__Energy-Consumption-Forecasting-Pipeline-Project2,https://github.com/Bhawna-04-dob/Energy-Consumption-Forecasting-Pipeline-Project2,S3_code,0,,20,,,2026-07-04T06:46:33Z,2026-07-17T07:03:24Z,excluded,not screened in,"P3 20 commits on the default branch, below 40"
Biebers7/snowflake-dbt,Biebers7__snowflake-dbt,https://github.com/Biebers7/snowflake-dbt,S3_code,0,,2,,,2025-06-25T16:50:42Z,2025-06-25T16:52:49Z,excluded,not screened in,"P3 2 commits on the default branch, below 40"
BigDataIA-Spring2025-4/SEC-Bridge,BigDataIA-Spring2025-4__SEC-Bridge,https://github.com/BigDataIA-Spring2025-4/SEC-Bridge,S2_topic_dbt,1,MIT,120,7,1,2025-02-04T17:59:00Z,2025-03-19T23:37:20Z,excluded,not screened in,"P4 1.4 months between creation and last push, below 12"
BigZeeke/FP_A,BigZeeke__FP_A,https://github.com/BigZeeke/FP_A,S2_topic_analytics-engineering,1,NOASSERTION,1,,,2026-03-21T00:01:44Z,2026-03-21T00:01:46Z,excluded,not screened in,"P3 1 commits on the default branch, below 40"
BigZeeke/GA_DAB_Final_Capstone,BigZeeke__GA_DAB_Final_Capstone,https://github.com/BigZeeke/GA_DAB_Final_Capstone,S2_topic_analytics-engineering,1,,12,,,2025-10-20T23:57:58Z,2026-03-21T02:45:26Z,excluded,not screened in,"P3 12 commits on the default branch, below 40"
BigZeeke/Python_missing_value_imputation,BigZeeke__Python_missing_value_imputation,https://github.com/BigZeeke/Python_missing_value_imputation,S2_topic_analytics-engineering,1,MIT,1,,,2026-03-21T02:22:00Z,2026-03-21T02:22:01Z,excluded,not screened in,"P3 1 commits on the default branch, below 40"
BigZeeke/automotive-pricing-analytics,BigZeeke__automotive-pricing-analytics,https://github.com/BigZeeke/automotive-pricing-analytics,S2_topic_analytics-engineering,3,,3,,,2026-04-01T03:24:22Z,2026-04-01T03:47:09Z,excluded,not screened in,"P3 3 commits on the default branch, below 40"
BigZeeke/contact_center_analytics_pipeline,BigZeeke__contact_center_analytics_pipeline,https://github.com/BigZeeke/contact_center_analytics_pipeline,S2_topic_analytics-engineering,1,MIT,2,,,2026-03-21T15:46:48Z,2026-04-20T16:35:43Z,excluded,not screened in,"P3 2 commits on the default branch, below 40"
BigZeeke/marketing_analytics_MySQL,BigZeeke__marketing_analytics_MySQL,https://github.com/BigZeeke/marketing_analytics_MySQL,S2_topic_analytics-engineering,1,,5,,,2026-03-22T15:25:07Z,2026-03-23T18:29:35Z,excluded,not screened in,"P3 5 commits on the default branch, below 40"
BigZeeke/marketing_analytics_assistant,BigZeeke__marketing_analytics_assistant,https://github.com/BigZeeke/marketing_analytics_assistant,S2_topic_analytics-engineering,1,,7,,,2026-03-22T16:52:01Z,2026-03-23T18:05:56Z,excluded,not screened in,"P3 7 commits on the default branch, below 40"
Bil3al/urban-mobility-platform,Bil3al__urban-mobility-platform,https://github.com/Bil3al/urban-mobility-platform,S3_code,0,MIT,5,,,2026-05-28T14:41:33Z,2026-05-28T14:46:42Z,excluded,not screened in,"P3 5 commits on the default branch, below 40"
Bilbottom/dbt-unit-test-coverage,Bilbottom__dbt-unit-test-coverage,https://github.com/Bilbottom/dbt-unit-test-coverage,S2_topic_dbt,2,GPL-3.0,78,5,1,2023-08-20T12:23:52Z,2026-05-06T06:28:21Z,passed,"extracted, excluded","only 1 monthly snapshots, below the 12 minimum"
BillWoodNHS/one-london.published-statistics-data-service,BillWoodNHS__one-london.published-statistics-data-service,https://github.com/BillWoodNHS/one-london.published-statistics-data-service,S3_code,1,,67,5,1,2026-05-20T17:12:05Z,2026-06-30T09:11:35Z,excluded,not screened in,"P4 1.3 months between creation and last push, below 12"
Bina-man/Sensor_data_ETL,Bina-man__Sensor_data_ETL,https://github.com/Bina-man/Sensor_data_ETL,S2_topic_dbt,3,,11,,,2022-05-07T11:12:27Z,2024-12-13T12:51:02Z,excluded,not screened in,"P3 11 commits on the default branch, below 40"
BindusekharGorintla/dbt-dqx-data-quality,BindusekharGorintla__dbt-dqx-data-quality,https://github.com/BindusekharGorintla/dbt-dqx-data-quality,S3_code,6,Apache-2.0,44,0,1,2025-10-23T18:10:37Z,2026-01-14T17:26:53Z,excluded,not screened in,"P4 2.7 months between creation and last push, below 12"
BlackIG/data_engineering,BlackIG__data_engineering,https://github.com/BlackIG/data_engineering,S2_topic_dbt,3,,31,,,2025-07-13T22:15:51Z,2025-10-27T14:33:25Z,excluded,not screened in,"P3 31 commits on the default branch, below 40"
BlackRoad-Archive/blackroad-os-prism-enterprise,BlackRoad-Archive__blackroad-os-prism-enterprise,https://github.com/BlackRoad-Archive/blackroad-os-prism-enterprise,S3_code,0,NOASSERTION,9087,6,1,2025-12-24T00:05:54Z,2026-03-29T20:37:48Z,excluded,not screened in,"P4 3.1 months between creation and last push, below 12"
BlackRoad-OS-Inc/blackroad,BlackRoad-OS-Inc__blackroad,https://github.com/BlackRoad-OS-Inc/blackroad,S3_code,3,NOASSERTION,983,0,9,2026-02-23T01:35:22Z,2026-04-13T14:40:09Z,excluded,not screened in,"P4 1.6 months between creation and last push, below 12"
Blackmamba23/example-dbt,Blackmamba23__example-dbt,https://github.com/Blackmamba23/example-dbt,S3_code,0,,1,,,2021-12-15T04:01:44Z,2021-12-15T04:03:39Z,excluded,not screened in,"P3 1 commits on the default branch, below 40"
Bose/dbt_upstream_prod,Bose__dbt_upstream_prod,https://github.com/Bose/dbt_upstream_prod,S3_code,0,,7,,,2025-07-02T14:31:37Z,2025-12-29T14:42:34Z,excluded,not screened in,"P3 7 commits on the default branch, below 40"
BrandonRH17/personal-portfolio,BrandonRH17__personal-portfolio,https://github.com/BrandonRH17/personal-portfolio,S2_topic_dbt,1,,36,,,2026-02-09T03:25:27Z,2026-03-17T03:14:09Z,excluded,not screened in,"P3 36 commits on the default branch, below 40"
BrendanWallaceNash98/meleton-dbt-duckdb,BrendanWallaceNash98__meleton-dbt-duckdb,https://github.com/BrendanWallaceNash98/meleton-dbt-duckdb,S3_code,0,,2,,,2024-08-13T06:58:53Z,2024-08-13T09:48:40Z,excluded,not screened in,"P3 2 commits on the default branch, below 40"
BrightOsas/NYC-Taxi-Trip-Data-Pipeline,BrightOsas__NYC-Taxi-Trip-Data-Pipeline,https://github.com/BrightOsas/NYC-Taxi-Trip-Data-Pipeline,S2_topic_dbt-core,3,,55,4,1,2023-10-21T10:09:44Z,2024-03-20T11:32:50Z,excluded,not screened in,"P4 5.0 months between creation and last push, below 12"
Brightpmk/olist-ecommerce-platform,Brightpmk__olist-ecommerce-platform,https://github.com/Brightpmk/olist-ecommerce-platform,S2_topic_dbt,2,MIT,34,,,2026-04-29T06:09:49Z,2026-06-15T07:33:22Z,excluded,not screened in,"P3 34 commits on the default branch, below 40"
Brisinger/DBT_Airbnb,Brisinger__DBT_Airbnb,https://github.com/Brisinger/DBT_Airbnb,S2_topic_dbt-core,1,,1,,,2023-07-23T16:33:26Z,2023-07-23T16:33:30Z,excluded,not screened in,"P3 1 commits on the default branch, below 40"
Broadcom/dbt-greenplum,Broadcom__dbt-greenplum,https://github.com/Broadcom/dbt-greenplum,S3_code,8,NOASSERTION,76,0,2,2024-08-30T13:57:09Z,2025-01-22T02:19:18Z,excluded,not screened in,"P4 4.7 months between creation and last push, below 12"
Brucelee352/Kroger_API_Pipeline,Brucelee352__Kroger_API_Pipeline,https://github.com/Brucelee352/Kroger_API_Pipeline,S2_topic_analytics-engineering;S2_topic_dbt-core,1,,151,9,1,2024-12-21T23:01:00Z,2026-06-16T07:47:56Z,passed,"extracted, excluded","only 3 monthly snapshots, below the 12 minimum"
Buthainah3524/quantum-pricing-engine,Buthainah3524__quantum-pricing-engine,https://github.com/Buthainah3524/quantum-pricing-engine,S2_topic_dbt,1,NOASSERTION,1,,,2026-01-30T23:01:37Z,2026-01-31T23:31:40Z,excluded,not screened in,"P3 1 commits on the default branch, below 40"
C00ldudeNoonan/economic-data-project,C00ldudeNoonan__economic-data-project,https://github.com/C00ldudeNoonan/economic-data-project,S2_topic_dbt,44,MIT,67,150,1,2024-05-31T13:13:20Z,2026-08-04T16:59:02Z,passed,"extracted, excluded","only 3 monthly snapshots, below the 12 minimum"
C0k11/quantai,C0k11__quantai,https://github.com/C0k11/quantai,S2_topic_dbt,2,MIT,328,21,1,2025-12-14T03:29:12Z,2026-07-29T03:53:41Z,excluded,not screened in,"P4 7.5 months between creation and last push, below 12"
CAFC-DS/cafc-data-platform,CAFC-DS__cafc-data-platform,https://github.com/CAFC-DS/cafc-data-platform,S3_code,0,,46,49,1,2026-06-10T16:42:09Z,2026-07-30T10:36:04Z,excluded,not screened in,"P4 1.6 months between creation and last push, below 12"
CAprogs/paris-events-analyzer,CAprogs__paris-events-analyzer,https://github.com/CAprogs/paris-events-analyzer,S2_topic_dbt,4,MIT,9,,,2025-06-24T21:26:34Z,2026-04-14T09:13:05Z,excluded,not screened in,"P3 9 commits on the default branch, below 40"
CCain67/sandbox,CCain67__sandbox,https://github.com/CCain67/sandbox,S3_code,0,,16,,,2023-08-18T18:39:10Z,2025-02-11T04:36:47Z,excluded,not screened in,"P3 16 commits on the default branch, below 40"
CDPVD/cdpvd_dashboards_store,CDPVD__cdpvd_dashboards_store,https://github.com/CDPVD/cdpvd_dashboards_store,S3_code,0,AGPL-3.0,614,108,2,2024-10-07T18:32:59Z,2026-07-16T18:25:44Z,passed,in corpus,
CamilaJaviera91/dbt-transformations-sql-mock-data,CamilaJaviera91__dbt-transformations-sql-mock-data,https://github.com/CamilaJaviera91/dbt-transformations-sql-mock-data,S2_topic_dbt,2,,107,5,2,2025-04-21T23:20:04Z,2025-04-28T03:33:02Z,excluded,not screened in,"P4 0.2 months between creation and last push, below 12"
CamilaJaviera91/mock-data-factory,CamilaJaviera91__mock-data-factory,https://github.com/CamilaJaviera91/mock-data-factory,S2_topic_dbt,3,,95,6,1,2025-04-29T21:38:33Z,2025-05-20T23:12:35Z,excluded,not screened in,"P4 0.7 months between creation and last push, below 12"
CamilaJaviera91/modern-data-pipeline-gcp,CamilaJaviera91__modern-data-pipeline-gcp,https://github.com/CamilaJaviera91/modern-data-pipeline-gcp,S2_topic_dbt,2,MIT,485,3,1,2025-06-11T22:14:33Z,2025-07-20T03:20:58Z,excluded,not screened in,"P4 1.2 months between creation and last push, below 12"
Cedar-Cat-Studios/dbt_query_game,Cedar-Cat-Studios__dbt_query_game,https://github.com/Cedar-Cat-Studios/dbt_query_game,S2_topic_dbt;S3_code,31,MIT,46,28,1,2022-08-11T13:49:52Z,2022-11-08T18:51:44Z,excluded,not screened in,"P4 2.9 months between creation and last push, below 12"
ChaJiKwon/mavenfuzzyfactory-etl-pipeline,ChaJiKwon__mavenfuzzyfactory-etl-pipeline,https://github.com/ChaJiKwon/mavenfuzzyfactory-etl-pipeline,S3_code,0,,3,,,2025-05-26T07:44:53Z,2025-05-26T09:00:32Z,excluded,not screened in,"P3 3 commits on the default branch, below 40"
ChahiriAbderrahmane/modern-data-stack-nyc-taxi,ChahiriAbderrahmane__modern-data-stack-nyc-taxi,https://github.com/ChahiriAbderrahmane/modern-data-stack-nyc-taxi,S2_topic_dbt,10,,27,,,2025-11-22T14:24:13Z,2026-01-29T00:37:45Z,excluded,not screened in,"P3 27 commits on the default branch, below 40"
Chandansahu18/payment-transaction-analytics-platform,Chandansahu18__payment-transaction-analytics-platform,https://github.com/Chandansahu18/payment-transaction-analytics-platform,S3_code,0,,103,14,1,2026-06-07T09:44:50Z,2026-07-21T16:38:04Z,excluded,not screened in,"P4 1.4 months between creation and last push, below 12"
ChengMingLiew/simple-elt-project,ChengMingLiew__simple-elt-project,https://github.com/ChengMingLiew/simple-elt-project,S3_code,0,,4,,,2026-03-28T05:48:38Z,2026-03-28T05:50:41Z,excluded,not screened in,"P3 4 commits on the default branch, below 40"
Chezhira/finsight-lite,Chezhira__finsight-lite,https://github.com/Chezhira/finsight-lite,S2_topic_analytics-engineering;S2_topic_dbt,1,,9,,,2026-05-29T08:18:33Z,2026-06-07T21:08:08Z,excluded,not screened in,"P3 9 commits on the default branch, below 40"
Chicong00/customer-tracking-log,Chicong00__customer-tracking-log,https://github.com/Chicong00/customer-tracking-log,S3_code,0,MIT,20,,,2026-06-06T03:44:59Z,2026-06-10T08:15:18Z,excluded,not screened in,"P3 20 commits on the default branch, below 40"
Chideraozigbo/CDE-Capstone-Project,Chideraozigbo__CDE-Capstone-Project,https://github.com/Chideraozigbo/CDE-Capstone-Project,S3_code,6,Apache-2.0,30,,,2024-11-10T07:27:27Z,2024-11-18T10:58:37Z,excluded,not screened in,"P3 30 commits on the default branch, below 40"
ChrisGutknecht/inventory_campaigns,ChrisGutknecht__inventory_campaigns,https://github.com/ChrisGutknecht/inventory_campaigns,S3_code,2,,27,,,2023-03-07T22:09:01Z,2023-03-16T11:09:06Z,excluded,not screened in,"P3 27 commits on the default branch, below 40"
ChristianCasazza/mtadata,ChristianCasazza__mtadata,https://github.com/ChristianCasazza/mtadata,S3_code,21,,71,12,1,2024-10-08T16:56:24Z,2025-03-23T22:37:50Z,excluded,not screened in,"P4 5.5 months between creation and last push, below 12"
ChristianCasazza/nfl-analytics-pipeline,ChristianCasazza__nfl-analytics-pipeline,https://github.com/ChristianCasazza/nfl-analytics-pipeline,S3_code,1,,2,,,2025-05-21T16:38:39Z,2025-05-21T22:42:19Z,excluded,not screened in,"P3 2 commits on the default branch, below 40"
ChristianCasazza/nycpipeline,ChristianCasazza__nycpipeline,https://github.com/ChristianCasazza/nycpipeline,S3_code,2,,5,,,2025-04-28T15:32:16Z,2025-05-07T16:53:46Z,excluded,not screened in,"P3 5 commits on the default branch, below 40"
ChristianMA19/Data_Mining_TA_2,ChristianMA19__Data_Mining_TA_2,https://github.com/ChristianMA19/Data_Mining_TA_2,S3_code,0,,24,,,2023-10-28T17:35:58Z,2024-03-25T16:39:42Z,excluded,not screened in,"P3 24 commits on the default branch, below 40"
ChukwuemekaAham/data-engineering-zoomcamp,ChukwuemekaAham__data-engineering-zoomcamp,https://github.com/ChukwuemekaAham/data-engineering-zoomcamp,S2_topic_dbt,1,,10,,,2024-07-09T00:53:43Z,2024-07-14T06:02:25Z,excluded,not screened in,"P3 10 commits on the default branch, below 40"
ChuquEmeka/DBT-Core-CLI-BigQuery-Healthcare-DataPipeline,ChuquEmeka__DBT-Core-CLI-BigQuery-Healthcare-DataPipeline,https://github.com/ChuquEmeka/DBT-Core-CLI-BigQuery-Healthcare-DataPipeline,S3_code,0,,22,,,2024-11-18T18:18:28Z,2024-11-26T14:18:54Z,excluded,not screened in,"P3 22 commits on the default branch, below 40"
Circhastic/de-zoomcamp-2025,Circhastic__de-zoomcamp-2025,https://github.com/Circhastic/de-zoomcamp-2025,S2_topic_dbt,1,,45,10,1,2025-01-06T18:01:04Z,2025-02-26T12:00:16Z,excluded,not screened in,"P4 1.6 months between creation and last push, below 12"
ClickHouse/clickhouse-academy,ClickHouse__clickhouse-academy,https://github.com/ClickHouse/clickhouse-academy,S3_code,148,NOASSERTION,189,19,2,2024-03-04T16:02:42Z,2026-08-03T22:11:12Z,passed,"extracted, excluded","only 1 monthly snapshots, below the 12 minimum"
ClickHouse/dbt-clickhouse,ClickHouse__dbt-clickhouse,https://github.com/ClickHouse/dbt-clickhouse,S2_topic_dbt;S3_code,356,Apache-2.0,818,21,3,2021-01-29T14:10:43Z,2026-08-04T14:28:33Z,passed,"extracted, excluded","only 2 monthly snapshots, below the 12 minimum"
Clmes49/DVA_WGG,Clmes49__DVA_WGG,https://github.com/Clmes49/DVA_WGG,S3_code,0,,76,57,1,2026-03-24T14:19:29Z,2026-06-13T17:31:25Z,excluded,not screened in,"P4 2.7 months between creation and last push, below 12"
CloudChaoszero/customer-analytics,CloudChaoszero__customer-analytics,https://github.com/CloudChaoszero/customer-analytics,S2_topic_dbt,5,,11,,,2020-09-27T10:25:52Z,2020-10-05T05:50:42Z,excluded,not screened in,"P3 11 commits on the default branch, below 40"
CloudChaoszero/onboarding-2-dbt,CloudChaoszero__onboarding-2-dbt,https://github.com/CloudChaoszero/onboarding-2-dbt,S2_topic_dbt,2,,9,,,2020-10-12T05:55:44Z,2020-10-14T07:14:31Z,excluded,not screened in,"P3 9 commits on the default branch, below 40"
Cocoon-Data-Transformation/cocoon,Cocoon-Data-Transformation__cocoon,https://github.com/Cocoon-Data-Transformation/cocoon,S3_code,189,MIT,392,53,12,2023-12-01T22:14:04Z,2025-01-22T19:22:19Z,passed,"extracted, excluded","only 2 monthly snapshots, below the 12 minimum"
CodeCutTech/dbt-demo,CodeCutTech__dbt-demo,https://github.com/CodeCutTech/dbt-demo,S3_code,5,,10,,,2023-04-25T19:59:40Z,2023-05-08T21:46:10Z,excluded,not screened in,"P3 10 commits on the default branch, below 40"
CoforgeInsurance/acord-data-quality-monitor,CoforgeInsurance__acord-data-quality-monitor,https://github.com/CoforgeInsurance/acord-data-quality-monitor,S2_topic_dbt,2,MIT,23,,,2025-11-02T14:35:28Z,2025-11-03T05:50:17Z,excluded,not screened in,"P3 23 commits on the default branch, below 40"
CommanderWahid/dbt_walkthrough,CommanderWahid__dbt_walkthrough,https://github.com/CommanderWahid/dbt_walkthrough,S3_code,0,,40,28,1,2024-01-17T22:25:10Z,2024-03-06T09:56:59Z,excluded,not screened in,"P4 1.6 months between creation and last push, below 12"
Connorrmcd6/fpl-elt,Connorrmcd6__fpl-elt,https://github.com/Connorrmcd6/fpl-elt,S2_topic_dbt,4,MIT,7,,,2025-12-21T08:32:04Z,2026-01-02T13:29:15Z,excluded,not screened in,"P3 7 commits on the default branch, below 40"
ContrastingSounds/dbt-analytics,ContrastingSounds__dbt-analytics,https://github.com/ContrastingSounds/dbt-analytics,S3_code,0,,37,,,2021-10-29T00:01:59Z,2022-10-15T14:39:09Z,excluded,not screened in,"P3 37 commits on the default branch, below 40"
Core-Load/seoul-airflow,Core-Load__seoul-airflow,https://github.com/Core-Load/seoul-airflow,S3_code,0,,233,26,1,2025-12-15T09:17:04Z,2026-01-06T06:54:17Z,excluded,not screened in,"P4 0.7 months between creation and last push, below 12"
CoreSheep/company-atlas,CoreSheep__company-atlas,https://github.com/CoreSheep/company-atlas,S2_topic_dbt,1,MIT,49,6,1,2025-11-22T15:42:14Z,2025-11-30T16:47:32Z,excluded,not screened in,"P4 0.3 months between creation and last push, below 12"
CoreSheep/netflix-dbt-demo,CoreSheep__netflix-dbt-demo,https://github.com/CoreSheep/netflix-dbt-demo,S2_topic_dbt,1,,3,,,2025-10-15T21:05:06Z,2025-10-15T21:11:19Z,excluded,not screened in,"P3 3 commits on the default branch, below 40"
Creative-Ataraxia/CLV-data-pipeline,Creative-Ataraxia__CLV-data-pipeline,https://github.com/Creative-Ataraxia/CLV-data-pipeline,S2_topic_dbt,1,MIT,38,,,2025-05-09T07:31:40Z,2025-06-22T08:29:56Z,excluded,not screened in,"P3 38 commits on the default branch, below 40"
CristianCDG/Weather-Data-Pipeline,CristianCDG__Weather-Data-Pipeline,https://github.com/CristianCDG/Weather-Data-Pipeline,S3_code,0,,10,,,2025-07-16T00:45:26Z,2025-07-17T00:58:10Z,excluded,not screened in,"P3 10 commits on the default branch, below 40"
CulleyHarrelson/RussiaUkraineWarEquipmentLosses,CulleyHarrelson__RussiaUkraineWarEquipmentLosses,https://github.com/CulleyHarrelson/RussiaUkraineWarEquipmentLosses,S2_topic_dbt,1,MIT,61,5,1,2023-03-10T02:49:44Z,2024-09-25T13:47:25Z,passed,"extracted, excluded","only 1 monthly snapshots, below the 12 minimum"
CyberBantu/monitorpublico,CyberBantu__monitorpublico,https://github.com/CyberBantu/monitorpublico,S3_code,0,,22,,,2026-01-05T14:00:27Z,2026-02-18T17:44:20Z,excluded,not screened in,"P3 22 commits on the default branch, below 40"
CynicDog/data-engineering-lab,CynicDog__data-engineering-lab,https://github.com/CynicDog/data-engineering-lab,S2_topic_dbt,2,,115,7,1,2025-11-10T11:20:28Z,2026-07-04T06:48:38Z,excluded,not screened in,"P4 7.7 months between creation and last push, below 12"
DD2A-lab/DBT_demo,DD2A-lab__DBT_demo,https://github.com/DD2A-lab/DBT_demo,S3_code,1,,36,,,2024-06-26T09:35:50Z,2024-07-01T16:29:28Z,excluded,not screened in,"P3 36 commits on the default branch, below 40"
DE7-team6-final/upbit-data-pipeline,DE7-team6-final__upbit-data-pipeline,https://github.com/DE7-team6-final/upbit-data-pipeline,S2_topic_dbt;S3_code,3,,163,8,1,2025-12-10T09:31:05Z,2026-02-05T03:14:23Z,excluded,not screened in,"P4 1.8 months between creation and last push, below 12"
DH-HUB/contribflow-data-platform,DH-HUB__contribflow-data-platform,https://github.com/DH-HUB/contribflow-data-platform,S2_topic_dbt,1,NOASSERTION,14,,,2026-01-31T02:14:26Z,2026-02-16T02:43:38Z,excluded,not screened in,"P3 14 commits on the default branch, below 40"
DITP-pilotage/pilote-2,DITP-pilotage__pilote-2,https://github.com/DITP-pilotage/pilote-2,S3_code,8,,5040,85,1,2022-11-22T08:09:51Z,2026-08-04T14:35:10Z,passed,in corpus,
DJLemkes/dbt-diagrams,DJLemkes__dbt-diagrams,https://github.com/DJLemkes/dbt-diagrams,S2_topic_dbt,34,MIT,68,5,1,2023-05-18T21:41:52Z,2026-07-27T01:53:21Z,passed,"extracted, excluded","only 2 monthly snapshots, below the 12 minimum"
DaCameraGirl/Compass-Ultra-Web-Intel,DaCameraGirl__Compass-Ultra-Web-Intel,https://github.com/DaCameraGirl/Compass-Ultra-Web-Intel,S2_topic_dbt,1,NOASSERTION,28,,,2026-06-10T13:01:16Z,2026-06-27T13:34:13Z,excluded,not screened in,"P3 28 commits on the default branch, below 40"
DaandinhoPy94/real-estate-intelligence,DaandinhoPy94__real-estate-intelligence,https://github.com/DaandinhoPy94/real-estate-intelligence,S2_topic_dbt,1,,6,,,2025-07-20T21:27:40Z,2025-07-21T21:40:17Z,excluded,not screened in,"P3 6 commits on the default branch, below 40"
Dalbee/conversion-stream-pipeline,Dalbee__conversion-stream-pipeline,https://github.com/Dalbee/conversion-stream-pipeline,S2_topic_analytics-engineering;S2_topic_dbt,1,,11,,,2026-04-12T15:24:58Z,2026-05-07T18:21:10Z,excluded,not screened in,"P3 11 commits on the default branch, below 40"
DalgoT4D/dbt_apd,DalgoT4D__dbt_apd,https://github.com/DalgoT4D/dbt_apd,S3_code,1,,15,,,2025-02-28T02:52:24Z,2025-02-28T02:57:42Z,excluded,not screened in,"P3 15 commits on the default branch, below 40"
DalgoT4D/dbt_cmhlp,DalgoT4D__dbt_cmhlp,https://github.com/DalgoT4D/dbt_cmhlp,S3_code,0,,94,39,1,2024-07-17T16:57:14Z,2026-03-13T06:12:25Z,passed,"extracted, excluded","only 8 monthly snapshots, below the 12 minimum"
DalgoT4D/dbt_lahi,DalgoT4D__dbt_lahi,https://github.com/DalgoT4D/dbt_lahi,S3_code,0,,149,87,1,2023-07-13T05:19:53Z,2025-02-04T08:54:54Z,passed,"extracted, excluded","only 8 monthly snapshots, below the 12 minimum"
DalgoT4D/dbt_shofco,DalgoT4D__dbt_shofco,https://github.com/DalgoT4D/dbt_shofco,S3_code,0,,335,87,1,2024-08-13T15:32:51Z,2026-07-17T13:52:31Z,passed,in corpus,
DalgoT4D/health_demo,DalgoT4D__health_demo,https://github.com/DalgoT4D/health_demo,S3_code,0,,9,,,2026-07-13T04:04:37Z,2026-07-23T05:04:43Z,excluded,not screened in,"P3 9 commits on the default branch, below 40"
DalleAntoine-99/DataHarmonisation_Agriculture,DalleAntoine-99__DataHarmonisation_Agriculture,https://github.com/DalleAntoine-99/DataHarmonisation_Agriculture,S3_code,0,,7,,,2026-02-21T19:21:15Z,2026-03-05T21:09:08Z,excluded,not screened in,"P3 7 commits on the default branch, below 40"
DamienAzzopardi/databird-ae,DamienAzzopardi__databird-ae,https://github.com/DamienAzzopardi/databird-ae,S3_code,0,,145,21,1,2024-11-05T15:16:47Z,2026-02-12T09:03:05Z,passed,in corpus,
Dandandan/dbt-athena,Dandandan__dbt-athena,https://github.com/Dandandan/dbt-athena,S3_code,38,Apache-2.0,68,0,1,2020-01-08T16:22:17Z,2024-05-28T21:26:34Z,passed,"extracted, excluded",no commits touch any declared model path
Daniel-Andarge/AiML-ethiopian-medical-biz-datawarehouse,Daniel-Andarge__AiML-ethiopian-medical-biz-datawarehouse,https://github.com/Daniel-Andarge/AiML-ethiopian-medical-biz-datawarehouse,S3_code,4,MIT,84,5,1,2024-06-10T15:42:16Z,2025-04-02T13:01:02Z,excluded,not screened in,"P4 9.7 months between creation and last push, below 12"
DanielBlei/pipeline-forge,DanielBlei__pipeline-forge,https://github.com/DanielBlei/pipeline-forge,S2_topic_dbt,2,NOASSERTION,40,3,1,2025-07-28T20:53:50Z,2026-03-24T18:48:27Z,excluded,not screened in,"P4 7.8 months between creation and last push, below 12"
DaoNguyen24/dbt_postgresdb,DaoNguyen24__dbt_postgresdb,https://github.com/DaoNguyen24/dbt_postgresdb,S3_code,0,,1,,,2024-05-26T15:05:45Z,2024-05-26T15:10:34Z,excluded,not screened in,"P3 1 commits on the default branch, below 40"
Dashlane/dbt-invoke,Dashlane__dbt-invoke,https://github.com/Dashlane/dbt-invoke,S2_topic_dbt,73,Apache-2.0,16,,,2021-02-26T13:50:52Z,2024-07-31T23:09:46Z,excluded,not screened in,"P3 16 commits on the default branch, below 40"
Data-From-API/aivancity_learning,Data-From-API__aivancity_learning,https://github.com/Data-From-API/aivancity_learning,S3_code,0,,35,,,2025-05-22T15:56:54Z,2026-04-06T18:45:15Z,excluded,not screened in,"P3 35 commits on the default branch, below 40"
DataCody/jaffle-shop-data-transformation,DataCody__jaffle-shop-data-transformation,https://github.com/DataCody/jaffle-shop-data-transformation,S2_topic_dbt,1,MIT,30,,,2025-05-14T01:59:22Z,2025-09-11T03:39:16Z,excluded,not screened in,"P3 30 commits on the default branch, below 40"
DataCody/kineteco-evs-llm-pipeline,DataCody__kineteco-evs-llm-pipeline,https://github.com/DataCody/kineteco-evs-llm-pipeline,S2_topic_dbt;S3_code,1,,48,13,2,2025-05-26T04:20:30Z,2025-09-09T14:46:31Z,excluded,not screened in,"P4 3.5 months between creation and last push, below 12"
DataCody/pvoutput-streaming-monitoring,DataCody__pvoutput-streaming-monitoring,https://github.com/DataCody/pvoutput-streaming-monitoring,S2_topic_dbt,1,,2,,,2025-08-07T09:30:02Z,2025-08-12T14:02:25Z,excluded,not screened in,"P3 2 commits on the default branch, below 40"
DataEngineersNZ/dbt-snowflake-datops-materilizations,DataEngineersNZ__dbt-snowflake-datops-materilizations,https://github.com/DataEngineersNZ/dbt-snowflake-datops-materilizations,S3_code,36,Apache-2.0,90,0,1,2022-07-28T21:48:10Z,2026-07-19T01:24:52Z,passed,"extracted, excluded",no commits touch any declared model path
DataRecce/recce,DataRecce__recce,https://github.com/DataRecce/recce,S2_topic_analytics-engineering;S2_topic_dbt,467,Apache-2.0,5761,0,1,2023-10-06T08:14:25Z,2026-08-04T13:14:32Z,passed,"extracted, excluded",no commits touch any declared model path
DataSentics/sap-order-to-cash,DataSentics__sap-order-to-cash,https://github.com/DataSentics/sap-order-to-cash,S2_topic_dbt,1,Apache-2.0,22,,,2023-09-25T10:19:06Z,2024-05-12T19:42:54Z,excluded,not screened in,"P3 22 commits on the default branch, below 40"
DataTalksClub/data-engineering-zoomcamp,DataTalksClub__data-engineering-zoomcamp,https://github.com/DataTalksClub/data-engineering-zoomcamp,S2_topic_dbt,44315,,1237,8,1,2021-10-21T09:32:50Z,2026-06-10T09:34:17Z,passed,"extracted, excluded","only 7 monthly snapshots, below the 12 minimum"
DataWithRishal/uae_retail_pipeline,DataWithRishal__uae_retail_pipeline,https://github.com/DataWithRishal/uae_retail_pipeline,S2_topic_dbt,1,MIT,15,,,2026-06-02T19:45:55Z,2026-06-15T20:28:16Z,excluded,not screened in,"P3 15 commits on the default branch, below 40"
Database-Tycoon/tycoon-cli,Database-Tycoon__tycoon-cli,https://github.com/Database-Tycoon/tycoon-cli,S2_topic_dbt;S3_code,8,MIT,182,2,2,2026-04-13T19:43:04Z,2026-08-04T13:15:52Z,excluded,not screened in,"P4 3.7 months between creation and last push, below 12"
Datateer/datateer-dbt,Datateer__datateer-dbt,https://github.com/Datateer/datateer-dbt,S3_code,2,,76,0,1,2020-01-15T17:48:38Z,2026-03-04T00:10:33Z,passed,"extracted, excluded",every sampled commit yielded zero models
Datavault-UK/automate-dv,Datavault-UK__automate-dv,https://github.com/Datavault-UK/automate-dv,S2_topic_dbt;S3_code,596,Apache-2.0,4110,0,1,2019-09-27T11:13:15Z,2026-02-05T11:49:30Z,passed,"extracted, excluded",no commits touch any declared model path
Datavault-UK/automate-dv-demo,Datavault-UK__automate-dv-demo,https://github.com/Datavault-UK/automate-dv-demo,S3_code,61,Apache-2.0,69,31,1,2019-10-30T12:32:35Z,2024-03-22T10:23:41Z,passed,"extracted, excluded","only 7 monthly snapshots, below the 12 minimum"
DaviMacielCavalcante/desafio-base-de-dados,DaviMacielCavalcante__desafio-base-de-dados,https://github.com/DaviMacielCavalcante/desafio-base-de-dados,S3_code,0,MIT,23,,,2026-05-26T01:26:59Z,2026-06-01T13:02:17Z,excluded,not screened in,"P3 23 commits on the default branch, below 40"
DavidFarm/de-dbt-adventureworks-starter,DavidFarm__de-dbt-adventureworks-starter,https://github.com/DavidFarm/de-dbt-adventureworks-starter,S2_topic_dbt,1,,34,,,2025-11-13T18:22:10Z,2026-03-15T15:29:32Z,excluded,not screened in,"P3 34 commits on the default branch, below 40"
DavidKingGH/dbt_portfolio_project_1,DavidKingGH__dbt_portfolio_project_1,https://github.com/DavidKingGH/dbt_portfolio_project_1,S2_topic_analytics-engineering;S2_topic_dbt,1,MIT,173,21,1,2025-10-03T13:22:31Z,2025-11-25T02:07:12Z,excluded,not screened in,"P4 1.7 months between creation and last push, below 12"
DavidKingGH/dbt_portfolio_project_2,DavidKingGH__dbt_portfolio_project_2,https://github.com/DavidKingGH/dbt_portfolio_project_2,S2_topic_analytics-engineering;S2_topic_dbt,1,MIT,39,,,2025-11-06T14:57:57Z,2025-11-18T19:12:15Z,excluded,not screened in,"P3 39 commits on the default branch, below 40"
DeepL/sql-mock,DeepL__sql-mock,https://github.com/DeepL/sql-mock,S3_code,47,MIT,125,0,1,2023-10-12T17:33:58Z,2024-04-17T10:04:15Z,excluded,not screened in,"P4 6.1 months between creation and last push, below 12"
DegaregeN/Telegram-,DegaregeN__Telegram-,https://github.com/DegaregeN/Telegram-,S2_topic_dbt,1,Apache-2.0,31,,,2024-10-11T04:54:52Z,2024-12-26T08:25:27Z,excluded,not screened in,"P3 31 commits on the default branch, below 40"
Delphi-Data/dbt_natural_language,Delphi-Data__dbt_natural_language,https://github.com/Delphi-Data/dbt_natural_language,S3_code,10,MIT,13,,,2022-11-28T03:20:46Z,2023-01-13T19:32:16Z,excluded,not screened in,"P3 13 commits on the default branch, below 40"
DelphinKdl/DelphinKdl,DelphinKdl__DelphinKdl,https://github.com/DelphinKdl/DelphinKdl,S2_topic_dbt,1,,78,0,0,2023-08-16T02:22:15Z,2026-06-16T18:27:44Z,passed,"extracted, excluded",no dbt_project.yml found anywhere on the first-parent history
Delta483711/BI_Development,Delta483711__BI_Development,https://github.com/Delta483711/BI_Development,S3_code,1,,40,5,1,2025-08-02T19:14:15Z,2025-10-08T18:50:25Z,excluded,not screened in,"P4 2.2 months between creation and last push, below 12"
Denko/nba_proyect,Denko__nba_proyect,https://github.com/Denko/nba_proyect,S3_code,0,,17,,,2023-12-04T15:42:02Z,2023-12-14T14:17:11Z,excluded,not screened in,"P3 17 commits on the default branch, below 40"
Derrick-Ryan-Giggs/kenya-health-pipeline,Derrick-Ryan-Giggs__kenya-health-pipeline,https://github.com/Derrick-Ryan-Giggs/kenya-health-pipeline,S3_code,0,,20,,,2026-05-03T19:20:05Z,2026-06-06T19:31:49Z,excluded,not screened in,"P3 20 commits on the default branch, below 40"
Dev-rja/api-monitor,Dev-rja__api-monitor,https://github.com/Dev-rja/api-monitor,S2_topic_dbt;S3_code,1,,1736,3,1,2026-04-02T04:44:15Z,2026-08-05T01:05:32Z,excluded,not screened in,"P4 4.1 months between creation and last push, below 12"
DevDizzle/gammarips-engine,DevDizzle__gammarips-engine,https://github.com/DevDizzle/gammarips-engine,S3_code,8,MIT,353,27,1,2025-06-23T15:44:51Z,2026-07-30T20:22:15Z,passed,"extracted, excluded","only 2 monthly snapshots, below the 12 minimum"
DevStrikerTech/InsightWeaver,DevStrikerTech__InsightWeaver,https://github.com/DevStrikerTech/InsightWeaver,S3_code,0,MIT,2,,,2025-10-31T22:36:38Z,2025-10-31T22:38:57Z,excluded,not screened in,"P3 2 commits on the default branch, below 40"
DiazSk/Modern-E-commerce-Analytics-Platform,DiazSk__Modern-E-commerce-Analytics-Platform,https://github.com/DiazSk/Modern-E-commerce-Analytics-Platform,S3_code,0,,75,10,1,2025-10-20T06:46:45Z,2026-04-29T05:11:03Z,excluded,not screened in,"P4 6.2 months between creation and last push, below 12"
DiegoIpaez/nba-analytics-lakehouse,DiegoIpaez__nba-analytics-lakehouse,https://github.com/DiegoIpaez/nba-analytics-lakehouse,S2_topic_dbt,2,MIT,6,,,2025-08-02T01:51:04Z,2025-08-20T20:13:29Z,excluded,not screened in,"P3 6 commits on the default branch, below 40"
Dinesh1599/pipeline-incident-investigator,Dinesh1599__pipeline-incident-investigator,https://github.com/Dinesh1599/pipeline-incident-investigator,S2_topic_dbt-core,2,,78,3,1,2026-03-11T07:38:54Z,2026-03-17T12:04:53Z,excluded,not screened in,"P4 0.2 months between creation and last push, below 12"
DiogoRibeiro7/perishable-inventory-decision-lab,DiogoRibeiro7__perishable-inventory-decision-lab,https://github.com/DiogoRibeiro7/perishable-inventory-decision-lab,S2_topic_dbt,1,Apache-2.0,72,7,1,2026-07-22T07:54:40Z,2026-08-03T08:36:45Z,excluded,not screened in,"P4 0.4 months between creation and last push, below 12"
DiogoSoares3/CRM-AI-Analysis,DiogoSoares3__CRM-AI-Analysis,https://github.com/DiogoSoares3/CRM-AI-Analysis,S2_topic_dbt,4,,20,,,2025-01-01T22:40:21Z,2025-02-14T01:26:12Z,excluded,not screened in,"P3 20 commits on the default branch, below 40"
DiscoverTalent/Excel,DiscoverTalent__Excel,https://github.com/DiscoverTalent/Excel,S2_topic_analytics-engineering,4,,42,0,0,2025-06-14T16:26:29Z,2026-07-24T16:51:07Z,passed,"extracted, excluded",no dbt_project.yml found anywhere on the first-parent history
Divergent-Insights/dbt-dataquality,Divergent-Insights__dbt-dataquality,https://github.com/Divergent-Insights/dbt-dataquality,S3_code,30,Apache-2.0,116,4,1,2022-04-03T09:58:42Z,2023-06-14T12:54:02Z,passed,"extracted, excluded","only 1 monthly snapshots, below the 12 minimum"
Divergent-Insights/dbtcore-azure,Divergent-Insights__dbtcore-azure,https://github.com/Divergent-Insights/dbtcore-azure,S2_topic_dbt,7,MIT,3,,,2022-07-01T22:40:50Z,2022-08-23T20:57:16Z,excluded,not screened in,"P3 3 commits on the default branch, below 40"
DivineSamOfficial/Banking-Data-Warehouse-Pipeline,DivineSamOfficial__Banking-Data-Warehouse-Pipeline,https://github.com/DivineSamOfficial/Banking-Data-Warehouse-Pipeline,S2_topic_dbt,3,,7,,,2024-06-12T02:09:51Z,2024-06-12T02:38:50Z,excluded,not screened in,"P3 7 commits on the default branch, below 40"
DivineSamOfficial/E-Commerce-Data-Warehouse-using-dbt-DuckDB-Mage,DivineSamOfficial__E-Commerce-Data-Warehouse-using-dbt-DuckDB-Mage,https://github.com/DivineSamOfficial/E-Commerce-Data-Warehouse-using-dbt-DuckDB-Mage,S2_topic_dbt,1,,11,,,2025-06-20T11:08:52Z,2025-06-24T08:07:16Z,excluded,not screened in,"P3 11 commits on the default branch, below 40"
DivineSamOfficial/Snowflake-ELT-Pipeline-with-dbt-and-Airflow,DivineSamOfficial__Snowflake-ELT-Pipeline-with-dbt-and-Airflow,https://github.com/DivineSamOfficial/Snowflake-ELT-Pipeline-with-dbt-and-Airflow,S2_topic_dbt,4,,3,,,2024-07-24T19:38:00Z,2024-07-24T20:42:59Z,excluded,not screened in,"P3 3 commits on the default branch, below 40"
DoDucHoa/music-streaming-pipeline,DoDucHoa__music-streaming-pipeline,https://github.com/DoDucHoa/music-streaming-pipeline,S3_code,0,,37,,,2026-03-07T04:01:19Z,2026-03-25T15:19:53Z,excluded,not screened in,"P3 37 commits on the default branch, below 40"
DominikGolebiewski/dbt-macro-polo,DominikGolebiewski__dbt-macro-polo,https://github.com/DominikGolebiewski/dbt-macro-polo,S3_code,18,MIT,48,0,1,2024-11-22T08:52:55Z,2026-06-22T09:03:17Z,passed,"extracted, excluded",no commits touch any declared model path
Don-Irwin/dbt-examples,Don-Irwin__dbt-examples,https://github.com/Don-Irwin/dbt-examples,S3_code,0,MIT,4,,,2023-12-08T01:11:17Z,2023-12-08T03:19:09Z,excluded,not screened in,"P3 4 commits on the default branch, below 40"
Dorianteffo/dbt_python_docker,Dorianteffo__dbt_python_docker,https://github.com/Dorianteffo/dbt_python_docker,S2_topic_dbt;S2_topic_dbt-core,2,,11,,,2024-02-20T10:41:39Z,2024-03-10T13:32:04Z,excluded,not screened in,"P3 11 commits on the default branch, below 40"
Dorianteffo/modern-data-platform,Dorianteffo__modern-data-platform,https://github.com/Dorianteffo/modern-data-platform,S2_topic_dbt,52,,123,32,2,2024-03-14T08:41:17Z,2024-04-10T14:13:36Z,excluded,not screened in,"P4 0.9 months between creation and last push, below 12"
DrSatrn/data-platform-bootstrap,DrSatrn__data-platform-bootstrap,https://github.com/DrSatrn/data-platform-bootstrap,S3_code,1,MIT,38,,,2026-03-14T10:44:52Z,2026-03-16T05:47:35Z,excluded,not screened in,"P3 38 commits on the default branch, below 40"
DrewDimas/DataCamp2024,DrewDimas__DataCamp2024,https://github.com/DrewDimas/DataCamp2024,S3_code,1,,46,6,1,2024-01-17T22:48:53Z,2024-03-18T02:16:19Z,excluded,not screened in,"P4 2.0 months between creation and last push, below 12"
DrewDimas/olympic-data-pipeline,DrewDimas__olympic-data-pipeline,https://github.com/DrewDimas/olympic-data-pipeline,S3_code,2,MIT,25,,,2024-03-22T18:21:08Z,2024-11-05T21:20:32Z,excluded,not screened in,"P3 25 commits on the default branch, below 40"
DrewThomas09/RCM,DrewThomas09__RCM,https://github.com/DrewThomas09/RCM,S3_code,0,MIT,4942,1197,2,2026-04-17T14:31:38Z,2026-08-03T07:06:20Z,excluded,not screened in,"P4 3.5 months between creation and last push, below 12"
Drprincerajput/supplychain-analytics-pipeline,Drprincerajput__supplychain-analytics-pipeline,https://github.com/Drprincerajput/supplychain-analytics-pipeline,S2_topic_dbt;S2_topic_dbt-core,1,,8,,,2025-09-16T12:38:59Z,2025-09-16T13:27:12Z,excluded,not screened in,"P3 8 commits on the default branch, below 40"
DucDTran/airbnb-dbt,DucDTran__airbnb-dbt,https://github.com/DucDTran/airbnb-dbt,S3_code,0,,5,,,2026-02-07T17:54:34Z,2026-02-07T18:14:10Z,excluded,not screened in,"P3 5 commits on the default branch, below 40"
Ducanh390/Meshify,Ducanh390__Meshify,https://github.com/Ducanh390/Meshify,S2_topic_dbt-core,4,,10,,,2025-05-22T17:15:12Z,2026-07-27T09:14:19Z,excluded,not screened in,"P3 10 commits on the default branch, below 40"
Ducdata1808/music-streaming-data-pipeline,Ducdata1808__music-streaming-data-pipeline,https://github.com/Ducdata1808/music-streaming-data-pipeline,S2_topic_dbt,4,,58,6,1,2026-04-14T16:42:43Z,2026-07-05T09:07:06Z,excluded,not screened in,"P4 2.7 months between creation and last push, below 12"
DyeghoCunha/dyegho_cunha_Indicium_TECH_032026,DyeghoCunha__dyegho_cunha_Indicium_TECH_032026,https://github.com/DyeghoCunha/dyegho_cunha_Indicium_TECH_032026,S3_code,0,,36,,,2026-03-24T21:51:01Z,2026-03-30T17:25:15Z,excluded,not screened in,"P3 36 commits on the default branch, below 40"
EJOOSTEROP/mimodast,EJOOSTEROP__mimodast,https://github.com/EJOOSTEROP/mimodast,S2_topic_dbt,7,MIT,59,2,1,2023-03-29T20:19:08Z,2023-08-26T19:06:27Z,excluded,not screened in,"P4 4.9 months between creation and last push, below 12"
EJOOSTEROP/mimosa,EJOOSTEROP__mimosa,https://github.com/EJOOSTEROP/mimosa,S2_topic_dbt,4,MIT,177,3,1,2023-09-13T15:29:13Z,2025-06-05T00:56:37Z,passed,"extracted, excluded",every sampled commit yielded zero models
EbEmad/Analytics-Platform,EbEmad__Analytics-Platform,https://github.com/EbEmad/Analytics-Platform,S2_topic_dbt,2,MIT,45,0,0,2025-08-26T15:31:57Z,2026-05-04T12:42:27Z,excluded,not screened in,"P4 8.2 months between creation and last push, below 12"
EbEmad/Liverpool-Data-Analytics,EbEmad__Liverpool-Data-Analytics,https://github.com/EbEmad/Liverpool-Data-Analytics,S2_topic_dbt,1,MIT,15,,,2025-06-20T04:14:07Z,2026-01-20T14:52:21Z,excluded,not screened in,"P3 15 commits on the default branch, below 40"
EbEmad/agentic_data_pipeline,EbEmad__agentic_data_pipeline,https://github.com/EbEmad/agentic_data_pipeline,S2_topic_dbt,2,,18,,,2025-09-14T12:17:44Z,2026-07-28T11:23:52Z,excluded,not screened in,"P3 18 commits on the default branch, below 40"
EbEmad/airflow-dbt-demo,EbEmad__airflow-dbt-demo,https://github.com/EbEmad/airflow-dbt-demo,S2_topic_dbt,2,MIT,32,,,2025-08-09T14:35:59Z,2025-10-10T11:49:28Z,excluded,not screened in,"P3 32 commits on the default branch, below 40"
EbEmad/dbt_snowflake_project,EbEmad__dbt_snowflake_project,https://github.com/EbEmad/dbt_snowflake_project,S2_topic_dbt,1,MIT,11,,,2025-03-15T08:03:51Z,2025-06-12T08:56:32Z,excluded,not screened in,"P3 11 commits on the default branch, below 40"
Ediebah/clinical-insight-agent,Ediebah__clinical-insight-agent,https://github.com/Ediebah/clinical-insight-agent,S2_topic_dbt,1,MIT,184,26,1,2026-07-01T07:27:52Z,2026-08-01T23:34:58Z,excluded,not screened in,"P4 1.0 months between creation and last push, below 12"
EduardoPuglisevich/proptech-analytics-warehouse,EduardoPuglisevich__proptech-analytics-warehouse,https://github.com/EduardoPuglisevich/proptech-analytics-warehouse,S2_topic_dbt,1,,2,,,2026-07-01T21:18:26Z,2026-07-02T16:06:45Z,excluded,not screened in,"P3 2 commits on the default branch, below 40"
Elish-Ab/ethiopian-medical-data-warehouse,Elish-Ab__ethiopian-medical-data-warehouse,https://github.com/Elish-Ab/ethiopian-medical-data-warehouse,S3_code,0,,56,3,1,2025-01-31T09:39:33Z,2025-02-06T08:53:16Z,excluded,not screened in,"P4 0.2 months between creation and last push, below 12"
EloiSanchez/sleep_android_viz,EloiSanchez__sleep_android_viz,https://github.com/EloiSanchez/sleep_android_viz,S2_topic_dbt,1,,67,8,1,2023-06-13T11:59:50Z,2024-05-13T09:35:10Z,excluded,not screened in,"P4 11.0 months between creation and last push, below 12"
EmanuelSena101/GCP-Obsidian-Vault,EmanuelSena101__GCP-Obsidian-Vault,https://github.com/EmanuelSena101/GCP-Obsidian-Vault,S3_code,0,,3,,,2026-06-10T18:04:42Z,2026-06-18T17:19:44Z,excluded,not screened in,"P3 3 commits on the default branch, below 40"
Embucket/dbt-embucket,Embucket__dbt-embucket,https://github.com/Embucket/dbt-embucket,S3_code,0,,17,,,2026-04-06T19:10:19Z,2026-04-06T20:09:34Z,excluded,not screened in,"P3 17 commits on the default branch, below 40"
Embucket/embucket-labs,Embucket__embucket-labs,https://github.com/Embucket/embucket-labs,S3_code,101,Apache-2.0,1138,0,0,2024-09-24T21:28:22Z,2026-08-04T05:04:17Z,passed,"extracted, excluded",no dbt_project.yml found anywhere on the first-parent history
Embucket/test-dbt-snowplow-web,Embucket__test-dbt-snowplow-web,https://github.com/Embucket/test-dbt-snowplow-web,S3_code,0,,33,,,2026-04-29T03:35:12Z,2026-05-29T17:31:37Z,excluded,not screened in,"P3 33 commits on the default branch, below 40"
Emmaue/weather-data-pipeline,Emmaue__weather-data-pipeline,https://github.com/Emmaue/weather-data-pipeline,S3_code,0,,38,,,2025-12-11T20:03:13Z,2025-12-31T15:01:38Z,excluded,not screened in,"P3 38 commits on the default branch, below 40"
Emriqurrizal/StraTistics,Emriqurrizal__StraTistics,https://github.com/Emriqurrizal/StraTistics,S3_code,0,,26,,,2026-07-12T06:57:28Z,2026-07-27T02:21:54Z,excluded,not screened in,"P3 26 commits on the default branch, below 40"
Endiruslan/dbt-helper,Endiruslan__dbt-helper,https://github.com/Endiruslan/dbt-helper,S2_topic_dbt,4,MIT,28,,,2026-03-12T19:21:17Z,2026-07-27T21:47:42Z,excluded,not screened in,"P3 28 commits on the default branch, below 40"
Enockjoao/Project_DataEng,Enockjoao__Project_DataEng,https://github.com/Enockjoao/Project_DataEng,S3_code,0,,7,,,2024-11-22T15:56:04Z,2025-01-10T17:11:26Z,excluded,not screened in,"P3 7 commits on the default branch, below 40"
Enzoherewj/mta-subway-analytics,Enzoherewj__mta-subway-analytics,https://github.com/Enzoherewj/mta-subway-analytics,S3_code,0,MIT,28,,,2025-04-15T02:23:41Z,2025-05-01T22:01:12Z,excluded,not screened in,"P3 28 commits on the default branch, below 40"
EqualExperts/dbt-unit-testing,EqualExperts__dbt-unit-testing,https://github.com/EqualExperts/dbt-unit-testing,S3_code,448,MIT,193,58,4,2021-10-20T12:52:26Z,2026-05-13T16:11:44Z,passed,in corpus,
EriickHenriique/pipeline-dbt-core-northwind,EriickHenriique__pipeline-dbt-core-northwind,https://github.com/EriickHenriique/pipeline-dbt-core-northwind,S2_topic_dbt-core,1,,12,,,2025-10-10T00:23:21Z,2025-10-21T00:40:19Z,excluded,not screened in,"P3 12 commits on the default branch, below 40"
ErikVargaD/analytics-platform,ErikVargaD__analytics-platform,https://github.com/ErikVargaD/analytics-platform,S3_code,0,MIT,1,,,2026-04-07T12:05:23Z,2026-04-07T12:05:58Z,excluded,not screened in,"P3 1 commits on the default branch, below 40"
Ertibn/medical-telegram-warehouse,Ertibn__medical-telegram-warehouse,https://github.com/Ertibn/medical-telegram-warehouse,S3_code,0,,6,,,2026-06-28T19:43:39Z,2026-06-30T12:52:02Z,excluded,not screened in,"P3 6 commits on the default branch, below 40"
ErwinZhang88/airbyte-snowflake-bps,ErwinZhang88__airbyte-snowflake-bps,https://github.com/ErwinZhang88/airbyte-snowflake-bps,S3_code,0,,6,,,2024-09-10T02:22:38Z,2024-09-10T03:03:49Z,excluded,not screened in,"P3 6 commits on the default branch, below 40"
EstherYang2000/ReCAPAgent,EstherYang2000__ReCAPAgent,https://github.com/EstherYang2000/ReCAPAgent,S3_code,1,MIT,214,1007,69,2025-03-11T02:02:42Z,2026-01-26T15:35:44Z,excluded,not screened in,"P4 10.5 months between creation and last push, below 12"
EstifanosTeklay/MedicalDatawarehouse,EstifanosTeklay__MedicalDatawarehouse,https://github.com/EstifanosTeklay/MedicalDatawarehouse,S3_code,0,,14,,,2024-10-11T18:42:12Z,2024-10-13T14:41:00Z,excluded,not screened in,"P3 14 commits on the default branch, below 40"
EstiphanosH/Ethio-Med-DataHub,EstiphanosH__Ethio-Med-DataHub,https://github.com/EstiphanosH/Ethio-Med-DataHub,S3_code,0,,18,,,2025-07-11T13:15:48Z,2025-07-15T07:09:25Z,excluded,not screened in,"P3 18 commits on the default branch, below 40"
EstiphanosH/Shipping-a-Data-Product-From-Raw-Telegram-Data-to-an-Analytical-insights,EstiphanosH__Shipping-a-Data-Product-From-Raw-Telegram-Data-to-an-Analytical-insights,https://github.com/EstiphanosH/Shipping-a-Data-Product-From-Raw-Telegram-Data-to-an-Analytical-insights,S3_code,0,,23,,,2025-07-10T23:09:06Z,2025-07-14T11:42:34Z,excluded,not screened in,"P3 23 commits on the default branch, below 40"
EvaOrtegaM/Repositorio_1,EvaOrtegaM__Repositorio_1,https://github.com/EvaOrtegaM/Repositorio_1,S3_code,0,,68,21,1,2022-11-15T18:57:51Z,2022-12-13T17:08:31Z,excluded,not screened in,"P4 0.9 months between creation and last push, below 12"
EvgDom/dbt_course_practice,EvgDom__dbt_course_practice,https://github.com/EvgDom/dbt_course_practice,S3_code,0,,38,,,2025-01-08T15:03:24Z,2025-05-22T12:58:04Z,excluded,not screened in,"P3 38 commits on the default branch, below 40"
FA3001/Pokemon-Data-Process,FA3001__Pokemon-Data-Process,https://github.com/FA3001/Pokemon-Data-Process,S3_code,2,,9,,,2025-04-20T06:07:23Z,2025-05-25T06:53:12Z,excluded,not screened in,"P3 9 commits on the default branch, below 40"
FATIMA-FARMAN/analytics-domain-ownership,FATIMA-FARMAN__analytics-domain-ownership,https://github.com/FATIMA-FARMAN/analytics-domain-ownership,S2_topic_analytics-engineering;S2_topic_dbt,2,MIT,147,10,2,2026-01-08T05:05:03Z,2026-04-04T19:06:58Z,excluded,not screened in,"P4 2.8 months between creation and last push, below 12"
FATIMA-FARMAN/fintech-bnpl-analytics,FATIMA-FARMAN__fintech-bnpl-analytics,https://github.com/FATIMA-FARMAN/fintech-bnpl-analytics,S2_topic_dbt,2,,13,,,2026-02-04T08:53:05Z,2026-04-04T10:30:58Z,excluded,not screened in,"P3 13 commits on the default branch, below 40"
FATIMA-FARMAN/people-analytics-dbt-bigquery,FATIMA-FARMAN__people-analytics-dbt-bigquery,https://github.com/FATIMA-FARMAN/people-analytics-dbt-bigquery,S2_topic_dbt,1,MIT,57,14,1,2026-04-04T10:05:19Z,2026-04-04T10:11:58Z,excluded,not screened in,"P4 0.0 months between creation and last push, below 12"
FATIMA-FARMAN/superapp-lifecycle-analytics,FATIMA-FARMAN__superapp-lifecycle-analytics,https://github.com/FATIMA-FARMAN/superapp-lifecycle-analytics,S2_topic_dbt,1,NOASSERTION,54,12,1,2026-02-05T15:58:47Z,2026-04-22T21:00:19Z,excluded,not screened in,"P4 2.5 months between creation and last push, below 12"
FIVETRAN-THYERMYREN/dbt3,FIVETRAN-THYERMYREN__dbt3,https://github.com/FIVETRAN-THYERMYREN/dbt3,S3_code,0,Apache-2.0,358,12,1,2024-11-27T19:41:12Z,2024-11-27T19:42:19Z,excluded,not screened in,"P4 0.0 months between creation and last push, below 12"
Fabelouzz/IKEA-databricks-demo,Fabelouzz__IKEA-databricks-demo,https://github.com/Fabelouzz/IKEA-databricks-demo,S3_code,0,,6,,,2025-09-29T19:14:19Z,2025-10-20T12:41:38Z,excluded,not screened in,"P3 6 commits on the default branch, below 40"
Faysalseifu/medical-telegram-warehouse,Faysalseifu__medical-telegram-warehouse,https://github.com/Faysalseifu/medical-telegram-warehouse,S3_code,0,,39,,,2026-01-18T12:09:44Z,2026-05-04T11:28:03Z,excluded,not screened in,"P3 39 commits on the default branch, below 40"
Fel-tby/score-muni,Fel-tby__score-muni,https://github.com/Fel-tby/score-muni,S2_topic_dbt,3,AGPL-3.0,102,19,1,2026-02-22T16:10:00Z,2026-06-13T11:53:19Z,excluded,not screened in,"P4 3.6 months between creation and last push, below 12"
FilipBar/dbt-test-filip-2,FilipBar__dbt-test-filip-2,https://github.com/FilipBar/dbt-test-filip-2,S3_code,0,,2,,,2023-02-20T13:25:39Z,2023-03-14T13:22:44Z,excluded,not screened in,"P3 2 commits on the default branch, below 40"
FlipsideCrypto/sql_models,FlipsideCrypto__sql_models,https://github.com/FlipsideCrypto/sql_models,S1_curated,,,,,,,,excluded,not screened in,P6 repository metadata unavailable
FlorianWilhelm/wald-stack,FlorianWilhelm__wald-stack,https://github.com/FlorianWilhelm/wald-stack,S2_topic_dbt,3,,27,,,2023-04-24T06:38:44Z,2023-06-01T05:55:42Z,excluded,not screened in,"P3 27 commits on the default branch, below 40"
FlorianWilhelm/wald-stack-demo,FlorianWilhelm__wald-stack-demo,https://github.com/FlorianWilhelm/wald-stack-demo,S2_topic_dbt;S3_code,33,MIT,60,15,1,2023-01-03T08:09:12Z,2024-09-18T19:01:30Z,passed,"extracted, excluded","only 4 monthly snapshots, below the 12 minimum"
FlyOn21/BIGDATA-PROCESSING-AND-ANALYTICS_COURSE_2025,FlyOn21__BIGDATA-PROCESSING-AND-ANALYTICS_COURSE_2025,https://github.com/FlyOn21/BIGDATA-PROCESSING-AND-ANALYTICS_COURSE_2025,S3_code,0,,30,,,2025-07-12T08:45:30Z,2025-09-23T17:19:55Z,excluded,not screened in,"P3 30 commits on the default branch, below 40"
FouziaRiaz1234/dbt-learn-advanced-deployment,FouziaRiaz1234__dbt-learn-advanced-deployment,https://github.com/FouziaRiaz1234/dbt-learn-advanced-deployment,S3_code,0,,34,,,2024-07-22T17:55:28Z,2024-07-22T21:57:13Z,excluded,not screened in,"P3 34 commits on the default branch, below 40"
FouziaRiaz1234/dbt_hubspot_datapilot,FouziaRiaz1234__dbt_hubspot_datapilot,https://github.com/FouziaRiaz1234/dbt_hubspot_datapilot,S3_code,0,,25,,,2024-08-18T13:05:15Z,2024-09-12T14:34:12Z,excluded,not screened in,"P3 25 commits on the default branch, below 40"
Fozan-Talat/divvy-bikeshare-de-project,Fozan-Talat__divvy-bikeshare-de-project,https://github.com/Fozan-Talat/divvy-bikeshare-de-project,S2_topic_dbt,36,,74,3,1,2023-04-25T07:08:14Z,2023-04-29T16:42:41Z,excluded,not screened in,"P4 0.1 months between creation and last push, below 12"
France-Data-Reseau/fdr-appuiscommuns,France-Data-Reseau__fdr-appuiscommuns,https://github.com/France-Data-Reseau/fdr-appuiscommuns,S3_code,0,Apache-2.0,75,67,1,2022-01-27T18:49:45Z,2023-03-22T17:58:49Z,passed,"extracted, excluded","only 8 monthly snapshots, below the 12 minimum"
FranprzDev/firms-fire-station-planner,FranprzDev__firms-fire-station-planner,https://github.com/FranprzDev/firms-fire-station-planner,S3_code,0,,22,,,2025-09-20T06:22:48Z,2025-10-23T01:25:22Z,excluded,not screened in,"P3 22 commits on the default branch, below 40"
FraserTarbet/nebula,FraserTarbet__nebula,https://github.com/FraserTarbet/nebula,S2_topic_dbt,1,,48,31,1,2025-12-08T17:27:20Z,2026-01-11T14:42:14Z,excluded,not screened in,"P4 1.1 months between creation and last push, below 12"
Frorve/YGO-Data-Engineering,Frorve__YGO-Data-Engineering,https://github.com/Frorve/YGO-Data-Engineering,S3_code,0,MIT,55,21,1,2026-05-03T14:09:31Z,2026-05-21T19:29:50Z,excluded,not screened in,"P4 0.6 months between creation and last push, below 12"
Fszta/dbt-column-lineage,Fszta__dbt-column-lineage,https://github.com/Fszta/dbt-column-lineage,S2_topic_dbt,75,MIT,182,10,1,2025-03-04T16:15:42Z,2025-12-02T19:46:01Z,excluded,not screened in,"P4 9.0 months between creation and last push, below 12"
FullStackDataOrg/voice-ai-analytics,FullStackDataOrg__voice-ai-analytics,https://github.com/FullStackDataOrg/voice-ai-analytics,S3_code,0,,7,,,2026-03-20T20:59:23Z,2026-04-04T18:23:24Z,excluded,not screened in,"P3 7 commits on the default branch, below 40"
G-Schumacher44/ecom_datalake_pipelines,G-Schumacher44__ecom_datalake_pipelines,https://github.com/G-Schumacher44/ecom_datalake_pipelines,S2_topic_analytics-engineering;S2_topic_dbt,1,MIT,253,41,2,2026-01-09T18:46:38Z,2026-07-12T13:39:01Z,excluded,not screened in,"P4 6.0 months between creation and last push, below 12"
GClunies/reflekt,GClunies__reflekt,https://github.com/GClunies/reflekt,S2_topic_dbt,86,Apache-2.0,267,11,2,2022-04-13T16:27:47Z,2024-06-29T15:03:13Z,passed,"extracted, excluded","only 4 monthly snapshots, below the 12 minimum"
GG-Delta/northwind-elt-pipeline,GG-Delta__northwind-elt-pipeline,https://github.com/GG-Delta/northwind-elt-pipeline,S2_topic_dbt,4,,8,,,2023-04-04T17:03:44Z,2023-05-08T16:13:00Z,excluded,not screened in,"P3 8 commits on the default branch, below 40"
GG-Delta/windpower-pipeline,GG-Delta__windpower-pipeline,https://github.com/GG-Delta/windpower-pipeline,S2_topic_dbt,1,,1,,,2023-05-10T00:11:36Z,2023-05-10T00:26:10Z,excluded,not screened in,"P3 1 commits on the default branch, below 40"
GIORH/AMEX-Operational-Intelligence-Suite,GIORH__AMEX-Operational-Intelligence-Suite,https://github.com/GIORH/AMEX-Operational-Intelligence-Suite,S2_topic_analytics-engineering,1,MIT,28,,,2026-03-08T17:41:47Z,2026-03-08T19:12:05Z,excluded,not screened in,"P3 28 commits on the default branch, below 40"
GJMcClintock/dbt_tld,GJMcClintock__dbt_tld,https://github.com/GJMcClintock/dbt_tld,S3_code,3,MIT,22,,,2023-04-04T00:31:47Z,2026-02-15T03:01:28Z,excluded,not screened in,"P3 22 commits on the default branch, below 40"
GOrszak/Adventure_Works_dbt,GOrszak__Adventure_Works_dbt,https://github.com/GOrszak/Adventure_Works_dbt,S3_code,0,MIT,7,,,2025-06-02T19:55:21Z,2025-06-08T08:57:22Z,excluded,not screened in,"P3 7 commits on the default branch, below 40"
GWolf10/bi,GWolf10__bi,https://github.com/GWolf10/bi,S3_code,0,,12,,,2024-11-04T14:42:39Z,2024-11-04T15:20:31Z,excluded,not screened in,"P3 12 commits on the default branch, below 40"
GWolf10/githubTest,GWolf10__githubTest,https://github.com/GWolf10/githubTest,S3_code,0,,8,,,2024-08-30T12:56:44Z,2024-11-04T14:49:00Z,excluded,not screened in,"P3 8 commits on the default branch, below 40"
GabrielDataLab/Pipeline-NovaDrive-Motors,GabrielDataLab__Pipeline-NovaDrive-Motors,https://github.com/GabrielDataLab/Pipeline-NovaDrive-Motors,S2_topic_dbt,1,MIT,8,,,2026-05-29T10:48:36Z,2026-07-30T17:47:23Z,excluded,not screened in,"P3 8 commits on the default branch, below 40"
Gadiel-Analytics/fmcg-price-intelligence,Gadiel-Analytics__fmcg-price-intelligence,https://github.com/Gadiel-Analytics/fmcg-price-intelligence,S2_topic_analytics-engineering,1,,70,0,0,2026-06-02T22:29:21Z,2026-08-04T10:28:35Z,excluded,not screened in,"P4 2.0 months between creation and last push, below 12"
GadorRP/curso_data_alumno8,GadorRP__curso_data_alumno8,https://github.com/GadorRP/curso_data_alumno8,S3_code,0,,37,,,2024-11-12T16:23:32Z,2024-12-05T12:57:46Z,excluded,not screened in,"P3 37 commits on the default branch, below 40"
Gads1208/case_franq_openbank,Gads1208__case_franq_openbank,https://github.com/Gads1208/case_franq_openbank,S3_code,0,,1,,,2026-04-14T01:15:19Z,2026-04-14T01:17:42Z,excluded,not screened in,"P3 1 commits on the default branch, below 40"
GaniuKuku/ecommerce-data-engineering-project,GaniuKuku__ecommerce-data-engineering-project,https://github.com/GaniuKuku/ecommerce-data-engineering-project,S2_topic_dbt,3,,92,16,1,2026-03-25T15:13:45Z,2026-04-09T18:49:36Z,excluded,not screened in,"P4 0.5 months between creation and last push, below 12"
Gaurav0807/DBT_Athena_with_Kafka,Gaurav0807__DBT_Athena_with_Kafka,https://github.com/Gaurav0807/DBT_Athena_with_Kafka,S2_topic_dbt,4,,30,,,2024-04-27T05:05:47Z,2026-02-19T07:36:39Z,excluded,not screened in,"P3 30 commits on the default branch, below 40"
Gaurav0807/fleet-tracking-data-pipeline,Gaurav0807__fleet-tracking-data-pipeline,https://github.com/Gaurav0807/fleet-tracking-data-pipeline,S2_topic_dbt-core,1,MIT,8,,,2026-04-10T09:04:05Z,2026-05-02T08:26:53Z,excluded,not screened in,"P3 8 commits on the default branch, below 40"
Gautier35400/gz-dbt-repository,Gautier35400__gz-dbt-repository,https://github.com/Gautier35400/gz-dbt-repository,S3_code,0,,13,,,2024-10-29T09:19:36Z,2024-10-30T10:45:54Z,excluded,not screened in,"P3 13 commits on the default branch, below 40"
GavinLongthorn/Rick-and-Morty-analysis-pipeline,GavinLongthorn__Rick-and-Morty-analysis-pipeline,https://github.com/GavinLongthorn/Rick-and-Morty-analysis-pipeline,S3_code,0,,10,,,2026-07-01T11:21:22Z,2026-07-01T15:10:59Z,excluded,not screened in,"P3 10 commits on the default branch, below 40"
Gblack98/dbt-testing-and-data-quality,Gblack98__dbt-testing-and-data-quality,https://github.com/Gblack98/dbt-testing-and-data-quality,S2_topic_dbt,1,,3,,,2026-03-31T21:58:24Z,2026-06-01T12:46:07Z,excluded,not screened in,"P3 3 commits on the default branch, below 40"
Gc-Data/airflow-dbt-starter,Gc-Data__airflow-dbt-starter,https://github.com/Gc-Data/airflow-dbt-starter,S3_code,0,MIT,3,,,2026-03-09T17:41:58Z,2026-03-09T22:38:55Z,excluded,not screened in,"P3 3 commits on the default branch, below 40"
Gede-A/Building-a-Data-Warehouse,Gede-A__Building-a-Data-Warehouse,https://github.com/Gede-A/Building-a-Data-Warehouse,S3_code,0,,7,,,2024-10-10T19:57:38Z,2024-10-18T03:15:16Z,excluded,not screened in,"P3 7 commits on the default branch, below 40"
GeneralMills/gmi_common_dbt_utils,GeneralMills__gmi_common_dbt_utils,https://github.com/GeneralMills/gmi_common_dbt_utils,S3_code,2,MIT,47,0,1,2022-06-13T13:57:25Z,2023-08-28T14:40:22Z,passed,"extracted, excluded",no commits touch any declared model path
Generation-Data/dbt-tutorials,Generation-Data__dbt-tutorials,https://github.com/Generation-Data/dbt-tutorials,S3_code,0,MIT,33,,,2024-06-18T17:21:45Z,2024-08-06T23:31:59Z,excluded,not screened in,"P3 33 commits on the default branch, below 40"
Geobatpo07/datahut-duckhouse,Geobatpo07__datahut-duckhouse,https://github.com/Geobatpo07/datahut-duckhouse,S2_topic_analytics-engineering,12,MIT,7,,,2025-05-09T20:25:03Z,2025-07-11T19:39:01Z,excluded,not screened in,"P3 7 commits on the default branch, below 40"
GetCassis/cassis-snowflake-mcp,GetCassis__cassis-snowflake-mcp,https://github.com/GetCassis/cassis-snowflake-mcp,S2_topic_analytics-engineering,1,MIT,5,,,2026-05-21T11:12:20Z,2026-07-30T14:52:22Z,excluded,not screened in,"P3 5 commits on the default branch, below 40"
GetCassis/dbt-agent-readiness,GetCassis__dbt-agent-readiness,https://github.com/GetCassis/dbt-agent-readiness,S2_topic_analytics-engineering;S2_topic_dbt;S3_code,10,MIT,3,,,2026-04-21T09:08:17Z,2026-06-22T15:13:21Z,excluded,not screened in,"P3 3 commits on the default branch, below 40"
GetCassis/skills,GetCassis__skills,https://github.com/GetCassis/skills,S2_topic_analytics-engineering,1,MIT,3,,,2026-07-30T14:48:24Z,2026-07-30T14:58:40Z,excluded,not screened in,"P3 3 commits on the default branch, below 40"
GinaGrg1/all_that_dbt,GinaGrg1__all_that_dbt,https://github.com/GinaGrg1/all_that_dbt,S3_code,0,,172,6,2,2023-10-11T10:55:34Z,2026-01-20T13:51:23Z,passed,"extracted, excluded","only 1 monthly snapshots, below the 12 minimum"
Girik2920/From-Street-to-SQL-End-to-End-NYC-Taxi-Data-Stack,Girik2920__From-Street-to-SQL-End-to-End-NYC-Taxi-Data-Stack,https://github.com/Girik2920/From-Street-to-SQL-End-to-End-NYC-Taxi-Data-Stack,S2_topic_dbt,2,,2,,,2025-04-19T23:05:25Z,2025-04-19T23:31:54Z,excluded,not screened in,"P3 2 commits on the default branch, below 40"
GoMetro/demo-snowflake-dbt-integration,GoMetro__demo-snowflake-dbt-integration,https://github.com/GoMetro/demo-snowflake-dbt-integration,S3_code,0,MIT,12,,,2024-01-08T09:00:36Z,2024-01-26T12:35:09Z,excluded,not screened in,"P3 12 commits on the default branch, below 40"
GokuMohandas/data-engineering,GokuMohandas__data-engineering,https://github.com/GokuMohandas/data-engineering,S2_topic_dbt,250,,1,,,2022-09-12T06:47:18Z,2022-09-12T12:30:16Z,excluded,not screened in,"P3 1 commits on the default branch, below 40"
GoogleCloudPlatform/reg-reporting-blueprint,GoogleCloudPlatform__reg-reporting-blueprint,https://github.com/GoogleCloudPlatform/reg-reporting-blueprint,S3_code,27,Apache-2.0,126,41,5,2022-05-19T15:41:25Z,2026-06-23T19:25:58Z,passed,"extracted, excluded","only 6 monthly snapshots, below the 12 minimum"
GoogleCloudPlatform/serverless-expeditions,GoogleCloudPlatform__serverless-expeditions,https://github.com/GoogleCloudPlatform/serverless-expeditions,S3_code,226,Apache-2.0,123,1,1,2020-09-24T22:26:50Z,2026-07-16T00:08:03Z,passed,"extracted, excluded","only 1 monthly snapshots, below the 12 minimum"
GoogleCloudPlatform/terraform-google-dbt-composer-blueprint,GoogleCloudPlatform__terraform-google-dbt-composer-blueprint,https://github.com/GoogleCloudPlatform/terraform-google-dbt-composer-blueprint,S3_code,22,Apache-2.0,23,,,2023-11-21T10:14:22Z,2026-06-23T21:14:44Z,excluded,not screened in,"P3 23 commits on the default branch, below 40"
Grace-techdev/de-zoomcamp-2026,Grace-techdev__de-zoomcamp-2026,https://github.com/Grace-techdev/de-zoomcamp-2026,S3_code,3,,17,,,2026-01-16T12:20:22Z,2026-03-02T14:18:19Z,excluded,not screened in,"P3 17 commits on the default branch, below 40"
Greatdev666/IPEDS-Data-Warehouse,Greatdev666__IPEDS-Data-Warehouse,https://github.com/Greatdev666/IPEDS-Data-Warehouse,S2_topic_analytics-engineering;S2_topic_dbt,6,,48,312,1,2025-12-04T23:05:26Z,2025-12-22T12:36:37Z,excluded,not screened in,"P4 0.6 months between creation and last push, below 12"
GregCWright/SAL_dbt,GregCWright__SAL_dbt,https://github.com/GregCWright/SAL_dbt,S3_code,0,,7,,,2024-02-07T12:32:35Z,2024-02-15T11:26:13Z,excluded,not screened in,"P3 7 commits on the default branch, below 40"
GscDtAnalytic/Mapear-RN,GscDtAnalytic__Mapear-RN,https://github.com/GscDtAnalytic/Mapear-RN,S2_topic_dbt,1,,3,,,2026-05-18T02:38:37Z,2026-05-29T03:29:29Z,excluded,not screened in,"P3 3 commits on the default branch, below 40"
GuillaumeGSicara/dbt-snowflake-cortex,GuillaumeGSicara__dbt-snowflake-cortex,https://github.com/GuillaumeGSicara/dbt-snowflake-cortex,S2_topic_dbt-core,1,MIT,89,10,1,2024-10-07T18:50:25Z,2024-11-17T17:49:13Z,excluded,not screened in,"P4 1.3 months between creation and last push, below 12"
GuinsooLab/stealthward,GuinsooLab__stealthward,https://github.com/GuinsooLab/stealthward,S2_topic_dbt,4,MIT,11,,,2022-07-03T07:03:55Z,2023-03-02T05:26:29Z,excluded,not screened in,"P3 11 commits on the default branch, below 40"
Gundabathina/claimslake,Gundabathina__claimslake,https://github.com/Gundabathina/claimslake,S2_topic_dbt,1,MIT,217,3,1,2026-07-22T06:17:04Z,2026-08-03T05:08:25Z,excluded,not screened in,"P4 0.4 months between creation and last push, below 12"
GusAlmeida93/sandbox-dbt,GusAlmeida93__sandbox-dbt,https://github.com/GusAlmeida93/sandbox-dbt,S3_code,0,,4,,,2026-07-21T22:33:32Z,2026-07-22T00:28:49Z,excluded,not screened in,"P3 4 commits on the default branch, below 40"
GustavoMieb/banking-olap-data-warehouse,GustavoMieb__banking-olap-data-warehouse,https://github.com/GustavoMieb/banking-olap-data-warehouse,S2_topic_analytics-engineering,1,,25,,,2025-12-13T19:48:57Z,2025-12-13T21:22:15Z,excluded,not screened in,"P3 25 commits on the default branch, below 40"
GuuhRodrigues/northwind-academy,GuuhRodrigues__northwind-academy,https://github.com/GuuhRodrigues/northwind-academy,S3_code,0,,8,,,2024-12-09T22:57:53Z,2024-12-11T00:05:30Z,excluded,not screened in,"P3 8 commits on the default branch, below 40"
H-Max/bq2dbt,H-Max__bq2dbt,https://github.com/H-Max/bq2dbt,S2_topic_dbt,10,GPL-3.0,16,,,2023-09-27T11:49:21Z,2024-07-17T08:08:43Z,excluded,not screened in,"P3 16 commits on the default branch, below 40"
HCA97/Leauge-of-Legends-Challenger-Stats,HCA97__Leauge-of-Legends-Challenger-Stats,https://github.com/HCA97/Leauge-of-Legends-Challenger-Stats,S2_topic_dbt,5,MIT,25,,,2023-03-27T19:41:01Z,2023-07-02T17:36:45Z,excluded,not screened in,"P3 25 commits on the default branch, below 40"
HOJOON07/devworld-airflow,HOJOON07__devworld-airflow,https://github.com/HOJOON07/devworld-airflow,S3_code,0,,32,,,2026-03-24T11:55:22Z,2026-05-04T03:48:17Z,excluded,not screened in,"P3 32 commits on the default branch, below 40"
HakeemSalaudeen/travel-agency-project,HakeemSalaudeen__travel-agency-project,https://github.com/HakeemSalaudeen/travel-agency-project,S2_topic_dbt,1,,12,,,2024-11-19T19:10:17Z,2024-12-29T11:25:12Z,excluded,not screened in,"P3 12 commits on the default branch, below 40"
Hamagistral/de-zoomcamp-ui,Hamagistral__de-zoomcamp-ui,https://github.com/Hamagistral/de-zoomcamp-ui,S2_topic_dbt,320,,77,0,0,2023-05-20T18:41:57Z,2026-06-16T17:54:39Z,passed,"extracted, excluded",no dbt_project.yml found anywhere on the first-parent history
Hamza88-coder/Real-Time-Recruitment-System-with-AI-and-Data-Analytics,Hamza88-coder__Real-Time-Recruitment-System-with-AI-and-Data-Analytics,https://github.com/Hamza88-coder/Real-Time-Recruitment-System-with-AI-and-Data-Analytics,S2_topic_dbt,14,Apache-2.0,89,9,1,2024-10-13T16:54:53Z,2024-12-25T07:05:05Z,excluded,not screened in,"P4 2.4 months between creation and last push, below 12"
Haonan-100/SF311-Citizen-Service-Requests-Local-Data-Pipeline-and-Analytics,Haonan-100__SF311-Citizen-Service-Requests-Local-Data-Pipeline-and-Analytics,https://github.com/Haonan-100/SF311-Citizen-Service-Requests-Local-Data-Pipeline-and-Analytics,S2_topic_dbt,1,MIT,15,,,2025-04-17T07:29:41Z,2025-04-24T21:34:02Z,excluded,not screened in,"P3 15 commits on the default branch, below 40"
HaritiBhatia/dbt_Airflow_snowflake,HaritiBhatia__dbt_Airflow_snowflake,https://github.com/HaritiBhatia/dbt_Airflow_snowflake,S3_code,0,,2,,,2025-05-24T00:26:23Z,2025-05-24T01:15:54Z,excluded,not screened in,"P3 2 commits on the default branch, below 40"
HarryQBui/gz-dbt-repository,HarryQBui__gz-dbt-repository,https://github.com/HarryQBui/gz-dbt-repository,S3_code,0,,14,,,2023-10-31T03:57:55Z,2023-11-01T08:35:45Z,excluded,not screened in,"P3 14 commits on the default branch, below 40"
HarshKumarGuptagit/pubg-analytics-end-to-end-pipeline,HarshKumarGuptagit__pubg-analytics-end-to-end-pipeline,https://github.com/HarshKumarGuptagit/pubg-analytics-end-to-end-pipeline,S3_code,0,,9,,,2025-12-14T09:28:51Z,2025-12-14T10:20:38Z,excluded,not screened in,"P3 9 commits on the default branch, below 40"
HartoniAgungPermana/end-to-end-enterprise-sales-lakehouse,HartoniAgungPermana__end-to-end-enterprise-sales-lakehouse,https://github.com/HartoniAgungPermana/end-to-end-enterprise-sales-lakehouse,S2_topic_analytics-engineering,1,,3,,,2026-02-07T07:09:31Z,2026-02-22T06:44:59Z,excluded,not screened in,"P3 3 commits on the default branch, below 40"
HaseebAhmad23/dbt-transformation,HaseebAhmad23__dbt-transformation,https://github.com/HaseebAhmad23/dbt-transformation,S2_topic_dbt,1,,13,,,2026-02-15T00:39:17Z,2026-02-21T22:59:04Z,excluded,not screened in,"P3 13 commits on the default branch, below 40"
HatiOS-AI/HatiData-SDKs,HatiOS-AI__HatiData-SDKs,https://github.com/HatiOS-AI/HatiData-SDKs,S3_code,1,Apache-2.0,24,,,2026-02-15T12:42:38Z,2026-04-02T07:57:15Z,excluded,not screened in,"P3 24 commits on the default branch, below 40"
Health-Union/dbt-snowshu-postgres,Health-Union__dbt-snowshu-postgres,https://github.com/Health-Union/dbt-snowshu-postgres,S3_code,0,,5,,,2021-03-11T19:17:11Z,2021-03-15T16:45:33Z,excluded,not screened in,"P3 5 commits on the default branch, below 40"
Health-Union/dbt-xdb,Health-Union__dbt-xdb,https://github.com/Health-Union/dbt-xdb,S3_code,9,Apache-2.0,390,51,2,2020-02-19T21:16:22Z,2025-05-26T13:51:03Z,passed,in corpus,
Hemant190894/dbt_snowflake,Hemant190894__dbt_snowflake,https://github.com/Hemant190894/dbt_snowflake,S3_code,0,,1,,,2025-09-14T05:00:51Z,2025-09-14T05:13:22Z,excluded,not screened in,"P3 1 commits on the default branch, below 40"
Hen0k/data-warehouse-dbt-airflow-postgress,Hen0k__data-warehouse-dbt-airflow-postgress,https://github.com/Hen0k/data-warehouse-dbt-airflow-postgress,S2_topic_dbt,1,MIT,49,5,1,2022-07-20T03:01:50Z,2022-07-24T23:04:15Z,excluded,not screened in,"P4 0.1 months between creation and last push, below 12"
HenryMorganDibie/snowflake-semantic-agent,HenryMorganDibie__snowflake-semantic-agent,https://github.com/HenryMorganDibie/snowflake-semantic-agent,S2_topic_dbt,1,,4,,,2026-06-09T21:27:51Z,2026-06-10T01:00:43Z,excluded,not screened in,"P3 4 commits on the default branch, below 40"
HenryMorganDibie/trial-activation-challenge,HenryMorganDibie__trial-activation-challenge,https://github.com/HenryMorganDibie/trial-activation-challenge,S2_topic_dbt,1,,5,,,2026-03-21T15:59:06Z,2026-03-21T19:41:42Z,excluded,not screened in,"P3 5 commits on the default branch, below 40"
Henryhall97/marine-risk-mapping,Henryhall97__marine-risk-mapping,https://github.com/Henryhall97/marine-risk-mapping,S3_code,0,,68,37,1,2026-02-16T15:12:42Z,2026-06-15T23:59:46Z,excluded,not screened in,"P4 3.9 months between creation and last push, below 12"
Hiflylabs/awesome-dbt,Hiflylabs__awesome-dbt,https://github.com/Hiflylabs/awesome-dbt,S2_topic_analytics-engineering;S2_topic_dbt,1712,GPL-3.0,399,0,0,2021-10-09T15:41:16Z,2026-05-12T06:46:52Z,passed,"extracted, excluded",no dbt_project.yml found anywhere on the first-parent history
Hiflylabs/dbt_snowflake_artifacts,Hiflylabs__dbt_snowflake_artifacts,https://github.com/Hiflylabs/dbt_snowflake_artifacts,S2_topic_dbt;S3_code,5,Apache-2.0,28,,,2022-09-20T09:52:16Z,2023-05-10T11:56:04Z,excluded,not screened in,"P3 28 commits on the default branch, below 40"
HighviewOne/DataEngineeringZoomcamp2026,HighviewOne__DataEngineeringZoomcamp2026,https://github.com/HighviewOne/DataEngineeringZoomcamp2026,S2_topic_analytics-engineering;S2_topic_dbt,2,MIT,19,,,2026-01-25T15:57:58Z,2026-05-24T02:27:06Z,excluded,not screened in,"P3 19 commits on the default branch, below 40"
Hir4/learning-dbt,Hir4__learning-dbt,https://github.com/Hir4/learning-dbt,S2_topic_dbt,2,,9,,,2022-08-29T21:16:20Z,2022-10-27T13:12:10Z,excluded,not screened in,"P3 9 commits on the default branch, below 40"
HirofumiTsuda/dbt-select-builder,HirofumiTsuda__dbt-select-builder,https://github.com/HirofumiTsuda/dbt-select-builder,S2_topic_dbt;S2_topic_dbt-core,3,MIT,13,,,2025-05-02T12:44:56Z,2026-07-31T13:11:23Z,excluded,not screened in,"P3 13 commits on the default branch, below 40"
Hoanglinh1201/unified-star-schema-demo,Hoanglinh1201__unified-star-schema-demo,https://github.com/Hoanglinh1201/unified-star-schema-demo,S2_topic_dbt,6,,6,,,2025-06-13T09:04:42Z,2025-06-24T07:27:03Z,excluded,not screened in,"P3 6 commits on the default branch, below 40"
HousewareHQ/dbt_facebook_ads_metrics,HousewareHQ__dbt_facebook_ads_metrics,https://github.com/HousewareHQ/dbt_facebook_ads_metrics,S2_topic_dbt;S3_code,7,Apache-2.0,30,,,2022-08-03T06:37:07Z,2022-10-27T07:18:08Z,excluded,not screened in,"P3 30 commits on the default branch, below 40"
HousewareHQ/dbt_google_ads_metrics,HousewareHQ__dbt_google_ads_metrics,https://github.com/HousewareHQ/dbt_google_ads_metrics,S3_code,5,Apache-2.0,25,,,2022-08-09T10:10:21Z,2022-12-26T09:32:12Z,excluded,not screened in,"P3 25 commits on the default branch, below 40"
HousewareHQ/dbt_hubspot_metrics,HousewareHQ__dbt_hubspot_metrics,https://github.com/HousewareHQ/dbt_hubspot_metrics,S3_code,7,Apache-2.0,11,,,2022-07-21T07:50:41Z,2022-10-27T07:19:21Z,excluded,not screened in,"P3 11 commits on the default branch, below 40"
HousewareHQ/dbt_intercom_metrics,HousewareHQ__dbt_intercom_metrics,https://github.com/HousewareHQ/dbt_intercom_metrics,S2_topic_dbt,7,Apache-2.0,49,10,1,2022-06-27T11:15:45Z,2022-10-30T11:47:36Z,excluded,not screened in,"P4 4.1 months between creation and last push, below 12"
HousewareHQ/dbt_stripe_metrics,HousewareHQ__dbt_stripe_metrics,https://github.com/HousewareHQ/dbt_stripe_metrics,S2_topic_dbt;S3_code,12,Apache-2.0,32,,,2022-05-27T08:50:08Z,2022-10-27T07:22:54Z,excluded,not screened in,"P3 32 commits on the default branch, below 40"
HowidaAlqahtani/gz-dbt-repository,HowidaAlqahtani__gz-dbt-repository,https://github.com/HowidaAlqahtani/gz-dbt-repository,S3_code,0,,15,,,2024-03-05T09:33:25Z,2024-03-06T17:45:51Z,excluded,not screened in,"P3 15 commits on the default branch, below 40"
Humanitariansai/Mycroft,Humanitariansai__Mycroft,https://github.com/Humanitariansai/Mycroft,S3_code,3,,278,9,1,2025-08-04T16:26:21Z,2026-07-30T14:58:09Z,excluded,not screened in,"P4 11.8 months between creation and last push, below 12"
IBM/dbt-watsonx-spark,IBM__dbt-watsonx-spark,https://github.com/IBM/dbt-watsonx-spark,S3_code,5,Apache-2.0,731,0,1,2024-12-04T05:04:02Z,2026-06-23T05:22:15Z,passed,"extracted, excluded",no commits touch any declared model path
IBQ-SUP/betting-analyze-engine,IBQ-SUP__betting-analyze-engine,https://github.com/IBQ-SUP/betting-analyze-engine,S2_topic_dbt,4,MIT,238,60,1,2025-07-27T02:32:20Z,2025-08-04T05:03:29Z,excluded,not screened in,"P4 0.3 months between creation and last push, below 12"
IIBenII/backstage-plugin-dbt,IIBenII__backstage-plugin-dbt,https://github.com/IIBenII/backstage-plugin-dbt,S2_topic_dbt,18,Apache-2.0,144,0,0,2023-04-21T14:57:02Z,2024-08-15T14:18:54Z,passed,"extracted, excluded",no dbt_project.yml found anywhere on the first-parent history
IgorBaranow/retail-analytics-etl-pipeline,IgorBaranow__retail-analytics-etl-pipeline,https://github.com/IgorBaranow/retail-analytics-etl-pipeline,S2_topic_analytics-engineering,1,,15,,,2026-01-26T20:18:43Z,2026-01-27T00:12:06Z,excluded,not screened in,"P3 15 commits on the default branch, below 40"
ImpulsoGov/saude-mental-indicadores,ImpulsoGov__saude-mental-indicadores,https://github.com/ImpulsoGov/saude-mental-indicadores,S2_topic_dbt;S3_code,5,,110,128,1,2022-05-31T23:02:54Z,2024-11-14T16:21:00Z,passed,in corpus,
InKaptur/inkaptur-cdc-demo,InKaptur__inkaptur-cdc-demo,https://github.com/InKaptur/inkaptur-cdc-demo,S3_code,0,,1,,,2026-06-19T13:52:03Z,2026-06-19T13:52:08Z,excluded,not screened in,"P3 1 commits on the default branch, below 40"
Incubeta/prod-fivetran-microsoft-dbt-package,Incubeta__prod-fivetran-microsoft-dbt-package,https://github.com/Incubeta/prod-fivetran-microsoft-dbt-package,S3_code,0,,76,6,1,2024-10-15T09:13:22Z,2025-09-05T13:39:56Z,excluded,not screened in,"P4 10.7 months between creation and last push, below 12"
Incubeta/prod-fivetran-pinterest_ads-dbt-package,Incubeta__prod-fivetran-pinterest_ads-dbt-package,https://github.com/Incubeta/prod-fivetran-pinterest_ads-dbt-package,S3_code,0,,16,,,2024-11-15T15:00:05Z,2025-06-11T13:33:49Z,excluded,not screened in,"P3 16 commits on the default branch, below 40"
InfoCapital-AU/dbt-yellowbrick,InfoCapital-AU__dbt-yellowbrick,https://github.com/InfoCapital-AU/dbt-yellowbrick,S3_code,2,Apache-2.0,20,,,2023-11-06T10:59:26Z,2026-08-03T09:42:25Z,excluded,not screened in,"P3 20 commits on the default branch, below 40"
InfuseAI/awesome-public-dbt-projects,InfuseAI__awesome-public-dbt-projects,https://github.com/InfuseAI/awesome-public-dbt-projects,S2_topic_dbt,207,CC0-1.0,26,,,2023-08-23T08:04:48Z,2023-12-28T02:55:36Z,excluded,not screened in,"P3 26 commits on the default branch, below 40"
InfuseAI/dbt-piperider,InfuseAI__dbt-piperider,https://github.com/InfuseAI/dbt-piperider,S3_code,0,Apache-2.0,20,,,2023-09-06T07:18:50Z,2024-03-20T17:04:08Z,excluded,not screened in,"P3 20 commits on the default branch, below 40"
InfuseAI/piperider,InfuseAI__piperider,https://github.com/InfuseAI/piperider,S2_topic_dbt,495,Apache-2.0,3221,0,2,2022-03-31T04:05:11Z,2025-01-03T02:09:13Z,passed,"extracted, excluded",no commits touch any declared model path
Ingest-data-AI/dbt-snowflake-wif,Ingest-data-AI__dbt-snowflake-wif,https://github.com/Ingest-data-AI/dbt-snowflake-wif,S3_code,0,Apache-2.0,4538,0,8,2026-02-04T17:01:50Z,2026-03-24T14:16:25Z,excluded,not screened in,"P4 1.5 months between creation and last push, below 12"
Insight-Services-APAC/APAC-Capability-DAI-DbtFabric,Insight-Services-APAC__APAC-Capability-DAI-DbtFabric,https://github.com/Insight-Services-APAC/APAC-Capability-DAI-DbtFabric,S3_code,0,MIT,1,,,2025-09-15T05:09:13Z,2025-12-17T16:23:23Z,excluded,not screened in,"P3 1 commits on the default branch, below 40"
Insight-Services-APAC/APAC-Capability-DAI-DbtFabricSparkNb,Insight-Services-APAC__APAC-Capability-DAI-DbtFabricSparkNb,https://github.com/Insight-Services-APAC/APAC-Capability-DAI-DbtFabricSparkNb,S3_code,13,MIT,479,20,4,2024-05-14T07:11:27Z,2026-03-03T23:57:00Z,passed,"extracted, excluded","only 4 monthly snapshots, below the 12 minimum"
Instawork/dbterra,Instawork__dbterra,https://github.com/Instawork/dbterra,S2_topic_dbt,10,MIT,42,0,0,2023-04-11T17:11:08Z,2025-05-05T17:47:11Z,passed,"extracted, excluded",no dbt_project.yml found anywhere on the first-parent history
Inzhenerka/dbt-scooters,Inzhenerka__dbt-scooters,https://github.com/Inzhenerka/dbt-scooters,S2_topic_dbt;S3_code,9,,154,39,1,2024-03-16T20:52:47Z,2026-01-04T11:53:19Z,passed,"extracted, excluded","only 5 monthly snapshots, below the 12 minimum"
Inzhenerka/dbt_scooters_finance,Inzhenerka__dbt_scooters_finance,https://github.com/Inzhenerka/dbt_scooters_finance,S2_topic_dbt,2,,9,,,2025-01-05T14:29:53Z,2025-01-06T02:14:14Z,excluded,not screened in,"P3 9 commits on the default branch, below 40"
Inzhenerka/scooters_data_uploader,Inzhenerka__scooters_data_uploader,https://github.com/Inzhenerka/scooters_data_uploader,S2_topic_dbt,2,,22,,,2024-10-22T00:06:09Z,2025-10-01T00:51:11Z,excluded,not screened in,"P3 22 commits on the default branch, below 40"
IrinaKW/dbt_foundation,IrinaKW__dbt_foundation,https://github.com/IrinaKW/dbt_foundation,S2_topic_dbt,1,,14,,,2023-02-24T12:10:56Z,2023-03-14T10:49:48Z,excluded,not screened in,"P3 14 commits on the default branch, below 40"
IrinaSel/miro_test,IrinaSel__miro_test,https://github.com/IrinaSel/miro_test,S3_code,0,,12,,,2022-02-08T18:40:22Z,2022-02-08T20:00:34Z,excluded,not screened in,"P3 12 commits on the default branch, below 40"
IsabelJaldoRuiz/curso_data_engineering,IsabelJaldoRuiz__curso_data_engineering,https://github.com/IsabelJaldoRuiz/curso_data_engineering,S3_code,0,,24,,,2025-04-29T16:13:15Z,2025-05-23T11:31:07Z,excluded,not screened in,"P3 24 commits on the default branch, below 40"
Isha2605/Healthcare-Claims-Operations-Revenue-Risk-Platform,Isha2605__Healthcare-Claims-Operations-Revenue-Risk-Platform,https://github.com/Isha2605/Healthcare-Claims-Operations-Revenue-Risk-Platform,S2_topic_analytics-engineering;S2_topic_dbt,1,,15,,,2026-03-22T00:00:53Z,2026-05-21T17:54:42Z,excluded,not screened in,"P3 15 commits on the default branch, below 40"
Islanders-Treasure0969/metamesh,Islanders-Treasure0969__metamesh,https://github.com/Islanders-Treasure0969/metamesh,S2_topic_dbt,1,Apache-2.0,32,,,2026-05-01T16:20:48Z,2026-07-27T00:16:00Z,excluded,not screened in,"P3 32 commits on the default branch, below 40"
ItumelengMogase/bank-growth-churn-analysis,ItumelengMogase__bank-growth-churn-analysis,https://github.com/ItumelengMogase/bank-growth-churn-analysis,S3_code,0,MIT,10,,,2025-11-04T17:36:31Z,2025-11-04T18:10:45Z,excluded,not screened in,"P3 10 commits on the default branch, below 40"
J-Lopez-IICG/LifeStyle-DBT,J-Lopez-IICG__LifeStyle-DBT,https://github.com/J-Lopez-IICG/LifeStyle-DBT,S2_topic_dbt,1,,9,,,2025-10-27T20:07:31Z,2025-11-03T18:35:53Z,excluded,not screened in,"P3 9 commits on the default branch, below 40"
J-Yhwh/browse-track-analyze,J-Yhwh__browse-track-analyze,https://github.com/J-Yhwh/browse-track-analyze,S2_topic_analytics-engineering,1,NOASSERTION,354,0,0,2026-02-13T22:02:43Z,2026-07-31T09:10:59Z,excluded,not screened in,"P4 5.5 months between creation and last push, below 12"
JA-Erosa/LearnDBT,JA-Erosa__LearnDBT,https://github.com/JA-Erosa/LearnDBT,S3_code,0,,6,,,2025-06-09T18:53:55Z,2025-06-11T18:34:13Z,excluded,not screened in,"P3 6 commits on the default branch, below 40"
JB-Analytica/model2data,JB-Analytica__model2data,https://github.com/JB-Analytica/model2data,S3_code,9,MIT,17,,,2025-12-18T15:50:26Z,2026-01-08T10:32:56Z,excluded,not screened in,"P3 17 commits on the default branch, below 40"
JBris/dagster-dbt-openmetadata-docker,JBris__dagster-dbt-openmetadata-docker,https://github.com/JBris/dagster-dbt-openmetadata-docker,S2_topic_dbt;S2_topic_dbt-core;S2_topic_dbt-project,2,Apache-2.0,2,,,2024-12-27T01:13:10Z,2024-12-27T12:46:09Z,excluded,not screened in,"P3 2 commits on the default branch, below 40"
JGrubb/dbt-focus,JGrubb__dbt-focus,https://github.com/JGrubb/dbt-focus,S3_code,0,,3,,,2025-06-28T18:33:36Z,2025-06-28T18:50:46Z,excluded,not screened in,"P3 3 commits on the default branch, below 40"
JRTindale/sde_de101_jonathan_tindale,JRTindale__sde_de101_jonathan_tindale,https://github.com/JRTindale/sde_de101_jonathan_tindale,S3_code,0,,12,,,2024-09-20T08:51:33Z,2024-10-17T20:44:20Z,excluded,not screened in,"P3 12 commits on the default branch, below 40"
Jaffulee/dbt-cloud-deng3,Jaffulee__dbt-cloud-deng3,https://github.com/Jaffulee/dbt-cloud-deng3,S3_code,0,,2,,,2025-12-19T13:25:49Z,2025-12-19T18:09:09Z,excluded,not screened in,"P3 2 commits on the default branch, below 40"
Jam516/BundleBear,Jam516__BundleBear,https://github.com/Jam516/BundleBear,S3_code,32,MIT,540,156,1,2023-07-30T08:47:04Z,2026-08-02T21:47:28Z,passed,in corpus,
JamieChristian22/data-engineering-portfolio,JamieChristian22__data-engineering-portfolio,https://github.com/JamieChristian22/data-engineering-portfolio,S2_topic_analytics-engineering;S2_topic_dbt,1,,48,6,1,2025-12-14T18:25:35Z,2026-01-26T17:31:43Z,excluded,not screened in,"P4 1.4 months between creation and last push, below 12"
JaviCivica20/Proyecto-Final,JaviCivica20__Proyecto-Final,https://github.com/JaviCivica20/Proyecto-Final,S3_code,0,,189,30,1,2024-06-12T09:46:50Z,2024-06-28T10:15:42Z,excluded,not screened in,"P4 0.5 months between creation and last push, below 12"
Javid912/Retail_Data_Pipeline_Airflow_GCP_dbt,Javid912__Retail_Data_Pipeline_Airflow_GCP_dbt,https://github.com/Javid912/Retail_Data_Pipeline_Airflow_GCP_dbt,S3_code,0,,32,,,2024-02-04T22:33:12Z,2024-02-28T21:21:26Z,excluded,not screened in,"P3 32 commits on the default branch, below 40"
Javier162380/dbt-redshift-magic,Javier162380__dbt-redshift-magic,https://github.com/Javier162380/dbt-redshift-magic,S3_code,2,,3,,,2021-08-02T11:37:21Z,2021-08-14T13:50:21Z,excluded,not screened in,"P3 3 commits on the default branch, below 40"
Javier9494/curso_data_engineering,Javier9494__curso_data_engineering,https://github.com/Javier9494/curso_data_engineering,S3_code,0,,50,26,1,2024-11-12T16:20:20Z,2024-12-05T15:20:40Z,excluded,not screened in,"P4 0.7 months between creation and last push, below 12"
Javifern18/CURSO,Javifern18__CURSO,https://github.com/Javifern18/CURSO,S3_code,0,,81,35,1,2022-11-15T18:36:26Z,2022-12-13T11:46:26Z,excluded,not screened in,"P4 0.9 months between creation and last push, below 12"
JayBodin/data_warehouse_DE23_Jacob_Bodin,JayBodin__data_warehouse_DE23_Jacob_Bodin,https://github.com/JayBodin/data_warehouse_DE23_Jacob_Bodin,S3_code,1,,29,,,2024-08-19T12:07:10Z,2024-09-03T22:46:05Z,excluded,not screened in,"P3 29 commits on the default branch, below 40"
JayDS22/DBT_Shipping_project,JayDS22__DBT_Shipping_project,https://github.com/JayDS22/DBT_Shipping_project,S3_code,0,,2,,,2024-11-27T02:13:10Z,2026-05-17T03:45:33Z,excluded,not screened in,"P3 2 commits on the default branch, below 40"
Jayanth337/AML_Pipeline,Jayanth337__AML_Pipeline,https://github.com/Jayanth337/AML_Pipeline,S3_code,0,,1,,,2026-04-21T12:50:43Z,2026-04-21T12:52:21Z,excluded,not screened in,"P3 1 commits on the default branch, below 40"
Jb-Analytics/ethereum_ELT_pipeline,Jb-Analytics__ethereum_ELT_pipeline,https://github.com/Jb-Analytics/ethereum_ELT_pipeline,S2_topic_dbt,1,,31,,,2026-05-25T10:37:57Z,2026-05-29T18:13:25Z,excluded,not screened in,"P3 31 commits on the default branch, below 40"
Jean-MarieDof/dbt_course_dbtlabs_jm,Jean-MarieDof__dbt_course_dbtlabs_jm,https://github.com/Jean-MarieDof/dbt_course_dbtlabs_jm,S3_code,0,,57,12,1,2025-05-22T13:15:32Z,2025-05-22T13:16:26Z,excluded,not screened in,"P4 0.0 months between creation and last push, below 12"
Jean-Patrick-Alcolea/DBT_DEMO,Jean-Patrick-Alcolea__DBT_DEMO,https://github.com/Jean-Patrick-Alcolea/DBT_DEMO,S3_code,0,,1,,,2025-06-30T07:58:27Z,2025-06-30T09:04:23Z,excluded,not screened in,"P3 1 commits on the default branch, below 40"
Jean7340/movie-rental-analytics-pipeline,Jean7340__movie-rental-analytics-pipeline,https://github.com/Jean7340/movie-rental-analytics-pipeline,S2_topic_analytics-engineering;S2_topic_dbt,1,,62,0,0,2025-08-17T21:54:11Z,2026-08-04T02:53:35Z,excluded,not screened in,"P4 11.5 months between creation and last push, below 12"
JeanSebastien130/gz-dbt-repository,JeanSebastien130__gz-dbt-repository,https://github.com/JeanSebastien130/gz-dbt-repository,S3_code,0,,9,,,2024-08-06T10:41:51Z,2024-08-07T12:52:56Z,excluded,not screened in,"P3 9 commits on the default branch, below 40"
JeanpierreMV/DBT-Core,JeanpierreMV__DBT-Core,https://github.com/JeanpierreMV/DBT-Core,S3_code,0,,28,,,2025-05-20T00:33:51Z,2025-05-24T00:46:33Z,excluded,not screened in,"P3 28 commits on the default branch, below 40"
JeffWilliams2/medallion-elt-pipeline,JeffWilliams2__medallion-elt-pipeline,https://github.com/JeffWilliams2/medallion-elt-pipeline,S2_topic_dbt,1,,9,,,2025-09-30T21:54:20Z,2025-09-30T23:37:12Z,excluded,not screened in,"P3 9 commits on the default branch, below 40"
Jeremiah-Data-Eng-Portfolio/kafka_databricks_pipeline,Jeremiah-Data-Eng-Portfolio__kafka_databricks_pipeline,https://github.com/Jeremiah-Data-Eng-Portfolio/kafka_databricks_pipeline,S2_topic_dbt,1,MIT,44,17,2,2026-01-08T17:57:47Z,2026-03-26T19:26:55Z,excluded,not screened in,"P4 2.5 months between creation and last push, below 12"
Jeremy-Demlow/dbt-project-sample,Jeremy-Demlow__dbt-project-sample,https://github.com/Jeremy-Demlow/dbt-project-sample,S3_code,1,,5,,,2025-06-27T00:21:23Z,2025-07-29T23:37:05Z,excluded,not screened in,"P3 5 commits on the default branch, below 40"
JeremyLG/dbt-serverless,JeremyLG__dbt-serverless,https://github.com/JeremyLG/dbt-serverless,S2_topic_dbt,2,MIT,12,,,2023-01-08T12:35:31Z,2023-01-18T16:13:39Z,excluded,not screened in,"P3 12 commits on the default branch, below 40"
JeremyLG/open-data-stack,JeremyLG__open-data-stack,https://github.com/JeremyLG/open-data-stack,S2_topic_dbt,6,,18,,,2023-01-06T08:14:30Z,2023-01-19T17:07:07Z,excluded,not screened in,"P3 18 commits on the default branch, below 40"
Jernon/FiveTran,Jernon__FiveTran,https://github.com/Jernon/FiveTran,S3_code,0,,2,,,2025-06-27T18:53:44Z,2025-06-27T20:27:45Z,excluded,not screened in,"P3 2 commits on the default branch, below 40"
Jetty2307/Chicago-BikeSharing,Jetty2307__Chicago-BikeSharing,https://github.com/Jetty2307/Chicago-BikeSharing,S3_code,0,,159,5,1,2024-10-22T15:47:22Z,2026-05-30T20:30:17Z,passed,"extracted, excluded","only 3 monthly snapshots, below the 12 minimum"
JhanCarlos97/fire-incidents-challenge,JhanCarlos97__fire-incidents-challenge,https://github.com/JhanCarlos97/fire-incidents-challenge,S3_code,0,,5,,,2024-01-05T03:30:43Z,2024-01-08T23:00:01Z,excluded,not screened in,"P3 5 commits on the default branch, below 40"
JheyssonDouglas/brazilian-flights-pipeline,JheyssonDouglas__brazilian-flights-pipeline,https://github.com/JheyssonDouglas/brazilian-flights-pipeline,S2_topic_dbt,1,,13,,,2026-05-11T00:41:18Z,2026-06-02T23:20:34Z,excluded,not screened in,"P3 13 commits on the default branch, below 40"
Jhonier-11/bases-datos-avanzada,Jhonier-11__bases-datos-avanzada,https://github.com/Jhonier-11/bases-datos-avanzada,S3_code,0,,3,,,2026-06-03T05:20:25Z,2026-06-03T05:24:13Z,excluded,not screened in,"P3 3 commits on the default branch, below 40"
JingYou-data/NPPES,JingYou-data__NPPES,https://github.com/JingYou-data/NPPES,S2_topic_dbt,1,MIT,3,,,2026-02-14T01:24:00Z,2026-03-22T12:47:41Z,excluded,not screened in,"P3 3 commits on the default branch, below 40"
JoaoPauloSarzedasRibeiro/Analytics-Engineering-Airbnb,JoaoPauloSarzedasRibeiro__Analytics-Engineering-Airbnb,https://github.com/JoaoPauloSarzedasRibeiro/Analytics-Engineering-Airbnb,S2_topic_analytics-engineering;S2_topic_dbt,1,,2,,,2022-05-02T14:54:50Z,2022-05-02T15:03:41Z,excluded,not screened in,"P3 2 commits on the default branch, below 40"
JoaquinOjedaDev/Argentina-Ideal-GCP-Analytics-Platform,JoaquinOjedaDev__Argentina-Ideal-GCP-Analytics-Platform,https://github.com/JoaquinOjedaDev/Argentina-Ideal-GCP-Analytics-Platform,S2_topic_analytics-engineering,1,MIT,3,,,2025-12-25T23:00:56Z,2026-01-09T22:57:41Z,excluded,not screened in,"P3 3 commits on the default branch, below 40"
JoeforTomorrow/hackthon,JoeforTomorrow__hackthon,https://github.com/JoeforTomorrow/hackthon,S3_code,0,,9,,,2026-04-12T14:56:22Z,2026-04-12T23:53:15Z,excluded,not screened in,"P3 9 commits on the default branch, below 40"
JohnMiner3/community-work,JohnMiner3__community-work,https://github.com/JohnMiner3/community-work,S3_code,43,,93,60,7,2019-02-11T13:50:01Z,2026-05-02T17:17:00Z,passed,"extracted, excluded","only 2 monthly snapshots, below the 12 minimum"
JohnnyHyytiainen/data-lake-project,JohnnyHyytiainen__data-lake-project,https://github.com/JohnnyHyytiainen/data-lake-project,S2_topic_dbt,2,MIT,261,7,1,2026-03-16T12:35:23Z,2026-07-17T12:02:07Z,excluded,not screened in,"P4 4.0 months between creation and last push, below 12"
Johnnysnipes90/retail-sales-bi-dashboard,Johnnysnipes90__retail-sales-bi-dashboard,https://github.com/Johnnysnipes90/retail-sales-bi-dashboard,S2_topic_analytics-engineering,1,,50,0,0,2025-12-30T12:59:12Z,2026-01-20T05:16:02Z,excluded,not screened in,"P4 0.7 months between creation and last push, below 12"
Jonnathan21/prueba_habi,Jonnathan21__prueba_habi,https://github.com/Jonnathan21/prueba_habi,S3_code,0,,13,,,2026-07-30T00:21:44Z,2026-07-30T12:08:06Z,excluded,not screened in,"P3 13 commits on the default branch, below 40"
Jony324-hub/DBT,Jony324-hub__DBT,https://github.com/Jony324-hub/DBT,S3_code,0,,1,,,2025-08-20T18:23:15Z,2025-08-20T18:29:44Z,excluded,not screened in,"P3 1 commits on the default branch, below 40"
JoseVF5/Data-Mart---TechStyle-Commerce,JoseVF5__Data-Mart---TechStyle-Commerce,https://github.com/JoseVF5/Data-Mart---TechStyle-Commerce,S2_topic_dbt,3,NOASSERTION,93,6,1,2025-07-23T21:20:26Z,2026-03-24T22:06:03Z,excluded,not screened in,"P4 8.0 months between creation and last push, below 12"
JosephWong333/retail-analytics-data-platform,JosephWong333__retail-analytics-data-platform,https://github.com/JosephWong333/retail-analytics-data-platform,S3_code,1,,22,,,2026-03-10T01:18:54Z,2026-07-02T20:23:05Z,excluded,not screened in,"P3 22 commits on the default branch, below 40"
JoshEKruse/dbt-learn-joshek,JoshEKruse__dbt-learn-joshek,https://github.com/JoshEKruse/dbt-learn-joshek,S3_code,0,,1,,,2022-04-05T20:42:43Z,2022-04-06T00:09:53Z,excluded,not screened in,"P3 1 commits on the default branch, below 40"
JoshuaPhillips64/Analytics-Platform-Demo,JoshuaPhillips64__Analytics-Platform-Demo,https://github.com/JoshuaPhillips64/Analytics-Platform-Demo,S3_code,0,,28,,,2026-06-07T16:14:33Z,2026-07-30T15:38:07Z,excluded,not screened in,"P3 28 commits on the default branch, below 40"
JosueLeodoro/Projeto_jornada_de_dados,JosueLeodoro__Projeto_jornada_de_dados,https://github.com/JosueLeodoro/Projeto_jornada_de_dados,S3_code,1,,15,,,2026-03-14T15:27:26Z,2026-03-14T16:19:57Z,excluded,not screened in,"P3 15 commits on the default branch, below 40"
Jovanne-Saldierna/loupe-platform,Jovanne-Saldierna__loupe-platform,https://github.com/Jovanne-Saldierna/loupe-platform,S2_topic_analytics-engineering,1,,57,0,0,2026-07-12T15:59:43Z,2026-07-13T13:14:25Z,excluded,not screened in,"P4 0.0 months between creation and last push, below 12"
JuanCampbsi/analytics_engineering_airbnb,JuanCampbsi__analytics_engineering_airbnb,https://github.com/JuanCampbsi/analytics_engineering_airbnb,S2_topic_dbt,6,,22,,,2023-10-20T16:37:19Z,2024-08-10T01:26:15Z,excluded,not screened in,"P3 22 commits on the default branch, below 40"
JuanMAedo/dbt-Explorer,JuanMAedo__dbt-Explorer,https://github.com/JuanMAedo/dbt-Explorer,S3_code,0,,55,12,1,2025-01-22T11:23:56Z,2025-01-22T12:11:32Z,excluded,not screened in,"P4 0.0 months between creation and last push, below 12"
JuanjoRSData/civica_project_dbt,JuanjoRSData__civica_project_dbt,https://github.com/JuanjoRSData/civica_project_dbt,S3_code,0,,28,,,2025-04-29T16:15:57Z,2025-05-21T18:01:34Z,excluded,not screened in,"P3 28 commits on the default branch, below 40"
JuanjoRestrepo/qversity-data-2025-cali-juanjoserestreporosero,JuanjoRestrepo__qversity-data-2025-cali-juanjoserestreporosero,https://github.com/JuanjoRestrepo/qversity-data-2025-cali-juanjoserestreporosero,S3_code,0,,45,54,2,2025-06-15T00:51:12Z,2025-08-09T02:39:39Z,excluded,not screened in,"P4 1.8 months between creation and last push, below 12"
JulianCKelly/aster-analytics,JulianCKelly__aster-analytics,https://github.com/JulianCKelly/aster-analytics,S2_topic_analytics-engineering;S2_topic_dbt,1,,17,,,2026-05-31T09:05:02Z,2026-06-29T07:55:17Z,excluded,not screened in,"P3 17 commits on the default branch, below 40"
JulianCKelly/cliniciq-analytics-engineering,JulianCKelly__cliniciq-analytics-engineering,https://github.com/JulianCKelly/cliniciq-analytics-engineering,S2_topic_analytics-engineering,1,,8,,,2026-01-13T04:18:12Z,2026-04-06T00:36:34Z,excluded,not screened in,"P3 8 commits on the default branch, below 40"
Juliodonadello/dbt_reporting_warehouse,Juliodonadello__dbt_reporting_warehouse,https://github.com/Juliodonadello/dbt_reporting_warehouse,S3_code,0,,8,,,2025-08-08T14:52:39Z,2026-05-20T20:41:04Z,excluded,not screened in,"P3 8 commits on the default branch, below 40"
Jun7i/mlops_churn,Jun7i__mlops_churn,https://github.com/Jun7i/mlops_churn,S3_code,0,,4,,,2025-12-05T04:36:20Z,2025-12-05T05:39:48Z,excluded,not screened in,"P3 4 commits on the default branch, below 40"
JustABitOff/workflows,JustABitOff__workflows,https://github.com/JustABitOff/workflows,S3_code,0,,650,0,1,2024-08-28T20:05:24Z,2024-09-10T20:10:39Z,excluded,not screened in,"P4 0.4 months between creation and last push, below 12"
JustFixNYC/nycdb2,JustFixNYC__nycdb2,https://github.com/JustFixNYC/nycdb2,S3_code,0,,6,,,2026-05-13T21:43:23Z,2026-05-25T03:43:09Z,excluded,not screened in,"P3 6 commits on the default branch, below 40"
Justus-coded/electric_vehicle_de,Justus-coded__electric_vehicle_de,https://github.com/Justus-coded/electric_vehicle_de,S3_code,7,,38,,,2024-04-11T14:52:34Z,2024-04-16T21:30:17Z,excluded,not screened in,"P3 38 commits on the default branch, below 40"
K12-Analytics-Engineering/kae_dbt_packages,K12-Analytics-Engineering__kae_dbt_packages,https://github.com/K12-Analytics-Engineering/kae_dbt_packages,S3_code,0,,11,,,2026-02-27T03:18:15Z,2026-03-25T20:00:31Z,excluded,not screened in,"P3 11 commits on the default branch, below 40"
KAE-Labs/bi-agent-kit,KAE-Labs__bi-agent-kit,https://github.com/KAE-Labs/bi-agent-kit,S2_topic_dbt,1,MIT,42,0,0,2026-07-12T17:16:00Z,2026-08-03T12:35:29Z,excluded,not screened in,"P4 0.7 months between creation and last push, below 12"
KG87/kg_dbt_tutorial,KG87__kg_dbt_tutorial,https://github.com/KG87/kg_dbt_tutorial,S2_topic_analytics-engineering;S2_topic_dbt,1,,5,,,2025-09-11T20:01:51Z,2025-09-11T20:33:00Z,excluded,not screened in,"P3 5 commits on the default branch, below 40"
KSwaviman/Enterprise-ELT-Framework,KSwaviman__Enterprise-ELT-Framework,https://github.com/KSwaviman/Enterprise-ELT-Framework,S2_topic_dbt,1,,7,,,2024-08-02T16:03:49Z,2024-09-27T13:38:34Z,excluded,not screened in,"P3 7 commits on the default branch, below 40"
Kaelio/ktx,Kaelio__ktx,https://github.com/Kaelio/ktx,S2_topic_analytics-engineering;S3_code,1527,Apache-2.0,548,3,2,2026-05-10T19:42:32Z,2026-07-19T12:56:57Z,excluded,not screened in,"P4 2.3 months between creation and last push, below 12"
Kallibek/retail360-with-snowflake-and-dbt,Kallibek__retail360-with-snowflake-and-dbt,https://github.com/Kallibek/retail360-with-snowflake-and-dbt,S3_code,0,,13,,,2025-03-09T03:37:36Z,2025-03-12T14:45:12Z,excluded,not screened in,"P3 13 commits on the default branch, below 40"
Kalyan1210/data-engineering-demos,Kalyan1210__data-engineering-demos,https://github.com/Kalyan1210/data-engineering-demos,S2_topic_dbt,1,MIT,34,,,2025-07-12T20:14:38Z,2025-07-14T00:37:33Z,excluded,not screened in,"P3 34 commits on the default branch, below 40"
Kantilever/dbt-tutorial,Kantilever__dbt-tutorial,https://github.com/Kantilever/dbt-tutorial,S3_code,0,,3,,,2025-05-14T10:28:44Z,2025-05-14T15:11:01Z,excluded,not screened in,"P3 3 commits on the default branch, below 40"
KarolG002/Winery_DE_Project,KarolG002__Winery_DE_Project,https://github.com/KarolG002/Winery_DE_Project,S3_code,0,MIT,11,,,2024-08-03T12:39:37Z,2024-08-07T10:43:46Z,excluded,not screened in,"P3 11 commits on the default branch, below 40"
KartikeyaGupta-98/DBT_TRAINING_KA,KartikeyaGupta-98__DBT_TRAINING_KA,https://github.com/KartikeyaGupta-98/DBT_TRAINING_KA,S3_code,0,,35,,,2024-10-01T05:31:21Z,2024-10-17T07:22:28Z,excluded,not screened in,"P3 35 commits on the default branch, below 40"
KaterynaD/PolicyTransactions,KaterynaD__PolicyTransactions,https://github.com/KaterynaD/PolicyTransactions,S3_code,0,,1,,,2024-11-29T01:45:32Z,2024-11-29T01:45:35Z,excluded,not screened in,"P3 1 commits on the default branch, below 40"
KaterynaD/Profiler,KaterynaD__Profiler,https://github.com/KaterynaD/Profiler,S2_topic_dbt,1,Apache-2.0,1,,,2025-11-18T03:12:23Z,2025-11-18T03:25:25Z,excluded,not screened in,"P3 1 commits on the default branch, below 40"
KaterynaD/dbt_scd2_plus,KaterynaD__dbt_scd2_plus,https://github.com/KaterynaD/dbt_scd2_plus,S2_topic_dbt;S3_code,11,Apache-2.0,23,,,2024-11-18T19:19:03Z,2026-04-06T02:16:37Z,excluded,not screened in,"P3 23 commits on the default branch, below 40"
KaterynaD/dbt_segmentation_tools,KaterynaD__dbt_segmentation_tools,https://github.com/KaterynaD/dbt_segmentation_tools,S2_topic_dbt,1,,10,,,2024-12-09T22:09:20Z,2024-12-15T05:15:47Z,excluded,not screened in,"P3 10 commits on the default branch, below 40"
KaushallB/DBT-Analytics,KaushallB__DBT-Analytics,https://github.com/KaushallB/DBT-Analytics,S3_code,0,,4,,,2026-01-30T04:13:37Z,2026-02-12T10:14:42Z,excluded,not screened in,"P3 4 commits on the default branch, below 40"
Kaushik-Kishor/ecom-intelligence-platform,Kaushik-Kishor__ecom-intelligence-platform,https://github.com/Kaushik-Kishor/ecom-intelligence-platform,S2_topic_dbt,1,,13,,,2026-03-02T18:00:13Z,2026-03-07T09:37:03Z,excluded,not screened in,"P3 13 commits on the default branch, below 40"
Kaviya-Mahendran/analytics-data-architecture-design,Kaviya-Mahendran__analytics-data-architecture-design,https://github.com/Kaviya-Mahendran/analytics-data-architecture-design,S2_topic_analytics-engineering,1,,9,,,2026-01-22T10:21:40Z,2026-01-24T08:59:13Z,excluded,not screened in,"P3 9 commits on the default branch, below 40"
Kaviya-Mahendran/automated-etl-orchestration,Kaviya-Mahendran__automated-etl-orchestration,https://github.com/Kaviya-Mahendran/automated-etl-orchestration,S2_topic_analytics-engineering,1,,2,,,2026-01-21T18:33:07Z,2026-01-21T18:35:08Z,excluded,not screened in,"P3 2 commits on the default branch, below 40"
KaydeeJR/DWH-Tech-Stack,KaydeeJR__DWH-Tech-Stack,https://github.com/KaydeeJR/DWH-Tech-Stack,S2_topic_dbt,2,,11,,,2022-09-20T07:34:21Z,2022-11-09T10:02:05Z,excluded,not screened in,"P3 11 commits on the default branch, below 40"
KayvanShah1/gws-audit-analytics-pipeline,KayvanShah1__gws-audit-analytics-pipeline,https://github.com/KayvanShah1/gws-audit-analytics-pipeline,S2_topic_dbt,2,MIT,222,46,1,2025-06-03T01:41:51Z,2025-12-25T10:57:56Z,excluded,not screened in,"P4 6.7 months between creation and last push, below 12"
Kelvin1993-prog/flood-pipeline,Kelvin1993-prog__flood-pipeline,https://github.com/Kelvin1993-prog/flood-pipeline,S2_topic_dbt,1,,1,,,2026-07-09T10:33:55Z,2026-07-09T10:37:23Z,excluded,not screened in,"P3 1 commits on the default branch, below 40"
Kemetra/Seshat-BI,Kemetra__Seshat-BI,https://github.com/Kemetra/Seshat-BI,S2_topic_analytics-engineering;S2_topic_dbt,2,Apache-2.0,1013,8,1,2026-06-22T11:12:41Z,2026-08-04T16:33:36Z,excluded,not screened in,"P4 1.4 months between creation and last push, below 12"
KenUTS/Airbnb,KenUTS__Airbnb,https://github.com/KenUTS/Airbnb,S3_code,0,,6,,,2023-11-03T07:57:25Z,2024-04-29T02:42:25Z,excluded,not screened in,"P3 6 commits on the default branch, below 40"
Kesara03/pyspark-dbt-data-engineering-proj,Kesara03__pyspark-dbt-data-engineering-proj,https://github.com/Kesara03/pyspark-dbt-data-engineering-proj,S2_topic_dbt,1,MIT,25,,,2025-09-30T06:22:09Z,2026-02-18T09:15:38Z,excluded,not screened in,"P3 25 commits on the default branch, below 40"
Khalid-Sobh/steam-games-data-pipeline,Khalid-Sobh__steam-games-data-pipeline,https://github.com/Khalid-Sobh/steam-games-data-pipeline,S3_code,0,,6,,,2026-04-03T01:20:50Z,2026-05-03T19:53:45Z,excluded,not screened in,"P3 6 commits on the default branch, below 40"
KhalidD0nc/Football-Stack,KhalidD0nc__Football-Stack,https://github.com/KhalidD0nc/Football-Stack,S2_topic_dbt,1,MIT,66,51,1,2026-02-15T15:06:08Z,2026-03-14T21:21:59Z,excluded,not screened in,"P4 0.9 months between creation and last push, below 12"
Kibika/ELT_sensordata,Kibika__ELT_sensordata,https://github.com/Kibika/ELT_sensordata,S2_topic_dbt,1,,23,,,2021-09-22T18:55:06Z,2023-03-22T00:56:01Z,excluded,not screened in,"P3 23 commits on the default branch, below 40"
King-Juliet/DBT_BUSINESS_ANALYTICS,King-Juliet__DBT_BUSINESS_ANALYTICS,https://github.com/King-Juliet/DBT_BUSINESS_ANALYTICS,S3_code,0,,11,,,2024-02-17T21:25:16Z,2024-04-02T08:53:54Z,excluded,not screened in,"P3 11 commits on the default branch, below 40"
KirlosYousef/ChristLife,KirlosYousef__ChristLife,https://github.com/KirlosYousef/ChristLife,S2_topic_dbt,4,MIT,45,0,0,2019-07-22T18:48:21Z,2020-06-09T19:29:39Z,excluded,not screened in,"P4 10.6 months between creation and last push, below 12"
Kirthic-Adhithya/news-analytics-pipeline,Kirthic-Adhithya__news-analytics-pipeline,https://github.com/Kirthic-Adhithya/news-analytics-pipeline,S2_topic_dbt,1,,13,,,2026-04-24T06:35:52Z,2026-07-22T09:53:36Z,excluded,not screened in,"P3 13 commits on the default branch, below 40"
Kishoreche001/dbt,Kishoreche001__dbt,https://github.com/Kishoreche001/dbt,S3_code,0,,8,,,2025-06-12T10:05:59Z,2025-07-09T11:33:16Z,excluded,not screened in,"P3 8 commits on the default branch, below 40"
KoiDev13/retail-pipeline,KoiDev13__retail-pipeline,https://github.com/KoiDev13/retail-pipeline,S3_code,0,GPL-2.0,4,,,2023-12-26T09:30:51Z,2023-12-31T10:34:20Z,excluded,not screened in,"P3 4 commits on the default branch, below 40"
KonstantinData/Bootcamp-Analytics,KonstantinData__Bootcamp-Analytics,https://github.com/KonstantinData/Bootcamp-Analytics,S3_code,1,,186,2,8,2024-11-18T10:42:41Z,2026-07-09T10:44:08Z,passed,"extracted, excluded","only 1 monthly snapshots, below the 12 minimum"
Kornelius99/airflow-batch-etl-warehouse,Kornelius99__airflow-batch-etl-warehouse,https://github.com/Kornelius99/airflow-batch-etl-warehouse,S2_topic_dbt,1,MIT,10,,,2026-07-09T23:53:38Z,2026-07-09T23:59:19Z,excluded,not screened in,"P3 10 commits on the default branch, below 40"
Kornelius99/dbt-analytics-engineering-project,Kornelius99__dbt-analytics-engineering-project,https://github.com/Kornelius99/dbt-analytics-engineering-project,S2_topic_analytics-engineering;S2_topic_dbt,1,MIT,8,,,2026-07-10T00:04:48Z,2026-07-10T00:09:27Z,excluded,not screened in,"P3 8 commits on the default branch, below 40"
Koushik15042000/snowflake-dbt-repo,Koushik15042000__snowflake-dbt-repo,https://github.com/Koushik15042000/snowflake-dbt-repo,S3_code,0,,8,,,2024-08-09T09:18:01Z,2024-08-11T08:26:47Z,excluded,not screened in,"P3 8 commits on the default branch, below 40"
KrishnaVamshi6570/customer360-gcp-data-pipeline,KrishnaVamshi6570__customer360-gcp-data-pipeline,https://github.com/KrishnaVamshi6570/customer360-gcp-data-pipeline,S2_topic_analytics-engineering,2,,3,,,2026-03-12T06:41:20Z,2026-03-12T10:11:11Z,excluded,not screened in,"P3 3 commits on the default branch, below 40"
Kruts-Mykhailo/NYT_Books_Analysis,Kruts-Mykhailo__NYT_Books_Analysis,https://github.com/Kruts-Mykhailo/NYT_Books_Analysis,S3_code,2,,41,8,1,2024-08-17T20:07:02Z,2024-09-09T18:11:58Z,excluded,not screened in,"P4 0.7 months between creation and last push, below 12"
KuchikiRenji/Transaction-Anomaly-Detection,KuchikiRenji__Transaction-Anomaly-Detection,https://github.com/KuchikiRenji/Transaction-Anomaly-Detection,S2_topic_dbt,1,,20,,,2025-12-06T14:40:14Z,2026-02-06T16:28:46Z,excluded,not screened in,"P3 20 commits on the default branch, below 40"
Kushalkhadka7/clickhouse-dbt,Kushalkhadka7__clickhouse-dbt,https://github.com/Kushalkhadka7/clickhouse-dbt,S2_topic_dbt,3,,5,,,2023-08-09T15:35:31Z,2023-08-29T15:31:27Z,excluded,not screened in,"P3 5 commits on the default branch, below 40"
Kushalkhadka7/dagster_clickhouse_dbt,Kushalkhadka7__dagster_clickhouse_dbt,https://github.com/Kushalkhadka7/dagster_clickhouse_dbt,S2_topic_dbt,12,,3,,,2023-08-28T19:54:35Z,2023-08-29T18:27:07Z,excluded,not screened in,"P3 3 commits on the default branch, below 40"
KyleSDeveloper/self_serve_metrics_stack_repo,KyleSDeveloper__self_serve_metrics_stack_repo,https://github.com/KyleSDeveloper/self_serve_metrics_stack_repo,S2_topic_analytics-engineering,1,MIT,20,,,2025-08-11T22:53:43Z,2025-10-11T21:02:37Z,excluded,not screened in,"P3 20 commits on the default branch, below 40"
LAVI-USP/DBT-Reconstruction,LAVI-USP__DBT-Reconstruction,https://github.com/LAVI-USP/DBT-Reconstruction,S2_topic_dbt,62,GPL-3.0,67,0,0,2018-04-05T17:20:44Z,2022-03-21T12:15:22Z,passed,"extracted, excluded",no dbt_project.yml found anywhere on the first-parent history
LAVI-USP/IWBI2022-PSloss,LAVI-USP__IWBI2022-PSloss,https://github.com/LAVI-USP/IWBI2022-PSloss,S2_topic_dbt,4,GPL-3.0,4,,,2021-11-02T18:30:44Z,2022-03-21T14:26:49Z,excluded,not screened in,"P3 4 commits on the default branch, below 40"
LAVI-USP/MCInsertionPackage-DBT,LAVI-USP__MCInsertionPackage-DBT,https://github.com/LAVI-USP/MCInsertionPackage-DBT,S2_topic_dbt,3,GPL-3.0,27,,,2022-02-04T21:12:42Z,2023-03-06T14:27:35Z,excluded,not screened in,"P3 27 commits on the default branch, below 40"
LAVI-USP/NoiseDecorrelation-DBT,LAVI-USP__NoiseDecorrelation-DBT,https://github.com/LAVI-USP/NoiseDecorrelation-DBT,S2_topic_dbt,1,GPL-3.0,3,,,2021-11-19T21:58:05Z,2022-03-21T14:35:13Z,excluded,not screened in,"P3 3 commits on the default branch, below 40"
LAVI-USP/SPIE2022,LAVI-USP__SPIE2022,https://github.com/LAVI-USP/SPIE2022,S2_topic_dbt,5,GPL-3.0,11,,,2021-09-17T12:11:32Z,2022-03-23T00:02:59Z,excluded,not screened in,"P3 11 commits on the default branch, below 40"
LAVI-USP/pyDBT,LAVI-USP__pyDBT,https://github.com/LAVI-USP/pyDBT,S2_topic_dbt,16,GPL-3.0,31,,,2020-01-22T12:46:01Z,2024-11-12T10:28:08Z,excluded,not screened in,"P3 31 commits on the default branch, below 40"
LaeekAhmed/nyc-taxi-data-analytics,LaeekAhmed__nyc-taxi-data-analytics,https://github.com/LaeekAhmed/nyc-taxi-data-analytics,S2_topic_dbt,5,,2,,,2023-08-30T19:56:16Z,2023-08-30T20:06:07Z,excluded,not screened in,"P3 2 commits on the default branch, below 40"
LarryJr64/my-chicago-taxi-project,LarryJr64__my-chicago-taxi-project,https://github.com/LarryJr64/my-chicago-taxi-project,S3_code,0,,17,,,2025-06-02T15:47:46Z,2025-06-03T18:16:29Z,excluded,not screened in,"P3 17 commits on the default branch, below 40"
LauChar/my_dbt_project,LauChar__my_dbt_project,https://github.com/LauChar/my_dbt_project,S3_code,0,,17,,,2024-11-17T18:24:19Z,2024-11-19T09:51:13Z,excluded,not screened in,"P3 17 commits on the default branch, below 40"
LeoNarD1812/farmacia-bi,LeoNarD1812__farmacia-bi,https://github.com/LeoNarD1812/farmacia-bi,S3_code,0,,1,,,2026-05-25T22:45:17Z,2026-05-25T22:51:19Z,excluded,not screened in,"P3 1 commits on the default branch, below 40"
Les-Sherpas/dbt-meta-testing,Les-Sherpas__dbt-meta-testing,https://github.com/Les-Sherpas/dbt-meta-testing,S3_code,0,GPL-3.0,39,,,2026-03-03T09:25:39Z,2026-03-03T13:15:20Z,excluded,not screened in,"P3 39 commits on the default branch, below 40"
Levers-Labs/SOMA-B2B-SaaS,Levers-Labs__SOMA-B2B-SaaS,https://github.com/Levers-Labs/SOMA-B2B-SaaS,S1_curated,386,,47,115,1,2023-03-29T00:12:05Z,2024-01-24T11:19:18Z,excluded,not screened in,"P4 9.9 months between creation and last push, below 12"
LewisDavies/upstream-prod,LewisDavies__upstream-prod,https://github.com/LewisDavies/upstream-prod,S2_topic_dbt;S3_code,51,MIT,97,0,1,2022-08-04T13:22:08Z,2026-05-27T11:29:25Z,passed,"extracted, excluded",no commits touch any declared model path
LienBosmans/stack-t,LienBosmans__stack-t,https://github.com/LienBosmans/stack-t,S2_topic_dbt;S3_code,14,MIT,195,54,1,2023-12-19T20:24:20Z,2025-04-26T19:58:11Z,passed,"extracted, excluded","only 6 monthly snapshots, below the 12 minimum"
LinataDeshmukh/insurance-claims-platform,LinataDeshmukh__insurance-claims-platform,https://github.com/LinataDeshmukh/insurance-claims-platform,S3_code,0,,3,,,2026-03-01T18:49:35Z,2026-03-02T00:04:04Z,excluded,not screened in,"P3 3 commits on the default branch, below 40"
Lindah-Kima/olist-ecommerce-decision-intelligence-platform,Lindah-Kima__olist-ecommerce-decision-intelligence-platform,https://github.com/Lindah-Kima/olist-ecommerce-decision-intelligence-platform,S2_topic_analytics-engineering,1,,34,,,2026-06-06T12:56:02Z,2026-07-21T13:59:23Z,excluded,not screened in,"P3 34 commits on the default branch, below 40"
LinkedInLearning/complete-guide-to-data-lakes-and-lakehouses-3865060,LinkedInLearning__complete-guide-to-data-lakes-and-lakehouses-3865060,https://github.com/LinkedInLearning/complete-guide-to-data-lakes-and-lakehouses-3865060,S3_code,21,NOASSERTION,59,12,2,2024-06-04T05:50:07Z,2024-09-03T21:04:18Z,excluded,not screened in,"P4 3.0 months between creation and last push, below 12"
LinkedInLearning/data-quality-analytics-and-serving-3918208,LinkedInLearning__data-quality-analytics-and-serving-3918208,https://github.com/LinkedInLearning/data-quality-analytics-and-serving-3918208,S3_code,7,NOASSERTION,15,,,2024-07-22T19:11:46Z,2025-07-07T17:46:32Z,excluded,not screened in,"P3 15 commits on the default branch, below 40"
LlucMH/dbt-checks,LlucMH__dbt-checks,https://github.com/LlucMH/dbt-checks,S2_topic_analytics-engineering;S2_topic_dbt,3,MIT,347,6,3,2025-11-18T23:02:38Z,2026-07-17T16:52:34Z,excluded,not screened in,"P4 7.9 months between creation and last push, below 12"
LordRobertShaw/googlepython,LordRobertShaw__googlepython,https://github.com/LordRobertShaw/googlepython,S3_code,0,Apache-2.0,63098,0,1,2026-08-02T17:36:12Z,2026-08-02T18:03:33Z,excluded,not screened in,"P4 0.0 months between creation and last push, below 12"
Lt-Dan-Taylor/elt-bigquery-dbt,Lt-Dan-Taylor__elt-bigquery-dbt,https://github.com/Lt-Dan-Taylor/elt-bigquery-dbt,S2_topic_dbt,1,,19,,,2023-11-06T04:21:37Z,2023-12-19T21:02:22Z,excluded,not screened in,"P3 19 commits on the default branch, below 40"
LuccaCoelho/DBT-Pipeline-Project,LuccaCoelho__DBT-Pipeline-Project,https://github.com/LuccaCoelho/DBT-Pipeline-Project,S3_code,0,,9,,,2024-07-30T02:11:18Z,2024-08-01T21:39:51Z,excluded,not screened in,"P3 9 commits on the default branch, below 40"
LucianaCHA/data-science,LucianaCHA__data-science,https://github.com/LucianaCHA/data-science,S3_code,0,,75,12,1,2025-05-18T14:19:09Z,2025-10-22T23:49:38Z,excluded,not screened in,"P4 5.2 months between creation and last push, below 12"
Luis20matias/Data_engineer_projects,Luis20matias__Data_engineer_projects,https://github.com/Luis20matias/Data_engineer_projects,S3_code,0,,79,30,9,2022-11-14T19:43:56Z,2025-05-26T09:30:46Z,passed,"extracted, excluded","only 3 monthly snapshots, below the 12 minimum"
Luk-kar/dagster-postgres-dbt-minio-template,Luk-kar__dagster-postgres-dbt-minio-template,https://github.com/Luk-kar/dagster-postgres-dbt-minio-template,S2_topic_dbt,1,MIT,52,2,1,2025-08-29T11:07:47Z,2025-09-15T12:37:11Z,excluded,not screened in,"P4 0.6 months between creation and last push, below 12"
LukV/humbert,LukV__humbert,https://github.com/LukV/humbert,S3_code,0,Apache-2.0,118,6,1,2026-06-07T10:49:41Z,2026-07-09T10:51:56Z,excluded,not screened in,"P4 1.1 months between creation and last push, below 12"
LuuQuyLan/ride-hailing-dss,LuuQuyLan__ride-hailing-dss,https://github.com/LuuQuyLan/ride-hailing-dss,S3_code,0,,24,,,2026-03-01T04:53:15Z,2026-05-18T18:17:25Z,excluded,not screened in,"P3 24 commits on the default branch, below 40"
M0hamedIbrahim1/Data-Transformation-dbt,M0hamedIbrahim1__Data-Transformation-dbt,https://github.com/M0hamedIbrahim1/Data-Transformation-dbt,S2_topic_dbt,2,,13,,,2023-11-03T15:42:16Z,2023-11-03T16:33:29Z,excluded,not screened in,"P3 13 commits on the default branch, below 40"
MACKAT05/wsl-web-auth-bridge-browser,MACKAT05__wsl-web-auth-bridge-browser,https://github.com/MACKAT05/wsl-web-auth-bridge-browser,S3_code,0,MIT,4,,,2026-07-28T23:38:52Z,2026-07-29T07:23:03Z,excluded,not screened in,"P3 4 commits on the default branch, below 40"
MAHMOUDMAMDOH8/E2E-ELT-pipeline,MAHMOUDMAMDOH8__E2E-ELT-pipeline,https://github.com/MAHMOUDMAMDOH8/E2E-ELT-pipeline,S2_topic_dbt,3,,26,,,2024-09-29T18:19:09Z,2024-10-14T17:41:25Z,excluded,not screened in,"P3 26 commits on the default branch, below 40"
MOHAMMED-GHANIM-SIDDIQUI/MOHAMMED-GHANIM-SIDDIQUI,MOHAMMED-GHANIM-SIDDIQUI__MOHAMMED-GHANIM-SIDDIQUI,https://github.com/MOHAMMED-GHANIM-SIDDIQUI/MOHAMMED-GHANIM-SIDDIQUI,S2_topic_analytics-engineering,1,,11,,,2026-03-29T17:29:11Z,2026-06-06T12:25:41Z,excluded,not screened in,"P3 11 commits on the default branch, below 40"
MRendiks/lakehouse-paradigm-comparison,MRendiks__lakehouse-paradigm-comparison,https://github.com/MRendiks/lakehouse-paradigm-comparison,S2_topic_dbt,3,MIT,74,17,2,2026-05-12T18:40:03Z,2026-07-12T07:36:20Z,excluded,not screened in,"P4 2.0 months between creation and last push, below 12"
MTES-MCT/dossierfacile-data,MTES-MCT__dossierfacile-data,https://github.com/MTES-MCT/dossierfacile-data,S3_code,0,MIT,75,49,1,2024-12-16T12:37:25Z,2026-07-29T14:55:00Z,passed,in corpus,
MTES-MCT/trackdechets-meltano-workspace,MTES-MCT__trackdechets-meltano-workspace,https://github.com/MTES-MCT/trackdechets-meltano-workspace,S3_code,0,,356,178,1,2022-08-30T16:53:43Z,2025-03-13T18:02:18Z,passed,in corpus,
MTSWebServices/data-rentgen,MTSWebServices__data-rentgen,https://github.com/MTSWebServices/data-rentgen,S2_topic_dbt,18,Apache-2.0,1044,0,0,2024-06-27T08:01:47Z,2026-08-04T08:51:42Z,passed,"extracted, excluded",no dbt_project.yml found anywhere on the first-parent history
Mahmuuod/Walmart-Data-Warehouse,Mahmuuod__Walmart-Data-Warehouse,https://github.com/Mahmuuod/Walmart-Data-Warehouse,S3_code,0,,1,,,2025-05-23T19:53:25Z,2025-05-23T19:55:04Z,excluded,not screened in,"P3 1 commits on the default branch, below 40"
Mahnoor-Zaffar/Baseball-Analytics-Database,Mahnoor-Zaffar__Baseball-Analytics-Database,https://github.com/Mahnoor-Zaffar/Baseball-Analytics-Database,S3_code,0,NOASSERTION,4,,,2026-06-16T21:02:58Z,2026-06-16T21:27:50Z,excluded,not screened in,"P3 4 commits on the default branch, below 40"
Mairondc21/dbt_az_usuarios,Mairondc21__dbt_az_usuarios,https://github.com/Mairondc21/dbt_az_usuarios,S2_topic_dbt,7,,62,13,1,2024-12-27T10:52:25Z,2025-01-05T05:12:09Z,excluded,not screened in,"P4 0.3 months between creation and last push, below 12"
Majdi-Akrmi/Films-ELT-pipeline,Majdi-Akrmi__Films-ELT-pipeline,https://github.com/Majdi-Akrmi/Films-ELT-pipeline,S2_topic_dbt,1,,7,,,2024-04-10T22:51:16Z,2024-04-11T22:03:59Z,excluded,not screened in,"P3 7 commits on the default branch, below 40"
Majorjohn2023/TestingGithubActions,Majorjohn2023__TestingGithubActions,https://github.com/Majorjohn2023/TestingGithubActions,S3_code,0,,94,41,1,2024-07-16T04:08:57Z,2024-07-16T05:29:30Z,excluded,not screened in,"P4 0.0 months between creation and last push, below 12"
MalreddyNitin/fifa26wc,MalreddyNitin__fifa26wc,https://github.com/MalreddyNitin/fifa26wc,S2_topic_analytics-engineering;S2_topic_dbt,1,,14,,,2026-07-22T00:11:04Z,2026-07-26T03:45:26Z,excluded,not screened in,"P3 14 commits on the default branch, below 40"
MammothGrowth/dbt-linkedin-ads,MammothGrowth__dbt-linkedin-ads,https://github.com/MammothGrowth/dbt-linkedin-ads,S3_code,0,Apache-2.0,5,,,2019-07-25T21:37:02Z,2019-08-02T00:49:39Z,excluded,not screened in,"P3 5 commits on the default branch, below 40"
Manny-97/DE-ZOOMCAMP-PROJECT,Manny-97__DE-ZOOMCAMP-PROJECT,https://github.com/Manny-97/DE-ZOOMCAMP-PROJECT,S2_topic_dbt,7,MIT,90,3,1,2023-03-24T09:56:17Z,2023-05-04T19:09:47Z,excluded,not screened in,"P4 1.3 months between creation and last push, below 12"
ManoharVit/Taxi-Revenue-and-Surge-Analytics,ManoharVit__Taxi-Revenue-and-Surge-Analytics,https://github.com/ManoharVit/Taxi-Revenue-and-Surge-Analytics,S3_code,0,BSD-3-Clause,7,,,2026-04-12T21:36:38Z,2026-04-15T04:18:49Z,excluded,not screened in,"P3 7 commits on the default branch, below 40"
MansiBasutkar16/credit-risk-stress-engine,MansiBasutkar16__credit-risk-stress-engine,https://github.com/MansiBasutkar16/credit-risk-stress-engine,S2_topic_dbt,1,,1,,,2026-06-10T05:56:08Z,2026-06-10T06:01:26Z,excluded,not screened in,"P3 1 commits on the default branch, below 40"
MantiMantilloso/Pry02_DataMining,MantiMantilloso__Pry02_DataMining,https://github.com/MantiMantilloso/Pry02_DataMining,S3_code,0,,6,,,2026-02-18T15:09:55Z,2026-03-09T16:52:43Z,excluded,not screened in,"P3 6 commits on the default branch, below 40"
ManuelBenoist/jobradar,ManuelBenoist__jobradar,https://github.com/ManuelBenoist/jobradar,S3_code,1,,143,3,1,2026-04-12T12:19:28Z,2026-08-03T18:55:53Z,excluded,not screened in,"P4 3.7 months between creation and last push, below 12"
ManuelGuerra1987/data-engineering-zoomcamp-notes,ManuelGuerra1987__data-engineering-zoomcamp-notes,https://github.com/ManuelGuerra1987/data-engineering-zoomcamp-notes,S2_topic_dbt,59,,321,10,2,2024-12-07T02:54:16Z,2025-03-10T01:57:07Z,excluded,not screened in,"P4 3.0 months between creation and last push, below 12"
Mara3l/gooddata-and-ml,Mara3l__gooddata-and-ml,https://github.com/Mara3l/gooddata-and-ml,S2_topic_dbt,1,MIT,7,,,2022-10-04T09:29:00Z,2022-10-24T13:15:04Z,excluded,not screened in,"P3 7 commits on the default branch, below 40"
Marcoc51/Brentford-Data-Analytics,Marcoc51__Brentford-Data-Analytics,https://github.com/Marcoc51/Brentford-Data-Analytics,S3_code,8,,4,,,2025-04-12T05:52:34Z,2025-04-14T09:00:15Z,excluded,not screened in,"P3 4 commits on the default branch, below 40"
MarcosMJD/ghcn-d,MarcosMJD__ghcn-d,https://github.com/MarcosMJD/ghcn-d,S2_topic_dbt,27,GPL-3.0,59,12,2,2022-03-21T21:47:55Z,2022-12-20T18:05:11Z,excluded,not screened in,"P4 9.0 months between creation and last push, below 12"
Marcynas/dbtProject,Marcynas__dbtProject,https://github.com/Marcynas/dbtProject,S2_topic_dbt,1,,25,,,2022-10-14T11:20:26Z,2022-10-20T08:09:27Z,excluded,not screened in,"P3 25 commits on the default branch, below 40"
MargotMarchais/Chocolate-e-commerce,MargotMarchais__Chocolate-e-commerce,https://github.com/MargotMarchais/Chocolate-e-commerce,S2_topic_dbt,1,,97,19,1,2024-04-28T18:59:01Z,2024-06-08T19:22:09Z,excluded,not screened in,"P4 1.3 months between creation and last push, below 12"
MarieJoseeNuss/dbt3,MarieJoseeNuss__dbt3,https://github.com/MarieJoseeNuss/dbt3,S3_code,0,,22,,,2025-06-10T18:46:44Z,2025-06-12T22:53:19Z,excluded,not screened in,"P3 22 commits on the default branch, below 40"
MarikJudo/spellbook,MarikJudo__spellbook,https://github.com/MarikJudo/spellbook,S3_code,7,NOASSERTION,5965,4603,6,2025-03-03T17:42:09Z,2025-09-27T06:13:03Z,excluded,not screened in,"P4 6.8 months between creation and last push, below 12"
MarkPhamm/consumer_complaint_pipeline,MarkPhamm__consumer_complaint_pipeline,https://github.com/MarkPhamm/consumer_complaint_pipeline,S2_topic_dbt,1,Apache-2.0,35,,,2025-10-06T23:16:54Z,2025-10-21T17:00:25Z,excluded,not screened in,"P3 35 commits on the default branch, below 40"
MarkPhamm/dbt-Fundamental,MarkPhamm__dbt-Fundamental,https://github.com/MarkPhamm/dbt-Fundamental,S2_topic_dbt;S3_code,26,,13,,,2025-03-17T23:29:26Z,2025-03-31T02:49:47Z,excluded,not screened in,"P3 13 commits on the default branch, below 40"
MarkPhamm/local_warehouse_pipeline,MarkPhamm__local_warehouse_pipeline,https://github.com/MarkPhamm/local_warehouse_pipeline,S2_topic_dbt,11,MIT,129,9,1,2025-11-02T02:15:48Z,2026-03-15T00:44:16Z,excluded,not screened in,"P4 4.3 months between creation and last push, below 12"
MarkPhamm/skytrax_reviews,MarkPhamm__skytrax_reviews,https://github.com/MarkPhamm/skytrax_reviews,S2_topic_dbt,13,MIT,438,0,0,2024-02-28T03:54:11Z,2026-07-30T23:25:02Z,passed,"extracted, excluded",no dbt_project.yml found anywhere on the first-parent history
MarkPhamm/skytrax_reviews_transformation,MarkPhamm__skytrax_reviews_transformation,https://github.com/MarkPhamm/skytrax_reviews_transformation,S2_topic_dbt;S3_code,5,MIT,236,10,1,2025-04-07T19:23:11Z,2026-07-31T12:08:43Z,passed,"extracted, excluded","only 4 monthly snapshots, below the 12 minimum"
Marleneemilywagner/gz-dbt-repository,Marleneemilywagner__gz-dbt-repository,https://github.com/Marleneemilywagner/gz-dbt-repository,S3_code,0,,19,,,2024-10-29T10:23:51Z,2024-10-30T16:08:35Z,excluded,not screened in,"P3 19 commits on the default branch, below 40"
Martin-cell-blip/agentic-data-platform,Martin-cell-blip__agentic-data-platform,https://github.com/Martin-cell-blip/agentic-data-platform,S2_topic_dbt,1,MIT,12,,,2026-06-23T21:02:13Z,2026-06-25T11:23:19Z,excluded,not screened in,"P3 12 commits on the default branch, below 40"
Matatika/files-dbt,Matatika__files-dbt,https://github.com/Matatika/files-dbt,S3_code,0,MIT,29,,,2022-01-26T15:14:01Z,2026-08-04T20:01:36Z,excluded,not screened in,"P3 29 commits on the default branch, below 40"
MatatikaBytes/LCF-Aundh-Center-zaybqit,MatatikaBytes__LCF-Aundh-Center-zaybqit,https://github.com/MatatikaBytes/LCF-Aundh-Center-zaybqit,S3_code,0,,17,,,2024-06-10T01:42:36Z,2024-06-26T06:39:10Z,excluded,not screened in,"P3 17 commits on the default branch, below 40"
MatatikaBytes/meltano-demo-ntzdzzc,MatatikaBytes__meltano-demo-ntzdzzc,https://github.com/MatatikaBytes/meltano-demo-ntzdzzc,S3_code,0,,6,,,2023-06-22T23:47:07Z,2023-06-22T23:49:49Z,excluded,not screened in,"P3 6 commits on the default branch, below 40"
MaterializeInc/dbt-materialize,MaterializeInc__dbt-materialize,https://github.com/MaterializeInc/dbt-materialize,S2_topic_dbt,12,Apache-2.0,36,,,2020-03-07T17:55:23Z,2021-01-25T18:38:06Z,excluded,not screened in,"P3 36 commits on the default branch, below 40"
MaterializeInc/materialize-dbt-utils,MaterializeInc__materialize-dbt-utils,https://github.com/MaterializeInc/materialize-dbt-utils,S3_code,7,Apache-2.0,49,0,1,2021-01-12T19:32:26Z,2023-11-14T11:09:36Z,passed,"extracted, excluded",no commits touch any declared model path
MaterializeInc/mz-hack-day-2022,MaterializeInc__mz-hack-day-2022,https://github.com/MaterializeInc/mz-hack-day-2022,S2_topic_dbt,60,Apache-2.0,35,,,2022-01-25T13:39:02Z,2022-10-03T03:19:37Z,excluded,not screened in,"P3 35 commits on the default branch, below 40"
MatheusGiacomo/Indicium_Lighthouse_2026-Preparatory,MatheusGiacomo__Indicium_Lighthouse_2026-Preparatory,https://github.com/MatheusGiacomo/Indicium_Lighthouse_2026-Preparatory,S2_topic_dbt,1,,55,6,2,2026-02-14T19:09:02Z,2026-03-08T22:25:19Z,excluded,not screened in,"P4 0.7 months between creation and last push, below 12"
MatheusGiacomo/MacroGDP-Plataform,MatheusGiacomo__MacroGDP-Plataform,https://github.com/MatheusGiacomo/MacroGDP-Plataform,S2_topic_dbt,1,,4,,,2026-03-08T22:04:36Z,2026-03-08T22:16:01Z,excluded,not screened in,"P3 4 commits on the default branch, below 40"
MatheusGiacomo/NexusData,MatheusGiacomo__NexusData,https://github.com/MatheusGiacomo/NexusData,S2_topic_dbt,1,,12,,,2026-03-12T20:53:52Z,2026-03-12T21:04:50Z,excluded,not screened in,"P3 12 commits on the default branch, below 40"
MatsMoll/aligned,MatsMoll__aligned,https://github.com/MatsMoll/aligned,S2_topic_dbt,61,NOASSERTION,462,0,0,2022-04-27T10:57:19Z,2026-07-16T10:40:42Z,passed,"extracted, excluded",no dbt_project.yml found anywhere on the first-parent history
MattTriano/analytics_data_where_house,MattTriano__analytics_data_where_house,https://github.com/MattTriano/analytics_data_where_house,S2_topic_dbt,11,AGPL-3.0,549,181,1,2022-11-04T00:03:25Z,2025-08-05T02:15:30Z,passed,in corpus,
MattTriano/loci_platform,MattTriano__loci_platform,https://github.com/MattTriano/loci_platform,S2_topic_dbt,2,AGPL-3.0,338,172,1,2026-01-18T20:22:57Z,2026-07-06T19:22:05Z,excluded,not screened in,"P4 5.5 months between creation and last push, below 12"
MattiasMTS/cmp-dbt,MattiasMTS__cmp-dbt,https://github.com/MattiasMTS/cmp-dbt,S2_topic_dbt,2,MIT,23,,,2024-02-04T20:13:29Z,2024-03-16T15:18:56Z,excluded,not screened in,"P3 23 commits on the default branch, below 40"
Matts52/dbt-ml-inline-preprocessing,Matts52__dbt-ml-inline-preprocessing,https://github.com/Matts52/dbt-ml-inline-preprocessing,S3_code,8,MIT,110,0,1,2024-08-10T23:18:10Z,2026-05-18T01:10:39Z,passed,"extracted, excluded",every sampled commit yielded zero models
Matts52/dbt-orphan,Matts52__dbt-orphan,https://github.com/Matts52/dbt-orphan,S3_code,23,Apache-2.0,27,,,2026-01-11T06:25:30Z,2026-06-23T02:18:14Z,excluded,not screened in,"P3 27 commits on the default branch, below 40"
Matu94/YT-SF-Agentic,Matu94__YT-SF-Agentic,https://github.com/Matu94/YT-SF-Agentic,S3_code,0,,198,20,1,2026-04-11T14:07:35Z,2026-08-03T09:18:19Z,excluded,not screened in,"P4 3.7 months between creation and last push, below 12"
Matu94/dbt_training,Matu94__dbt_training,https://github.com/Matu94/dbt_training,S3_code,0,,3,,,2025-09-20T16:43:48Z,2025-09-20T16:49:33Z,excluded,not screened in,"P3 3 commits on the default branch, below 40"
Mavengence/interactive-courses,Mavengence__interactive-courses,https://github.com/Mavengence/interactive-courses,S2_topic_dbt,6,MIT,17,,,2026-04-27T06:33:01Z,2026-07-08T18:37:41Z,excluded,not screened in,"P3 17 commits on the default branch, below 40"
Maxencejules/retail-analytics-lakehouse,Maxencejules__retail-analytics-lakehouse,https://github.com/Maxencejules/retail-analytics-lakehouse,S2_topic_dbt,1,,36,,,2026-02-24T20:05:51Z,2026-02-25T23:18:17Z,excluded,not screened in,"P3 36 commits on the default branch, below 40"
McLainCronin/ae-dbt,McLainCronin__ae-dbt,https://github.com/McLainCronin/ae-dbt,S3_code,0,,14,,,2025-01-09T03:09:50Z,2025-01-10T03:44:20Z,excluded,not screened in,"P3 14 commits on the default branch, below 40"
Mdurost/Ecom_Order_Modeling,Mdurost__Ecom_Order_Modeling,https://github.com/Mdurost/Ecom_Order_Modeling,S3_code,0,,1,,,2026-05-06T23:33:19Z,2026-05-06T23:33:53Z,excluded,not screened in,"P3 1 commits on the default branch, below 40"
Mehranmzn/dbt_portfolio,Mehranmzn__dbt_portfolio,https://github.com/Mehranmzn/dbt_portfolio,S3_code,0,MIT,13,,,2024-10-15T09:10:51Z,2024-10-17T07:52:31Z,excluded,not screened in,"P3 13 commits on the default branch, below 40"
MekWiset/Medallion_DataLakehouse,MekWiset__Medallion_DataLakehouse,https://github.com/MekWiset/Medallion_DataLakehouse,S2_topic_dbt,6,,10,,,2024-08-03T07:00:00Z,2024-09-01T04:07:10Z,excluded,not screened in,"P3 10 commits on the default branch, below 40"
MeltanoLabs/dbt-kustomer,MeltanoLabs__dbt-kustomer,https://github.com/MeltanoLabs/dbt-kustomer,S3_code,0,Apache-2.0,77,28,1,2023-04-14T10:12:50Z,2025-03-15T15:53:23Z,passed,"extracted, excluded","only 1 monthly snapshots, below the 12 minimum"
MeltanoLabs/tap-dbt,MeltanoLabs__tap-dbt,https://github.com/MeltanoLabs/tap-dbt,S2_topic_dbt,12,Apache-2.0,556,0,0,2021-04-07T07:41:30Z,2026-08-01T18:31:15Z,passed,"extracted, excluded",no dbt_project.yml found anywhere on the first-parent history
MetricsDAO/harmony_dbt,MetricsDAO__harmony_dbt,https://github.com/MetricsDAO/harmony_dbt,S3_code,12,,345,47,1,2021-12-01T05:24:18Z,2022-07-21T14:10:19Z,excluded,not screened in,"P4 7.6 months between creation and last push, below 12"
MevLeo/Ads_Full_Stack_Data_Pipeline,MevLeo__Ads_Full_Stack_Data_Pipeline,https://github.com/MevLeo/Ads_Full_Stack_Data_Pipeline,S3_code,0,MIT,12,,,2026-04-03T11:56:16Z,2026-05-08T06:53:59Z,excluded,not screened in,"P3 12 commits on the default branch, below 40"
Mg30/pydwt,Mg30__pydwt,https://github.com/Mg30/pydwt,S2_topic_dbt,11,NOASSERTION,147,0,0,2023-02-03T13:50:29Z,2023-04-23T17:00:15Z,excluded,not screened in,"P4 2.6 months between creation and last push, below 12"
MichAdebayo/snowflake-dbt-pipeline-nyc-taxi,MichAdebayo__snowflake-dbt-pipeline-nyc-taxi,https://github.com/MichAdebayo/snowflake-dbt-pipeline-nyc-taxi,S2_topic_dbt;S2_topic_dbt-core,1,,35,,,2026-02-10T15:36:33Z,2026-02-13T11:50:23Z,excluded,not screened in,"P3 35 commits on the default branch, below 40"
MichaelHomme/iceberg-dp,MichaelHomme__iceberg-dp,https://github.com/MichaelHomme/iceberg-dp,S3_code,0,,33,,,2026-07-14T12:58:14Z,2026-07-26T18:25:23Z,excluded,not screened in,"P3 33 commits on the default branch, below 40"
Midhun2000/dbt_capstone,Midhun2000__dbt_capstone,https://github.com/Midhun2000/dbt_capstone,S3_code,0,,1,,,2026-03-19T10:52:55Z,2026-03-19T10:55:20Z,excluded,not screened in,"P3 1 commits on the default branch, below 40"
MiguelElGallo/bricksgdpr-publi,MiguelElGallo__bricksgdpr-publi,https://github.com/MiguelElGallo/bricksgdpr-publi,S3_code,0,Unlicense,16,,,2026-07-10T16:30:36Z,2026-08-04T16:13:36Z,excluded,not screened in,"P3 16 commits on the default branch, below 40"
MiguelElGallo/dbtobsb,MiguelElGallo__dbtobsb,https://github.com/MiguelElGallo/dbtobsb,S3_code,0,MIT,92,7,4,2026-07-15T08:09:47Z,2026-07-22T20:03:38Z,excluded,not screened in,"P4 0.2 months between creation and last push, below 12"
Milan-Pdl/airflow-injestion-transformation-astro-dev,Milan-Pdl__airflow-injestion-transformation-astro-dev,https://github.com/Milan-Pdl/airflow-injestion-transformation-astro-dev,S3_code,0,,32,,,2026-07-09T09:49:24Z,2026-08-04T10:32:07Z,excluded,not screened in,"P3 32 commits on the default branch, below 40"
Milan-Pdl/capstone-project,Milan-Pdl__capstone-project,https://github.com/Milan-Pdl/capstone-project,S3_code,0,,27,,,2026-07-02T07:03:51Z,2026-07-25T08:19:28Z,excluded,not screened in,"P3 27 commits on the default branch, below 40"
MilhosOU/DBT_BigQuery_TableSizeWatcher,MilhosOU__DBT_BigQuery_TableSizeWatcher,https://github.com/MilhosOU/DBT_BigQuery_TableSizeWatcher,S2_topic_dbt,1,,5,,,2023-10-12T14:17:53Z,2023-10-12T15:00:41Z,excluded,not screened in,"P3 5 commits on the default branch, below 40"
MinhKhoi3104/E-Commerce-Transaction-Analytics-Pipeline,MinhKhoi3104__E-Commerce-Transaction-Analytics-Pipeline,https://github.com/MinhKhoi3104/E-Commerce-Transaction-Analytics-Pipeline,S2_topic_dbt,1,MIT,28,,,2025-08-19T17:06:41Z,2026-01-05T01:23:26Z,excluded,not screened in,"P3 28 commits on the default branch, below 40"
MinhKhoi3104/aws-end-to-end-data-lakehouse-analytics-platform,MinhKhoi3104__aws-end-to-end-data-lakehouse-analytics-platform,https://github.com/MinhKhoi3104/aws-end-to-end-data-lakehouse-analytics-platform,S2_topic_dbt,11,MIT,82,3,1,2025-12-11T15:29:32Z,2026-02-12T11:11:27Z,excluded,not screened in,"P4 2.0 months between creation and last push, below 12"
MinhTuan2405/EnsemTrust,MinhTuan2405__EnsemTrust,https://github.com/MinhTuan2405/EnsemTrust,S2_topic_dbt,1,,80,0,0,2025-10-24T03:14:09Z,2025-12-16T15:33:04Z,excluded,not screened in,"P4 1.7 months between creation and last push, below 12"
Minres/DBT-RISE-Core,Minres__DBT-RISE-Core,https://github.com/Minres/DBT-RISE-Core,S2_topic_dbt,11,BSD-3-Clause,398,0,0,2017-09-25T18:55:28Z,2026-07-26T20:57:49Z,passed,"extracted, excluded",no dbt_project.yml found anywhere on the first-parent history
Minres/DBT-RISE-RISCV,Minres__DBT-RISE-RISCV,https://github.com/Minres/DBT-RISE-RISCV,S2_topic_dbt,37,BSD-3-Clause,561,0,0,2017-09-25T19:06:00Z,2026-08-02T13:50:14Z,passed,"extracted, excluded",no dbt_project.yml found anywhere on the first-parent history
Minres/HIFIVE1-VP,Minres__HIFIVE1-VP,https://github.com/Minres/HIFIVE1-VP,S2_topic_dbt,14,BSD-3-Clause,178,0,0,2019-06-28T19:13:41Z,2024-01-30T19:26:10Z,passed,"extracted, excluded",no dbt_project.yml found anywhere on the first-parent history
MiroCillik/dbt-electric-vehicles,MiroCillik__dbt-electric-vehicles,https://github.com/MiroCillik/dbt-electric-vehicles,S3_code,0,,3,,,2026-03-11T14:47:13Z,2026-03-12T08:25:47Z,excluded,not screened in,"P3 3 commits on the default branch, below 40"
MishchenkoYuriy/MusicFlow,MishchenkoYuriy__MusicFlow,https://github.com/MishchenkoYuriy/MusicFlow,S2_topic_dbt,2,,130,15,1,2023-08-13T14:47:59Z,2023-10-20T02:35:40Z,excluded,not screened in,"P4 2.2 months between creation and last push, below 12"
MitchellBarker/dbt-fundamentals-property-management,MitchellBarker__dbt-fundamentals-property-management,https://github.com/MitchellBarker/dbt-fundamentals-property-management,S3_code,0,,4,,,2022-08-24T22:00:52Z,2022-08-26T14:21:16Z,excluded,not screened in,"P3 4 commits on the default branch, below 40"
Mitiandrianasoa/airflow_dbt,Mitiandrianasoa__airflow_dbt,https://github.com/Mitiandrianasoa/airflow_dbt,S3_code,0,,1,,,2026-04-22T16:05:28Z,2026-04-22T16:06:56Z,excluded,not screened in,"P3 1 commits on the default branch, below 40"
Mo-oM-1/crypto-realtime-snowflake,Mo-oM-1__crypto-realtime-snowflake,https://github.com/Mo-oM-1/crypto-realtime-snowflake,S2_topic_dbt,2,,149,11,1,2026-06-06T19:17:25Z,2026-06-16T11:24:16Z,excluded,not screened in,"P4 0.3 months between creation and last push, below 12"
MoTahaAboHeiba/retail-lakehouse-pipeline,MoTahaAboHeiba__retail-lakehouse-pipeline,https://github.com/MoTahaAboHeiba/retail-lakehouse-pipeline,S2_topic_dbt,2,,130,14,1,2026-07-09T23:31:27Z,2026-08-04T16:45:41Z,excluded,not screened in,"P4 0.8 months between creation and last push, below 12"
Moh7292/retail-etl-dbt,Moh7292__retail-etl-dbt,https://github.com/Moh7292/retail-etl-dbt,S3_code,0,,17,,,2025-11-08T22:52:38Z,2025-12-13T17:42:28Z,excluded,not screened in,"P3 17 commits on the default branch, below 40"
Mohameddfxxcxx/global-horizon-bank-dwh-project,Mohameddfxxcxx__global-horizon-bank-dwh-project,https://github.com/Mohameddfxxcxx/global-horizon-bank-dwh-project,S2_topic_analytics-engineering,2,MIT,4,,,2026-04-30T14:06:29Z,2026-04-30T21:41:48Z,excluded,not screened in,"P3 4 commits on the default branch, below 40"
Mohammad-shkir7/Data_Analysis_Project,Mohammad-shkir7__Data_Analysis_Project,https://github.com/Mohammad-shkir7/Data_Analysis_Project,S3_code,0,,8,,,2024-05-13T08:11:47Z,2024-05-14T08:52:24Z,excluded,not screened in,"P3 8 commits on the default branch, below 40"
Mohammed78-Dch/Project_Data_Werehouse,Mohammed78-Dch__Project_Data_Werehouse,https://github.com/Mohammed78-Dch/Project_Data_Werehouse,S3_code,1,,14,,,2025-05-31T12:14:02Z,2025-07-22T20:21:18Z,excluded,not screened in,"P3 14 commits on the default branch, below 40"
Mohammed78-Dch/customer-review-data-warehouse-dockerized,Mohammed78-Dch__customer-review-data-warehouse-dockerized,https://github.com/Mohammed78-Dch/customer-review-data-warehouse-dockerized,S3_code,0,,14,,,2025-07-19T16:12:03Z,2025-07-19T17:42:35Z,excluded,not screened in,"P3 14 commits on the default branch, below 40"
Mohanaaravind/dbt_hands_on_1,Mohanaaravind__dbt_hands_on_1,https://github.com/Mohanaaravind/dbt_hands_on_1,S3_code,0,,11,,,2024-08-24T09:12:43Z,2025-06-23T16:43:15Z,excluded,not screened in,"P3 11 commits on the default branch, below 40"
MonospaceSurya/json-to-duckdb-elt,MonospaceSurya__json-to-duckdb-elt,https://github.com/MonospaceSurya/json-to-duckdb-elt,S2_topic_dbt,1,MIT,11,,,2026-07-09T07:47:57Z,2026-07-09T14:52:50Z,excluded,not screened in,"P3 11 commits on the default branch, below 40"
Monsau/ArcaP,Monsau__ArcaP,https://github.com/Monsau/ArcaP,S2_topic_dbt;S3_code,6,NOASSERTION,25,,,2025-10-16T16:39:24Z,2026-05-20T11:57:09Z,excluded,not screened in,"P3 25 commits on the default branch, below 40"
Montreal-Analytics/dbt-snowflake-utils,Montreal-Analytics__dbt-snowflake-utils,https://github.com/Montreal-Analytics/dbt-snowflake-utils,S3_code,116,Apache-2.0,69,0,1,2020-04-23T17:29:42Z,2024-06-24T13:32:26Z,passed,"extracted, excluded",every sampled commit yielded zero models
MostafaHanii/monitoring-stack,MostafaHanii__monitoring-stack,https://github.com/MostafaHanii/monitoring-stack,S3_code,0,,28,,,2025-11-07T00:48:20Z,2026-02-01T01:14:05Z,excluded,not screened in,"P3 28 commits on the default branch, below 40"
MrSquid0/curso_data_engineering,MrSquid0__curso_data_engineering,https://github.com/MrSquid0/curso_data_engineering,S3_code,0,,50,19,1,2024-11-12T16:13:20Z,2024-12-05T15:41:50Z,excluded,not screened in,"P4 0.7 months between creation and last push, below 12"
MrStacks/aws-dbt-demo,MrStacks__aws-dbt-demo,https://github.com/MrStacks/aws-dbt-demo,S3_code,0,,16,,,2022-03-10T23:46:24Z,2022-03-24T03:13:03Z,excluded,not screened in,"P3 16 commits on the default branch, below 40"
MrSuiChuan/bigdata_learning,MrSuiChuan__bigdata_learning,https://github.com/MrSuiChuan/bigdata_learning,S3_code,71,,282,5,1,2023-03-24T02:00:37Z,2024-05-06T04:32:11Z,passed,"extracted, excluded","only 1 monthly snapshots, below the 12 minimum"
Mridul98/dbt_unit_test_best_practice,Mridul98__dbt_unit_test_best_practice,https://github.com/Mridul98/dbt_unit_test_best_practice,S2_topic_dbt,1,,12,,,2024-06-03T18:36:50Z,2024-06-08T08:14:55Z,excluded,not screened in,"P3 12 commits on the default branch, below 40"
MsnzmT/Spotify-BigData-Streaming,MsnzmT__Spotify-BigData-Streaming,https://github.com/MsnzmT/Spotify-BigData-Streaming,S2_topic_dbt,1,MIT,40,12,1,2025-03-07T18:29:43Z,2025-03-11T23:45:34Z,excluded,not screened in,"P4 0.1 months between creation and last push, below 12"
Multiwoven/multiwoven,Multiwoven__multiwoven,https://github.com/Multiwoven/multiwoven,S2_topic_dbt,1666,AGPL-3.0,1877,0,0,2023-10-20T15:21:26Z,2026-08-05T00:35:50Z,passed,"extracted, excluded",no dbt_project.yml found anywhere on the first-parent history
Muralivivek07/dbt_repo,Muralivivek07__dbt_repo,https://github.com/Muralivivek07/dbt_repo,S3_code,0,,5,,,2024-11-25T10:57:59Z,2024-12-10T11:03:39Z,excluded,not screened in,"P3 5 commits on the default branch, below 40"
MuriloRV/datajoin-airflow,MuriloRV__datajoin-airflow,https://github.com/MuriloRV/datajoin-airflow,S3_code,0,,53,284,4,2026-05-05T14:20:52Z,2026-08-05T00:17:05Z,excluded,not screened in,"P4 3.0 months between creation and last push, below 12"
Musteab/pulseops,Musteab__pulseops,https://github.com/Musteab/pulseops,S2_topic_dbt,2,MIT,39,,,2026-07-28T21:29:52Z,2026-08-02T19:50:47Z,excluded,not screened in,"P3 39 commits on the default branch, below 40"
NADIRHUSSAIN11/azure-medallion-dbt-adf-adb-project,NADIRHUSSAIN11__azure-medallion-dbt-adf-adb-project,https://github.com/NADIRHUSSAIN11/azure-medallion-dbt-adf-adb-project,S3_code,0,,3,,,2024-04-15T17:51:05Z,2024-04-16T17:15:02Z,excluded,not screened in,"P3 3 commits on the default branch, below 40"
NAMAN-CHHEDA/DATA-226-ASSIGNEMNT-7,NAMAN-CHHEDA__DATA-226-ASSIGNEMNT-7,https://github.com/NAMAN-CHHEDA/DATA-226-ASSIGNEMNT-7,S3_code,0,,4,,,2025-11-04T08:49:00Z,2025-11-04T09:27:48Z,excluded,not screened in,"P3 4 commits on the default branch, below 40"
NEENA786/CTS_ANALYTICS_DEV,NEENA786__CTS_ANALYTICS_DEV,https://github.com/NEENA786/CTS_ANALYTICS_DEV,S3_code,0,,5,,,2024-11-25T10:53:45Z,2024-12-10T11:08:37Z,excluded,not screened in,"P3 5 commits on the default branch, below 40"
NIH-NCPI/anvil_dbt_project,NIH-NCPI__anvil_dbt_project,https://github.com/NIH-NCPI/anvil_dbt_project,S3_code,0,,107,544,15,2025-05-05T20:21:21Z,2026-02-26T23:58:05Z,excluded,not screened in,"P4 9.8 months between creation and last push, below 12"
NMathias59/project_warehouse_entreprise,NMathias59__project_warehouse_entreprise,https://github.com/NMathias59/project_warehouse_entreprise,S3_code,1,Apache-2.0,58,511,1,2026-06-05T18:57:19Z,2026-06-16T16:26:15Z,excluded,not screened in,"P4 0.3 months between creation and last push, below 12"
NYCPlanning/anex-summit-2024-demo,NYCPlanning__anex-summit-2024-demo,https://github.com/NYCPlanning/anex-summit-2024-demo,S3_code,2,MIT,42,8,1,2024-10-17T13:31:53Z,2026-02-13T18:30:01Z,passed,"extracted, excluded","only 1 monthly snapshots, below the 12 minimum"
NYCPlanning/data-engineering,NYCPlanning__data-engineering,https://github.com/NYCPlanning/data-engineering,S3_code,43,MIT,2532,603,20,2023-06-02T13:35:32Z,2026-08-03T13:56:55Z,passed,in corpus,
NamNguyen111/GradDataEngineerProject,NamNguyen111__GradDataEngineerProject,https://github.com/NamNguyen111/GradDataEngineerProject,S3_code,0,MIT,24,,,2026-05-15T17:53:31Z,2026-06-24T04:14:38Z,excluded,not screened in,"P3 24 commits on the default branch, below 40"
NamrataJambhulkar/zillow-data-pipeline,NamrataJambhulkar__zillow-data-pipeline,https://github.com/NamrataJambhulkar/zillow-data-pipeline,S3_code,2,,33,,,2025-10-30T09:17:01Z,2025-11-12T09:00:41Z,excluded,not screened in,"P3 33 commits on the default branch, below 40"
Nathnael12/Datawarehouse,Nathnael12__Datawarehouse,https://github.com/Nathnael12/Datawarehouse,S2_topic_dbt,26,MIT,81,7,1,2022-09-21T13:51:31Z,2022-11-12T07:30:51Z,excluded,not screened in,"P4 1.7 months between creation and last push, below 12"
NaveenSrinivas09/QWT_Analytics,NaveenSrinivas09__QWT_Analytics,https://github.com/NaveenSrinivas09/QWT_Analytics,S3_code,0,,27,,,2024-09-11T05:49:29Z,2024-10-01T05:03:44Z,excluded,not screened in,"P3 27 commits on the default branch, below 40"
Nayan2701/EAS550_FintechData,Nayan2701__EAS550_FintechData,https://github.com/Nayan2701/EAS550_FintechData,S3_code,0,,19,,,2026-03-19T23:40:48Z,2026-05-16T01:46:13Z,excluded,not screened in,"P3 19 commits on the default branch, below 40"
Nayskoll/metabase-agent-skills,Nayskoll__metabase-agent-skills,https://github.com/Nayskoll/metabase-agent-skills,S2_topic_dbt,1,MIT,6,,,2026-05-07T13:00:03Z,2026-05-07T13:53:24Z,excluded,not screened in,"P3 6 commits on the default branch, below 40"
NazraJN/Building-a-Data-Warehouse-using-the-Modern-Data-Stack,NazraJN__Building-a-Data-Warehouse-using-the-Modern-Data-Stack,https://github.com/NazraJN/Building-a-Data-Warehouse-using-the-Modern-Data-Stack,S2_topic_dbt,1,,25,,,2025-12-05T20:47:55Z,2026-04-07T09:30:40Z,excluded,not screened in,"P3 25 commits on the default branch, below 40"
Neemba/mdp-jade-piece,Neemba__mdp-jade-piece,https://github.com/Neemba/mdp-jade-piece,S3_code,0,,8,,,2026-03-30T14:29:19Z,2026-07-09T12:34:43Z,excluded,not screened in,"P3 8 commits on the default branch, below 40"
Nerd-Wired/data-analyst-agent,Nerd-Wired__data-analyst-agent,https://github.com/Nerd-Wired/data-analyst-agent,S3_code,0,,1,,,2026-08-02T17:58:52Z,2026-08-02T18:05:24Z,excluded,not screened in,"P3 1 commits on the default branch, below 40"
Nerdward/coinapi_streaming,Nerdward__coinapi_streaming,https://github.com/Nerdward/coinapi_streaming,S2_topic_dbt,2,,8,,,2022-07-03T12:33:24Z,2022-07-07T09:57:10Z,excluded,not screened in,"P3 8 commits on the default branch, below 40"
NiclasOlofsson/dbt-anvil-vscode,NiclasOlofsson__dbt-anvil-vscode,https://github.com/NiclasOlofsson/dbt-anvil-vscode,S2_topic_analytics-engineering;S2_topic_dbt,1,MIT,555,83,3,2026-03-24T12:15:24Z,2026-07-30T15:32:47Z,excluded,not screened in,"P4 4.2 months between creation and last push, below 12"
NiclasOlofsson/dbt-core-mcp,NiclasOlofsson__dbt-core-mcp,https://github.com/NiclasOlofsson/dbt-core-mcp,S2_topic_dbt;S2_topic_dbt-core;S3_code,15,MIT,181,5,1,2025-11-07T00:05:18Z,2026-04-27T02:14:25Z,excluded,not screened in,"P4 5.6 months between creation and last push, below 12"
NiclasOlofsson/sqllens,NiclasOlofsson__sqllens,https://github.com/NiclasOlofsson/sqllens,S2_topic_dbt,2,MIT,923,0,0,2026-06-12T18:36:42Z,2026-07-26T15:43:17Z,excluded,not screened in,"P4 1.4 months between creation and last push, below 12"
Nikhil-Wani/Post-Graduate-Diploma-in-Advanced-Computing-CDAC,Nikhil-Wani__Post-Graduate-Diploma-in-Advanced-Computing-CDAC,https://github.com/Nikhil-Wani/Post-Graduate-Diploma-in-Advanced-Computing-CDAC,S2_topic_dbt,15,,179,0,0,2020-10-19T16:10:01Z,2021-04-29T16:01:26Z,excluded,not screened in,"P4 6.3 months between creation and last push, below 12"
NikitaUrazov123/dbt_debug_clickhouse,NikitaUrazov123__dbt_debug_clickhouse,https://github.com/NikitaUrazov123/dbt_debug_clickhouse,S3_code,0,,4,,,2024-10-31T13:01:24Z,2025-05-29T07:33:45Z,excluded,not screened in,"P3 4 commits on the default branch, below 40"
Nil-VJ/finstack-analytics,Nil-VJ__finstack-analytics,https://github.com/Nil-VJ/finstack-analytics,S3_code,0,MIT,17,,,2026-04-20T06:47:26Z,2026-05-06T14:33:54Z,excluded,not screened in,"P3 17 commits on the default branch, below 40"
NirmalKumar31/airbnb-de-project-aws-dbt-snowflake-airflow-,NirmalKumar31__airbnb-de-project-aws-dbt-snowflake-airflow-,https://github.com/NirmalKumar31/airbnb-de-project-aws-dbt-snowflake-airflow-,S3_code,0,,21,,,2026-05-21T14:23:27Z,2026-07-17T00:02:56Z,excluded,not screened in,"P3 21 commits on the default branch, below 40"
NishantSingh359/Python_Data_Warehouse,NishantSingh359__Python_Data_Warehouse,https://github.com/NishantSingh359/Python_Data_Warehouse,S2_topic_analytics-engineering,1,,116,0,0,2025-12-13T08:36:59Z,2026-07-26T09:28:33Z,excluded,not screened in,"P4 7.4 months between creation and last push, below 12"
Nishanth-G-Palaniswami/census-trade-warehouse,Nishanth-G-Palaniswami__census-trade-warehouse,https://github.com/Nishanth-G-Palaniswami/census-trade-warehouse,S3_code,0,MIT,3,,,2026-07-14T17:36:27Z,2026-07-17T06:58:49Z,excluded,not screened in,"P3 3 commits on the default branch, below 40"
NishthaSharmaFivetran/transformations_demo,NishthaSharmaFivetran__transformations_demo,https://github.com/NishthaSharmaFivetran/transformations_demo,S3_code,0,,3,,,2021-12-21T11:27:27Z,2022-02-10T15:39:29Z,excluded,not screened in,"P3 3 commits on the default branch, below 40"
NomadNome/bio-lakehouse,NomadNome__bio-lakehouse,https://github.com/NomadNome/bio-lakehouse,S2_topic_dbt,1,MIT,85,20,1,2026-02-17T18:10:55Z,2026-07-31T14:33:38Z,excluded,not screened in,"P4 5.4 months between creation and last push, below 12"
Nsm03/data-engineering-wf-internship-case-study,Nsm03__data-engineering-wf-internship-case-study,https://github.com/Nsm03/data-engineering-wf-internship-case-study,S2_topic_analytics-engineering;S2_topic_dbt,1,,18,,,2026-02-21T13:27:13Z,2026-02-21T18:47:03Z,excluded,not screened in,"P3 18 commits on the default branch, below 40"
Nthanh2k3/RetailStoreSales_ELT,Nthanh2k3__RetailStoreSales_ELT,https://github.com/Nthanh2k3/RetailStoreSales_ELT,S3_code,0,,7,,,2025-09-10T10:08:27Z,2025-09-10T10:20:35Z,excluded,not screened in,"P3 7 commits on the default branch, below 40"
OGsiji/airflow-tutorial,OGsiji__airflow-tutorial,https://github.com/OGsiji/airflow-tutorial,S3_code,14,,9,,,2023-12-12T23:14:36Z,2023-12-14T09:43:19Z,excluded,not screened in,"P3 9 commits on the default branch, below 40"
OHDSI/dbt-synthea,OHDSI__dbt-synthea,https://github.com/OHDSI/dbt-synthea,S3_code,40,Apache-2.0,214,87,1,2024-01-04T21:04:03Z,2026-05-22T17:25:53Z,passed,in corpus,
OIDAM98/Personal-health-tracker,OIDAM98__Personal-health-tracker,https://github.com/OIDAM98/Personal-health-tracker,S2_topic_dbt,1,,17,,,2023-04-21T18:38:28Z,2024-02-01T21:56:19Z,excluded,not screened in,"P3 17 commits on the default branch, below 40"
OLAMIDE100/DATAWIZ,OLAMIDE100__DATAWIZ,https://github.com/OLAMIDE100/DATAWIZ,S2_topic_dbt,1,,30,,,2023-09-15T20:55:27Z,2023-09-17T20:17:38Z,excluded,not screened in,"P3 30 commits on the default branch, below 40"
Obsidian-Owl/floe,Obsidian-Owl__floe,https://github.com/Obsidian-Owl/floe,S2_topic_dbt,4,NOASSERTION,263,21,5,2025-12-14T21:29:19Z,2026-05-24T02:46:51Z,excluded,not screened in,"P4 5.3 months between creation and last push, below 12"
OckyDaniel/Project-data,OckyDaniel__Project-data,https://github.com/OckyDaniel/Project-data,S3_code,0,,10,,,2024-06-15T13:56:55Z,2024-06-24T14:24:04Z,excluded,not screened in,"P3 10 commits on the default branch, below 40"
Ofigu/airport-data-pipeline,Ofigu__airport-data-pipeline,https://github.com/Ofigu/airport-data-pipeline,S2_topic_dbt,1,MIT,26,,,2026-01-28T11:39:59Z,2026-02-08T11:41:50Z,excluded,not screened in,"P3 26 commits on the default branch, below 40"
OjongBessongNKONGHO/spark-streaming-pipeline,OjongBessongNKONGHO__spark-streaming-pipeline,https://github.com/OjongBessongNKONGHO/spark-streaming-pipeline,S2_topic_dbt,1,,53,2,1,2026-06-02T17:42:25Z,2026-07-25T16:57:14Z,excluded,not screened in,"P4 1.7 months between creation and last push, below 12"
Ojosticka/ELT_Pipeline_with_Docker,Ojosticka__ELT_Pipeline_with_Docker,https://github.com/Ojosticka/ELT_Pipeline_with_Docker,S3_code,1,,8,,,2025-10-13T01:30:39Z,2025-10-13T18:50:11Z,excluded,not screened in,"P3 8 commits on the default branch, below 40"
OlayaProgramer/DBT_learn_repo,OlayaProgramer__DBT_learn_repo,https://github.com/OlayaProgramer/DBT_learn_repo,S3_code,0,,8,,,2024-07-30T14:45:26Z,2024-10-08T13:11:58Z,excluded,not screened in,"P3 8 commits on the default branch, below 40"
OlehVahurak/BetInsight_Engine,OlehVahurak__BetInsight_Engine,https://github.com/OlehVahurak/BetInsight_Engine,S3_code,0,,5,,,2025-11-24T14:36:40Z,2025-12-16T05:18:12Z,excluded,not screened in,"P3 5 commits on the default branch, below 40"
OmarYahyaa/data-engineering-zoomcamp-2026,OmarYahyaa__data-engineering-zoomcamp-2026,https://github.com/OmarYahyaa/data-engineering-zoomcamp-2026,S2_topic_dbt,1,,75,0,0,2026-01-13T08:19:34Z,2026-01-24T06:45:43Z,excluded,not screened in,"P4 0.3 months between creation and last push, below 12"
OmkarRevankar/dbt_sample_project,OmkarRevankar__dbt_sample_project,https://github.com/OmkarRevankar/dbt_sample_project,S3_code,0,,3,,,2024-07-30T17:00:24Z,2024-07-30T17:25:02Z,excluded,not screened in,"P3 3 commits on the default branch, below 40"
Open-Spellbook/Open-Spellbook-Spark,Open-Spellbook__Open-Spellbook-Spark,https://github.com/Open-Spellbook/Open-Spellbook-Spark,S3_code,0,MIT,2774,1155,1,2023-08-14T21:12:26Z,2023-08-15T17:07:05Z,excluded,not screened in,"P4 0.0 months between creation and last push, below 12"
OpenEnergyPlatform/open-dapro,OpenEnergyPlatform__open-dapro,https://github.com/OpenEnergyPlatform/open-dapro,S2_topic_dbt,2,LGPL-3.0,179,22,1,2023-10-26T13:49:19Z,2024-01-24T13:09:55Z,excluded,not screened in,"P4 2.9 months between creation and last push, below 12"
OpenLineage/compatibility-tests,OpenLineage__compatibility-tests,https://github.com/OpenLineage/compatibility-tests,S3_code,3,,198,3,1,2024-08-19T09:26:24Z,2026-07-28T06:06:06Z,passed,"extracted, excluded","only 1 monthly snapshots, below the 12 minimum"
OpenLineage/metrics,OpenLineage__metrics,https://github.com/OpenLineage/metrics,S3_code,2,,6,,,2021-11-05T21:22:36Z,2021-12-15T05:35:59Z,excluded,not screened in,"P3 6 commits on the default branch, below 40"
OpenSourcePolitics/dbt_decidim,OpenSourcePolitics__dbt_decidim,https://github.com/OpenSourcePolitics/dbt_decidim,S3_code,1,AGPL-3.0,41,24,1,2022-09-09T13:23:22Z,2023-09-11T17:15:10Z,passed,"extracted, excluded","only 3 monthly snapshots, below the 12 minimum"
Opetushallitus/ovara,Opetushallitus__ovara,https://github.com/Opetushallitus/ovara,S3_code,0,NOASSERTION,1242,332,1,2024-02-22T07:22:01Z,2026-08-04T11:42:17Z,passed,in corpus,
Osvajorge/dbt-databricks-retail-data-warehouse,Osvajorge__dbt-databricks-retail-data-warehouse,https://github.com/Osvajorge/dbt-databricks-retail-data-warehouse,S3_code,0,,14,,,2025-08-05T15:52:39Z,2025-08-27T11:47:45Z,excluded,not screened in,"P3 14 commits on the default branch, below 40"
Ousmane-BA100/bigquery-taxi-trips,Ousmane-BA100__bigquery-taxi-trips,https://github.com/Ousmane-BA100/bigquery-taxi-trips,S3_code,0,,2,,,2025-08-19T18:13:53Z,2025-08-19T18:22:37Z,excluded,not screened in,"P3 2 commits on the default branch, below 40"
P7Martand/kuldeep_test_grids,P7Martand__kuldeep_test_grids,https://github.com/P7Martand/kuldeep_test_grids,S3_code,0,,2,,,2025-06-20T07:15:06Z,2025-06-20T10:22:46Z,excluded,not screened in,"P3 2 commits on the default branch, below 40"
PHiZou/recompete-radar,PHiZou__recompete-radar,https://github.com/PHiZou/recompete-radar,S2_topic_analytics-engineering;S2_topic_dbt,1,,14,,,2026-04-24T21:56:17Z,2026-07-27T23:30:36Z,excluded,not screened in,"P3 14 commits on the default branch, below 40"
PJGaetan/dbt-sentry,PJGaetan__dbt-sentry,https://github.com/PJGaetan/dbt-sentry,S3_code,0,MIT,12,,,2024-04-07T21:46:43Z,2025-08-27T17:31:21Z,excluded,not screened in,"P3 12 commits on the default branch, below 40"
PK109/e-commerce-workflow,PK109__e-commerce-workflow,https://github.com/PK109/e-commerce-workflow,S3_code,0,,36,,,2025-02-04T05:54:22Z,2025-04-26T19:34:47Z,excluded,not screened in,"P3 36 commits on the default branch, below 40"
PRQL/dbt-prql,PRQL__dbt-prql,https://github.com/PRQL/dbt-prql,S2_topic_dbt,108,Apache-2.0,99,1,1,2022-05-29T19:24:30Z,2026-07-13T23:01:21Z,passed,"extracted, excluded","only 2 monthly snapshots, below the 12 minimum"
ParryChen/GitlabEDW,ParryChen__GitlabEDW,https://github.com/ParryChen/GitlabEDW,S3_code,0,NOASSERTION,47941,2844,1,2025-10-08T14:40:10Z,2025-10-08T14:45:27Z,excluded,not screened in,"P4 0.0 months between creation and last push, below 12"
Paruhang-Angdembe/SkuSense,Paruhang-Angdembe__SkuSense,https://github.com/Paruhang-Angdembe/SkuSense,S3_code,1,,22,,,2025-05-06T01:10:12Z,2026-04-21T06:07:55Z,excluded,not screened in,"P3 22 commits on the default branch, below 40"
Pashigin/openaq-long-history-elt,Pashigin__openaq-long-history-elt,https://github.com/Pashigin/openaq-long-history-elt,S3_code,0,,3,,,2026-05-03T22:25:45Z,2026-05-03T22:26:03Z,excluded,not screened in,"P3 3 commits on the default branch, below 40"
PaulKov/dpone,PaulKov__dpone,https://github.com/PaulKov/dpone,S3_code,2,Apache-2.0,1455,4,3,2026-06-01T10:48:45Z,2026-08-04T23:15:21Z,excluded,not screened in,"P4 2.1 months between creation and last push, below 12"
PedramNavid/dagster,PedramNavid__dagster,https://github.com/PedramNavid/dagster,S3_code,0,Apache-2.0,26054,188,39,2023-03-08T22:20:40Z,2026-01-01T21:13:16Z,passed,in corpus,
Perfectserve-Analytics/dagster_lb_prisma,Perfectserve-Analytics__dagster_lb_prisma,https://github.com/Perfectserve-Analytics/dagster_lb_prisma,S3_code,0,,21,,,2023-04-26T17:22:22Z,2023-08-03T14:46:24Z,excluded,not screened in,"P3 21 commits on the default branch, below 40"
PeteCastle/League-of-Legends-Analytics,PeteCastle__League-of-Legends-Analytics,https://github.com/PeteCastle/League-of-Legends-Analytics,S2_topic_dbt,11,,24,,,2023-03-26T05:10:16Z,2023-05-07T14:38:36Z,excluded,not screened in,"P3 24 commits on the default branch, below 40"
PeterKLucas/pytemp,PeterKLucas__pytemp,https://github.com/PeterKLucas/pytemp,S3_code,0,,28,,,2021-03-28T21:06:40Z,2025-05-16T14:02:48Z,excluded,not screened in,"P3 28 commits on the default branch, below 40"
Phile14augx/OPC_cerebro_hive,Phile14augx__OPC_cerebro_hive,https://github.com/Phile14augx/OPC_cerebro_hive,S3_code,1,MIT,498,2,1,2026-07-06T14:09:19Z,2026-08-04T17:27:16Z,excluded,not screened in,"P4 1.0 months between creation and last push, below 12"
PhilipLatoza/dbt-tutorial,PhilipLatoza__dbt-tutorial,https://github.com/PhilipLatoza/dbt-tutorial,S3_code,0,,4,,,2021-10-12T18:03:11Z,2021-10-15T22:30:19Z,excluded,not screened in,"P3 4 commits on the default branch, below 40"
PhilippeR-dev/snowdbt.tutorial,PhilippeR-dev__snowdbt.tutorial,https://github.com/PhilippeR-dev/snowdbt.tutorial,S3_code,0,,21,,,2024-01-24T10:40:14Z,2024-07-05T13:42:56Z,excluded,not screened in,"P3 21 commits on the default branch, below 40"
Phoenix-maho/care-home-analytics-prototype,Phoenix-maho__care-home-analytics-prototype,https://github.com/Phoenix-maho/care-home-analytics-prototype,S2_topic_analytics-engineering,1,MIT,3,,,2026-06-30T16:32:42Z,2026-07-28T13:35:27Z,excluded,not screened in,"P3 3 commits on the default branch, below 40"
Phoenix-maho/synthops,Phoenix-maho__synthops,https://github.com/Phoenix-maho/synthops,S2_topic_analytics-engineering,1,NOASSERTION,6,,,2026-07-28T21:10:56Z,2026-07-28T21:19:07Z,excluded,not screened in,"P3 6 commits on the default branch, below 40"
Phongdang12/ELT_dbt_snowflakee,Phongdang12__ELT_dbt_snowflakee,https://github.com/Phongdang12/ELT_dbt_snowflakee,S3_code,0,MIT,3,,,2025-06-25T12:49:04Z,2025-06-25T13:03:14Z,excluded,not screened in,"P3 3 commits on the default branch, below 40"
PicnicSupermarket/dbt-score,PicnicSupermarket__dbt-score,https://github.com/PicnicSupermarket/dbt-score,S2_topic_dbt;S2_topic_dbt-core,245,MIT,142,0,0,2024-02-13T13:42:50Z,2026-08-04T07:13:25Z,passed,"extracted, excluded",no dbt_project.yml found anywhere on the first-parent history
Pirate-Emperor/BigData-Pipeline,Pirate-Emperor__BigData-Pipeline,https://github.com/Pirate-Emperor/BigData-Pipeline,S2_topic_dbt;S2_topic_dbt-core,3,NOASSERTION,90,6,1,2024-11-02T16:15:45Z,2024-11-02T16:24:51Z,excluded,not screened in,"P4 0.0 months between creation and last push, below 12"
PlagueVRC/DBT_API,PlagueVRC__DBT_API,https://github.com/PlagueVRC/DBT_API,S2_topic_dbt,3,MIT,4,,,2023-05-21T14:43:23Z,2023-05-21T19:29:16Z,excluded,not screened in,"P3 4 commits on the default branch, below 40"
PoChun-Hsu/MacShop,PoChun-Hsu__MacShop,https://github.com/PoChun-Hsu/MacShop,S3_code,0,,296,5,1,2025-05-26T14:59:11Z,2026-05-20T04:20:57Z,excluded,not screened in,"P4 11.8 months between creation and last push, below 12"
PohTeyToe/SearchFlow,PohTeyToe__SearchFlow,https://github.com/PohTeyToe/SearchFlow,S2_topic_dbt,2,MIT,100,10,1,2026-01-21T11:55:37Z,2026-04-08T16:45:04Z,excluded,not screened in,"P4 2.5 months between creation and last push, below 12"
PoliticalDog/spotify-dw-dbt,PoliticalDog__spotify-dw-dbt,https://github.com/PoliticalDog/spotify-dw-dbt,S3_code,0,,2,,,2026-03-09T00:28:14Z,2026-03-09T00:36:46Z,excluded,not screened in,"P3 2 commits on the default branch, below 40"
Porte-Bleue/mongo-to-postgres-etl,Porte-Bleue__mongo-to-postgres-etl,https://github.com/Porte-Bleue/mongo-to-postgres-etl,S2_topic_dbt,19,,126,28,1,2022-01-23T18:15:00Z,2025-03-26T12:01:03Z,passed,in corpus,
PostHog/duckgres,PostHog__duckgres,https://github.com/PostHog/duckgres,S3_code,160,MIT,1042,15,2,2025-12-03T20:56:13Z,2026-08-04T22:31:18Z,excluded,not screened in,"P4 8.0 months between creation and last push, below 12"
PowerDAX/modern-data-stack,PowerDAX__modern-data-stack,https://github.com/PowerDAX/modern-data-stack,S3_code,1,,13,,,2025-07-14T14:15:25Z,2025-07-14T14:31:04Z,excluded,not screened in,"P3 13 commits on the default branch, below 40"
Ppius6/ecommerce-analytics-pipeline,Ppius6__ecommerce-analytics-pipeline,https://github.com/Ppius6/ecommerce-analytics-pipeline,S3_code,0,,9,,,2025-06-06T16:16:12Z,2025-10-08T17:33:06Z,excluded,not screened in,"P3 9 commits on the default branch, below 40"
PrajjwalDewangan/olist-ecommerce-analytics,PrajjwalDewangan__olist-ecommerce-analytics,https://github.com/PrajjwalDewangan/olist-ecommerce-analytics,S2_topic_dbt-core,1,,21,,,2026-04-25T04:28:06Z,2026-07-03T18:18:40Z,excluded,not screened in,"P3 21 commits on the default branch, below 40"
PrajwalShekar22/supply-chain-risk-intelligence,PrajwalShekar22__supply-chain-risk-intelligence,https://github.com/PrajwalShekar22/supply-chain-risk-intelligence,S2_topic_dbt,1,,38,,,2026-05-04T23:17:26Z,2026-05-15T18:22:44Z,excluded,not screened in,"P3 38 commits on the default branch, below 40"
Praneshrajan137/dataforge,Praneshrajan137__dataforge,https://github.com/Praneshrajan137/dataforge,S3_code,0,Apache-2.0,176,0,1,2026-04-06T17:05:39Z,2026-08-01T14:59:42Z,excluded,not screened in,"P4 3.8 months between creation and last push, below 12"
Prateek-Main/margin-collateral-engine,Prateek-Main__margin-collateral-engine,https://github.com/Prateek-Main/margin-collateral-engine,S3_code,3,,41,6,1,2026-03-09T11:02:17Z,2026-03-22T18:57:39Z,excluded,not screened in,"P4 0.4 months between creation and last push, below 12"
Pratheeba16/DBT_PostgreSQL,Pratheeba16__DBT_PostgreSQL,https://github.com/Pratheeba16/DBT_PostgreSQL,S3_code,0,,1,,,2025-06-23T03:04:59Z,2025-06-24T04:43:15Z,excluded,not screened in,"P3 1 commits on the default branch, below 40"
Pratibhaa07/snowplow_att_project,Pratibhaa07__snowplow_att_project,https://github.com/Pratibhaa07/snowplow_att_project,S3_code,0,,2,,,2025-06-18T09:33:17Z,2025-06-18T09:37:54Z,excluded,not screened in,"P3 2 commits on the default branch, below 40"
Pratibhaa07/snowplow_ecom_project,Pratibhaa07__snowplow_ecom_project,https://github.com/Pratibhaa07/snowplow_ecom_project,S3_code,0,,2,,,2025-04-17T07:50:53Z,2025-04-17T12:39:01Z,excluded,not screened in,"P3 2 commits on the default branch, below 40"
Pratibhaa07/snowplow_web_project,Pratibhaa07__snowplow_web_project,https://github.com/Pratibhaa07/snowplow_web_project,S3_code,0,,2,,,2025-04-17T07:03:45Z,2025-04-21T07:47:02Z,excluded,not screened in,"P3 2 commits on the default branch, below 40"
Pratibhaa07/test_dbt_snowplow,Pratibhaa07__test_dbt_snowplow,https://github.com/Pratibhaa07/test_dbt_snowplow,S3_code,0,,5,,,2025-03-27T09:55:36Z,2025-04-15T14:34:42Z,excluded,not screened in,"P3 5 commits on the default branch, below 40"
Pratik3c/insurance_pipeline,Pratik3c__insurance_pipeline,https://github.com/Pratik3c/insurance_pipeline,S2_topic_dbt,1,,7,,,2025-10-05T06:41:32Z,2025-10-05T12:24:00Z,excluded,not screened in,"P3 7 commits on the default branch, below 40"
PratikhyaManas/DBT-Snowflake-Airflow-ETL,PratikhyaManas__DBT-Snowflake-Airflow-ETL,https://github.com/PratikhyaManas/DBT-Snowflake-Airflow-ETL,S3_code,0,,8,,,2026-06-28T19:11:53Z,2026-07-20T09:57:59Z,excluded,not screened in,"P3 8 commits on the default branch, below 40"
PraveenPaulJesudossan/modern-data-platform,PraveenPaulJesudossan__modern-data-platform,https://github.com/PraveenPaulJesudossan/modern-data-platform,S2_topic_analytics-engineering;S2_topic_dbt,1,,14,,,2026-03-03T19:53:57Z,2026-03-04T08:42:29Z,excluded,not screened in,"P3 14 commits on the default branch, below 40"
PrefectHQ/canary-flows,PrefectHQ__canary-flows,https://github.com/PrefectHQ/canary-flows,S3_code,2,,21,,,2025-09-04T20:32:15Z,2026-01-22T18:00:25Z,excluded,not screened in,"P3 21 commits on the default branch, below 40"
PriamF/db_final_project,PriamF__db_final_project,https://github.com/PriamF/db_final_project,S3_code,0,,9,,,2024-11-26T14:33:52Z,2024-11-26T18:48:38Z,excluded,not screened in,"P3 9 commits on the default branch, below 40"
Prog-LucasAlves/AED_DBT,Prog-LucasAlves__AED_DBT,https://github.com/Prog-LucasAlves/AED_DBT,S2_topic_dbt-core;S3_code,1,MIT,288,19,1,2025-03-08T21:00:08Z,2025-05-05T19:40:12Z,excluded,not screened in,"P4 1.9 months between creation and last push, below 12"
ProgrammingOperative/elt_with_scalable_data_warehouse,ProgrammingOperative__elt_with_scalable_data_warehouse,https://github.com/ProgrammingOperative/elt_with_scalable_data_warehouse,S2_topic_dbt,2,MIT,84,6,1,2022-07-20T16:06:50Z,2024-02-05T18:34:55Z,passed,"extracted, excluded","only 1 monthly snapshots, below the 12 minimum"
Project-J/athena-facebook-ads,Project-J__athena-facebook-ads,https://github.com/Project-J/athena-facebook-ads,S3_code,0,Apache-2.0,10,,,2021-08-10T07:23:33Z,2021-09-30T07:19:09Z,excluded,not screened in,"P3 10 commits on the default branch, below 40"
Qaladid/sales-analytics-pipeline,Qaladid__sales-analytics-pipeline,https://github.com/Qaladid/sales-analytics-pipeline,S3_code,0,MIT,15,,,2025-03-24T21:45:36Z,2025-04-02T22:11:43Z,excluded,not screened in,"P3 15 commits on the default branch, below 40"
Qbizinc/qbiz-dbt-snowflake,Qbizinc__qbiz-dbt-snowflake,https://github.com/Qbizinc/qbiz-dbt-snowflake,S3_code,0,,7,,,2025-03-27T00:45:03Z,2025-05-21T22:30:07Z,excluded,not screened in,"P3 7 commits on the default branch, below 40"
QuangPham-usf/AeroFlow-Data-Platform,QuangPham-usf__AeroFlow-Data-Platform,https://github.com/QuangPham-usf/AeroFlow-Data-Platform,S3_code,0,MIT,45,10,1,2026-08-04T13:57:01Z,2026-08-04T14:27:53Z,excluded,not screened in,"P4 0.0 months between creation and last push, below 12"
QuangTrinh1612/erp-analytics-platform,QuangTrinh1612__erp-analytics-platform,https://github.com/QuangTrinh1612/erp-analytics-platform,S3_code,1,,63,74,2,2024-09-09T10:58:10Z,2024-11-08T09:55:59Z,excluded,not screened in,"P4 1.9 months between creation and last push, below 12"
QuiTran86/practice-dbt,QuiTran86__practice-dbt,https://github.com/QuiTran86/practice-dbt,S3_code,0,,13,,,2025-04-06T07:11:47Z,2025-04-18T09:43:56Z,excluded,not screened in,"P3 13 commits on the default branch, below 40"
Quocc1/OpenStack,Quocc1__OpenStack,https://github.com/Quocc1/OpenStack,S2_topic_dbt;S3_code,15,,11,,,2024-05-04T05:54:12Z,2026-03-16T15:11:23Z,excluded,not screened in,"P3 11 commits on the default branch, below 40"
RMHogervorst/dbt_postgresql,RMHogervorst__dbt_postgresql,https://github.com/RMHogervorst/dbt_postgresql,S2_topic_dbt,4,,10,,,2021-03-15T16:20:37Z,2021-05-05T14:34:44Z,excluded,not screened in,"P3 10 commits on the default branch, below 40"
RSGDATA/GCMS,RSGDATA__GCMS,https://github.com/RSGDATA/GCMS,S3_code,0,,58,27,1,2025-05-29T00:48:36Z,2026-04-04T18:42:02Z,excluded,not screened in,"P4 10.2 months between creation and last push, below 12"
Rachdyan/mining_permit_dashboard,Rachdyan__mining_permit_dashboard,https://github.com/Rachdyan/mining_permit_dashboard,S3_code,0,,2,,,2026-04-08T05:45:25Z,2026-04-08T05:47:58Z,excluded,not screened in,"P3 2 commits on the default branch, below 40"
RackLabz/NYC_TLC_ETL_PIPELINE,RackLabz__NYC_TLC_ETL_PIPELINE,https://github.com/RackLabz/NYC_TLC_ETL_PIPELINE,S2_topic_analytics-engineering,1,MIT,7,,,2026-02-16T14:46:22Z,2026-02-17T01:43:34Z,excluded,not screened in,"P3 7 commits on the default branch, below 40"
Rafa84/radar_jobs,Rafa84__radar_jobs,https://github.com/Rafa84/radar_jobs,S2_topic_dbt,1,,12,,,2026-04-02T00:13:55Z,2026-06-24T17:10:25Z,excluded,not screened in,"P3 12 commits on the default branch, below 40"
RafaelQSantos-RQS/projeto_airbnb_enginnering_analytics,RafaelQSantos-RQS__projeto_airbnb_enginnering_analytics,https://github.com/RafaelQSantos-RQS/projeto_airbnb_enginnering_analytics,S3_code,0,MIT,70,16,2,2024-04-30T13:20:40Z,2024-04-30T13:23:02Z,excluded,not screened in,"P4 0.0 months between creation and last push, below 12"
Rafo044/cheetsheet,Rafo044__cheetsheet,https://github.com/Rafo044/cheetsheet,S2_topic_dbt,2,,8,,,2024-12-15T19:19:41Z,2025-09-19T19:58:35Z,excluded,not screened in,"P3 8 commits on the default branch, below 40"
RaghavGoyal04/data-pipeline-using-Airflow-dbt-Postgres-and-Superset,RaghavGoyal04__data-pipeline-using-Airflow-dbt-Postgres-and-Superset,https://github.com/RaghavGoyal04/data-pipeline-using-Airflow-dbt-Postgres-and-Superset,S2_topic_dbt,1,,4,,,2025-06-18T20:03:00Z,2025-06-18T20:12:18Z,excluded,not screened in,"P3 4 commits on the default branch, below 40"
Ragoubi57/projet_talan5,Ragoubi57__projet_talan5,https://github.com/Ragoubi57/projet_talan5,S3_code,0,,18,,,2026-02-17T15:54:23Z,2026-02-18T09:34:49Z,excluded,not screened in,"P3 18 commits on the default branch, below 40"
Rahlir/mongo2pq,Rahlir__mongo2pq,https://github.com/Rahlir/mongo2pq,S2_topic_dbt,5,MIT,6,,,2024-01-09T17:58:57Z,2024-05-21T09:11:35Z,excluded,not screened in,"P3 6 commits on the default branch, below 40"
Rahul-Patel321/data-engineering-system-design,Rahul-Patel321__data-engineering-system-design,https://github.com/Rahul-Patel321/data-engineering-system-design,S2_topic_analytics-engineering,1,MIT,114,0,0,2026-07-18T08:42:41Z,2026-07-18T16:29:44Z,excluded,not screened in,"P4 0.0 months between creation and last push, below 12"
RahulPrasad/analytics-engineer-bootcamp,RahulPrasad__analytics-engineer-bootcamp,https://github.com/RahulPrasad/analytics-engineer-bootcamp,S3_code,2,,7,,,2021-12-26T15:17:53Z,2021-12-26T15:18:49Z,excluded,not screened in,"P3 7 commits on the default branch, below 40"
Ramkumar0503/repo1,Ramkumar0503__repo1,https://github.com/Ramkumar0503/repo1,S3_code,0,MIT,79,0,1,2025-01-22T07:03:16Z,2025-07-16T12:07:24Z,excluded,not screened in,"P4 5.7 months between creation and last push, below 12"
RamonaFlores/qversity-data-2025-Cali-JuanJoseAngaritaYela,RamonaFlores__qversity-data-2025-Cali-JuanJoseAngaritaYela,https://github.com/RamonaFlores/qversity-data-2025-Cali-JuanJoseAngaritaYela,S3_code,0,,47,33,1,2025-06-14T01:03:25Z,2025-06-23T18:35:53Z,excluded,not screened in,"P4 0.3 months between creation and last push, below 12"
Ramonalyst/gz-dbt-repository,Ramonalyst__gz-dbt-repository,https://github.com/Ramonalyst/gz-dbt-repository,S3_code,0,,48,15,1,2024-07-25T17:21:53Z,2026-03-19T09:01:36Z,passed,"extracted, excluded","only 1 monthly snapshots, below the 12 minimum"
Ranjiththank/ranjiththankrepo,Ranjiththank__ranjiththankrepo,https://github.com/Ranjiththank/ranjiththankrepo,S3_code,0,,18,,,2024-08-06T15:36:47Z,2026-02-26T03:15:23Z,excluded,not screened in,"P3 18 commits on the default branch, below 40"
RatioPBC/dbt-vertica,RatioPBC__dbt-vertica,https://github.com/RatioPBC/dbt-vertica,S3_code,0,Apache-2.0,183,8,2,2025-12-01T23:45:19Z,2026-06-15T22:20:07Z,excluded,not screened in,"P4 6.4 months between creation and last push, below 12"
Ravieha22/DBT_cloud_demo,Ravieha22__DBT_cloud_demo,https://github.com/Ravieha22/DBT_cloud_demo,S3_code,0,,2,,,2026-04-06T11:35:24Z,2026-04-06T11:38:07Z,excluded,not screened in,"P3 2 commits on the default branch, below 40"
Ravikumar10593-hub/dbt-snowfalkes-project,Ravikumar10593-hub__dbt-snowfalkes-project,https://github.com/Ravikumar10593-hub/dbt-snowfalkes-project,S3_code,5,,9,,,2023-12-28T08:31:13Z,2024-06-19T12:44:58Z,excluded,not screened in,"P3 9 commits on the default branch, below 40"
Rawlsy-py/formatforge,Rawlsy-py__formatforge,https://github.com/Rawlsy-py/formatforge,S2_topic_dbt,1,MIT,30,,,2024-02-23T11:22:12Z,2024-03-02T10:08:35Z,excluded,not screened in,"P3 30 commits on the default branch, below 40"
Ray2010/dagster-85f107250da61655957bbc2111b91df35600a6f3,Ray2010__dagster-85f107250da61655957bbc2111b91df35600a6f3,https://github.com/Ray2010/dagster-85f107250da61655957bbc2111b91df35600a6f3,S3_code,1,Apache-2.0,1,,,2026-02-05T15:04:08Z,2026-02-05T17:06:28Z,excluded,not screened in,"P3 1 commits on the default branch, below 40"
Razaka8/dbt-spark-iceberg,Razaka8__dbt-spark-iceberg,https://github.com/Razaka8/dbt-spark-iceberg,S2_topic_dbt,1,,10,,,2026-04-24T11:29:54Z,2026-07-27T12:14:50Z,excluded,not screened in,"P3 10 commits on the default branch, below 40"
RazanajatovoEddy/projet_local_bike,RazanajatovoEddy__projet_local_bike,https://github.com/RazanajatovoEddy/projet_local_bike,S3_code,0,,11,,,2025-05-22T18:45:55Z,2025-05-27T15:31:57Z,excluded,not screened in,"P3 11 commits on the default branch, below 40"
RedOakStrategic/aws-sample-airflow-dbt,RedOakStrategic__aws-sample-airflow-dbt,https://github.com/RedOakStrategic/aws-sample-airflow-dbt,S3_code,0,,4,,,2026-02-24T03:47:43Z,2026-02-24T21:26:21Z,excluded,not screened in,"P3 4 commits on the default branch, below 40"
RedPillAnalytics/broker-dbt,RedPillAnalytics__broker-dbt,https://github.com/RedPillAnalytics/broker-dbt,S3_code,0,,20,,,2020-06-30T19:00:05Z,2023-06-15T21:08:01Z,excluded,not screened in,"P3 20 commits on the default branch, below 40"
RedPillAnalytics/dbt_coalesce_workshop,RedPillAnalytics__dbt_coalesce_workshop,https://github.com/RedPillAnalytics/dbt_coalesce_workshop,S3_code,4,,19,,,2022-09-13T20:59:36Z,2024-03-26T18:44:31Z,excluded,not screened in,"P3 19 commits on the default branch, below 40"
ReguiguiMohamed/MediterraneanWillForge,ReguiguiMohamed__MediterraneanWillForge,https://github.com/ReguiguiMohamed/MediterraneanWillForge,S2_topic_dbt,2,MIT,195,5,1,2026-04-09T15:29:18Z,2026-08-04T08:53:06Z,excluded,not screened in,"P4 3.8 months between creation and last push, below 12"
Revanthkumar517/aws-cloud-lakehouse-elt-pipeline,Revanthkumar517__aws-cloud-lakehouse-elt-pipeline,https://github.com/Revanthkumar517/aws-cloud-lakehouse-elt-pipeline,S2_topic_dbt,1,,11,,,2026-06-11T01:03:15Z,2026-06-11T16:55:01Z,excluded,not screened in,"P3 11 commits on the default branch, below 40"
Reyazgitwork/credit-risk-dbt-pipeline,Reyazgitwork__credit-risk-dbt-pipeline,https://github.com/Reyazgitwork/credit-risk-dbt-pipeline,S2_topic_dbt,1,,6,,,2026-04-18T17:39:46Z,2026-05-24T19:38:47Z,excluded,not screened in,"P3 6 commits on the default branch, below 40"
Rez99/data-engineering-portfolio,Rez99__data-engineering-portfolio,https://github.com/Rez99/data-engineering-portfolio,S3_code,0,,169,10,2,2026-05-29T15:52:23Z,2026-07-15T15:32:57Z,excluded,not screened in,"P4 1.5 months between creation and last push, below 12"
Richie-Rokka/Enterprise-Revenue-Intelligence-Platform,Richie-Rokka__Enterprise-Revenue-Intelligence-Platform,https://github.com/Richie-Rokka/Enterprise-Revenue-Intelligence-Platform,S2_topic_analytics-engineering,1,,18,,,2026-06-28T21:24:59Z,2026-07-13T18:09:00Z,excluded,not screened in,"P3 18 commits on the default branch, below 40"
RickLeite/dbt-taxi-analytics,RickLeite__dbt-taxi-analytics,https://github.com/RickLeite/dbt-taxi-analytics,S2_topic_dbt,5,,13,,,2023-02-28T00:35:55Z,2023-03-07T13:06:47Z,excluded,not screened in,"P3 13 commits on the default branch, below 40"
Riddars/DBT_TUTOR,Riddars__DBT_TUTOR,https://github.com/Riddars/DBT_TUTOR,S3_code,0,,3,,,2025-06-04T12:39:36Z,2025-06-05T09:33:03Z,excluded,not screened in,"P3 3 commits on the default branch, below 40"
Rimsha-Bashir/GHG-Emissions-Analytics-Pipeline,Rimsha-Bashir__GHG-Emissions-Analytics-Pipeline,https://github.com/Rimsha-Bashir/GHG-Emissions-Analytics-Pipeline,S2_topic_dbt,2,,153,7,1,2025-03-05T21:50:21Z,2025-04-08T12:40:00Z,excluded,not screened in,"P4 1.1 months between creation and last push, below 12"
RishiSankineni/phdata-dbt-capstone-2026,RishiSankineni__phdata-dbt-capstone-2026,https://github.com/RishiSankineni/phdata-dbt-capstone-2026,S2_topic_dbt;S2_topic_dbt-project,1,,6,,,2026-06-30T22:50:04Z,2026-06-30T23:43:06Z,excluded,not screened in,"P3 6 commits on the default branch, below 40"
Ritik574-coder/dbt_learning_project,Ritik574-coder__dbt_learning_project,https://github.com/Ritik574-coder/dbt_learning_project,S2_topic_dbt;S2_topic_dbt-core,1,MIT,169,28,1,2026-05-01T04:44:40Z,2026-06-06T07:31:57Z,excluded,not screened in,"P4 1.2 months between creation and last push, below 12"
RoboFinSystems/robosystems,RoboFinSystems__robosystems,https://github.com/RoboFinSystems/robosystems,S2_topic_dbt,20,Apache-2.0,3674,19,1,2025-08-10T20:37:56Z,2026-08-05T00:55:06Z,excluded,not screened in,"P4 11.8 months between creation and last push, below 12"
Rohianon/awesome-analytics-engineering,Rohianon__awesome-analytics-engineering,https://github.com/Rohianon/awesome-analytics-engineering,S2_topic_analytics-engineering;S2_topic_dbt,3,MIT,3,,,2026-02-22T22:31:01Z,2026-02-22T23:21:59Z,excluded,not screened in,"P3 3 commits on the default branch, below 40"
RomanBrick/clinical-los-radar,RomanBrick__clinical-los-radar,https://github.com/RomanBrick/clinical-los-radar,S2_topic_dbt,1,,4,,,2026-06-19T19:54:24Z,2026-06-19T20:36:47Z,excluded,not screened in,"P3 4 commits on the default branch, below 40"
Romeo-Gumayagay/enterprise-etl-pipeline,Romeo-Gumayagay__enterprise-etl-pipeline,https://github.com/Romeo-Gumayagay/enterprise-etl-pipeline,S2_topic_dbt,1,,2,,,2025-12-17T18:50:33Z,2025-12-17T19:01:35Z,excluded,not screened in,"P3 2 commits on the default branch, below 40"
RuchikaChaurasia/dbt-analytics-modeling,RuchikaChaurasia__dbt-analytics-modeling,https://github.com/RuchikaChaurasia/dbt-analytics-modeling,S2_topic_analytics-engineering;S2_topic_dbt,1,,3,,,2025-10-30T02:58:30Z,2025-10-30T23:41:10Z,excluded,not screened in,"P3 3 commits on the default branch, below 40"
RuchikaChaurasia/stocks-end-to-end-analytics-pipeline,RuchikaChaurasia__stocks-end-to-end-analytics-pipeline,https://github.com/RuchikaChaurasia/stocks-end-to-end-analytics-pipeline,S2_topic_analytics-engineering;S2_topic_dbt,1,,17,,,2026-01-02T02:29:47Z,2026-01-02T21:43:13Z,excluded,not screened in,"P3 17 commits on the default branch, below 40"
RudraTyagi1135/analytics-and-visualization-systems,RudraTyagi1135__analytics-and-visualization-systems,https://github.com/RudraTyagi1135/analytics-and-visualization-systems,S2_topic_analytics-engineering,1,,2,,,2026-05-22T13:14:15Z,2026-05-24T13:03:44Z,excluded,not screened in,"P3 2 commits on the default branch, below 40"
S-Sangha/dbt_order_costs,S-Sangha__dbt_order_costs,https://github.com/S-Sangha/dbt_order_costs,S3_code,0,,2,,,2024-11-19T01:47:35Z,2024-11-19T02:28:25Z,excluded,not screened in,"P3 2 commits on the default branch, below 40"
SA01/dbt-tutorial,SA01__dbt-tutorial,https://github.com/SA01/dbt-tutorial,S2_topic_dbt,7,,2,,,2023-07-06T22:03:23Z,2024-10-25T06:39:23Z,excluded,not screened in,"P3 2 commits on the default branch, below 40"
SANDAG/calibviz-pipeline,SANDAG__calibviz-pipeline,https://github.com/SANDAG/calibviz-pipeline,S3_code,0,,144,67,1,2025-10-07T21:19:10Z,2026-08-01T00:04:15Z,excluded,not screened in,"P4 9.8 months between creation and last push, below 12"
SAP-samples/dbt-sap-hana-cloud,SAP-samples__dbt-sap-hana-cloud,https://github.com/SAP-samples/dbt-sap-hana-cloud,S2_topic_dbt;S3_code,7,Apache-2.0,34,,,2024-11-28T08:44:02Z,2026-05-28T07:12:11Z,excluded,not screened in,"P3 34 commits on the default branch, below 40"
SAndrade2209/paysim-fraud-analytics-platform,SAndrade2209__paysim-fraud-analytics-platform,https://github.com/SAndrade2209/paysim-fraud-analytics-platform,S3_code,0,,23,,,2026-04-21T12:40:49Z,2026-05-05T14:12:16Z,excluded,not screened in,"P3 23 commits on the default branch, below 40"
SEMP/integracion-de-datos-tarea5,SEMP__integracion-de-datos-tarea5,https://github.com/SEMP/integracion-de-datos-tarea5,S3_code,0,,58,15,2,2026-04-03T17:21:04Z,2026-04-12T04:25:56Z,excluded,not screened in,"P4 0.3 months between creation and last push, below 12"
SENTUstudio/analisisdatospython,SENTUstudio__analisisdatospython,https://github.com/SENTUstudio/analisisdatospython,S3_code,0,,4,,,2024-01-09T09:36:58Z,2024-01-09T10:50:18Z,excluded,not screened in,"P3 4 commits on the default branch, below 40"
SQLAnvil/sqlanvil,SQLAnvil__sqlanvil,https://github.com/SQLAnvil/sqlanvil,S2_topic_analytics-engineering,1,Apache-2.0,2306,0,0,2026-05-25T18:04:38Z,2026-08-03T00:00:52Z,excluded,not screened in,"P4 2.3 months between creation and last push, below 12"
SQLMesh/sqlmesh,SQLMesh__sqlmesh,https://github.com/SQLMesh/sqlmesh,S2_topic_dbt,3233,Apache-2.0,4657,37,11,2022-09-23T16:28:39Z,2026-08-04T05:44:58Z,passed,in corpus,
SSSCLASS205/OLIST-ecommerce,SSSCLASS205__OLIST-ecommerce,https://github.com/SSSCLASS205/OLIST-ecommerce,S3_code,0,,24,,,2026-05-28T14:20:34Z,2026-07-05T15:15:17Z,excluded,not screened in,"P3 24 commits on the default branch, below 40"
SULEKHAPS/Data-Analysis-DigitalXC,SULEKHAPS__Data-Analysis-DigitalXC,https://github.com/SULEKHAPS/Data-Analysis-DigitalXC,S3_code,0,,38,,,2025-03-09T15:13:43Z,2025-03-09T18:10:51Z,excluded,not screened in,"P3 38 commits on the default branch, below 40"
SUM156/customer-churn-prediction,SUM156__customer-churn-prediction,https://github.com/SUM156/customer-churn-prediction,S2_topic_analytics-engineering,1,,1,,,2026-07-15T18:44:29Z,2026-07-15T18:45:57Z,excluded,not screened in,"P3 1 commits on the default branch, below 40"
SVamseekar/workforceguardai,SVamseekar__workforceguardai,https://github.com/SVamseekar/workforceguardai,S2_topic_dbt,1,,184,31,1,2026-05-05T10:14:38Z,2026-08-03T00:37:34Z,excluded,not screened in,"P4 2.9 months between creation and last push, below 12"
Sachin-Thakur/dbt-vertica-3x,Sachin-Thakur__dbt-vertica-3x,https://github.com/Sachin-Thakur/dbt-vertica-3x,S3_code,0,MIT,5,,,2022-10-07T06:35:01Z,2023-01-13T07:38:24Z,excluded,not screened in,"P3 5 commits on the default branch, below 40"
Saicharan00/AWS-DBT-SNOWFLAKE-Project,Saicharan00__AWS-DBT-SNOWFLAKE-Project,https://github.com/Saicharan00/AWS-DBT-SNOWFLAKE-Project,S3_code,0,,7,,,2026-01-04T21:20:14Z,2026-01-09T01:30:05Z,excluded,not screened in,"P3 7 commits on the default branch, below 40"
SakshiBejagmwar/ecommerce-etl-pipeline,SakshiBejagmwar__ecommerce-etl-pipeline,https://github.com/SakshiBejagmwar/ecommerce-etl-pipeline,S3_code,0,,42,0,1,2026-07-03T09:44:43Z,2026-07-17T08:53:42Z,excluded,not screened in,"P4 0.4 months between creation and last push, below 12"
Sam-Ny/modular-data-modeling-dbt,Sam-Ny__modular-data-modeling-dbt,https://github.com/Sam-Ny/modular-data-modeling-dbt,S2_topic_analytics-engineering;S2_topic_dbt,1,MIT,8,,,2026-04-27T16:40:19Z,2026-05-02T08:09:59Z,excluded,not screened in,"P3 8 commits on the default branch, below 40"
Sam-Ny/snowflake-supply-chain-analytics,Sam-Ny__snowflake-supply-chain-analytics,https://github.com/Sam-Ny/snowflake-supply-chain-analytics,S2_topic_dbt,1,MIT,18,,,2026-04-29T07:16:13Z,2026-05-02T08:35:59Z,excluded,not screened in,"P3 18 commits on the default branch, below 40"
SamDewriter/DataEngineering-DataWarehouse,SamDewriter__DataEngineering-DataWarehouse,https://github.com/SamDewriter/DataEngineering-DataWarehouse,S2_topic_dbt,1,,19,,,2021-09-22T11:08:45Z,2022-02-21T16:09:27Z,excluded,not screened in,"P3 19 commits on the default branch, below 40"
SameC137/SensorDataELT,SameC137__SensorDataELT,https://github.com/SameC137/SensorDataELT,S2_topic_dbt,1,,13,,,2021-09-21T09:30:56Z,2021-09-28T18:29:28Z,excluded,not screened in,"P3 13 commits on the default branch, below 40"
Samox/dbt_dummy_project,Samox__dbt_dummy_project,https://github.com/Samox/dbt_dummy_project,S3_code,0,,6,,,2023-09-27T15:09:48Z,2023-12-26T08:19:02Z,excluded,not screened in,"P3 6 commits on the default branch, below 40"
SanketSatishShelke/target-discovery-copilot,SanketSatishShelke__target-discovery-copilot,https://github.com/SanketSatishShelke/target-discovery-copilot,S2_topic_dbt,1,MIT,24,,,2026-05-01T20:03:53Z,2026-05-30T20:28:49Z,excluded,not screened in,"P3 24 commits on the default branch, below 40"
Sapiens-Solutions-Co/DBT,Sapiens-Solutions-Co__DBT,https://github.com/Sapiens-Solutions-Co/DBT,S3_code,9,,3,,,2025-06-30T12:37:54Z,2025-06-30T16:30:05Z,excluded,not screened in,"P3 3 commits on the default branch, below 40"
SaraZarei/cross-brand-marketing-lakehouse-aws-bigquery-dbt-airflow,SaraZarei__cross-brand-marketing-lakehouse-aws-bigquery-dbt-airflow,https://github.com/SaraZarei/cross-brand-marketing-lakehouse-aws-bigquery-dbt-airflow,S2_topic_dbt,1,,4,,,2026-05-16T18:20:55Z,2026-05-18T18:42:22Z,excluded,not screened in,"P3 4 commits on the default branch, below 40"
SaraZarei/ecommerce-orders-canonical-dbt-bigquery-pipeline,SaraZarei__ecommerce-orders-canonical-dbt-bigquery-pipeline,https://github.com/SaraZarei/ecommerce-orders-canonical-dbt-bigquery-pipeline,S2_topic_dbt,1,,1,,,2026-05-17T07:50:33Z,2026-05-17T07:55:22Z,excluded,not screened in,"P3 1 commits on the default branch, below 40"
SarahDelgadoMartin/curso_data_engineering,SarahDelgadoMartin__curso_data_engineering,https://github.com/SarahDelgadoMartin/curso_data_engineering,S3_code,2,NOASSERTION,88,44,1,2025-04-29T16:19:47Z,2025-06-09T08:22:34Z,excluded,not screened in,"P4 1.3 months between creation and last push, below 12"
SarahMcCoy/Zelda-Tears-of-the-Kingdom---ETL-project,SarahMcCoy__Zelda-Tears-of-the-Kingdom---ETL-project,https://github.com/SarahMcCoy/Zelda-Tears-of-the-Kingdom---ETL-project,S2_topic_analytics-engineering,1,,9,,,2026-02-25T14:05:37Z,2026-03-04T13:09:08Z,excluded,not screened in,"P3 9 commits on the default branch, below 40"
SaranrajK/snowflake-dbt-repo,SaranrajK__snowflake-dbt-repo,https://github.com/SaranrajK/snowflake-dbt-repo,S3_code,0,,3,,,2024-09-09T06:30:56Z,2024-09-09T09:36:08Z,excluded,not screened in,"P3 3 commits on the default branch, below 40"
Sarocyber01/DataFlowX-Batch-Analytics-Pipeline,Sarocyber01__DataFlowX-Batch-Analytics-Pipeline,https://github.com/Sarocyber01/DataFlowX-Batch-Analytics-Pipeline,S3_code,0,,4,,,2026-06-28T06:58:42Z,2026-07-05T11:12:15Z,excluded,not screened in,"P3 4 commits on the default branch, below 40"
SaschaDittmann/ai-driven-data-engineering,SaschaDittmann__ai-driven-data-engineering,https://github.com/SaschaDittmann/ai-driven-data-engineering,S3_code,0,MIT,51,16,2,2026-03-06T09:48:22Z,2026-07-09T22:44:16Z,excluded,not screened in,"P4 4.1 months between creation and last push, below 12"
Savepeter2/voice_ai_analytics,Savepeter2__voice_ai_analytics,https://github.com/Savepeter2/voice_ai_analytics,S3_code,0,,9,,,2026-01-16T15:37:35Z,2026-01-18T12:27:35Z,excluded,not screened in,"P3 9 commits on the default branch, below 40"
Savezhanov/improvado_test_task,Savezhanov__improvado_test_task,https://github.com/Savezhanov/improvado_test_task,S3_code,0,,19,,,2024-09-11T20:14:00Z,2024-09-12T20:47:56Z,excluded,not screened in,"P3 19 commits on the default branch, below 40"
ScalefreeCOM/datavault4dbt,ScalefreeCOM__datavault4dbt,https://github.com/ScalefreeCOM/datavault4dbt,S2_topic_dbt;S3_code,198,Apache-2.0,1372,0,1,2022-07-05T13:35:55Z,2026-08-04T14:20:23Z,passed,"extracted, excluded","only 1 monthly snapshots, below the 12 minimum"
ScalefreeCOM/dbt_salesforce_analytics_vault,ScalefreeCOM__dbt_salesforce_analytics_vault,https://github.com/ScalefreeCOM/dbt_salesforce_analytics_vault,S2_topic_dbt;S2_topic_dbt-core,2,Apache-2.0,12,,,2026-03-27T08:52:15Z,2026-08-04T13:27:03Z,excluded,not screened in,"P3 12 commits on the default branch, below 40"
Sciance-Inc/core.dashboards_store,Sciance-Inc__core.dashboards_store,https://github.com/Sciance-Inc/core.dashboards_store,S3_code,2,AGPL-3.0,796,223,3,2023-05-18T13:27:46Z,2026-08-04T21:42:01Z,passed,in corpus,
Seakty/EcomBI,Seakty__EcomBI,https://github.com/Seakty/EcomBI,S3_code,0,,1,,,2026-05-18T05:20:54Z,2026-05-18T05:33:56Z,excluded,not screened in,"P3 1 commits on the default branch, below 40"
SeanWoolBHN/bhn_dbt,SeanWoolBHN__bhn_dbt,https://github.com/SeanWoolBHN/bhn_dbt,S3_code,0,,57,145,1,2026-05-12T22:36:43Z,2026-08-04T06:51:07Z,excluded,not screened in,"P4 2.7 months between creation and last push, below 12"
SeattleSlough/coco-mrr-workflow-demo,SeattleSlough__coco-mrr-workflow-demo,https://github.com/SeattleSlough/coco-mrr-workflow-demo,S3_code,0,,5,,,2026-07-28T19:58:44Z,2026-07-29T03:51:50Z,excluded,not screened in,"P3 5 commits on the default branch, below 40"
Seblao/DBT,Seblao__DBT,https://github.com/Seblao/DBT,S3_code,0,,5,,,2025-07-07T13:02:51Z,2025-07-08T12:25:04Z,excluded,not screened in,"P3 5 commits on the default branch, below 40"
Senvil9/payment-shield,Senvil9__payment-shield,https://github.com/Senvil9/payment-shield,S3_code,0,,1,,,2026-04-22T03:10:12Z,2026-04-22T03:24:41Z,excluded,not screened in,"P3 1 commits on the default branch, below 40"
SergeyShurygin/dbt-tutorial,SergeyShurygin__dbt-tutorial,https://github.com/SergeyShurygin/dbt-tutorial,S3_code,0,,6,,,2021-05-12T13:58:38Z,2021-05-14T14:21:22Z,excluded,not screened in,"P3 6 commits on the default branch, below 40"
Sergii-7/data-platform,Sergii-7__data-platform,https://github.com/Sergii-7/data-platform,S3_code,0,,5,,,2025-11-29T19:36:58Z,2025-11-30T14:21:01Z,excluded,not screened in,"P3 5 commits on the default branch, below 40"
Sergo448/dwh-project-test,Sergo448__dwh-project-test,https://github.com/Sergo448/dwh-project-test,S3_code,0,,3,,,2025-10-09T20:53:52Z,2025-10-09T23:15:03Z,excluded,not screened in,"P3 3 commits on the default branch, below 40"
Seyyed-Reza-Mashhadi/OLIST_Project,Seyyed-Reza-Mashhadi__OLIST_Project,https://github.com/Seyyed-Reza-Mashhadi/OLIST_Project,S2_topic_dbt;S2_topic_dbt-core,1,,102,25,1,2025-10-26T10:46:37Z,2025-12-21T18:50:18Z,excluded,not screened in,"P4 1.8 months between creation and last push, below 12"
Shandeep-Raula/Building-a-Unified-Analytics-Layer-for-E-commerce-using-Medallion-Architecture,Shandeep-Raula__Building-a-Unified-Analytics-Layer-for-E-commerce-using-Medallion-Architecture,https://github.com/Shandeep-Raula/Building-a-Unified-Analytics-Layer-for-E-commerce-using-Medallion-Architecture,S3_code,0,,6,,,2026-03-26T15:15:28Z,2026-03-27T12:00:34Z,excluded,not screened in,"P3 6 commits on the default branch, below 40"
Shandeep-Raula/End-to-End-eCommerce-Analytics-Engineering-using-DBT-on-Databricks-with-Medallion-Architecture,Shandeep-Raula__End-to-End-eCommerce-Analytics-Engineering-using-DBT-on-Databricks-with-Medallion-Architecture,https://github.com/Shandeep-Raula/End-to-End-eCommerce-Analytics-Engineering-using-DBT-on-Databricks-with-Medallion-Architecture,S2_topic_dbt-core;S2_topic_dbt-project,1,,5,,,2026-03-30T17:17:31Z,2026-04-04T16:00:13Z,excluded,not screened in,"P3 5 commits on the default branch, below 40"
Shandeep-Raula/Hospitality-Analytics-Pipeline-using-Snowflake-and-dbt-Medallion-Architecture,Shandeep-Raula__Hospitality-Analytics-Pipeline-using-Snowflake-and-dbt-Medallion-Architecture,https://github.com/Shandeep-Raula/Hospitality-Analytics-Pipeline-using-Snowflake-and-dbt-Medallion-Architecture,S2_topic_dbt;S2_topic_dbt-core,1,,17,,,2026-03-22T17:36:26Z,2026-07-04T18:28:35Z,excluded,not screened in,"P3 17 commits on the default branch, below 40"
Shandeep-Raula/Netflix-Data-Analytics-Pipeline-DBT-databuildtool-,Shandeep-Raula__Netflix-Data-Analytics-Pipeline-DBT-databuildtool-,https://github.com/Shandeep-Raula/Netflix-Data-Analytics-Pipeline-DBT-databuildtool-,S2_topic_dbt,1,,8,,,2025-06-20T13:14:18Z,2026-07-15T17:43:10Z,excluded,not screened in,"P3 8 commits on the default branch, below 40"
Shankarkk/mortgage-psdt,Shankarkk__mortgage-psdt,https://github.com/Shankarkk/mortgage-psdt,S3_code,1,,33,,,2025-05-27T03:01:32Z,2025-08-13T16:16:02Z,excluded,not screened in,"P3 33 commits on the default branch, below 40"
Shelrothman/grapes_mobile,Shelrothman__grapes_mobile,https://github.com/Shelrothman/grapes_mobile,S2_topic_dbt,2,MIT,267,0,0,2023-06-26T21:15:59Z,2024-03-30T22:50:59Z,excluded,not screened in,"P4 9.1 months between creation and last push, below 12"
Shiqarno/airflow-pet-project,Shiqarno__airflow-pet-project,https://github.com/Shiqarno/airflow-pet-project,S3_code,0,MIT,6,,,2025-04-29T12:48:22Z,2025-05-16T11:37:01Z,excluded,not screened in,"P3 6 commits on the default branch, below 40"
Shubham-Bhoskar/newDbt,Shubham-Bhoskar__newDbt,https://github.com/Shubham-Bhoskar/newDbt,S3_code,0,,1,,,2025-06-11T11:32:04Z,2025-06-12T09:57:43Z,excluded,not screened in,"P3 1 commits on the default branch, below 40"
ShubhamGupta505/dbs_airbyte_s3,ShubhamGupta505__dbs_airbyte_s3,https://github.com/ShubhamGupta505/dbs_airbyte_s3,S3_code,0,NOASSERTION,8,,,2023-07-13T09:42:32Z,2023-07-13T10:08:13Z,excluded,not screened in,"P3 8 commits on the default branch, below 40"
Sidi4PF/projet_dvf,Sidi4PF__projet_dvf,https://github.com/Sidi4PF/projet_dvf,S2_topic_dbt-core,1,,16,,,2026-01-17T21:43:41Z,2026-04-06T14:41:54Z,excluded,not screened in,"P3 16 commits on the default branch, below 40"
SignalPilot-Labs/AutoFyn,SignalPilot-Labs__AutoFyn,https://github.com/SignalPilot-Labs/AutoFyn,S2_topic_dbt,99,NOASSERTION,836,0,0,2026-04-03T18:46:01Z,2026-08-04T16:11:25Z,excluded,not screened in,"P4 4.0 months between creation and last push, below 12"
SignalPilot-Labs/eval-repos,SignalPilot-Labs__eval-repos,https://github.com/SignalPilot-Labs/eval-repos,S3_code,0,,5,,,2026-07-14T17:06:54Z,2026-07-14T18:30:31Z,excluded,not screened in,"P3 5 commits on the default branch, below 40"
SilverPeak2299/dbt_gen_demo01,SilverPeak2299__dbt_gen_demo01,https://github.com/SilverPeak2299/dbt_gen_demo01,S3_code,0,,2,,,2026-04-21T00:55:59Z,2026-04-21T01:00:12Z,excluded,not screened in,"P3 2 commits on the default branch, below 40"
Simonwafula/Next_step,Simonwafula__Next_step,https://github.com/Simonwafula/Next_step,S3_code,0,,194,2,1,2025-08-17T20:06:57Z,2026-05-27T04:50:56Z,excluded,not screened in,"P4 9.3 months between creation and last push, below 12"
Simplon-DE-P1-2025/nyc-taxi-irregular-croppers,Simplon-DE-P1-2025__nyc-taxi-irregular-croppers,https://github.com/Simplon-DE-P1-2025/nyc-taxi-irregular-croppers,S3_code,0,,115,5,1,2026-06-01T11:30:35Z,2026-06-05T00:10:33Z,excluded,not screened in,"P4 0.1 months between creation and last push, below 12"
SingularlyAI/airbyte,SingularlyAI__airbyte,https://github.com/SingularlyAI/airbyte,S3_code,0,NOASSERTION,10329,0,9,2023-03-15T16:28:01Z,2023-03-15T16:41:36Z,excluded,not screened in,"P4 0.0 months between creation and last push, below 12"
Sioncoolwijk/dbtlearn,Sioncoolwijk__dbtlearn,https://github.com/Sioncoolwijk/dbtlearn,S3_code,0,,7,,,2024-09-03T12:13:26Z,2024-09-03T12:35:51Z,excluded,not screened in,"P3 7 commits on the default branch, below 40"
SissiFeng/ot2_piloting,SissiFeng__ot2_piloting,https://github.com/SissiFeng/ot2_piloting,S3_code,0,,33,,,2025-02-12T11:56:01Z,2025-03-06T13:01:19Z,excluded,not screened in,"P3 33 commits on the default branch, below 40"
SithHades/dbt-tutorial-course,SithHades__dbt-tutorial-course,https://github.com/SithHades/dbt-tutorial-course,S3_code,0,,12,,,2024-01-15T11:51:28Z,2024-01-16T16:14:42Z,excluded,not screened in,"P3 12 commits on the default branch, below 40"
Sivaprabakaran-V/enterprise-itgc-monitoring,Sivaprabakaran-V__enterprise-itgc-monitoring,https://github.com/Sivaprabakaran-V/enterprise-itgc-monitoring,S3_code,0,,20,,,2026-03-16T15:07:35Z,2026-03-16T16:57:05Z,excluded,not screened in,"P3 20 commits on the default branch, below 40"
SlateGitOrg/lakehouse-quality-gate,SlateGitOrg__lakehouse-quality-gate,https://github.com/SlateGitOrg/lakehouse-quality-gate,S3_code,0,MIT,1,,,2026-07-17T04:27:15Z,2026-07-17T04:27:18Z,excluded,not screened in,"P3 1 commits on the default branch, below 40"
Snehabankapalli/data-engineering-claude-skills,Snehabankapalli__data-engineering-claude-skills,https://github.com/Snehabankapalli/data-engineering-claude-skills,S2_topic_dbt,1,MIT,4,,,2026-03-16T18:44:15Z,2026-04-17T03:17:26Z,excluded,not screened in,"P3 4 commits on the default branch, below 40"
Snehiths19/proj_Bigquery_Amp,Snehiths19__proj_Bigquery_Amp,https://github.com/Snehiths19/proj_Bigquery_Amp,S3_code,0,MIT,50,12,1,2024-12-08T22:22:16Z,2026-05-11T02:04:57Z,passed,"extracted, excluded","only 2 monthly snapshots, below the 12 minimum"
SnowfDBT/snowflake-dbt-repo,SnowfDBT__snowflake-dbt-repo,https://github.com/SnowfDBT/snowflake-dbt-repo,S3_code,0,,3,,,2025-06-25T05:47:08Z,2025-06-26T09:53:47Z,excluded,not screened in,"P3 3 commits on the default branch, below 40"
Snowflake-Labs/dbt_constraints,Snowflake-Labs__dbt_constraints,https://github.com/Snowflake-Labs/dbt_constraints,S3_code,177,Apache-2.0,220,0,1,2022-03-17T12:54:10Z,2026-05-28T19:15:12Z,passed,"extracted, excluded",every sampled commit yielded zero models
Snowflake-Labs/sf-samples,Snowflake-Labs__sf-samples,https://github.com/Snowflake-Labs/sf-samples,S3_code,279,Apache-2.0,309,72,1,2021-08-04T15:04:56Z,2026-07-30T17:25:18Z,passed,"extracted, excluded","only 1 monthly snapshots, below the 12 minimum"
Snowflake-Labs/sfguide-deploying-pipelines-with-snowflake-and-dbt-labs,Snowflake-Labs__sfguide-deploying-pipelines-with-snowflake-and-dbt-labs,https://github.com/Snowflake-Labs/sfguide-deploying-pipelines-with-snowflake-and-dbt-labs,S3_code,7,Apache-2.0,6,,,2025-03-11T12:45:15Z,2025-03-12T13:40:29Z,excluded,not screened in,"P3 6 commits on the default branch, below 40"
Snowflake-Labs/unified-data-stack-for-incident-management,Snowflake-Labs__unified-data-stack-for-incident-management,https://github.com/Snowflake-Labs/unified-data-stack-for-incident-management,S3_code,9,,204,12,1,2025-09-23T02:10:42Z,2026-04-20T17:06:55Z,excluded,not screened in,"P4 6.9 months between creation and last push, below 12"
Sofiaanjum/snowflake_project,Sofiaanjum__snowflake_project,https://github.com/Sofiaanjum/snowflake_project,S3_code,0,,3,,,2024-10-07T03:57:37Z,2024-10-09T15:21:51Z,excluded,not screened in,"P3 3 commits on the default branch, below 40"
Som-Energia/pydata-bcn-dbt-fal,Som-Energia__pydata-bcn-dbt-fal,https://github.com/Som-Energia/pydata-bcn-dbt-fal,S3_code,5,,86,3,1,2023-04-19T07:04:08Z,2023-06-15T10:02:33Z,excluded,not screened in,"P4 1.9 months between creation and last push, below 12"
Som-Energia/somenergia-jardiner,Som-Energia__somenergia-jardiner,https://github.com/Som-Energia/somenergia-jardiner,S3_code,4,GPL-3.0,472,168,1,2022-10-10T12:32:33Z,2025-01-13T09:52:15Z,passed,in corpus,
SouravRoy-ETL/Talend-to-DBT-DuckDB-TempralIO-Agent,SouravRoy-ETL__Talend-to-DBT-DuckDB-TempralIO-Agent,https://github.com/SouravRoy-ETL/Talend-to-DBT-DuckDB-TempralIO-Agent,S2_topic_dbt,1,MIT,13,,,2026-02-11T15:16:57Z,2026-02-11T16:10:45Z,excluded,not screened in,"P3 13 commits on the default branch, below 40"
SouravRoy-ETL/taldbt,SouravRoy-ETL__taldbt,https://github.com/SouravRoy-ETL/taldbt,S2_topic_dbt,1,,14,,,2026-03-16T15:09:22Z,2026-03-19T17:00:12Z,excluded,not screened in,"P3 14 commits on the default branch, below 40"
Sowdeshwar-99/airbnb-dbt-snowflake-pipeline,Sowdeshwar-99__airbnb-dbt-snowflake-pipeline,https://github.com/Sowdeshwar-99/airbnb-dbt-snowflake-pipeline,S2_topic_analytics-engineering;S2_topic_dbt,1,,11,,,2026-04-02T21:27:47Z,2026-04-02T22:03:31Z,excluded,not screened in,"P3 11 commits on the default branch, below 40"
Soytry17/env-data-pipeline,Soytry17__env-data-pipeline,https://github.com/Soytry17/env-data-pipeline,S3_code,0,MIT,11,,,2026-07-07T08:11:26Z,2026-07-13T15:25:28Z,excluded,not screened in,"P3 11 commits on the default branch, below 40"
Spark-Analytics-Demos/spark-retail-pack,Spark-Analytics-Demos__spark-retail-pack,https://github.com/Spark-Analytics-Demos/spark-retail-pack,S3_code,0,,38,,,2026-05-15T04:24:01Z,2026-06-25T23:09:48Z,excluded,not screened in,"P3 38 commits on the default branch, below 40"
Spock-Analytics/spock-airflow,Spock-Analytics__spock-airflow,https://github.com/Spock-Analytics/spock-airflow,S3_code,0,,56,20,1,2023-12-04T17:18:12Z,2024-08-12T14:15:38Z,excluded,not screened in,"P4 8.2 months between creation and last push, below 12"
SpotOnInc/dbt_object_mgmt,SpotOnInc__dbt_object_mgmt,https://github.com/SpotOnInc/dbt_object_mgmt,S2_topic_dbt;S3_code,29,MIT,120,0,1,2022-05-25T17:31:07Z,2026-07-09T17:02:34Z,passed,"extracted, excluded",every sampled commit yielded zero models
Sravyats9/DBTLEARN,Sravyats9__DBTLEARN,https://github.com/Sravyats9/DBTLEARN,S3_code,0,,3,,,2024-08-12T18:46:13Z,2024-11-21T18:34:11Z,excluded,not screened in,"P3 3 commits on the default branch, below 40"
SrilekhaSundara-git/DBT,SrilekhaSundara-git__DBT,https://github.com/SrilekhaSundara-git/DBT,S3_code,0,,18,,,2022-10-15T14:53:49Z,2022-10-28T01:46:16Z,excluded,not screened in,"P3 18 commits on the default branch, below 40"
SrinivasAnnem319/Access_holdings,SrinivasAnnem319__Access_holdings,https://github.com/SrinivasAnnem319/Access_holdings,S3_code,0,,1216,330,1,2025-08-29T09:59:03Z,2026-03-23T06:27:06Z,excluded,not screened in,"P4 6.7 months between creation and last push, below 12"
StarRocks/dbt-starrocks,StarRocks__dbt-starrocks,https://github.com/StarRocks/dbt-starrocks,S2_topic_dbt,63,Apache-2.0,73,0,1,2022-04-26T09:49:17Z,2026-06-16T21:08:57Z,passed,"extracted, excluded",no commits touch any declared model path
StefLipp/finalproject_cardatabelgium,StefLipp__finalproject_cardatabelgium,https://github.com/StefLipp/finalproject_cardatabelgium,S3_code,9,,48,6,1,2024-09-21T18:17:38Z,2024-12-04T10:53:04Z,excluded,not screened in,"P4 2.4 months between creation and last push, below 12"
Stefen-Taime/Iceberg-Dbt-Trino-Hive-modern-open-source-data-stack,Stefen-Taime__Iceberg-Dbt-Trino-Hive-modern-open-source-data-stack,https://github.com/Stefen-Taime/Iceberg-Dbt-Trino-Hive-modern-open-source-data-stack,S2_topic_dbt;S3_code,47,,10,,,2024-03-07T00:28:12Z,2024-03-07T20:54:20Z,excluded,not screened in,"P3 10 commits on the default branch, below 40"
Stefen-Taime/migration_snowflake,Stefen-Taime__migration_snowflake,https://github.com/Stefen-Taime/migration_snowflake,S3_code,0,,30,,,2026-04-25T20:23:37Z,2026-04-27T20:53:39Z,excluded,not screened in,"P3 30 commits on the default branch, below 40"
Stefen-Taime/railway-station-streaming,Stefen-Taime__railway-station-streaming,https://github.com/Stefen-Taime/railway-station-streaming,S3_code,6,,10,,,2023-10-18T01:24:52Z,2023-10-18T13:00:35Z,excluded,not screened in,"P3 10 commits on the default branch, below 40"
Stevedow99/dbt-cloud-XXL-project-simulation,Stevedow99__dbt-cloud-XXL-project-simulation,https://github.com/Stevedow99/dbt-cloud-XXL-project-simulation,S3_code,0,,36,,,2023-02-10T16:56:22Z,2023-02-12T18:46:39Z,excluded,not screened in,"P3 36 commits on the default branch, below 40"
Stevedow99/dbt-cloud-XXXL-project-simulation,Stevedow99__dbt-cloud-XXXL-project-simulation,https://github.com/Stevedow99/dbt-cloud-XXXL-project-simulation,S3_code,1,,31,,,2023-02-12T18:50:32Z,2023-02-12T19:44:35Z,excluded,not screened in,"P3 31 commits on the default branch, below 40"
Stevedow99/dbt-cloud-cancel-running-ci-job-action,Stevedow99__dbt-cloud-cancel-running-ci-job-action,https://github.com/Stevedow99/dbt-cloud-cancel-running-ci-job-action,S2_topic_dbt,15,MIT,72,0,0,2022-09-28T00:25:47Z,2024-09-23T16:13:50Z,passed,"extracted, excluded",no dbt_project.yml found anywhere on the first-parent history
Stevedow99/dbt-cloud-get-job-run-action,Stevedow99__dbt-cloud-get-job-run-action,https://github.com/Stevedow99/dbt-cloud-get-job-run-action,S2_topic_dbt,5,MIT,6,,,2022-09-21T14:00:13Z,2022-09-29T23:25:16Z,excluded,not screened in,"P3 6 commits on the default branch, below 40"
Stevedow99/dbt_databricks_demo_sandbox,Stevedow99__dbt_databricks_demo_sandbox,https://github.com/Stevedow99/dbt_databricks_demo_sandbox,S3_code,3,,89,19,1,2022-08-23T16:35:31Z,2026-01-22T17:32:44Z,passed,"extracted, excluded","only 2 monthly snapshots, below the 12 minimum"
Stevedow99/dbt_snowflake_demo_sandbox,Stevedow99__dbt_snowflake_demo_sandbox,https://github.com/Stevedow99/dbt_snowflake_demo_sandbox,S3_code,1,,239,96,1,2022-08-19T17:37:59Z,2026-02-19T03:14:02Z,passed,in corpus,
Stevedow99/sample-dbt-big-query-project,Stevedow99__sample-dbt-big-query-project,https://github.com/Stevedow99/sample-dbt-big-query-project,S3_code,4,,62,24,1,2022-07-26T19:16:45Z,2024-06-14T21:34:10Z,passed,"extracted, excluded","only 5 monthly snapshots, below the 12 minimum"
StructuredLabs/preswald,StructuredLabs__preswald,https://github.com/StructuredLabs/preswald,S2_topic_analytics-engineering,4280,Apache-2.0,546,0,0,2024-12-14T08:56:02Z,2026-06-11T23:01:11Z,passed,"extracted, excluded",no dbt_project.yml found anywhere on the first-parent history
SubramaniT/MLReadyPipelines-,SubramaniT__MLReadyPipelines-,https://github.com/SubramaniT/MLReadyPipelines-,S3_code,0,,7,,,2025-05-29T13:27:40Z,2025-05-30T15:25:35Z,excluded,not screened in,"P3 7 commits on the default branch, below 40"
SulmanK/reddit_ai_pulse_cloud_public,SulmanK__reddit_ai_pulse_cloud_public,https://github.com/SulmanK/reddit_ai_pulse_cloud_public,S3_code,4,,2749,3,1,2025-01-23T17:25:22Z,2026-05-24T07:16:49Z,passed,"extracted, excluded","only 1 monthly snapshots, below the 12 minimum"
Sum-BH/DS-AI-VEH-Portfolio,Sum-BH__DS-AI-VEH-Portfolio,https://github.com/Sum-BH/DS-AI-VEH-Portfolio,S2_topic_analytics-engineering,1,NOASSERTION,6,,,2025-07-02T11:29:41Z,2026-01-04T14:54:49Z,excluded,not screened in,"P3 6 commits on the default branch, below 40"
Summers-Team/summer-gcp-data-platform,Summers-Team__summer-gcp-data-platform,https://github.com/Summers-Team/summer-gcp-data-platform,S2_topic_dbt,3,,57,15,1,2025-09-30T11:31:22Z,2025-12-13T16:41:48Z,excluded,not screened in,"P4 2.4 months between creation and last push, below 12"
Supermarauder/sales-analytics-pipeline,Supermarauder__sales-analytics-pipeline,https://github.com/Supermarauder/sales-analytics-pipeline,S3_code,0,,3,,,2026-06-18T15:37:13Z,2026-06-18T18:05:12Z,excluded,not screened in,"P3 3 commits on the default branch, below 40"
T-Dunlap/dbt_demo_project,T-Dunlap__dbt_demo_project,https://github.com/T-Dunlap/dbt_demo_project,S3_code,1,,288,29,1,2022-05-23T20:55:42Z,2024-11-19T05:57:01Z,passed,in corpus,
T-Sunm/fswe-sales-forecasting,T-Sunm__fswe-sales-forecasting,https://github.com/T-Sunm/fswe-sales-forecasting,S2_topic_dbt,12,,10,,,2026-03-21T06:41:35Z,2026-03-26T08:53:44Z,excluded,not screened in,"P3 10 commits on the default branch, below 40"
TEAMSchools/teamster,TEAMSchools__teamster,https://github.com/TEAMSchools/teamster,S2_topic_dbt;S3_code,14,Apache-2.0,37149,1797,16,2022-08-09T17:37:08Z,2026-08-04T21:43:50Z,passed,in corpus,
TFG-Labs/snow-mask,TFG-Labs__snow-mask,https://github.com/TFG-Labs/snow-mask,S3_code,0,GPL-3.0,6,,,2022-10-03T14:59:02Z,2026-02-06T17:35:41Z,excluded,not screened in,"P3 6 commits on the default branch, below 40"
TI2244/dbt_challenge,TI2244__dbt_challenge,https://github.com/TI2244/dbt_challenge,S3_code,0,,16,,,2023-06-18T10:26:17Z,2023-06-19T06:36:34Z,excluded,not screened in,"P3 16 commits on the default branch, below 40"
TOMOYAKATO-292/snowflake_medallion_dbt,TOMOYAKATO-292__snowflake_medallion_dbt,https://github.com/TOMOYAKATO-292/snowflake_medallion_dbt,S3_code,1,,8,,,2026-03-01T06:38:48Z,2026-03-01T09:33:26Z,excluded,not screened in,"P3 8 commits on the default branch, below 40"
TaharMaddi/finreg_lcr,TaharMaddi__finreg_lcr,https://github.com/TaharMaddi/finreg_lcr,S2_topic_dbt,1,,1,,,2026-04-27T23:53:56Z,2026-04-28T00:06:49Z,excluded,not screened in,"P3 1 commits on the default branch, below 40"
Tahola-LTD/dbt-tahola-tests,Tahola-LTD__dbt-tahola-tests,https://github.com/Tahola-LTD/dbt-tahola-tests,S3_code,0,,2,,,2026-01-05T14:41:41Z,2026-01-05T15:46:14Z,excluded,not screened in,"P3 2 commits on the default branch, below 40"
TanThanh113/crypto-analysis-project,TanThanh113__crypto-analysis-project,https://github.com/TanThanh113/crypto-analysis-project,S2_topic_dbt,3,,123,61,1,2026-05-28T11:11:14Z,2026-07-10T16:38:16Z,excluded,not screened in,"P4 1.4 months between creation and last push, below 12"
TasmanAnalytics/tasman-dbt-mta,TasmanAnalytics__tasman-dbt-mta,https://github.com/TasmanAnalytics/tasman-dbt-mta,S3_code,20,GPL-3.0,172,5,1,2022-05-13T10:49:19Z,2026-06-15T11:37:42Z,passed,"extracted, excluded","peak lineage size 5 nodes, below the 10 minimum"
TasmanAnalytics/tasman-dbt-revenuecat,TasmanAnalytics__tasman-dbt-revenuecat,https://github.com/TasmanAnalytics/tasman-dbt-revenuecat,S2_topic_dbt;S3_code,10,GPL-3.0,72,13,1,2023-09-22T14:42:25Z,2026-07-17T05:51:20Z,passed,"extracted, excluded","only 8 monthly snapshots, below the 12 minimum"
TasmanAnalytics/tasman-dbt-utils,TasmanAnalytics__tasman-dbt-utils,https://github.com/TasmanAnalytics/tasman-dbt-utils,S2_topic_dbt,2,GPL-3.0,62,0,1,2022-03-29T08:58:18Z,2026-05-26T10:00:32Z,passed,"extracted, excluded",no commits touch any declared model path
TasmanAnalytics/tasman-identity-graph,TasmanAnalytics__tasman-identity-graph,https://github.com/TasmanAnalytics/tasman-identity-graph,S2_topic_dbt,2,GPL-3.0,33,,,2024-06-27T12:59:47Z,2026-07-27T09:02:32Z,excluded,not screened in,"P3 33 commits on the default branch, below 40"
TechArtists/data-dbt-firebase-analytics,TechArtists__data-dbt-firebase-analytics,https://github.com/TechArtists/data-dbt-firebase-analytics,S2_topic_dbt;S3_code,10,GPL-2.0,47,16,1,2025-10-20T11:39:01Z,2026-06-17T19:44:01Z,excluded,not screened in,"P4 7.9 months between creation and last push, below 12"
TechPopsicles/dbt-mesh-platform,TechPopsicles__dbt-mesh-platform,https://github.com/TechPopsicles/dbt-mesh-platform,S2_topic_dbt;S3_code,2,,15,,,2026-05-31T12:48:07Z,2026-06-11T13:16:35Z,excluded,not screened in,"P3 15 commits on the default branch, below 40"
TechPopsicles/snowsense,TechPopsicles__snowsense,https://github.com/TechPopsicles/snowsense,S2_topic_dbt,2,,7,,,2026-05-24T14:55:21Z,2026-05-24T15:49:16Z,excluded,not screened in,"P3 7 commits on the default branch, below 40"
TeeWallz/dbtvault_sqlite,TeeWallz__dbtvault_sqlite,https://github.com/TeeWallz/dbtvault_sqlite,S3_code,0,,3,,,2022-12-17T20:35:12Z,2022-12-18T00:01:13Z,excluded,not screened in,"P3 3 commits on the default branch, below 40"
Tegarr123/FreshCart-Analytics-Pipeline,Tegarr123__FreshCart-Analytics-Pipeline,https://github.com/Tegarr123/FreshCart-Analytics-Pipeline,S2_topic_dbt,2,,8,,,2025-12-25T07:54:14Z,2026-01-07T02:45:15Z,excluded,not screened in,"P3 8 commits on the default branch, below 40"
Tegarr123/Olist-E-Commerce-Analytics-Pipeline,Tegarr123__Olist-E-Commerce-Analytics-Pipeline,https://github.com/Tegarr123/Olist-E-Commerce-Analytics-Pipeline,S2_topic_dbt,1,,6,,,2025-12-15T06:28:13Z,2025-12-22T01:07:09Z,excluded,not screened in,"P3 6 commits on the default branch, below 40"
Teradata/dbt-teradata,Teradata__dbt-teradata,https://github.com/Teradata/dbt-teradata,S2_topic_dbt;S3_code,30,Apache-2.0,795,22,5,2022-01-08T00:55:11Z,2026-07-28T11:43:34Z,passed,"extracted, excluded","only 3 monthly snapshots, below the 12 minimum"
Teradata/dbt-teradata-utils,Teradata__dbt-teradata-utils,https://github.com/Teradata/dbt-teradata-utils,S2_topic_dbt;S3_code,3,Apache-2.0,95,0,1,2022-02-01T18:39:36Z,2025-12-09T11:05:42Z,passed,"extracted, excluded",no commits touch any declared model path
Teradata/jaffle_shop_teradata,Teradata__jaffle_shop_teradata,https://github.com/Teradata/jaffle_shop_teradata,S3_code,2,Apache-2.0,14,,,2024-09-03T12:46:59Z,2025-01-10T13:39:35Z,excluded,not screened in,"P3 14 commits on the default branch, below 40"
TextQLLabs/dbt-documentor,TextQLLabs__dbt-documentor,https://github.com/TextQLLabs/dbt-documentor,S2_topic_analytics-engineering;S2_topic_dbt,20,MIT,10,,,2023-02-01T07:01:47Z,2023-04-24T05:41:52Z,excluded,not screened in,"P3 10 commits on the default branch, below 40"
Thanatura/my-parleman,Thanatura__my-parleman,https://github.com/Thanatura/my-parleman,S3_code,0,GPL-3.0,126,24,1,2026-04-16T07:56:47Z,2026-06-22T13:00:29Z,excluded,not screened in,"P4 2.2 months between creation and last push, below 12"
TheDataFoundryAU/dbt_sample_project,TheDataFoundryAU__dbt_sample_project,https://github.com/TheDataFoundryAU/dbt_sample_project,S3_code,2,Apache-2.0,5,,,2022-06-01T05:54:04Z,2022-06-08T23:36:23Z,excluded,not screened in,"P3 5 commits on the default branch, below 40"
TheODDYSEY/Elt-Project,TheODDYSEY__Elt-Project,https://github.com/TheODDYSEY/Elt-Project,S2_topic_dbt-core,3,,17,,,2024-05-01T18:02:41Z,2025-01-03T17:34:41Z,excluded,not screened in,"P3 17 commits on the default branch, below 40"
TherNgyn/Vietnam_economic_lakehouse,TherNgyn__Vietnam_economic_lakehouse,https://github.com/TherNgyn/Vietnam_economic_lakehouse,S3_code,0,,44,33,1,2026-03-14T09:24:17Z,2026-07-10T21:43:37Z,excluded,not screened in,"P4 3.9 months between creation and last push, below 12"
ThiPauli/de_cicd_iac_demo,ThiPauli__de_cicd_iac_demo,https://github.com/ThiPauli/de_cicd_iac_demo,S2_topic_dbt-core;S3_code,3,,51,5,1,2024-05-22T14:08:18Z,2024-07-01T21:06:35Z,excluded,not screened in,"P4 1.3 months between creation and last push, below 12"
ThomasLabidoire/dbt-rightmove,ThomasLabidoire__dbt-rightmove,https://github.com/ThomasLabidoire/dbt-rightmove,S3_code,0,,1,,,2023-11-29T10:21:19Z,2023-11-30T18:30:27Z,excluded,not screened in,"P3 1 commits on the default branch, below 40"
TiMusBhardwaj/DBT_SNOWFLAKE,TiMusBhardwaj__DBT_SNOWFLAKE,https://github.com/TiMusBhardwaj/DBT_SNOWFLAKE,S2_topic_dbt,1,,2,,,2022-11-30T16:06:23Z,2023-10-03T09:31:51Z,excluded,not screened in,"P3 2 commits on the default branch, below 40"
Tito-999/fxfill-analytics-observability,Tito-999__fxfill-analytics-observability,https://github.com/Tito-999/fxfill-analytics-observability,S2_topic_analytics-engineering;S2_topic_dbt,3,MIT,124,41,1,2026-06-17T08:14:32Z,2026-06-25T06:45:01Z,excluded,not screened in,"P4 0.2 months between creation and last push, below 12"
ToghrulJabbarli/olist,ToghrulJabbarli__olist,https://github.com/ToghrulJabbarli/olist,S2_topic_analytics-engineering;S2_topic_dbt-core,1,,14,,,2024-01-23T01:31:42Z,2024-02-03T00:05:46Z,excluded,not screened in,"P3 14 commits on the default branch, below 40"
Toloka/dbt-af,Toloka__dbt-af,https://github.com/Toloka/dbt-af,S2_topic_dbt,168,NOASSERTION,101,0,1,2024-02-12T11:12:57Z,2026-04-14T23:27:18Z,passed,"extracted, excluded","only 3 monthly snapshots, below the 12 minimum"
Tomaslopera/Snowflake_dbt,Tomaslopera__Snowflake_dbt,https://github.com/Tomaslopera/Snowflake_dbt,S3_code,0,,1,,,2026-02-15T06:42:24Z,2026-02-15T06:43:02Z,excluded,not screened in,"P3 1 commits on the default branch, below 40"
TomerWeissGit/airflow_elt,TomerWeissGit__airflow_elt,https://github.com/TomerWeissGit/airflow_elt,S3_code,0,GPL-3.0,2,,,2024-12-23T13:08:24Z,2024-12-25T09:01:30Z,excluded,not screened in,"P3 2 commits on the default branch, below 40"
Tomme/dbt-athena,Tomme__dbt-athena,https://github.com/Tomme/dbt-athena,S3_code,139,Apache-2.0,44,0,1,2020-12-17T10:43:55Z,2023-04-21T18:40:44Z,passed,"extracted, excluded",no commits touch any declared model path
TrNguyenMQuan/techjobAI,TrNguyenMQuan__techjobAI,https://github.com/TrNguyenMQuan/techjobAI,S3_code,0,,77,11,1,2026-05-17T09:00:46Z,2026-06-27T13:37:25Z,excluded,not screened in,"P4 1.3 months between creation and last push, below 12"
TrNguyenMQuan/vn-jobs-data-pipeline,TrNguyenMQuan__vn-jobs-data-pipeline,https://github.com/TrNguyenMQuan/vn-jobs-data-pipeline,S3_code,0,,10,,,2026-07-05T04:52:00Z,2026-07-06T13:29:33Z,excluded,not screened in,"P3 10 commits on the default branch, below 40"
TrainingUser7/DBT_TRAINING-,TrainingUser7__DBT_TRAINING-,https://github.com/TrainingUser7/DBT_TRAINING-,S3_code,0,,1,,,2025-11-17T04:34:03Z,2025-11-28T04:49:30Z,excluded,not screened in,"P3 1 commits on the default branch, below 40"
TranKietHCMUS/nyc-taxi-data-pipeline,TranKietHCMUS__nyc-taxi-data-pipeline,https://github.com/TranKietHCMUS/nyc-taxi-data-pipeline,S2_topic_dbt,2,,49,2,1,2024-12-28T01:20:27Z,2025-02-11T06:01:20Z,excluded,not screened in,"P4 1.5 months between creation and last push, below 12"
TravisArnt/who-life-expectancy-analysis,TravisArnt__who-life-expectancy-analysis,https://github.com/TravisArnt/who-life-expectancy-analysis,S2_topic_analytics-engineering,1,,13,,,2026-06-02T14:40:56Z,2026-06-05T04:32:23Z,excluded,not screened in,"P3 13 commits on the default branch, below 40"
Triet00/Customer-Insights-Data-Pipeline,Triet00__Customer-Insights-Data-Pipeline,https://github.com/Triet00/Customer-Insights-Data-Pipeline,S2_topic_dbt,1,,9,,,2026-04-06T13:05:40Z,2026-04-12T16:24:00Z,excluded,not screened in,"P3 9 commits on the default branch, below 40"
TrilemmaFoundation/soccer-analytics-engineering,TrilemmaFoundation__soccer-analytics-engineering,https://github.com/TrilemmaFoundation/soccer-analytics-engineering,S2_topic_analytics-engineering,1,,16,,,2026-01-10T03:19:33Z,2026-01-14T17:38:39Z,excluded,not screened in,"P3 16 commits on the default branch, below 40"
TsilidisV/attica-traffic,TsilidisV__attica-traffic,https://github.com/TsilidisV/attica-traffic,S2_topic_analytics-engineering,1,,93,11,1,2026-02-08T17:35:53Z,2026-03-27T15:19:40Z,excluded,not screened in,"P4 1.5 months between creation and last push, below 12"
TsilidisV/dezoomcamp2026_homework,TsilidisV__dezoomcamp2026_homework,https://github.com/TsilidisV/dezoomcamp2026_homework,S3_code,0,,9,,,2026-01-26T15:45:15Z,2026-03-18T13:43:17Z,excluded,not screened in,"P3 9 commits on the default branch, below 40"
Tsumu-x/lineage-lite,Tsumu-x__lineage-lite,https://github.com/Tsumu-x/lineage-lite,S2_topic_dbt-core,4,Apache-2.0,3,,,2026-04-13T01:38:25Z,2026-04-13T02:38:31Z,excluded,not screened in,"P3 3 commits on the default branch, below 40"
TungNamNguyen/data-engineering-templates,TungNamNguyen__data-engineering-templates,https://github.com/TungNamNguyen/data-engineering-templates,S2_topic_dbt,1,,52,12,1,2026-04-04T16:50:10Z,2026-06-24T17:02:13Z,excluded,not screened in,"P4 2.7 months between creation and last push, below 12"
Turakulov/datalakehouse,Turakulov__datalakehouse,https://github.com/Turakulov/datalakehouse,S2_topic_dbt,4,,79,5,1,2025-01-18T10:56:12Z,2025-04-05T18:33:54Z,excluded,not screened in,"P4 2.5 months between creation and last push, below 12"
TylerH2024/gz-dbt-repository,TylerH2024__gz-dbt-repository,https://github.com/TylerH2024/gz-dbt-repository,S3_code,0,,10,,,2024-09-10T10:18:49Z,2024-09-12T09:33:08Z,excluded,not screened in,"P3 10 commits on the default branch, below 40"
UBEDA-DataPerf/DBT_training_MODULE4,UBEDA-DataPerf__DBT_training_MODULE4,https://github.com/UBEDA-DataPerf/DBT_training_MODULE4,S3_code,0,,49,17,1,2025-05-15T07:39:53Z,2025-05-19T18:31:19Z,excluded,not screened in,"P4 0.1 months between creation and last push, below 12"
UCBoulder/data-endeavor-template,UCBoulder__data-endeavor-template,https://github.com/UCBoulder/data-endeavor-template,S2_topic_analytics-engineering,1,CC-BY-4.0,45,0,0,2021-07-02T16:04:12Z,2021-09-09T16:01:07Z,excluded,not screened in,"P4 2.2 months between creation and last push, below 12"
Umesh1610/dbt-project-tpch,Umesh1610__dbt-project-tpch,https://github.com/Umesh1610/dbt-project-tpch,S3_code,0,,1,,,2025-03-03T04:30:05Z,2025-03-15T20:56:36Z,excluded,not screened in,"P3 1 commits on the default branch, below 40"
Unais2003/ELT_Bigdata_Pipeline_DBT,Unais2003__ELT_Bigdata_Pipeline_DBT,https://github.com/Unais2003/ELT_Bigdata_Pipeline_DBT,S3_code,0,,16,,,2026-05-24T15:49:45Z,2026-05-24T22:46:19Z,excluded,not screened in,"P3 16 commits on the default branch, below 40"
UncleJosef/dbt_my_practice,UncleJosef__dbt_my_practice,https://github.com/UncleJosef/dbt_my_practice,S3_code,0,,7,,,2025-05-22T20:20:39Z,2025-06-22T10:12:09Z,excluded,not screened in,"P3 7 commits on the default branch, below 40"
VDFaller/cookiecutter-dbt,VDFaller__cookiecutter-dbt,https://github.com/VDFaller/cookiecutter-dbt,S2_topic_dbt,1,MIT,126,12,1,2025-06-26T01:52:58Z,2026-05-07T23:48:07Z,excluded,not screened in,"P4 10.3 months between creation and last push, below 12"
VStathopoulos/climate-health-compound-risk-platform,VStathopoulos__climate-health-compound-risk-platform,https://github.com/VStathopoulos/climate-health-compound-risk-platform,S2_topic_analytics-engineering;S2_topic_dbt,1,,89,44,1,2026-06-24T16:40:40Z,2026-06-24T17:23:27Z,excluded,not screened in,"P4 0.0 months between creation and last push, below 12"
VStathopoulos/learning-analytics-intelligence-platform,VStathopoulos__learning-analytics-intelligence-platform,https://github.com/VStathopoulos/learning-analytics-intelligence-platform,S2_topic_analytics-engineering,1,,44,17,1,2026-05-24T14:13:21Z,2026-05-25T08:10:23Z,excluded,not screened in,"P4 0.0 months between creation and last push, below 12"
VStathopoulos/urban-service-equity-intelligence-platform,VStathopoulos__urban-service-equity-intelligence-platform,https://github.com/VStathopoulos/urban-service-equity-intelligence-platform,S2_topic_analytics-engineering;S2_topic_dbt,1,,42,10,1,2026-05-31T21:26:47Z,2026-07-06T18:00:24Z,excluded,not screened in,"P4 1.1 months between creation and last push, below 12"
Vaelastraszz/Big_Query_ETL_DBT,Vaelastraszz__Big_Query_ETL_DBT,https://github.com/Vaelastraszz/Big_Query_ETL_DBT,S3_code,0,,18,,,2024-07-01T20:24:48Z,2024-07-08T14:22:07Z,excluded,not screened in,"P3 18 commits on the default branch, below 40"
VaishnaviSaravanan2801/dbt-fundamental-practice,VaishnaviSaravanan2801__dbt-fundamental-practice,https://github.com/VaishnaviSaravanan2801/dbt-fundamental-practice,S2_topic_dbt,1,,2,,,2022-04-08T13:42:18Z,2022-04-11T12:59:26Z,excluded,not screened in,"P3 2 commits on the default branch, below 40"
Vanelfokamcode/pulseearth,Vanelfokamcode__pulseearth,https://github.com/Vanelfokamcode/pulseearth,S3_code,0,,3,,,2026-04-25T23:34:29Z,2026-04-27T02:04:29Z,excluded,not screened in,"P3 3 commits on the default branch, below 40"
VectorMath/gamedev-analyze,VectorMath__gamedev-analyze,https://github.com/VectorMath/gamedev-analyze,S3_code,1,,32,,,2026-05-19T05:10:22Z,2026-06-03T22:29:04Z,excluded,not screened in,"P3 32 commits on the default branch, below 40"
Velir/dbt-ga4,Velir__dbt-ga4,https://github.com/Velir/dbt-ga4,S3_code,401,MIT,373,60,1,2022-03-24T22:47:15Z,2026-07-23T21:26:28Z,passed,in corpus,
Venom-Shivu/gaming-behavior-mental-health-analytics,Venom-Shivu__gaming-behavior-mental-health-analytics,https://github.com/Venom-Shivu/gaming-behavior-mental-health-analytics,S2_topic_analytics-engineering,1,,5,,,2026-03-07T05:20:57Z,2026-03-07T06:22:19Z,excluded,not screened in,"P3 5 commits on the default branch, below 40"
VenusDataAI/pipeline-anomaly-detector,VenusDataAI__pipeline-anomaly-detector,https://github.com/VenusDataAI/pipeline-anomaly-detector,S2_topic_dbt,1,MIT,6,,,2026-04-07T17:34:09Z,2026-04-12T19:33:51Z,excluded,not screened in,"P3 6 commits on the default branch, below 40"
VeraZab/nyc-stats,VeraZab__nyc-stats,https://github.com/VeraZab/nyc-stats,S2_topic_dbt,20,,108,2,1,2023-03-10T22:46:18Z,2023-04-05T19:07:48Z,excluded,not screened in,"P4 0.8 months between creation and last push, below 12"
Vfisa/keboola-devcontainer,Vfisa__keboola-devcontainer,https://github.com/Vfisa/keboola-devcontainer,S2_topic_dbt,1,,5,,,2023-03-03T18:05:26Z,2024-02-20T03:11:53Z,excluded,not screened in,"P3 5 commits on the default branch, below 40"
VibeHarboe/dbt-Fundamentals,VibeHarboe__dbt-Fundamentals,https://github.com/VibeHarboe/dbt-Fundamentals,S2_topic_analytics-engineering;S2_topic_dbt;S2_topic_dbt-core,1,,19,,,2025-11-30T19:53:28Z,2026-04-12T18:52:49Z,excluded,not screened in,"P3 19 commits on the default branch, below 40"
VibeHarboe/kpi-dashboards,VibeHarboe__kpi-dashboards,https://github.com/VibeHarboe/kpi-dashboards,S2_topic_dbt,1,MIT,33,,,2026-04-17T06:21:24Z,2026-04-23T19:49:49Z,excluded,not screened in,"P3 33 commits on the default branch, below 40"
Vibhor2702/RetailPulse,Vibhor2702__RetailPulse,https://github.com/Vibhor2702/RetailPulse,S3_code,0,,1,,,2026-04-22T16:43:38Z,2026-04-22T16:47:05Z,excluded,not screened in,"P3 1 commits on the default branch, below 40"
VicenteYago/steam-data-engineering,VicenteYago__steam-data-engineering,https://github.com/VicenteYago/steam-data-engineering,S2_topic_dbt,28,MIT,206,13,1,2022-09-08T14:37:14Z,2022-11-08T08:58:16Z,excluded,not screened in,"P4 2.0 months between creation and last push, below 12"
Victor-Kipruto-Rop/Agent_Network_Analytics-Safaricom-,Victor-Kipruto-Rop__Agent_Network_Analytics-Safaricom-,https://github.com/Victor-Kipruto-Rop/Agent_Network_Analytics-Safaricom-,S3_code,25,,1,,,2026-05-19T11:33:22Z,2026-05-19T21:57:53Z,excluded,not screened in,"P3 1 commits on the default branch, below 40"
Victor-Kipruto-Rop/Data-Enginerring-full-project,Victor-Kipruto-Rop__Data-Enginerring-full-project,https://github.com/Victor-Kipruto-Rop/Data-Enginerring-full-project,S2_topic_dbt,26,,9,,,2026-02-19T15:35:24Z,2026-02-19T16:30:32Z,excluded,not screened in,"P3 9 commits on the default branch, below 40"
Victor-Kipruto-Rop/Real_Time_Transaction_Streaming-MPESA-,Victor-Kipruto-Rop__Real_Time_Transaction_Streaming-MPESA-,https://github.com/Victor-Kipruto-Rop/Real_Time_Transaction_Streaming-MPESA-,S3_code,27,,54,5,1,2026-05-16T05:29:36Z,2026-07-11T21:21:56Z,excluded,not screened in,"P4 1.8 months between creation and last push, below 12"
Victor-Kipruto-Rop/mpesa_safaricom-fraud_anomaly_detection,Victor-Kipruto-Rop__mpesa_safaricom-fraud_anomaly_detection,https://github.com/Victor-Kipruto-Rop/mpesa_safaricom-fraud_anomaly_detection,S2_topic_dbt;S3_code,12,,5,,,2026-07-03T09:13:15Z,2026-07-03T20:22:01Z,excluded,not screened in,"P3 5 commits on the default branch, below 40"
Victor-Kipruto-Rop/victor-kipruto-rop-portfolio,Victor-Kipruto-Rop__victor-kipruto-rop-portfolio,https://github.com/Victor-Kipruto-Rop/victor-kipruto-rop-portfolio,S3_code,26,,79,142,26,2026-05-22T09:05:04Z,2026-07-03T09:47:03Z,excluded,not screened in,"P4 1.4 months between creation and last push, below 12"
Victoriapm/dbt-basics-workshop,Victoriapm__dbt-basics-workshop,https://github.com/Victoriapm/dbt-basics-workshop,S2_topic_dbt;S3_code,11,GPL-3.0,42,6,1,2021-09-14T18:27:27Z,2022-02-16T15:27:19Z,excluded,not screened in,"P4 5.1 months between creation and last push, below 12"
VigyanShaala-Tech/data-pipelines-v2,VigyanShaala-Tech__data-pipelines-v2,https://github.com/VigyanShaala-Tech/data-pipelines-v2,S3_code,0,,50,20,1,2025-03-06T07:14:04Z,2025-08-08T19:07:42Z,excluded,not screened in,"P4 5.1 months between creation and last push, below 12"
VijayRajagopalanAginic/iag_delta_load,VijayRajagopalanAginic__iag_delta_load,https://github.com/VijayRajagopalanAginic/iag_delta_load,S3_code,0,,1,,,2021-11-25T01:46:37Z,2021-11-25T02:04:59Z,excluded,not screened in,"P3 1 commits on the default branch, below 40"
Vimmani/DE_Academy_dbt,Vimmani__DE_Academy_dbt,https://github.com/Vimmani/DE_Academy_dbt,S3_code,0,,48,38,1,2026-02-19T17:17:24Z,2026-04-22T14:14:04Z,excluded,not screened in,"P4 2.0 months between creation and last push, below 12"
VincenzoGalante/magic-the-gathering,VincenzoGalante__magic-the-gathering,https://github.com/VincenzoGalante/magic-the-gathering,S2_topic_dbt,43,,150,1,1,2023-03-03T18:05:15Z,2023-04-27T19:16:01Z,excluded,not screened in,"P4 1.8 months between creation and last push, below 12"
Vinh5905/used_car_prediction,Vinh5905__used_car_prediction,https://github.com/Vinh5905/used_car_prediction,S3_code,0,,15,,,2025-10-05T14:51:40Z,2025-11-09T15:25:27Z,excluded,not screened in,"P3 15 commits on the default branch, below 40"
ViniciusCrisol/wallet,ViniciusCrisol__wallet,https://github.com/ViniciusCrisol/wallet,S2_topic_dbt,1,,57,4,1,2026-03-27T22:34:28Z,2026-04-11T19:50:25Z,excluded,not screened in,"P4 0.5 months between creation and last push, below 12"
Vinilsx/dbt-models,Vinilsx__dbt-models,https://github.com/Vinilsx/dbt-models,S3_code,0,,14,,,2024-12-03T15:20:32Z,2024-12-05T14:38:17Z,excluded,not screened in,"P3 14 commits on the default branch, below 40"
VishnuPrasath19/SODA,VishnuPrasath19__SODA,https://github.com/VishnuPrasath19/SODA,S3_code,0,,31,,,2024-07-15T06:06:20Z,2024-07-26T06:44:01Z,excluded,not screened in,"P3 31 commits on the default branch, below 40"
Vishwajeetbamane/crypto-analytics-pipeline,Vishwajeetbamane__crypto-analytics-pipeline,https://github.com/Vishwajeetbamane/crypto-analytics-pipeline,S3_code,0,Apache-2.0,33,,,2026-04-17T21:53:46Z,2026-04-20T23:53:31Z,excluded,not screened in,"P3 33 commits on the default branch, below 40"
VisiGrid/dbt-visigrid-demo,VisiGrid__dbt-visigrid-demo,https://github.com/VisiGrid/dbt-visigrid-demo,S3_code,0,,2,,,2026-02-16T19:17:26Z,2026-02-17T17:36:00Z,excluded,not screened in,"P3 2 commits on the default branch, below 40"
VitorferrariM/-nyc-yellow-taxi-pipeline,VitorferrariM__-nyc-yellow-taxi-pipeline,https://github.com/VitorferrariM/-nyc-yellow-taxi-pipeline,S3_code,3,,14,,,2026-04-04T03:17:51Z,2026-04-04T20:15:29Z,excluded,not screened in,"P3 14 commits on the default branch, below 40"
VivienSamson/my_dbt_project,VivienSamson__my_dbt_project,https://github.com/VivienSamson/my_dbt_project,S3_code,0,,14,,,2025-06-11T08:53:11Z,2025-06-11T14:38:46Z,excluded,not screened in,"P3 14 commits on the default branch, below 40"
VulknData/eruptr,VulknData__eruptr,https://github.com/VulknData/eruptr,S2_topic_analytics-engineering,9,NOASSERTION,37,,,2020-10-15T10:19:17Z,2020-12-08T03:24:23Z,excluded,not screened in,"P3 37 commits on the default branch, below 40"
WDI-Json/spark-demo,WDI-Json__spark-demo,https://github.com/WDI-Json/spark-demo,S3_code,0,,20,,,2026-06-16T11:16:23Z,2026-06-26T09:40:22Z,excluded,not screened in,"P3 20 commits on the default branch, below 40"
WalkerHolman/GLogs,WalkerHolman__GLogs,https://github.com/WalkerHolman/GLogs,S3_code,0,,3,,,2026-02-18T00:10:07Z,2026-02-18T14:36:36Z,excluded,not screened in,"P3 3 commits on the default branch, below 40"
WellBB/genial-care-scheduling-rate,WellBB__genial-care-scheduling-rate,https://github.com/WellBB/genial-care-scheduling-rate,S3_code,0,,4,,,2026-08-02T20:58:31Z,2026-08-02T21:40:23Z,excluded,not screened in,"P3 4 commits on the default branch, below 40"
WertoLab/Spider2,WertoLab__Spider2,https://github.com/WertoLab/Spider2,S3_code,1,MIT,196,1007,69,2025-06-24T12:48:04Z,2025-06-24T13:02:05Z,excluded,not screened in,"P4 0.0 months between creation and last push, below 12"
WesleyJw/modern-data-stack,WesleyJw__modern-data-stack,https://github.com/WesleyJw/modern-data-stack,S2_topic_dbt,1,MIT,16,,,2024-02-28T09:28:58Z,2024-03-10T19:11:07Z,excluded,not screened in,"P3 16 commits on the default branch, below 40"
WhatCantLouDo/StockSights,WhatCantLouDo__StockSights,https://github.com/WhatCantLouDo/StockSights,S3_code,0,,22,,,2024-08-23T05:34:42Z,2024-08-25T05:44:28Z,excluded,not screened in,"P3 22 commits on the default branch, below 40"
WilliamBak6/cryptoretrieval,WilliamBak6__cryptoretrieval,https://github.com/WilliamBak6/cryptoretrieval,S3_code,0,,13,,,2024-12-06T15:28:31Z,2025-02-01T12:02:07Z,excluded,not screened in,"P3 13 commits on the default branch, below 40"
WillianFuks/dbt-flow,WillianFuks__dbt-flow,https://github.com/WillianFuks/dbt-flow,S3_code,13,MIT,19,,,2022-12-21T12:22:41Z,2023-08-26T20:55:04Z,excluded,not screened in,"P3 19 commits on the default branch, below 40"
Willie-Conway/DBT-Databricks-Project,Willie-Conway__DBT-Databricks-Project,https://github.com/Willie-Conway/DBT-Databricks-Project,S2_topic_analytics-engineering;S2_topic_dbt,2,Apache-2.0,17,,,2025-12-24T05:46:58Z,2026-01-17T18:30:11Z,excluded,not screened in,"P3 17 commits on the default branch, below 40"
Wondaris/Fivetran-DBT,Wondaris__Fivetran-DBT,https://github.com/Wondaris/Fivetran-DBT,S3_code,0,,16,,,2026-05-07T05:00:10Z,2026-08-03T05:20:31Z,excluded,not screened in,"P3 16 commits on the default branch, below 40"
Workday/dj,Workday__dj,https://github.com/Workday/dj,S2_topic_dbt;S3_code,9,Apache-2.0,79,38,2,2025-08-21T20:47:51Z,2026-08-04T11:35:06Z,excluded,not screened in,"P4 11.4 months between creation and last push, below 12"
XaverHeuser/Athlete-Dashboard,XaverHeuser__Athlete-Dashboard,https://github.com/XaverHeuser/Athlete-Dashboard,S2_topic_dbt,2,MIT,133,18,1,2025-10-15T18:02:56Z,2026-07-27T08:18:40Z,excluded,not screened in,"P4 9.3 months between creation and last push, below 12"
YannickPassa/dt_cde_airlines,YannickPassa__dt_cde_airlines,https://github.com/YannickPassa/dt_cde_airlines,S3_code,0,,28,,,2025-11-14T10:13:52Z,2026-05-24T16:12:48Z,excluded,not screened in,"P3 28 commits on the default branch, below 40"
YassineMahjoub841/dvf-real-estate-analysis,YassineMahjoub841__dvf-real-estate-analysis,https://github.com/YassineMahjoub841/dvf-real-estate-analysis,S3_code,0,,1,,,2026-05-23T08:54:04Z,2026-05-23T08:54:56Z,excluded,not screened in,"P3 1 commits on the default branch, below 40"
Ygorkelevra93/dbt_adventure_works,Ygorkelevra93__dbt_adventure_works,https://github.com/Ygorkelevra93/dbt_adventure_works,S3_code,0,,109,35,1,2024-10-09T20:45:19Z,2024-10-30T17:53:08Z,excluded,not screened in,"P4 0.7 months between creation and last push, below 12"
YounesBelbouab/V-lib-ELT,YounesBelbouab__V-lib-ELT,https://github.com/YounesBelbouab/V-lib-ELT,S3_code,0,MIT,18,,,2025-05-20T09:05:24Z,2025-05-21T08:59:23Z,excluded,not screened in,"P3 18 commits on the default branch, below 40"
Yousefuwk20/dynamic-flight-pricing,Yousefuwk20__dynamic-flight-pricing,https://github.com/Yousefuwk20/dynamic-flight-pricing,S2_topic_dbt,2,,9,,,2025-11-26T17:49:45Z,2025-12-04T12:18:54Z,excluded,not screened in,"P3 9 commits on the default branch, below 40"
Youssef-Yaser/BTS_Flight_Analytics,Youssef-Yaser__BTS_Flight_Analytics,https://github.com/Youssef-Yaser/BTS_Flight_Analytics,S2_topic_dbt,2,MIT,63,14,1,2026-05-07T11:12:07Z,2026-08-03T11:37:59Z,excluded,not screened in,"P4 2.9 months between creation and last push, below 12"
YukiTechnologies/dbt-foundation,YukiTechnologies__dbt-foundation,https://github.com/YukiTechnologies/dbt-foundation,S3_code,5,MIT,5,,,2025-09-17T19:34:43Z,2025-09-24T16:01:20Z,excluded,not screened in,"P3 5 commits on the default branch, below 40"
YukiTechnologies/yuki-snowflake-dbt-tags,YukiTechnologies__yuki-snowflake-dbt-tags,https://github.com/YukiTechnologies/yuki-snowflake-dbt-tags,S3_code,0,MIT,69,0,1,2024-11-03T20:03:43Z,2026-07-01T19:32:16Z,passed,"extracted, excluded",no commits touch any declared model path
Yzhangslim/dbt,Yzhangslim__dbt,https://github.com/Yzhangslim/dbt,S3_code,0,,6,,,2020-07-29T01:41:56Z,2020-07-29T02:12:52Z,excluded,not screened in,"P3 6 commits on the default branch, below 40"
ZWazir/fintech_dbt_mart,ZWazir__fintech_dbt_mart,https://github.com/ZWazir/fintech_dbt_mart,S2_topic_dbt,1,,2,,,2026-04-04T20:20:01Z,2026-04-04T20:45:05Z,excluded,not screened in,"P3 2 commits on the default branch, below 40"
ZWazir/healthcare-claims-ehr-lakehouse,ZWazir__healthcare-claims-ehr-lakehouse,https://github.com/ZWazir/healthcare-claims-ehr-lakehouse,S2_topic_analytics-engineering;S2_topic_dbt,2,,34,,,2026-06-12T00:27:54Z,2026-06-14T22:09:39Z,excluded,not screened in,"P3 34 commits on the default branch, below 40"
Zeyu-Xie/Smart-City-Micro-Mobility-Analytics,Zeyu-Xie__Smart-City-Micro-Mobility-Analytics,https://github.com/Zeyu-Xie/Smart-City-Micro-Mobility-Analytics,S2_topic_dbt,2,GPL-3.0,27,,,2026-03-08T14:32:12Z,2026-03-26T18:25:27Z,excluded,not screened in,"P3 27 commits on the default branch, below 40"
ZhiHanZ/dbt-databend,ZhiHanZ__dbt-databend,https://github.com/ZhiHanZ/dbt-databend,S3_code,2,,2,,,2022-11-06T13:00:56Z,2022-11-08T07:40:17Z,excluded,not screened in,"P3 2 commits on the default branch, below 40"
ZiadOnTheHub/FC26-Telemetry-Engine,ZiadOnTheHub__FC26-Telemetry-Engine,https://github.com/ZiadOnTheHub/FC26-Telemetry-Engine,S3_code,0,,30,,,2026-04-12T00:34:44Z,2026-05-29T03:25:55Z,excluded,not screened in,"P3 30 commits on the default branch, below 40"
a-nordstrom94/bigquery_warehouse-main,a-nordstrom94__bigquery_warehouse-main,https://github.com/a-nordstrom94/bigquery_warehouse-main,S3_code,0,,21,,,2025-12-31T14:42:46Z,2026-04-12T15:19:30Z,excluded,not screened in,"P3 21 commits on the default branch, below 40"
a-pollo/dbt-hive,a-pollo__dbt-hive,https://github.com/a-pollo/dbt-hive,S3_code,2,Apache-2.0,9,,,2019-02-22T18:47:58Z,2019-02-22T23:20:44Z,excluded,not screened in,"P3 9 commits on the default branch, below 40"
a-poor/dbt-jaffle-shop,a-poor__dbt-jaffle-shop,https://github.com/a-poor/dbt-jaffle-shop,S3_code,0,Apache-2.0,29,,,2021-11-24T20:49:01Z,2021-11-24T20:50:01Z,excluded,not screened in,"P3 29 commits on the default branch, below 40"
a4lamber/airbnb-fullmoon-sentiment-analysis,a4lamber__airbnb-fullmoon-sentiment-analysis,https://github.com/a4lamber/airbnb-fullmoon-sentiment-analysis,S2_topic_dbt,1,,9,,,2023-05-31T20:49:53Z,2023-06-14T03:57:53Z,excluded,not screened in,"P3 9 commits on the default branch, below 40"
a77ene/global-ecommerce-pipeline,a77ene__global-ecommerce-pipeline,https://github.com/a77ene/global-ecommerce-pipeline,S2_topic_dbt;S3_code,1,,22,,,2026-06-14T02:10:49Z,2026-06-15T01:16:21Z,excluded,not screened in,"P3 22 commits on the default branch, below 40"
aImErYbArRaUlT/golf-pipeline,aImErYbArRaUlT__golf-pipeline,https://github.com/aImErYbArRaUlT/golf-pipeline,S2_topic_dbt,2,MIT,1,,,2026-06-26T13:24:55Z,2026-06-29T10:21:41Z,excluded,not screened in,"P3 1 commits on the default branch, below 40"
aadvik7/engineering-portfolio,aadvik7__engineering-portfolio,https://github.com/aadvik7/engineering-portfolio,S2_topic_dbt,2,,65,0,0,2026-04-18T14:42:35Z,2026-05-14T19:28:07Z,excluded,not screened in,"P4 0.9 months between creation and last push, below 12"
aafaf655/DE-Job-Market-Analysis,aafaf655__DE-Job-Market-Analysis,https://github.com/aafaf655/DE-Job-Market-Analysis,S2_topic_dbt,1,,12,,,2025-04-22T15:54:02Z,2025-04-29T13:05:05Z,excluded,not screened in,"P3 12 commits on the default branch, below 40"
aakash-shivshakti/CDAC-HYD-FEB25,aakash-shivshakti__CDAC-HYD-FEB25,https://github.com/aakash-shivshakti/CDAC-HYD-FEB25,S2_topic_dbt,1,,17,,,2025-06-21T07:11:50Z,2025-07-10T09:11:38Z,excluded,not screened in,"P3 17 commits on the default branch, below 40"
aaronsime/cloud-warehouse-snowflake,aaronsime__cloud-warehouse-snowflake,https://github.com/aaronsime/cloud-warehouse-snowflake,S3_code,1,MIT,80,13,1,2025-03-21T09:31:11Z,2026-05-21T10:33:13Z,passed,"extracted, excluded","only 3 monthly snapshots, below the 12 minimum"
aaryen-dsouza/retailpulse-data-engineering,aaryen-dsouza__retailpulse-data-engineering,https://github.com/aaryen-dsouza/retailpulse-data-engineering,S3_code,0,,2,,,2026-05-16T04:59:38Z,2026-05-16T05:24:09Z,excluded,not screened in,"P3 2 commits on the default branch, below 40"
aayomide/crypto_analytics_engineering,aayomide__crypto_analytics_engineering,https://github.com/aayomide/crypto_analytics_engineering,S2_topic_dbt,8,,29,,,2024-04-16T23:48:46Z,2024-07-23T07:30:40Z,excluded,not screened in,"P3 29 commits on the default branch, below 40"
ab3lT/10-Academy-Week-7,ab3lT__10-Academy-Week-7,https://github.com/ab3lT/10-Academy-Week-7,S3_code,0,MIT,14,,,2025-01-29T13:55:56Z,2025-02-06T17:54:56Z,excluded,not screened in,"P3 14 commits on the default branch, below 40"
abdkumar/spotify-stream-analytics,abdkumar__spotify-stream-analytics,https://github.com/abdkumar/spotify-stream-analytics,S3_code,72,,23,,,2023-11-04T17:29:46Z,2023-12-17T17:15:28Z,excluded,not screened in,"P3 23 commits on the default branch, below 40"
abdoulsn/dbt,abdoulsn__dbt,https://github.com/abdoulsn/dbt,S3_code,0,,15,,,2024-12-04T21:22:16Z,2025-10-08T20:03:05Z,excluded,not screened in,"P3 15 commits on the default branch, below 40"
abduldjafar/elt-with-dagster,abduldjafar__elt-with-dagster,https://github.com/abduldjafar/elt-with-dagster,S3_code,15,,10,,,2022-07-26T09:17:47Z,2022-08-03T05:49:04Z,excluded,not screened in,"P3 10 commits on the default branch, below 40"
abdurezakham/Shipping-Data-Product,abdurezakham__Shipping-Data-Product,https://github.com/abdurezakham/Shipping-Data-Product,S3_code,0,,26,,,2025-07-10T06:45:03Z,2025-07-15T18:41:27Z,excluded,not screened in,"P3 26 commits on the default branch, below 40"
abhayamanpandey-max/dbt-PySpark-DeltaLake-Databricks,abhayamanpandey-max__dbt-PySpark-DeltaLake-Databricks,https://github.com/abhayamanpandey-max/dbt-PySpark-DeltaLake-Databricks,S2_topic_analytics-engineering;S2_topic_dbt,1,,3,,,2026-06-28T04:07:47Z,2026-07-07T13:26:41Z,excluded,not screened in,"P3 3 commits on the default branch, below 40"
abhayra12/agri_data_pipeline,abhayra12__agri_data_pipeline,https://github.com/abhayra12/agri_data_pipeline,S3_code,5,,161,16,1,2025-03-21T18:15:00Z,2025-04-01T09:40:12Z,excluded,not screened in,"P4 0.3 months between creation and last push, below 12"
abhiiiiiiijit/dbt-Explorer-on-demand-course-platform,abhiiiiiiijit__dbt-Explorer-on-demand-course-platform,https://github.com/abhiiiiiiijit/dbt-Explorer-on-demand-course-platform,S3_code,0,,65,12,1,2024-12-08T10:44:29Z,2024-12-08T16:43:27Z,excluded,not screened in,"P4 0.0 months between creation and last push, below 12"
abhirajadhikary06/batch-clickstream-etl-pipeline,abhirajadhikary06__batch-clickstream-etl-pipeline,https://github.com/abhirajadhikary06/batch-clickstream-etl-pipeline,S3_code,0,NOASSERTION,9,,,2026-04-25T20:39:26Z,2026-05-01T04:55:16Z,excluded,not screened in,"P3 9 commits on the default branch, below 40"
abhirajadhikary06/dbt-snowflake-airflow-pipeline,abhirajadhikary06__dbt-snowflake-airflow-pipeline,https://github.com/abhirajadhikary06/dbt-snowflake-airflow-pipeline,S2_topic_dbt,1,,5,,,2026-01-05T10:36:34Z,2026-04-20T15:49:28Z,excluded,not screened in,"P3 5 commits on the default branch, below 40"
abhisheks-prophecy/sql_snowflake_public_parent,abhisheks-prophecy__sql_snowflake_public_parent,https://github.com/abhisheks-prophecy/sql_snowflake_public_parent,S3_code,0,,49,1,1,2023-04-24T05:40:10Z,2026-07-30T10:58:08Z,passed,"extracted, excluded","only 3 monthly snapshots, below the 12 minimum"
abhishekshah25/3-layer-Medallion-Data-Pipeline,abhishekshah25__3-layer-Medallion-Data-Pipeline,https://github.com/abhishekshah25/3-layer-Medallion-Data-Pipeline,S2_topic_dbt,7,,99,3,1,2024-04-25T14:49:55Z,2024-11-30T09:00:22Z,excluded,not screened in,"P4 7.2 months between creation and last push, below 12"
aboyalejandro/data-stack-to-go-duckdb-dbt,aboyalejandro__data-stack-to-go-duckdb-dbt,https://github.com/aboyalejandro/data-stack-to-go-duckdb-dbt,S2_topic_dbt,3,,39,,,2024-08-24T16:41:49Z,2024-12-24T11:15:12Z,excluded,not screened in,"P3 39 commits on the default branch, below 40"
abulhasan-18/dbt-ecommerce-mart,abulhasan-18__dbt-ecommerce-mart,https://github.com/abulhasan-18/dbt-ecommerce-mart,S3_code,0,,7,,,2025-12-17T06:08:28Z,2025-12-18T04:55:49Z,excluded,not screened in,"P3 7 commits on the default branch, below 40"
acaldo/pokemon_airflow,acaldo__pokemon_airflow,https://github.com/acaldo/pokemon_airflow,S3_code,0,,22,,,2023-11-02T21:35:51Z,2023-11-20T21:00:17Z,excluded,not screened in,"P3 22 commits on the default branch, below 40"
acatarinavr/dbt_framework,acatarinavr__dbt_framework,https://github.com/acatarinavr/dbt_framework,S3_code,0,,55,4,4,2024-03-04T15:44:57Z,2024-03-05T11:08:04Z,excluded,not screened in,"P4 0.0 months between creation and last push, below 12"
accelerate-data/migration-utility,accelerate-data__migration-utility,https://github.com/accelerate-data/migration-utility,S3_code,3,NOASSERTION,816,115,74,2026-02-27T08:53:46Z,2026-07-22T01:09:05Z,excluded,not screened in,"P4 4.7 months between creation and last push, below 12"
access-social-care/dbt-asc,access-social-care__dbt-asc,https://github.com/access-social-care/dbt-asc,S3_code,0,,112,53,1,2026-03-11T20:17:31Z,2026-07-27T14:48:43Z,excluded,not screened in,"P4 4.5 months between creation and last push, below 12"
acgerhold/martian-moments,acgerhold__martian-moments,https://github.com/acgerhold/martian-moments,S2_topic_dbt,2,,129,13,1,2025-08-27T18:15:28Z,2025-10-09T22:35:36Z,excluded,not screened in,"P4 1.4 months between creation and last push, below 12"
achilala/dbt-atp-tour,achilala__dbt-atp-tour,https://github.com/achilala/dbt-atp-tour,S3_code,3,MIT,84,10,1,2023-04-10T02:17:02Z,2026-04-24T11:51:17Z,passed,"extracted, excluded","only 8 monthly snapshots, below the 12 minimum"
achraf-boua/olist-analytics-pipline,achraf-boua__olist-analytics-pipline,https://github.com/achraf-boua/olist-analytics-pipline,S2_topic_analytics-engineering;S2_topic_dbt,2,,7,,,2026-04-10T00:37:11Z,2026-08-03T19:18:11Z,excluded,not screened in,"P3 7 commits on the default branch, below 40"
acothaha/chess_elo,acothaha__chess_elo,https://github.com/acothaha/chess_elo,S2_topic_dbt,1,,110,3,1,2023-01-19T00:17:32Z,2023-07-25T08:35:04Z,excluded,not screened in,"P4 6.1 months between creation and last push, below 12"
adam-staros95/dbt-access-management,adam-staros95__dbt-access-management,https://github.com/adam-staros95/dbt-access-management,S3_code,1,Apache-2.0,40,0,1,2024-08-18T15:58:33Z,2025-12-03T13:56:14Z,passed,"extracted, excluded",no commits touch any declared model path
adamlabruyere-beep/gz-dbt-repository,adamlabruyere-beep__gz-dbt-repository,https://github.com/adamlabruyere-beep/gz-dbt-repository,S3_code,0,,20,,,2026-02-04T10:48:00Z,2026-02-05T15:31:30Z,excluded,not screened in,"P3 20 commits on the default branch, below 40"
adavoudi/multi-cloud-data-platform,adavoudi__multi-cloud-data-platform,https://github.com/adavoudi/multi-cloud-data-platform,S2_topic_dbt,5,,4,,,2025-10-03T18:15:44Z,2025-11-11T18:50:36Z,excluded,not screened in,"P3 4 commits on the default branch, below 40"
addhen/kanalytics,addhen__kanalytics,https://github.com/addhen/kanalytics,S2_topic_analytics-engineering,38,Apache-2.0,390,0,0,2024-06-19T00:41:06Z,2026-07-20T14:37:05Z,passed,"extracted, excluded",no dbt_project.yml found anywhere on the first-parent history
addin12/DF9-bank-marketing-data-pipelines,addin12__DF9-bank-marketing-data-pipelines,https://github.com/addin12/DF9-bank-marketing-data-pipelines,S2_topic_dbt,1,,29,,,2023-03-17T07:36:27Z,2023-04-12T09:42:13Z,excluded,not screened in,"P3 29 commits on the default branch, below 40"
adesso-thomasrose/dbt-fundamentals,adesso-thomasrose__dbt-fundamentals,https://github.com/adesso-thomasrose/dbt-fundamentals,S3_code,0,,5,,,2022-03-30T12:21:10Z,2022-04-22T11:41:37Z,excluded,not screened in,"P3 5 commits on the default branch, below 40"
adhithyan-s/india-upi-payments-analytics,adhithyan-s__india-upi-payments-analytics,https://github.com/adhithyan-s/india-upi-payments-analytics,S2_topic_dbt,1,,11,,,2026-04-09T05:22:59Z,2026-07-17T15:00:42Z,excluded,not screened in,"P3 11 commits on the default branch, below 40"
adityawarmanfw/dbt_duckdb_chinook,adityawarmanfw__dbt_duckdb_chinook,https://github.com/adityawarmanfw/dbt_duckdb_chinook,S2_topic_dbt,8,,8,,,2022-07-07T11:03:10Z,2022-07-20T07:04:36Z,excluded,not screened in,"P3 8 commits on the default branch, below 40"
adityawrk/analytics-with-claude-code,adityawrk__analytics-with-claude-code,https://github.com/adityawrk/analytics-with-claude-code,S2_topic_dbt,4,MIT,25,,,2026-02-27T20:58:31Z,2026-03-02T08:18:49Z,excluded,not screened in,"P3 25 commits on the default branch, below 40"
adiwijaya/dbt_demo,adiwijaya__dbt_demo,https://github.com/adiwijaya/dbt_demo,S3_code,1,,29,,,2022-01-21T06:12:33Z,2022-02-15T03:34:42Z,excluded,not screened in,"P3 29 commits on the default branch, below 40"
adpawel/k8s-gcp-air-quality-pipeline,adpawel__k8s-gcp-air-quality-pipeline,https://github.com/adpawel/k8s-gcp-air-quality-pipeline,S3_code,0,,7,,,2026-07-25T17:13:50Z,2026-07-30T19:31:41Z,excluded,not screened in,"P3 7 commits on the default branch, below 40"
adrian-pasek-prv/de-zoomcamp,adrian-pasek-prv__de-zoomcamp,https://github.com/adrian-pasek-prv/de-zoomcamp,S2_topic_dbt,1,,69,5,1,2023-01-09T09:53:21Z,2023-03-07T06:50:56Z,excluded,not screened in,"P4 1.8 months between creation and last push, below 12"
adrianarante/DBTFabricNb,adrianarante__DBTFabricNb,https://github.com/adrianarante/DBTFabricNb,S3_code,0,,2,,,2025-06-30T03:04:29Z,2025-06-30T08:29:37Z,excluded,not screened in,"P3 2 commits on the default branch, below 40"
aec-self-study/ae-club-robert,aec-self-study__ae-club-robert,https://github.com/aec-self-study/ae-club-robert,S3_code,0,,63,10,1,2023-07-14T08:58:49Z,2023-08-14T15:30:55Z,excluded,not screened in,"P4 1.0 months between creation and last push, below 12"
aec-self-study/aec_alh,aec-self-study__aec_alh,https://github.com/aec-self-study/aec_alh,S3_code,0,,28,,,2023-05-18T18:51:57Z,2023-06-30T12:42:12Z,excluded,not screened in,"P3 28 commits on the default branch, below 40"
aegis-dq/aegis-dq,aegis-dq__aegis-dq,https://github.com/aegis-dq/aegis-dq,S2_topic_dbt,4,NOASSERTION,76,0,0,2026-05-11T22:44:17Z,2026-05-27T20:34:08Z,excluded,not screened in,"P4 0.5 months between creation and last push, below 12"
aestevaomoraes/bigquery-agregacoes-especiais-ecommerce,aestevaomoraes__bigquery-agregacoes-especiais-ecommerce,https://github.com/aestevaomoraes/bigquery-agregacoes-especiais-ecommerce,S2_topic_analytics-engineering,1,MIT,20,,,2026-06-09T14:47:35Z,2026-06-09T17:58:59Z,excluded,not screened in,"P3 20 commits on the default branch, below 40"
aestim/etf-analytics,aestim__etf-analytics,https://github.com/aestim/etf-analytics,S2_topic_dbt,3,MIT,137,4,1,2026-05-15T15:13:43Z,2026-07-29T18:29:08Z,excluded,not screened in,"P4 2.5 months between creation and last push, below 12"
af-ryb/dbt-bq-connector,af-ryb__dbt-bq-connector,https://github.com/af-ryb/dbt-bq-connector,S3_code,0,Apache-2.0,1108,0,1,2022-09-05T21:10:30Z,2025-11-24T14:56:52Z,passed,"extracted, excluded",no commits touch any declared model path
affanshk/dbt-modular-warehouse,affanshk__dbt-modular-warehouse,https://github.com/affanshk/dbt-modular-warehouse,S3_code,0,MIT,51,3,1,2026-07-23T15:18:37Z,2026-07-28T20:28:49Z,excluded,not screened in,"P4 0.2 months between creation and last push, below 12"
afoshiok/Money-and-Elections,afoshiok__Money-and-Elections,https://github.com/afoshiok/Money-and-Elections,S2_topic_dbt,2,,118,12,1,2024-01-16T20:28:35Z,2024-05-09T02:05:15Z,excluded,not screened in,"P4 3.7 months between creation and last push, below 12"
afranzi/pytest-dbt-duckdb,afranzi__pytest-dbt-duckdb,https://github.com/afranzi/pytest-dbt-duckdb,S3_code,1,Apache-2.0,32,,,2025-01-06T21:20:31Z,2026-06-20T20:56:26Z,excluded,not screened in,"P3 32 commits on the default branch, below 40"
afranzi/pytest-dbt-postgres,afranzi__pytest-dbt-postgres,https://github.com/afranzi/pytest-dbt-postgres,S2_topic_dbt,6,,3,,,2023-11-30T08:48:12Z,2024-09-03T12:16:56Z,excluded,not screened in,"P3 3 commits on the default branch, below 40"
agilRom1/dbt_tutorial,agilRom1__dbt_tutorial,https://github.com/agilRom1/dbt_tutorial,S3_code,0,,12,,,2024-01-10T11:51:22Z,2024-01-22T14:03:09Z,excluded,not screened in,"P3 12 commits on the default branch, below 40"
agutiernc/nyc-citi-bike-insights,agutiernc__nyc-citi-bike-insights,https://github.com/agutiernc/nyc-citi-bike-insights,S2_topic_analytics-engineering;S2_topic_dbt,2,,21,,,2024-04-03T19:03:37Z,2024-04-18T22:04:56Z,excluded,not screened in,"P3 21 commits on the default branch, below 40"
ahmadMuhammadGd/northwind-dbt,ahmadMuhammadGd__northwind-dbt,https://github.com/ahmadMuhammadGd/northwind-dbt,S2_topic_analytics-engineering;S2_topic_dbt,1,,70,14,1,2024-10-21T22:37:20Z,2024-11-24T15:17:27Z,excluded,not screened in,"P4 1.1 months between creation and last push, below 12"
ahmadalpadani/Project-Capstone,ahmadalpadani__Project-Capstone,https://github.com/ahmadalpadani/Project-Capstone,S3_code,0,,72,18,4,2024-06-05T09:35:37Z,2024-06-19T12:13:42Z,excluded,not screened in,"P4 0.5 months between creation and last push, below 12"
ahmd-byte/blockchain_analytics,ahmd-byte__blockchain_analytics,https://github.com/ahmd-byte/blockchain_analytics,S3_code,0,,44,6,1,2025-12-18T05:58:30Z,2025-12-19T08:07:54Z,excluded,not screened in,"P4 0.0 months between creation and last push, below 12"
ahmedmajid22/weather-analytics-platform,ahmedmajid22__weather-analytics-platform,https://github.com/ahmedmajid22/weather-analytics-platform,S2_topic_dbt,1,,17,,,2026-04-06T10:34:09Z,2026-04-17T13:34:10Z,excluded,not screened in,"P3 17 commits on the default branch, below 40"
ahnsv/dbt-toolkit,ahnsv__dbt-toolkit,https://github.com/ahnsv/dbt-toolkit,S2_topic_dbt,3,,19,,,2023-11-14T14:33:15Z,2026-02-23T22:09:38Z,excluded,not screened in,"P3 19 commits on the default branch, below 40"
ahnsv/dbt_yaml_builder,ahnsv__dbt_yaml_builder,https://github.com/ahnsv/dbt_yaml_builder,S2_topic_dbt,1,,14,,,2021-05-19T02:51:45Z,2024-05-27T04:26:05Z,excluded,not screened in,"P3 14 commits on the default branch, below 40"
ahsnl-py/job_hub,ahsnl-py__job_hub,https://github.com/ahsnl-py/job_hub,S3_code,0,,2,,,2024-01-17T10:22:35Z,2024-01-17T11:14:02Z,excluded,not screened in,"P3 2 commits on the default branch, below 40"
ai-tech-karthik/banking-data-pipeline,ai-tech-karthik__banking-data-pipeline,https://github.com/ai-tech-karthik/banking-data-pipeline,S2_topic_dbt;S3_code,2,MIT,13,,,2025-12-02T02:40:33Z,2026-01-31T17:39:25Z,excluded,not screened in,"P3 13 commits on the default branch, below 40"
aibunny/dbt_northwind,aibunny__dbt_northwind,https://github.com/aibunny/dbt_northwind,S2_topic_dbt-core,1,,19,,,2023-12-18T20:49:46Z,2023-12-21T20:31:34Z,excluded,not screened in,"P3 19 commits on the default branch, below 40"
airbytecontributors/airbyte-integrations,airbytecontributors__airbyte-integrations,https://github.com/airbytecontributors/airbyte-integrations,S3_code,1,NOASSERTION,6366,0,7,2022-06-04T08:20:41Z,2024-05-30T05:12:03Z,passed,"extracted, excluded",no commits touch any declared model path
airbytehq/airbyte-dbt-models,airbytehq__airbyte-dbt-models,https://github.com/airbytehq/airbyte-dbt-models,S3_code,12,MIT,201,117,19,2024-05-22T13:31:06Z,2024-09-17T00:20:52Z,excluded,not screened in,"P4 3.8 months between creation and last push, below 12"
airbytehq/quickstarts,airbytehq__quickstarts,https://github.com/airbytehq/quickstarts,S3_code,217,,87,115,21,2023-09-07T15:59:56Z,2026-07-23T21:16:57Z,passed,"extracted, excluded","only 5 monthly snapshots, below the 12 minimum"
airflow-plugins/Example-Airflow-DAGs,airflow-plugins__Example-Airflow-DAGs,https://github.com/airflow-plugins/Example-Airflow-DAGs,S2_topic_dbt,350,Apache-2.0,50,0,0,2018-02-14T01:56:11Z,2018-07-24T02:24:23Z,excluded,not screened in,"P4 5.3 months between creation and last push, below 12"
airscholar/dbt-bigquery-crash-course,airscholar__dbt-bigquery-crash-course,https://github.com/airscholar/dbt-bigquery-crash-course,S2_topic_dbt;S3_code,5,,3,,,2023-10-14T17:18:03Z,2023-12-11T14:51:23Z,excluded,not screened in,"P3 3 commits on the default branch, below 40"
airscholar/modern-data-eng-dbt-databricks-azure,airscholar__modern-data-eng-dbt-databricks-azure,https://github.com/airscholar/modern-data-eng-dbt-databricks-azure,S2_topic_dbt,38,,3,,,2023-12-18T15:00:39Z,2023-12-18T15:35:38Z,excluded,not screened in,"P3 3 commits on the default branch, below 40"
aishux/Alzora,aishux__Alzora,https://github.com/aishux/Alzora,S3_code,0,MIT,39,,,2025-10-11T14:30:25Z,2025-10-24T20:58:39Z,excluded,not screened in,"P3 39 commits on the default branch, below 40"
aishwarya0805/AI_Productivity,aishwarya0805__AI_Productivity,https://github.com/aishwarya0805/AI_Productivity,S3_code,0,,3,,,2026-03-02T00:25:13Z,2026-03-13T22:34:45Z,excluded,not screened in,"P3 3 commits on the default branch, below 40"
aishwarya0805/my_dbt_project,aishwarya0805__my_dbt_project,https://github.com/aishwarya0805/my_dbt_project,S3_code,0,,1,,,2026-03-02T00:28:30Z,2026-03-02T00:35:51Z,excluded,not screened in,"P3 1 commits on the default branch, below 40"
aitil-insight/APAC-Capability-DAI-DbtFabricSparkNb,aitil-insight__APAC-Capability-DAI-DbtFabricSparkNb,https://github.com/aitil-insight/APAC-Capability-DAI-DbtFabricSparkNb,S3_code,0,MIT,471,20,4,2025-10-17T22:08:13Z,2025-10-22T23:44:32Z,excluded,not screened in,"P4 0.2 months between creation and last push, below 12"
aiven/aiven-examples,aiven__aiven-examples,https://github.com/aiven/aiven-examples,S3_code,40,Apache-2.0,454,0,0,2018-11-14T12:06:00Z,2026-07-22T18:21:15Z,passed,"extracted, excluded",no dbt_project.yml found anywhere on the first-parent history
aiwithqasim/cloud-data-engineering,aiwithqasim__cloud-data-engineering,https://github.com/aiwithqasim/cloud-data-engineering,S2_topic_dbt,59,MIT,128,0,0,2024-03-18T02:09:47Z,2026-08-03T15:01:28Z,passed,"extracted, excluded",no dbt_project.yml found anywhere on the first-parent history
akashp-anjane/big_data_models,akashp-anjane__big_data_models,https://github.com/akashp-anjane/big_data_models,S3_code,0,,5,,,2024-10-07T05:07:47Z,2024-10-09T11:29:30Z,excluded,not screened in,"P3 5 commits on the default branch, below 40"
akhilaansh/deacedamy-dbt,akhilaansh__deacedamy-dbt,https://github.com/akhilaansh/deacedamy-dbt,S3_code,0,,7,,,2025-05-06T17:09:39Z,2025-07-23T12:16:45Z,excluded,not screened in,"P3 7 commits on the default branch, below 40"
akil15/airline_and_rental_services_dbt_core,akil15__airline_and_rental_services_dbt_core,https://github.com/akil15/airline_and_rental_services_dbt_core,S3_code,0,,6,,,2025-12-02T14:23:02Z,2025-12-02T16:05:11Z,excluded,not screened in,"P3 6 commits on the default branch, below 40"
akompaniiets1/Data_warehouse_assignment_4,akompaniiets1__Data_warehouse_assignment_4,https://github.com/akompaniiets1/Data_warehouse_assignment_4,S3_code,0,,4,,,2024-07-22T12:56:09Z,2024-07-22T19:55:00Z,excluded,not screened in,"P3 4 commits on the default branch, below 40"
aksh-ay06/Trip-Cost-Prediction,aksh-ay06__Trip-Cost-Prediction,https://github.com/aksh-ay06/Trip-Cost-Prediction,S3_code,0,,2,,,2026-02-09T09:20:32Z,2026-02-09T09:20:42Z,excluded,not screened in,"P3 2 commits on the default branch, below 40"
akshay11297/learn_dbt,akshay11297__learn_dbt,https://github.com/akshay11297/learn_dbt,S3_code,0,,2,,,2025-05-25T07:04:04Z,2025-06-01T07:25:27Z,excluded,not screened in,"P3 2 commits on the default branch, below 40"
akshaygurav10/AG_Snowflake_DBT,akshaygurav10__AG_Snowflake_DBT,https://github.com/akshaygurav10/AG_Snowflake_DBT,S3_code,0,,44,17,1,2026-03-18T03:59:52Z,2026-04-04T13:39:12Z,excluded,not screened in,"P4 0.6 months between creation and last push, below 12"
alanoregis/dbt_vendas,alanoregis__dbt_vendas,https://github.com/alanoregis/dbt_vendas,S2_topic_analytics-engineering;S2_topic_dbt,1,,25,,,2026-04-09T20:27:07Z,2026-04-22T22:42:08Z,excluded,not screened in,"P3 25 commits on the default branch, below 40"
albertnsql/instacart-analytics-dbt-looker,albertnsql__instacart-analytics-dbt-looker,https://github.com/albertnsql/instacart-analytics-dbt-looker,S2_topic_analytics-engineering;S2_topic_dbt,1,,25,,,2026-02-28T17:05:43Z,2026-03-18T14:40:36Z,excluded,not screened in,"P3 25 commits on the default branch, below 40"
albertnsql/saas-product-analytics,albertnsql__saas-product-analytics,https://github.com/albertnsql/saas-product-analytics,S2_topic_analytics-engineering;S2_topic_dbt,1,,19,,,2026-03-11T05:46:38Z,2026-03-17T18:11:24Z,excluded,not screened in,"P3 19 commits on the default branch, below 40"
albertovpd/dbt_spice,albertovpd__dbt_spice,https://github.com/albertovpd/dbt_spice,S2_topic_dbt;S2_topic_dbt-project,2,MIT,15,,,2025-08-26T07:25:42Z,2026-02-02T10:51:03Z,excluded,not screened in,"P3 15 commits on the default branch, below 40"
albumprinter/Storio-AnalyticsEngineer-TechAssignment,albumprinter__Storio-AnalyticsEngineer-TechAssignment,https://github.com/albumprinter/Storio-AnalyticsEngineer-TechAssignment,S3_code,0,Apache-2.0,3,,,2025-10-21T14:29:34Z,2025-10-24T14:31:08Z,excluded,not screened in,"P3 3 commits on the default branch, below 40"
albumprinter/Storio-Data-PrincipalEngineerAssignment,albumprinter__Storio-Data-PrincipalEngineerAssignment,https://github.com/albumprinter/Storio-Data-PrincipalEngineerAssignment,S3_code,0,Apache-2.0,2,,,2025-04-07T15:05:13Z,2025-04-10T08:53:30Z,excluded,not screened in,"P3 2 commits on the default branch, below 40"
aleaurre/qversity-data-2026-montevideo-alexiaurrecochea,aleaurre__qversity-data-2026-montevideo-alexiaurrecochea,https://github.com/aleaurre/qversity-data-2026-montevideo-alexiaurrecochea,S3_code,1,MIT,134,34,1,2026-05-08T22:29:34Z,2026-06-24T23:09:53Z,excluded,not screened in,"P4 1.5 months between creation and last push, below 12"
aleenprd/docbt,aleenprd__docbt,https://github.com/aleenprd/docbt,S2_topic_analytics-engineering;S2_topic_dbt,4,Apache-2.0,18,,,2025-10-21T18:44:13Z,2025-12-13T09:06:58Z,excluded,not screened in,"P3 18 commits on the default branch, below 40"
alejandrogobu/dbt_core_example_,alejandrogobu__dbt_core_example_,https://github.com/alejandrogobu/dbt_core_example_,S3_code,0,,5,,,2024-05-09T16:23:07Z,2024-05-10T07:56:50Z,excluded,not screened in,"P3 5 commits on the default branch, below 40"
aleobois-arch/dbt-databricks,aleobois-arch__dbt-databricks,https://github.com/aleobois-arch/dbt-databricks,S3_code,2,Apache-2.0,1620,1,2,2026-06-26T19:36:07Z,2026-06-26T19:53:44Z,excluded,not screened in,"P4 0.0 months between creation and last push, below 12"
alexehd/gz-dbt-repository,alexehd__gz-dbt-repository,https://github.com/alexehd/gz-dbt-repository,S3_code,0,,13,,,2026-02-04T10:28:57Z,2026-02-05T16:04:30Z,excluded,not screened in,"P3 13 commits on the default branch, below 40"
alexott/databricks-dbt-playground,alexott__databricks-dbt-playground,https://github.com/alexott/databricks-dbt-playground,S2_topic_dbt,4,,5,,,2023-01-03T09:54:12Z,2023-10-27T13:27:21Z,excluded,not screened in,"P3 5 commits on the default branch, below 40"
alfredzou/BoardGameGeek_Pipeline,alfredzou__BoardGameGeek_Pipeline,https://github.com/alfredzou/BoardGameGeek_Pipeline,S2_topic_dbt,3,,35,,,2024-03-18T23:59:09Z,2024-04-23T03:45:50Z,excluded,not screened in,"P3 35 commits on the default branch, below 40"
alhankeser/antren-dbt,alhankeser__antren-dbt,https://github.com/alhankeser/antren-dbt,S2_topic_analytics-engineering;S2_topic_dbt;S2_topic_dbt-core,2,,17,,,2024-01-30T11:41:03Z,2025-07-14T10:40:04Z,excluded,not screened in,"P3 17 commits on the default branch, below 40"
alhankeser/borsa,alhankeser__borsa,https://github.com/alhankeser/borsa,S2_topic_dbt,11,MIT,20,,,2024-03-23T23:19:42Z,2025-01-15T21:53:03Z,excluded,not screened in,"P3 20 commits on the default branch, below 40"
alhankeser/dbt-nvim,alhankeser__dbt-nvim,https://github.com/alhankeser/dbt-nvim,S2_topic_analytics-engineering;S2_topic_dbt;S2_topic_dbt-core,4,MIT,5,,,2024-10-13T21:41:06Z,2024-10-15T00:07:28Z,excluded,not screened in,"P3 5 commits on the default branch, below 40"
aliadel01/Brokerage-Intelligence-Platform,aliadel01__Brokerage-Intelligence-Platform,https://github.com/aliadel01/Brokerage-Intelligence-Platform,S3_code,1,,17,,,2026-07-12T16:18:06Z,2026-08-04T09:19:00Z,excluded,not screened in,"P3 17 commits on the default branch, below 40"
aliadel01/citibike-intelligence-platform,aliadel01__citibike-intelligence-platform,https://github.com/aliadel01/citibike-intelligence-platform,S2_topic_dbt,1,,34,,,2026-02-19T19:35:12Z,2026-07-01T13:04:33Z,excluded,not screened in,"P3 34 commits on the default branch, below 40"
aliadel01/modern-data-stack-pipeline,aliadel01__modern-data-stack-pipeline,https://github.com/aliadel01/modern-data-stack-pipeline,S2_topic_dbt,1,,7,,,2025-12-01T09:05:52Z,2026-02-17T12:43:55Z,excluded,not screened in,"P3 7 commits on the default branch, below 40"
alicenkbaytop/de_zoomcamp,alicenkbaytop__de_zoomcamp,https://github.com/alicenkbaytop/de_zoomcamp,S3_code,0,Apache-2.0,15,,,2024-01-28T20:55:37Z,2024-03-12T11:34:15Z,excluded,not screened in,"P3 15 commits on the default branch, below 40"
aliyun/dbt-hologres,aliyun__dbt-hologres,https://github.com/aliyun/dbt-hologres,S3_code,3,Apache-2.0,53,12,2,2026-01-27T08:07:55Z,2026-03-23T02:36:02Z,excluded,not screened in,"P4 1.8 months between creation and last push, below 12"
aliyun/dbt-maxcompute,aliyun__dbt-maxcompute,https://github.com/aliyun/dbt-maxcompute,S3_code,18,Apache-2.0,138,15,2,2024-10-28T03:26:18Z,2026-06-03T11:59:46Z,passed,"extracted, excluded","only 1 monthly snapshots, below the 12 minimum"
alloc110/ClawSense,alloc110__ClawSense,https://github.com/alloc110/ClawSense,S2_topic_dbt,1,MIT,25,,,2026-03-09T04:23:15Z,2026-04-08T16:36:34Z,excluded,not screened in,"P3 25 commits on the default branch, below 40"
alnvar/snowflake-btc-test,alnvar__snowflake-btc-test,https://github.com/alnvar/snowflake-btc-test,S3_code,0,,17,,,2025-11-14T01:49:10Z,2025-11-14T18:02:57Z,excluded,not screened in,"P3 17 commits on the default branch, below 40"
alok-katyayana/alok-katyayana,alok-katyayana__alok-katyayana,https://github.com/alok-katyayana/alok-katyayana,S3_code,0,,13,,,2021-07-14T01:53:46Z,2026-03-07T14:29:49Z,excluded,not screened in,"P3 13 commits on the default branch, below 40"
alonsoburon/portfolio-batchElt,alonsoburon__portfolio-batchElt,https://github.com/alonsoburon/portfolio-batchElt,S3_code,1,,6,,,2025-10-04T23:05:54Z,2025-10-26T14:36:16Z,excluded,not screened in,"P3 6 commits on the default branch, below 40"
alopezmoreira1989/dbt_project,alopezmoreira1989__dbt_project,https://github.com/alopezmoreira1989/dbt_project,S3_code,0,,21,,,2026-04-20T16:27:45Z,2026-05-22T08:26:22Z,excluded,not screened in,"P3 21 commits on the default branch, below 40"
altimateanas/altimate_ade_benchmark,altimateanas__altimate_ade_benchmark,https://github.com/altimateanas/altimate_ade_benchmark,S3_code,0,Apache-2.0,388,229,10,2025-12-24T13:04:27Z,2025-12-24T13:07:32Z,excluded,not screened in,"P4 0.0 months between creation and last push, below 12"
alwyndsouza/dbt-ci-cd,alwyndsouza__dbt-ci-cd,https://github.com/alwyndsouza/dbt-ci-cd,S2_topic_dbt-core,1,,5,,,2025-09-04T11:42:31Z,2026-03-29T08:51:23Z,excluded,not screened in,"P3 5 commits on the default branch, below 40"
alwyndsouza/dbt-conversation-ai-local,alwyndsouza__dbt-conversation-ai-local,https://github.com/alwyndsouza/dbt-conversation-ai-local,S2_topic_dbt-core,2,,24,,,2026-02-22T08:34:03Z,2026-04-10T10:34:47Z,excluded,not screened in,"P3 24 commits on the default branch, below 40"
alwyndsouza/dbt_synthetic_data,alwyndsouza__dbt_synthetic_data,https://github.com/alwyndsouza/dbt_synthetic_data,S2_topic_dbt-project,1,,5,,,2026-04-07T12:18:00Z,2026-04-08T12:32:22Z,excluded,not screened in,"P3 5 commits on the default branch, below 40"
alwyndsouza/mds-databricks-semantic-layer,alwyndsouza__mds-databricks-semantic-layer,https://github.com/alwyndsouza/mds-databricks-semantic-layer,S2_topic_dbt-core,1,,9,,,2026-04-06T06:35:23Z,2026-04-06T11:06:02Z,excluded,not screened in,"P3 9 commits on the default branch, below 40"
alwyndsouza/mds-duckdb-semantic-layer,alwyndsouza__mds-duckdb-semantic-layer,https://github.com/alwyndsouza/mds-duckdb-semantic-layer,S2_topic_dbt-core,2,,21,,,2026-04-04T05:06:06Z,2026-04-13T02:10:02Z,excluded,not screened in,"P3 21 commits on the default branch, below 40"
amir-ai-bot/retail-intelligence-platform,amir-ai-bot__retail-intelligence-platform,https://github.com/amir-ai-bot/retail-intelligence-platform,S3_code,0,,24,,,2026-05-23T17:55:38Z,2026-06-18T18:02:48Z,excluded,not screened in,"P3 24 commits on the default branch, below 40"
amirfirouzi87/EShop-Data-Pipeline,amirfirouzi87__EShop-Data-Pipeline,https://github.com/amirfirouzi87/EShop-Data-Pipeline,S3_code,0,,10,,,2025-12-22T09:48:54Z,2025-12-22T14:36:46Z,excluded,not screened in,"P3 10 commits on the default branch, below 40"
ammarali1214/DBT_Data_Transformation_Validation,ammarali1214__DBT_Data_Transformation_Validation,https://github.com/ammarali1214/DBT_Data_Transformation_Validation,S2_topic_dbt;S2_topic_dbt-core,2,,23,,,2023-05-06T11:52:20Z,2023-05-06T20:49:29Z,excluded,not screened in,"P3 23 commits on the default branch, below 40"
amrahstihom93/dbt_proj_test,amrahstihom93__dbt_proj_test,https://github.com/amrahstihom93/dbt_proj_test,S3_code,0,,2,,,2025-06-25T20:15:33Z,2025-06-25T20:26:06Z,excluded,not screened in,"P3 2 commits on the default branch, below 40"
anaaraujovzz-hub/contact-center-analytics,anaaraujovzz-hub__contact-center-analytics,https://github.com/anaaraujovzz-hub/contact-center-analytics,S2_topic_analytics-engineering,1,NOASSERTION,3,,,2026-08-02T16:06:05Z,2026-08-02T16:42:48Z,excluded,not screened in,"P3 3 commits on the default branch, below 40"
anag-fonseca/academy,anag-fonseca__academy,https://github.com/anag-fonseca/academy,S3_code,0,,8,,,2025-05-17T17:16:45Z,2025-05-21T01:45:51Z,excluded,not screened in,"P3 8 commits on the default branch, below 40"
analyst-collective/analytics,analyst-collective__analytics,https://github.com/analyst-collective/analytics,S3_code,48,Apache-2.0,145,0,1,2016-02-18T21:38:59Z,2017-10-29T10:58:58Z,passed,"extracted, excluded","only 4 monthly snapshots, below the 12 minimum"
analyst-collective/zendesk,analyst-collective__zendesk,https://github.com/analyst-collective/zendesk,S3_code,3,Apache-2.0,6,,,2016-05-09T13:11:54Z,2016-05-12T17:40:28Z,excluded,not screened in,"P3 6 commits on the default branch, below 40"
analyticsdurgesh/DBT-Project-Pipeline,analyticsdurgesh__DBT-Project-Pipeline,https://github.com/analyticsdurgesh/DBT-Project-Pipeline,S2_topic_analytics-engineering;S2_topic_dbt,24,,2,,,2026-05-30T11:03:39Z,2026-05-30T11:20:05Z,excluded,not screened in,"P3 2 commits on the default branch, below 40"
analyticsdurgesh/Snowflake_DBT_Project,analyticsdurgesh__Snowflake_DBT_Project,https://github.com/analyticsdurgesh/Snowflake_DBT_Project,S2_topic_analytics-engineering;S2_topic_dbt,21,,2,,,2026-05-30T11:03:38Z,2026-05-30T11:20:04Z,excluded,not screened in,"P3 2 commits on the default branch, below 40"
analyticsdurgesh/astraflow-lakehouse,analyticsdurgesh__astraflow-lakehouse,https://github.com/analyticsdurgesh/astraflow-lakehouse,S2_topic_dbt,1,MIT,1,,,2026-06-16T00:07:43Z,2026-06-16T00:07:48Z,excluded,not screened in,"P3 1 commits on the default branch, below 40"
analyticsengineersclub/coffee-shop-meehan,analyticsengineersclub__coffee-shop-meehan,https://github.com/analyticsengineersclub/coffee-shop-meehan,S3_code,0,,44,19,1,2021-10-15T04:32:44Z,2021-11-27T02:44:46Z,excluded,not screened in,"P4 1.4 months between creation and last push, below 12"
ananyaprabhakarm/test-prophecy,ananyaprabhakarm__test-prophecy,https://github.com/ananyaprabhakarm/test-prophecy,S3_code,0,,20,,,2026-06-15T07:31:27Z,2026-07-27T11:04:16Z,excluded,not screened in,"P3 20 commits on the default branch, below 40"
anarat2022/movie-data-pipeline,anarat2022__movie-data-pipeline,https://github.com/anarat2022/movie-data-pipeline,S2_topic_dbt,1,,2,,,2026-07-16T20:47:26Z,2026-07-16T21:03:31Z,excluded,not screened in,"P3 2 commits on the default branch, below 40"
anarchitects/anarchitecture-community,anarchitects__anarchitecture-community,https://github.com/anarchitects/anarchitecture-community,S3_code,1,Apache-2.0,254,0,15,2026-03-25T09:30:18Z,2026-06-27T08:23:29Z,excluded,not screened in,"P4 3.1 months between creation and last push, below 12"
andr-sfnv/jet-project,andr-sfnv__jet-project,https://github.com/andr-sfnv/jet-project,S3_code,0,,53,3,1,2025-11-12T23:21:33Z,2025-11-18T18:29:48Z,excluded,not screened in,"P4 0.2 months between creation and last push, below 12"
andradelucas/EstudoDBT,andradelucas__EstudoDBT,https://github.com/andradelucas/EstudoDBT,S3_code,0,,19,,,2024-07-30T11:47:16Z,2024-08-06T23:04:16Z,excluded,not screened in,"P3 19 commits on the default branch, below 40"
andreamusso96/smartphone-disconnection,andreamusso96__smartphone-disconnection,https://github.com/andreamusso96/smartphone-disconnection,S3_code,0,,5,,,2026-07-04T15:04:15Z,2026-07-21T20:51:16Z,excluded,not screened in,"P3 5 commits on the default branch, below 40"
andreax79/dbt-ing,andreax79__dbt-ing,https://github.com/andreax79/dbt-ing,S2_topic_dbt,1,MIT,16,,,2022-05-06T18:15:13Z,2022-05-31T07:47:30Z,excluded,not screened in,"P3 16 commits on the default branch, below 40"
andrecroccia/northwind-academy,andrecroccia__northwind-academy,https://github.com/andrecroccia/northwind-academy,S3_code,0,,9,,,2024-12-01T12:40:13Z,2025-02-07T15:02:33Z,excluded,not screened in,"P3 9 commits on the default branch, below 40"
andreichiro/data_engineer_end2end,andreichiro__data_engineer_end2end,https://github.com/andreichiro/data_engineer_end2end,S3_code,23,,111,16,1,2023-07-12T16:37:56Z,2023-08-17T01:38:23Z,excluded,not screened in,"P4 1.1 months between creation and last push, below 12"
andreivolokhovskii-coder/Crypto-Research-Workbench,andreivolokhovskii-coder__Crypto-Research-Workbench,https://github.com/andreivolokhovskii-coder/Crypto-Research-Workbench,S3_code,3,MIT,32,,,2026-06-02T16:06:18Z,2026-06-15T07:30:59Z,excluded,not screened in,"P3 32 commits on the default branch, below 40"
andresm-data/tmpl-dbt_ads,andresm-data__tmpl-dbt_ads,https://github.com/andresm-data/tmpl-dbt_ads,S3_code,0,GPL-3.0,10,,,2025-01-02T12:45:50Z,2026-04-30T12:27:58Z,excluded,not screened in,"P3 10 commits on the default branch, below 40"
andrewcstewart/dbt-uaparser,andrewcstewart__dbt-uaparser,https://github.com/andrewcstewart/dbt-uaparser,S3_code,7,Apache-2.0,2,,,2022-06-15T17:57:46Z,2022-07-01T16:25:11Z,excluded,not screened in,"P3 2 commits on the default branch, below 40"
andrewcstewart/ds4fnp,andrewcstewart__ds4fnp,https://github.com/andrewcstewart/ds4fnp,S2_topic_dbt,28,MIT,34,,,2020-09-27T01:40:28Z,2022-10-29T21:10:29Z,excluded,not screened in,"P3 34 commits on the default branch, below 40"
andrewrgoss/snowflake-build-dbt-lab,andrewrgoss__snowflake-build-dbt-lab,https://github.com/andrewrgoss/snowflake-build-dbt-lab,S2_topic_dbt,2,,14,,,2022-01-24T19:54:16Z,2022-02-08T22:38:00Z,excluded,not screened in,"P3 14 commits on the default branch, below 40"
andrewsuadnya/PROJECT2-DataEngineering-DigitalSkola,andrewsuadnya__PROJECT2-DataEngineering-DigitalSkola,https://github.com/andrewsuadnya/PROJECT2-DataEngineering-DigitalSkola,S2_topic_dbt,1,,27,,,2024-03-19T03:22:47Z,2025-07-02T10:45:22Z,excluded,not screened in,"P3 27 commits on the default branch, below 40"
andrewyang0620/Canadian-Climate-Risk-Platform,andrewyang0620__Canadian-Climate-Risk-Platform,https://github.com/andrewyang0620/Canadian-Climate-Risk-Platform,S2_topic_dbt;S3_code,1,,140,1,1,2026-04-27T01:50:27Z,2026-08-03T03:05:38Z,excluded,not screened in,"P4 3.2 months between creation and last push, below 12"
andreyusxx/data-engineering-pet-project,andreyusxx__data-engineering-pet-project,https://github.com/andreyusxx/data-engineering-pet-project,S3_code,0,,26,,,2026-01-15T10:49:12Z,2026-04-28T11:15:20Z,excluded,not screened in,"P3 26 commits on the default branch, below 40"
andreyyarigin/ducklake-in-practice,andreyyarigin__ducklake-in-practice,https://github.com/andreyyarigin/ducklake-in-practice,S2_topic_dbt,1,,3,,,2026-04-09T20:07:40Z,2026-04-10T04:47:10Z,excluded,not screened in,"P3 3 commits on the default branch, below 40"
andrzejdackiewicz/airbyte-primetric-custom-reports,andrzejdackiewicz__airbyte-primetric-custom-reports,https://github.com/andrzejdackiewicz/airbyte-primetric-custom-reports,S3_code,0,NOASSERTION,13099,0,9,2024-02-04T18:19:50Z,2024-08-25T01:36:40Z,excluded,not screened in,"P4 6.6 months between creation and last push, below 12"
andyjyt/dbt-learn-atan,andyjyt__dbt-learn-atan,https://github.com/andyjyt/dbt-learn-atan,S3_code,0,,3,,,2020-09-14T23:34:44Z,2020-09-16T20:00:22Z,excluded,not screened in,"P3 3 commits on the default branch, below 40"
anelendata/dbt-ksql,anelendata__dbt-ksql,https://github.com/anelendata/dbt-ksql,S3_code,27,Apache-2.0,13,,,2022-09-15T04:54:57Z,2022-09-20T06:25:38Z,excluded,not screened in,"P3 13 commits on the default branch, below 40"
anelendata/dbt_docstring,anelendata__dbt_docstring,https://github.com/anelendata/dbt_docstring,S2_topic_dbt,13,Apache-2.0,25,,,2020-09-25T20:15:06Z,2025-04-17T14:10:14Z,excluded,not screened in,"P3 25 commits on the default branch, below 40"
aner-dev/stocks-analytics-elt-pipeline,aner-dev__stocks-analytics-elt-pipeline,https://github.com/aner-dev/stocks-analytics-elt-pipeline,S2_topic_dbt,2,Apache-2.0,56,5,1,2025-09-29T14:52:51Z,2026-01-05T14:04:22Z,excluded,not screened in,"P4 3.2 months between creation and last push, below 12"
angel-hernandez91/dbt_bug_test,angel-hernandez91__dbt_bug_test,https://github.com/angel-hernandez91/dbt_bug_test,S3_code,0,,1,,,2022-10-15T00:14:08Z,2022-10-15T00:18:41Z,excluded,not screened in,"P3 1 commits on the default branch, below 40"
angel-hernandez91/dbt_training,angel-hernandez91__dbt_training,https://github.com/angel-hernandez91/dbt_training,S3_code,0,,4,,,2020-09-15T21:50:33Z,2020-09-18T22:58:19Z,excluded,not screened in,"P3 4 commits on the default branch, below 40"
angel-hernandez91/workshop_live,angel-hernandez91__workshop_live,https://github.com/angel-hernandez91/workshop_live,S3_code,0,,11,,,2022-03-09T22:15:20Z,2022-04-26T19:27:50Z,excluded,not screened in,"P3 11 commits on the default branch, below 40"
anhhoangdev/KonohaDataPlatform,anhhoangdev__KonohaDataPlatform,https://github.com/anhhoangdev/KonohaDataPlatform,S3_code,11,MIT,58,0,1,2025-06-14T16:46:07Z,2026-03-27T08:24:15Z,excluded,not screened in,"P4 9.4 months between creation and last push, below 12"
aniketbhirde7755/DataEngineering,aniketbhirde7755__DataEngineering,https://github.com/aniketbhirde7755/DataEngineering,S3_code,0,,3,,,2025-12-25T16:13:38Z,2025-12-29T05:52:55Z,excluded,not screened in,"P3 3 commits on the default branch, below 40"
aniketjadhavnihilent-blip/GCP_Hackathon,aniketjadhavnihilent-blip__GCP_Hackathon,https://github.com/aniketjadhavnihilent-blip/GCP_Hackathon,S3_code,0,,22,,,2025-11-23T18:47:27Z,2025-12-01T06:43:53Z,excluded,not screened in,"P3 22 commits on the default branch, below 40"
anil-chhetri/dbt-analytics-incremental-dd,anil-chhetri__dbt-analytics-incremental-dd,https://github.com/anil-chhetri/dbt-analytics-incremental-dd,S2_topic_dbt,1,,19,,,2025-12-30T17:05:26Z,2026-01-09T21:38:45Z,excluded,not screened in,"P3 19 commits on the default branch, below 40"
aninori/Business-Intelligence-Walmart-Data-Analysis-Project,aninori__Business-Intelligence-Walmart-Data-Analysis-Project,https://github.com/aninori/Business-Intelligence-Walmart-Data-Analysis-Project,S2_topic_dbt,2,,16,,,2025-09-09T03:26:32Z,2026-06-20T12:50:55Z,excluded,not screened in,"P3 16 commits on the default branch, below 40"
ankit-khare-2015/DataOps-Animal-Nutrition,ankit-khare-2015__DataOps-Animal-Nutrition,https://github.com/ankit-khare-2015/DataOps-Animal-Nutrition,S2_topic_dbt-models,4,,27,,,2025-07-27T12:21:55Z,2025-08-22T09:17:07Z,excluded,not screened in,"P3 27 commits on the default branch, below 40"
ankit-khare-2015/data-vault-modelling,ankit-khare-2015__data-vault-modelling,https://github.com/ankit-khare-2015/data-vault-modelling,S2_topic_dbt,1,,9,,,2025-10-17T17:25:43Z,2025-10-18T19:02:53Z,excluded,not screened in,"P3 9 commits on the default branch, below 40"
ankit-khare-2015/energy-meter-metrics,ankit-khare-2015__energy-meter-metrics,https://github.com/ankit-khare-2015/energy-meter-metrics,S3_code,0,,11,,,2025-07-25T14:36:54Z,2025-07-25T20:00:32Z,excluded,not screened in,"P3 11 commits on the default branch, below 40"
ankit-khare-2015/scala_essentials_linkedin,ankit-khare-2015__scala_essentials_linkedin,https://github.com/ankit-khare-2015/scala_essentials_linkedin,S2_topic_dbt,1,,17,,,2017-09-24T10:13:35Z,2025-07-11T10:13:43Z,excluded,not screened in,"P3 17 commits on the default branch, below 40"
ankit19111988/test,ankit19111988__test,https://github.com/ankit19111988/test,S3_code,0,,4,,,2025-06-25T12:58:26Z,2025-07-10T03:54:48Z,excluded,not screened in,"P3 4 commits on the default branch, below 40"
ankurchavda/data-engineering-zoomcamp,ankurchavda__data-engineering-zoomcamp,https://github.com/ankurchavda/data-engineering-zoomcamp,S2_topic_dbt,17,,55,7,1,2022-01-23T13:01:21Z,2022-03-18T04:48:31Z,excluded,not screened in,"P4 1.7 months between creation and last push, below 12"
ankurchavda/streamify,ankurchavda__streamify,https://github.com/ankurchavda/streamify,S2_topic_dbt,894,,91,7,1,2022-03-15T16:45:30Z,2022-04-16T16:44:49Z,excluded,not screened in,"P4 1.0 months between creation and last push, below 12"
anna-geller/dataflow-ops,anna-geller__dataflow-ops,https://github.com/anna-geller/dataflow-ops,S2_topic_analytics-engineering,114,Apache-2.0,174,0,0,2022-07-04T21:47:19Z,2023-07-21T10:03:52Z,passed,"extracted, excluded",no dbt_project.yml found anywhere on the first-parent history
anna-geller/prefect-dataplatform,anna-geller__prefect-dataplatform,https://github.com/anna-geller/prefect-dataplatform,S2_topic_analytics-engineering;S2_topic_dbt;S3_code,111,Apache-2.0,23,,,2022-10-12T19:10:16Z,2023-02-08T04:57:44Z,excluded,not screened in,"P3 23 commits on the default branch, below 40"
anna-geller/prefect-getting-started,anna-geller__prefect-getting-started,https://github.com/anna-geller/prefect-getting-started,S2_topic_analytics-engineering,9,Apache-2.0,21,,,2022-09-12T14:31:31Z,2023-02-07T10:43:51Z,excluded,not screened in,"P3 21 commits on the default branch, below 40"
anna-kovalevskaia/game-market-analytics,anna-kovalevskaia__game-market-analytics,https://github.com/anna-kovalevskaia/game-market-analytics,S3_code,0,MIT,58,2,1,2026-06-15T21:47:22Z,2026-08-03T01:34:14Z,excluded,not screened in,"P4 1.6 months between creation and last push, below 12"
annabarr/dbt-tutorial,annabarr__dbt-tutorial,https://github.com/annabarr/dbt-tutorial,S3_code,0,,14,,,2021-04-22T00:59:07Z,2023-07-19T18:53:28Z,excluded,not screened in,"P3 14 commits on the default branch, below 40"
annayastremska/Hospital_DBT_BigQuery,annayastremska__Hospital_DBT_BigQuery,https://github.com/annayastremska/Hospital_DBT_BigQuery,S3_code,0,,27,,,2026-04-09T09:15:39Z,2026-04-16T06:43:28Z,excluded,not screened in,"P3 27 commits on the default branch, below 40"
anormalguy96/bq-analysis,anormalguy96__bq-analysis,https://github.com/anormalguy96/bq-analysis,S3_code,0,MIT,18,,,2025-10-11T09:48:25Z,2025-12-13T16:14:24Z,excluded,not screened in,"P3 18 commits on the default branch, below 40"
anos025/fictional-journey,anos025__fictional-journey,https://github.com/anos025/fictional-journey,S2_topic_dbt,1,GPL-3.0,4,,,2025-12-10T12:47:04Z,2026-07-27T10:23:54Z,excluded,not screened in,"P3 4 commits on the default branch, below 40"
ansamAY/Retail_Analysis_Redshift,ansamAY__Retail_Analysis_Redshift,https://github.com/ansamAY/Retail_Analysis_Redshift,S3_code,5,,12,,,2025-04-03T10:19:13Z,2025-05-26T10:03:20Z,excluded,not screened in,"P3 12 commits on the default branch, below 40"
antoremin/dbt_salesforce,antoremin__dbt_salesforce,https://github.com/antoremin/dbt_salesforce,S3_code,0,Apache-2.0,358,12,1,2024-11-13T13:12:27Z,2024-11-13T13:13:43Z,excluded,not screened in,"P4 0.0 months between creation and last push, below 12"
anupkalburgi/pytest_dbt,anupkalburgi__pytest_dbt,https://github.com/anupkalburgi/pytest_dbt,S3_code,6,MIT,18,,,2023-05-29T23:08:10Z,2023-06-08T00:27:16Z,excluded,not screened in,"P3 18 commits on the default branch, below 40"
anupritazarkar/gz-dbt-repository,anupritazarkar__gz-dbt-repository,https://github.com/anupritazarkar/gz-dbt-repository,S3_code,0,,14,,,2024-09-10T10:21:07Z,2024-09-11T15:46:50Z,excluded,not screened in,"P3 14 commits on the default branch, below 40"
apache/doris-sdk,apache__doris-sdk,https://github.com/apache/doris-sdk,S2_topic_dbt,9,Apache-2.0,11,,,2023-05-04T14:46:14Z,2026-07-23T10:44:58Z,excluded,not screened in,"P3 11 commits on the default branch, below 40"
apache/doris-streamloader,apache__doris-streamloader,https://github.com/apache/doris-streamloader,S2_topic_dbt,35,Apache-2.0,31,,,2024-01-17T09:47:53Z,2026-05-05T09:38:10Z,excluded,not screened in,"P3 31 commits on the default branch, below 40"
apache/hudi,apache__hudi,https://github.com/apache/hudi,S3_code,6206,Apache-2.0,7725,8,1,2016-12-14T15:53:41Z,2026-08-04T15:36:58Z,passed,"extracted, excluded","only 3 monthly snapshots, below the 12 minimum"
apachehudi-ci/hudi-branch-ci,apachehudi-ci__hudi-branch-ci,https://github.com/apachehudi-ci/hudi-branch-ci,S3_code,3,Apache-2.0,5618,8,1,2021-03-07T21:22:11Z,2026-08-05T01:34:48Z,passed,"extracted, excluded","only 2 monthly snapshots, below the 12 minimum"
apachehudi-ci/hudi-mirror,apachehudi-ci__hudi-mirror,https://github.com/apachehudi-ci/hudi-mirror,S3_code,0,Apache-2.0,7725,8,1,2021-02-18T02:26:17Z,2026-08-04T15:40:13Z,passed,"extracted, excluded","only 3 monthly snapshots, below the 12 minimum"
apancoast/Healthcare-Deserts-and-Public-Transit,apancoast__Healthcare-Deserts-and-Public-Transit,https://github.com/apancoast/Healthcare-Deserts-and-Public-Transit,S3_code,0,,63,14,1,2024-12-21T17:31:07Z,2025-06-15T12:10:07Z,excluded,not screened in,"P4 5.7 months between creation and last push, below 12"
apantaz/greek-tv-highlights-radar,apantaz__greek-tv-highlights-radar,https://github.com/apantaz/greek-tv-highlights-radar,S2_topic_dbt,1,MIT,56,24,1,2026-07-25T16:11:01Z,2026-08-03T21:30:59Z,excluded,not screened in,"P4 0.3 months between creation and last push, below 12"
aphp/IG-fhir-dm,aphp__IG-fhir-dm,https://github.com/aphp/IG-fhir-dm,S3_code,7,NOASSERTION,442,22,1,2025-01-31T07:05:41Z,2026-07-11T15:39:21Z,passed,"extracted, excluded","only 1 monthly snapshots, below the 12 minimum"
api-evangelist/tuva-health,api-evangelist__tuva-health,https://github.com/api-evangelist/tuva-health,S2_topic_dbt,1,,5,,,2026-07-24T20:56:41Z,2026-08-04T01:43:09Z,excluded,not screened in,"P3 5 commits on the default branch, below 40"
appspace/kwwhat,appspace__kwwhat,https://github.com/appspace/kwwhat,S2_topic_dbt;S3_code,14,MIT,107,29,1,2025-07-26T02:57:23Z,2026-07-26T23:11:47Z,excluded,not screened in,"P4 12.0 months between creation and last push, below 12"
aravindhKumaran/dbt-migrating-legacy-code,aravindhKumaran__dbt-migrating-legacy-code,https://github.com/aravindhKumaran/dbt-migrating-legacy-code,S3_code,0,,23,,,2024-09-13T00:40:54Z,2024-09-16T23:38:37Z,excluded,not screened in,"P3 23 commits on the default branch, below 40"
archdotdev/multi-tenant-arch-project,archdotdev__multi-tenant-arch-project,https://github.com/archdotdev/multi-tenant-arch-project,S3_code,6,MIT,22,,,2024-03-13T19:15:48Z,2024-03-20T17:18:43Z,excluded,not screened in,"P3 22 commits on the default branch, below 40"
archiewood/analytics_monorepo,archiewood__analytics_monorepo,https://github.com/archiewood/analytics_monorepo,S2_topic_dbt;S3_code,22,,23,,,2023-01-06T14:11:14Z,2023-02-08T17:21:35Z,excluded,not screened in,"P3 23 commits on the default branch, below 40"
archongum/dbt-spark-demo,archongum__dbt-spark-demo,https://github.com/archongum/dbt-spark-demo,S2_topic_dbt,3,Apache-2.0,8,,,2023-07-10T07:17:39Z,2023-07-13T09:05:51Z,excluded,not screened in,"P3 8 commits on the default branch, below 40"
arianwyn-frank/NFL-Combine-Analysis,arianwyn-frank__NFL-Combine-Analysis,https://github.com/arianwyn-frank/NFL-Combine-Analysis,S3_code,1,,12,,,2024-03-31T02:37:43Z,2025-05-06T01:35:59Z,excluded,not screened in,"P3 12 commits on the default branch, below 40"
arnoN7/dbt-incremental-stream,arnoN7__dbt-incremental-stream,https://github.com/arnoN7/dbt-incremental-stream,S2_topic_dbt;S3_code,38,MIT,78,0,1,2023-04-30T22:48:29Z,2026-02-05T22:57:02Z,passed,"extracted, excluded",every sampled commit yielded zero models
arnogarstman/ohpen_case,arnogarstman__ohpen_case,https://github.com/arnogarstman/ohpen_case,S3_code,0,,8,,,2026-01-29T14:07:53Z,2026-01-30T16:33:35Z,excluded,not screened in,"P3 8 commits on the default branch, below 40"
arosenk35/dbt_old_20211101,arosenk35__dbt_old_20211101,https://github.com/arosenk35/dbt_old_20211101,S3_code,0,Apache-2.0,245,65,1,2021-11-03T17:44:57Z,2021-11-03T17:45:04Z,excluded,not screened in,"P4 0.0 months between creation and last push, below 12"
arsalann/data_playground,arsalann__data_playground,https://github.com/arsalann/data_playground,S3_code,5,,163,17,1,2026-01-29T13:23:15Z,2026-07-29T14:54:56Z,excluded,not screened in,"P4 5.9 months between creation and last push, below 12"
arththakkar1/dbt-leakage-detection-system,arththakkar1__dbt-leakage-detection-system,https://github.com/arththakkar1/dbt-leakage-detection-system,S2_topic_dbt,1,,28,,,2026-05-04T12:34:32Z,2026-05-09T03:48:36Z,excluded,not screened in,"P3 28 commits on the default branch, below 40"
aruadecarvalho/deftunes-pipeline-aws,aruadecarvalho__deftunes-pipeline-aws,https://github.com/aruadecarvalho/deftunes-pipeline-aws,S2_topic_dbt,1,MIT,7,,,2024-11-09T03:34:26Z,2024-12-03T15:03:21Z,excluded,not screened in,"P3 7 commits on the default branch, below 40"
aseelert/ibmas-watsonxdata-dbt,aseelert__ibmas-watsonxdata-dbt,https://github.com/aseelert/ibmas-watsonxdata-dbt,S3_code,0,,76,13,1,2026-06-30T07:16:42Z,2026-07-03T12:47:13Z,excluded,not screened in,"P4 0.1 months between creation and last push, below 12"
asevans48/EMDataPipelines,asevans48__EMDataPipelines,https://github.com/asevans48/EMDataPipelines,S3_code,0,,8,,,2025-06-30T01:28:24Z,2025-06-30T07:01:14Z,excluded,not screened in,"P3 8 commits on the default branch, below 40"
astrafy/data-modeling-example,astrafy__data-modeling-example,https://github.com/astrafy/data-modeling-example,S3_code,6,,2,,,2026-03-17T14:25:38Z,2026-03-17T14:53:13Z,excluded,not screened in,"P3 2 commits on the default branch, below 40"
astronomer/agents,astronomer__agents,https://github.com/astronomer/agents,S2_topic_dbt,416,Apache-2.0,284,0,0,2026-01-13T16:23:31Z,2026-08-04T08:59:07Z,excluded,not screened in,"P4 6.6 months between creation and last push, below 12"
astronomer/airflow-summit-2024-cosmos,astronomer__airflow-summit-2024-cosmos,https://github.com/astronomer/airflow-summit-2024-cosmos,S3_code,0,Apache-2.0,29,,,2024-09-04T13:29:34Z,2024-09-05T15:59:36Z,excluded,not screened in,"P3 29 commits on the default branch, below 40"
astronomer/astronomer-cosmos,astronomer__astronomer-cosmos,https://github.com/astronomer/astronomer-cosmos,S2_topic_dbt;S3_code,1236,Apache-2.0,1804,57,19,2022-12-13T13:08:12Z,2026-08-04T16:32:00Z,passed,in corpus,
astronomer/cosmos-ebook-companion,astronomer__cosmos-ebook-companion,https://github.com/astronomer/cosmos-ebook-companion,S2_topic_dbt;S3_code,3,,13,,,2025-07-21T10:56:24Z,2026-04-21T19:23:25Z,excluded,not screened in,"P3 13 commits on the default branch, below 40"
asuryateja/multi-cloud-data-lakehouse,asuryateja__multi-cloud-data-lakehouse,https://github.com/asuryateja/multi-cloud-data-lakehouse,S3_code,0,,19,,,2026-05-26T22:46:19Z,2026-05-26T23:00:56Z,excluded,not screened in,"P3 19 commits on the default branch, below 40"
athangachamy/dbt_slim_ci_cd,athangachamy__dbt_slim_ci_cd,https://github.com/athangachamy/dbt_slim_ci_cd,S3_code,0,,32,,,2025-06-08T06:13:05Z,2025-06-10T12:43:40Z,excluded,not screened in,"P3 32 commits on the default branch, below 40"
athangachamy/dbt_snowflake_iceberg_sample_db,athangachamy__dbt_snowflake_iceberg_sample_db,https://github.com/athangachamy/dbt_snowflake_iceberg_sample_db,S3_code,0,,2,,,2025-05-09T10:35:35Z,2025-06-08T05:44:06Z,excluded,not screened in,"P3 2 commits on the default branch, below 40"
atharvdixit09/semantic-metrics-layer,atharvdixit09__semantic-metrics-layer,https://github.com/atharvdixit09/semantic-metrics-layer,S2_topic_analytics-engineering,1,NOASSERTION,1,,,2026-07-17T08:00:35Z,2026-07-17T08:00:38Z,excluded,not screened in,"P3 1 commits on the default branch, below 40"
atlanhq/atlan-action,atlanhq__atlan-action,https://github.com/atlanhq/atlan-action,S2_topic_dbt,5,Apache-2.0,258,7,1,2024-10-03T12:59:55Z,2026-06-26T18:44:07Z,passed,"extracted, excluded","only 1 monthly snapshots, below the 12 minimum"
atlanhq/dbt-action,atlanhq__dbt-action,https://github.com/atlanhq/dbt-action,S2_topic_dbt,8,Apache-2.0,243,7,1,2022-11-22T14:40:04Z,2026-05-04T09:23:34Z,passed,"extracted, excluded","only 1 monthly snapshots, below the 12 minimum"
atommych/tf-athena-dbt-elementary,atommych__tf-athena-dbt-elementary,https://github.com/atommych/tf-athena-dbt-elementary,S3_code,2,,45,2,1,2023-10-21T23:22:27Z,2024-11-26T10:11:57Z,passed,"extracted, excluded","only 5 monthly snapshots, below the 12 minimum"
augustine-uba1/dbt-training,augustine-uba1__dbt-training,https://github.com/augustine-uba1/dbt-training,S3_code,0,,1,,,2024-10-09T21:53:07Z,2024-10-09T21:53:35Z,excluded,not screened in,"P3 1 commits on the default branch, below 40"
auster-vn/Spotify-AI-Pipeline,auster-vn__Spotify-AI-Pipeline,https://github.com/auster-vn/Spotify-AI-Pipeline,S3_code,0,MIT,1,,,2026-06-01T18:06:05Z,2026-06-01T18:10:37Z,excluded,not screened in,"P3 1 commits on the default branch, below 40"
autotraderuk/dbt-dry-run,autotraderuk__dbt-dry-run,https://github.com/autotraderuk/dbt-dry-run,S2_topic_dbt;S3_code,102,Apache-2.0,162,140,10,2022-02-11T17:04:49Z,2026-07-22T09:57:27Z,passed,in corpus,
autotraderuk/oliver-twist,autotraderuk__oliver-twist,https://github.com/autotraderuk/oliver-twist,S2_topic_dbt,40,Apache-2.0,94,0,0,2020-12-15T12:08:35Z,2021-11-02T14:30:08Z,excluded,not screened in,"P4 10.6 months between creation and last push, below 12"
avega17/Ice-mELT_DuckLake,avega17__Ice-mELT_DuckLake,https://github.com/avega17/Ice-mELT_DuckLake,S3_code,0,MIT,40,13,1,2025-06-12T14:49:20Z,2025-11-29T02:59:19Z,excluded,not screened in,"P4 5.6 months between creation and last push, below 12"
awaisajaz1/postgres-dbt-pipeline,awaisajaz1__postgres-dbt-pipeline,https://github.com/awaisajaz1/postgres-dbt-pipeline,S3_code,1,,104,15,1,2026-07-24T07:33:38Z,2026-07-31T07:02:59Z,excluded,not screened in,"P4 0.2 months between creation and last push, below 12"
awasumina/ELT-data-pipeline,awasumina__ELT-data-pipeline,https://github.com/awasumina/ELT-data-pipeline,S3_code,1,,1,,,2025-07-24T13:00:52Z,2025-07-24T13:06:35Z,excluded,not screened in,"P3 1 commits on the default branch, below 40"
awmiesch/dbtdata,awmiesch__dbtdata,https://github.com/awmiesch/dbtdata,S3_code,0,MIT,57,13,1,2022-08-24T21:10:05Z,2022-09-05T14:36:14Z,excluded,not screened in,"P4 0.4 months between creation and last push, below 12"
aws-samples/dataops-platform-airflow-dbt,aws-samples__dataops-platform-airflow-dbt,https://github.com/aws-samples/dataops-platform-airflow-dbt,S2_topic_dbt,59,MIT-0,32,,,2020-12-11T12:16:15Z,2021-06-01T09:01:24Z,excluded,not screened in,"P3 32 commits on the default branch, below 40"
aws-samples/dbt-glue,aws-samples__dbt-glue,https://github.com/aws-samples/dbt-glue,S3_code,145,Apache-2.0,607,0,3,2021-12-06T18:34:33Z,2026-07-02T11:37:24Z,passed,"extracted, excluded","only 1 monthly snapshots, below the 12 minimum"
aws-samples/dbtgluenyctaxidemo,aws-samples__dbtgluenyctaxidemo,https://github.com/aws-samples/dbtgluenyctaxidemo,S3_code,11,Apache-2.0,3,,,2022-03-28T12:45:13Z,2022-10-11T10:58:01Z,excluded,not screened in,"P3 3 commits on the default branch, below 40"
aws-samples/emr-serverless-samples,aws-samples__emr-serverless-samples,https://github.com/aws-samples/emr-serverless-samples,S3_code,171,MIT-0,198,1,1,2021-12-10T20:10:13Z,2026-07-08T06:46:49Z,passed,"extracted, excluded","only 1 monthly snapshots, below the 12 minimum"
aws-solutions-library-samples/guidance-for-personalized-engagement-using-online-and-mobile-user-behaviors-on-aws,aws-solutions-library-samples__guidance-for-personalized-engagement-using-online-and-mobile-user-behaviors-on-aws,https://github.com/aws-solutions-library-samples/guidance-for-personalized-engagement-using-online-and-mobile-user-behaviors-on-aws,S3_code,5,MIT-0,36,,,2023-06-27T00:06:45Z,2025-04-10T02:12:47Z,excluded,not screened in,"P3 36 commits on the default branch, below 40"
aymen1508/medallion_spark_dbt,aymen1508__medallion_spark_dbt,https://github.com/aymen1508/medallion_spark_dbt,S3_code,0,,3,,,2025-12-18T13:33:29Z,2025-12-18T14:43:47Z,excluded,not screened in,"P3 3 commits on the default branch, below 40"
ayosamuel/solar-pv-projects-intelligence,ayosamuel__solar-pv-projects-intelligence,https://github.com/ayosamuel/solar-pv-projects-intelligence,S3_code,0,,16,,,2025-11-22T14:23:40Z,2025-11-29T08:52:12Z,excluded,not screened in,"P3 16 commits on the default branch, below 40"
ayoubmesquiny/Employee-Performance-Analysis-Pipeline,ayoubmesquiny__Employee-Performance-Analysis-Pipeline,https://github.com/ayoubmesquiny/Employee-Performance-Analysis-Pipeline,S2_topic_dbt,1,Apache-2.0,8,,,2024-11-06T14:38:09Z,2025-01-21T20:54:40Z,excluded,not screened in,"P3 8 commits on the default branch, below 40"
ayushgupta-15/fintech-lending-risk-analytics,ayushgupta-15__fintech-lending-risk-analytics,https://github.com/ayushgupta-15/fintech-lending-risk-analytics,S3_code,0,,15,,,2026-07-07T17:10:22Z,2026-07-26T12:09:33Z,excluded,not screened in,"P3 15 commits on the default branch, below 40"
ayushgupta128/sants,ayushgupta128__sants,https://github.com/ayushgupta128/sants,S3_code,0,,5,,,2026-04-15T14:42:29Z,2026-04-20T07:52:04Z,excluded,not screened in,"P3 5 commits on the default branch, below 40"
azar01j/ipl_analytics,azar01j__ipl_analytics,https://github.com/azar01j/ipl_analytics,S3_code,0,,11,,,2024-05-06T04:06:27Z,2024-05-07T04:56:50Z,excluded,not screened in,"P3 11 commits on the default branch, below 40"
azhangd/nba-analytics-duckdb,azhangd__nba-analytics-duckdb,https://github.com/azhangd/nba-analytics-duckdb,S2_topic_dbt,2,MIT,8,,,2026-07-06T22:22:46Z,2026-07-27T16:35:53Z,excluded,not screened in,"P3 8 commits on the default branch, below 40"
b-ned/dbt-colibri,b-ned__dbt-colibri,https://github.com/b-ned/dbt-colibri,S2_topic_dbt,287,NOASSERTION,116,0,0,2025-07-25T16:32:45Z,2026-06-04T21:05:25Z,excluded,not screened in,"P4 10.3 months between creation and last push, below 12"
b-per/dbt-project-template,b-per__dbt-project-template,https://github.com/b-per/dbt-project-template,S3_code,2,Apache-2.0,12,,,2023-10-03T09:21:48Z,2023-10-23T12:47:41Z,excluded,not screened in,"P3 12 commits on the default branch, below 40"
b-per/dbt-snowflake-sandbox,b-per__dbt-snowflake-sandbox,https://github.com/b-per/dbt-snowflake-sandbox,S3_code,1,,14,,,2022-04-07T15:41:13Z,2025-03-07T11:29:27Z,excluded,not screened in,"P3 14 commits on the default branch, below 40"
bISTP/netflix-snowflake-dbt,bISTP__netflix-snowflake-dbt,https://github.com/bISTP/netflix-snowflake-dbt,S2_topic_dbt,1,,2,,,2025-10-01T17:02:02Z,2025-10-18T00:21:17Z,excluded,not screened in,"P3 2 commits on the default branch, below 40"
bISTP/nyc-taxi-databricks-dbt,bISTP__nyc-taxi-databricks-dbt,https://github.com/bISTP/nyc-taxi-databricks-dbt,S2_topic_dbt,1,,13,,,2025-10-09T10:00:29Z,2025-10-18T00:09:09Z,excluded,not screened in,"P3 13 commits on the default branch, below 40"
babakairo/Movies_Snowlake_dbt,babakairo__Movies_Snowlake_dbt,https://github.com/babakairo/Movies_Snowlake_dbt,S3_code,0,,6,,,2026-02-19T21:18:01Z,2026-02-24T16:40:02Z,excluded,not screened in,"P3 6 commits on the default branch, below 40"
bachkaxyz/bread,bachkaxyz__bread,https://github.com/bachkaxyz/bread,S3_code,4,MIT,576,4,1,2023-01-04T13:34:29Z,2023-11-07T01:43:24Z,excluded,not screened in,"P4 10.1 months between creation and last push, below 12"
badal-io/dbt-gcp-mesh-finance,badal-io__dbt-gcp-mesh-finance,https://github.com/badal-io/dbt-gcp-mesh-finance,S3_code,0,,9,,,2025-08-26T15:24:54Z,2025-09-11T17:25:01Z,excluded,not screened in,"P3 9 commits on the default branch, below 40"
bailster09/DBT-iPhone-Shotcuts,bailster09__DBT-iPhone-Shotcuts,https://github.com/bailster09/DBT-iPhone-Shotcuts,S2_topic_dbt,1,,7,,,2026-02-26T18:04:50Z,2026-02-28T01:00:08Z,excluded,not screened in,"P3 7 commits on the default branch, below 40"
bakaleme/Analytics-Engineering-with-Airbnb-Data,bakaleme__Analytics-Engineering-with-Airbnb-Data,https://github.com/bakaleme/Analytics-Engineering-with-Airbnb-Data,S2_topic_analytics-engineering;S2_topic_dbt;S3_code,1,,22,,,2023-12-26T20:35:15Z,2023-12-27T11:29:50Z,excluded,not screened in,"P3 22 commits on the default branch, below 40"
banloco/business-inteligence-machine-learning,banloco__business-inteligence-machine-learning,https://github.com/banloco/business-inteligence-machine-learning,S3_code,0,,4,,,2026-01-16T08:33:01Z,2026-01-28T17:46:34Z,excluded,not screened in,"P3 4 commits on the default branch, below 40"
bardadon/covid_analysis,bardadon__covid_analysis,https://github.com/bardadon/covid_analysis,S3_code,3,,15,,,2023-08-31T16:44:23Z,2023-09-07T08:41:03Z,excluded,not screened in,"P3 15 commits on the default branch, below 40"
basedosdados/archived-queries-basedosdados,basedosdados__archived-queries-basedosdados,https://github.com/basedosdados/archived-queries-basedosdados,S2_topic_dbt,7,,217,69,1,2022-04-13T18:10:36Z,2023-07-12T00:11:06Z,passed,in corpus,
basedosdados/desafio_de_engenheiro_dados,basedosdados__desafio_de_engenheiro_dados,https://github.com/basedosdados/desafio_de_engenheiro_dados,S3_code,8,,8,,,2022-07-13T02:25:06Z,2023-06-02T12:49:03Z,excluded,not screened in,"P3 8 commits on the default branch, below 40"
basedosdados/pipelines,basedosdados__pipelines,https://github.com/basedosdados/pipelines,S3_code,48,,5740,906,1,2022-01-11T18:07:57Z,2026-08-04T22:20:52Z,passed,in corpus,
baselinrhq/baselinr,baselinrhq__baselinr,https://github.com/baselinrhq/baselinr,S2_topic_dbt;S3_code,3,NOASSERTION,384,3,1,2025-11-11T14:51:11Z,2025-12-29T02:59:05Z,excluded,not screened in,"P4 1.5 months between creation and last push, below 12"
batukkilat/ERP-ELT-Discrepancy,batukkilat__ERP-ELT-Discrepancy,https://github.com/batukkilat/ERP-ELT-Discrepancy,S3_code,0,,23,,,2023-12-29T13:12:26Z,2024-02-28T07:29:03Z,excluded,not screened in,"P3 23 commits on the default branch, below 40"
bbasaranemir/xforge,bbasaranemir__xforge,https://github.com/bbasaranemir/xforge,S2_topic_dbt,1,MIT,115,19,1,2026-05-01T12:03:11Z,2026-06-29T02:26:08Z,excluded,not screened in,"P4 1.9 months between creation and last push, below 12"
bbrewington/dbt-bigquery-information-schema,bbrewington__dbt-bigquery-information-schema,https://github.com/bbrewington/dbt-bigquery-information-schema,S2_topic_dbt,7,MIT,19,,,2022-12-10T15:27:22Z,2026-01-25T03:01:48Z,excluded,not screened in,"P3 19 commits on the default branch, below 40"
bbrewington/software-data-and-ai-tools,bbrewington__software-data-and-ai-tools,https://github.com/bbrewington/software-data-and-ai-tools,S2_topic_dbt,26,,45,0,0,2022-09-03T18:41:58Z,2026-04-20T17:20:27Z,passed,"extracted, excluded",no dbt_project.yml found anywhere on the first-parent history
bcg-x-engineering/bcg-x-DE-training,bcg-x-engineering__bcg-x-DE-training,https://github.com/bcg-x-engineering/bcg-x-DE-training,S3_code,3,MIT,247,6,1,2023-04-19T13:02:45Z,2026-07-22T00:44:22Z,passed,"extracted, excluded","only 3 monthly snapshots, below the 12 minimum"
bchaoss/PMF-Semantics,bchaoss__PMF-Semantics,https://github.com/bchaoss/PMF-Semantics,S2_topic_dbt,1,Apache-2.0,4,,,2026-05-16T20:27:29Z,2026-06-03T13:26:03Z,excluded,not screened in,"P3 4 commits on the default branch, below 40"
bchaoss/dbt-DiD-pre-period-selector,bchaoss__dbt-DiD-pre-period-selector,https://github.com/bchaoss/dbt-DiD-pre-period-selector,S2_topic_analytics-engineering;S2_topic_dbt,1,MIT,9,,,2026-03-15T10:19:49Z,2026-03-24T15:34:38Z,excluded,not screened in,"P3 9 commits on the default branch, below 40"
bchaoss/dbt-binning,bchaoss__dbt-binning,https://github.com/bchaoss/dbt-binning,S2_topic_analytics-engineering;S2_topic_dbt,1,,17,,,2026-06-02T12:29:39Z,2026-06-17T21:53:23Z,excluded,not screened in,"P3 17 commits on the default branch, below 40"
bchaoss/trash-wheel-analysis,bchaoss__trash-wheel-analysis,https://github.com/bchaoss/trash-wheel-analysis,S2_topic_analytics-engineering;S2_topic_dbt,1,,119,8,1,2025-09-25T15:56:39Z,2026-02-20T11:13:29Z,excluded,not screened in,"P4 4.8 months between creation and last push, below 12"
bclasky1539/DailyCoding,bclasky1539__DailyCoding,https://github.com/bclasky1539/DailyCoding,S2_topic_dbt-core,1,Apache-2.0,17,,,2025-01-26T19:07:13Z,2025-04-21T01:45:54Z,excluded,not screened in,"P3 17 commits on the default branch, below 40"
bcodell/dbt-activity-schema,bcodell__dbt-activity-schema,https://github.com/bcodell/dbt-activity-schema,S3_code,18,Apache-2.0,292,0,1,2023-04-25T22:52:47Z,2026-05-28T16:08:36Z,passed,"extracted, excluded",no commits touch any declared model path
beachfranz/dog-beach-claude,beachfranz__dog-beach-claude,https://github.com/beachfranz/dog-beach-claude,S3_code,1,,1687,14,1,2026-04-09T03:02:28Z,2026-06-30T16:22:02Z,excluded,not screened in,"P4 2.7 months between creation and last push, below 12"
beauschwab/airflow-dbt-datahub,beauschwab__airflow-dbt-datahub,https://github.com/beauschwab/airflow-dbt-datahub,S3_code,0,,17,,,2026-02-06T21:42:48Z,2026-04-01T21:05:18Z,excluded,not screened in,"P3 17 commits on the default branch, below 40"
becolabs/meteomatics-surf-analytics,becolabs__meteomatics-surf-analytics,https://github.com/becolabs/meteomatics-surf-analytics,S3_code,0,,3,,,2025-08-20T20:10:43Z,2025-08-20T21:54:17Z,excluded,not screened in,"P3 3 commits on the default branch, below 40"
beehive-lab/mambo,beehive-lab__mambo,https://github.com/beehive-lab/mambo,S2_topic_dbt,397,Apache-2.0,543,0,0,2016-02-09T15:12:45Z,2025-01-21T14:55:46Z,passed,"extracted, excluded",no dbt_project.yml found anywhere on the first-parent history
belasoaress/ecommerce-pipeline,belasoaress__ecommerce-pipeline,https://github.com/belasoaress/ecommerce-pipeline,S3_code,0,,14,,,2026-07-03T20:29:37Z,2026-07-14T22:31:28Z,excluded,not screened in,"P3 14 commits on the default branch, below 40"
belong-inc/dbtvault-bigquery-demo,belong-inc__dbtvault-bigquery-demo,https://github.com/belong-inc/dbtvault-bigquery-demo,S3_code,3,Apache-2.0,5,,,2022-05-19T03:36:24Z,2023-07-05T21:27:04Z,excluded,not screened in,"P3 5 commits on the default branch, below 40"
ben-evolv/snowflake-data-integration-toolkit,ben-evolv__snowflake-data-integration-toolkit,https://github.com/ben-evolv/snowflake-data-integration-toolkit,S3_code,0,,9,,,2023-01-07T16:21:00Z,2023-01-08T06:38:26Z,excluded,not screened in,"P3 9 commits on the default branch, below 40"
benchouse/semglot,benchouse__semglot,https://github.com/benchouse/semglot,S2_topic_dbt,10,MIT,124,0,0,2026-07-09T14:45:52Z,2026-07-31T19:39:35Z,excluded,not screened in,"P4 0.7 months between creation and last push, below 12"
benidjor/bullet-in,benidjor__bullet-in,https://github.com/benidjor/bullet-in,S3_code,0,,356,6,1,2026-05-27T14:03:43Z,2026-08-04T15:32:14Z,excluded,not screened in,"P4 2.3 months between creation and last push, below 12"
benigram/northwind_dwh,benigram__northwind_dwh,https://github.com/benigram/northwind_dwh,S3_code,0,,9,,,2025-02-17T16:00:43Z,2025-02-19T12:24:42Z,excluded,not screened in,"P3 9 commits on the default branch, below 40"
benitomartin/de-ch-weather,benitomartin__de-ch-weather,https://github.com/benitomartin/de-ch-weather,S2_topic_dbt,1,,82,4,1,2024-03-24T11:44:11Z,2025-06-12T14:11:12Z,passed,"extracted, excluded","only 1 monthly snapshots, below the 12 minimum"
benitomartin/de-hotel-reviews,benitomartin__de-hotel-reviews,https://github.com/benitomartin/de-hotel-reviews,S2_topic_dbt,1,,163,4,1,2023-08-06T17:56:58Z,2024-04-20T18:00:32Z,excluded,not screened in,"P4 8.5 months between creation and last push, below 12"
benjamalegni/spotify-recap,benjamalegni__spotify-recap,https://github.com/benjamalegni/spotify-recap,S3_code,0,,6,,,2025-12-26T19:47:08Z,2025-12-26T19:55:02Z,excluded,not screened in,"P3 6 commits on the default branch, below 40"
benxu001/citibike-analysis,benxu001__citibike-analysis,https://github.com/benxu001/citibike-analysis,S2_topic_analytics-engineering;S2_topic_dbt,1,,15,,,2026-01-31T18:13:29Z,2026-05-15T18:57:34Z,excluded,not screened in,"P3 15 commits on the default branch, below 40"
bereketkibru/Data_engineering_sensor_data,bereketkibru__Data_engineering_sensor_data,https://github.com/bereketkibru/Data_engineering_sensor_data,S2_topic_dbt,7,MIT,27,,,2021-09-20T16:54:20Z,2022-02-18T07:04:50Z,excluded,not screened in,"P3 27 commits on the default branch, below 40"
bergerache/ecommerce-analytics,bergerache__ecommerce-analytics,https://github.com/bergerache/ecommerce-analytics,S2_topic_analytics-engineering;S2_topic_dbt,4,,21,,,2025-07-21T13:08:22Z,2026-01-01T17:04:07Z,excluded,not screened in,"P3 21 commits on the default branch, below 40"
berni-creze/piloto_dbt,berni-creze__piloto_dbt,https://github.com/berni-creze/piloto_dbt,S3_code,0,,41,13,1,2024-06-25T21:14:09Z,2024-07-12T17:53:23Z,excluded,not screened in,"P4 0.5 months between creation and last push, below 12"
berniepng/dsai4-m2-t2-citycycle,berniepng__dsai4-m2-t2-citycycle,https://github.com/berniepng/dsai4-m2-t2-citycycle,S2_topic_dbt,1,,55,7,1,2026-03-18T15:19:10Z,2026-04-17T13:23:28Z,excluded,not screened in,"P4 1.0 months between creation and last push, below 12"
berrei02/modern-data-stack,berrei02__modern-data-stack,https://github.com/berrei02/modern-data-stack,S2_topic_dbt,1,,17,,,2023-05-18T09:32:58Z,2023-07-27T05:23:02Z,excluded,not screened in,"P3 17 commits on the default branch, below 40"
bethmnnc-tech/Demo_DOT,bethmnnc-tech__Demo_DOT,https://github.com/bethmnnc-tech/Demo_DOT,S3_code,1,,82,5,1,2026-04-09T14:57:19Z,2026-04-15T11:41:24Z,excluded,not screened in,"P4 0.2 months between creation and last push, below 12"
beyond-all-reason/data-processing,beyond-all-reason__data-processing,https://github.com/beyond-all-reason/data-processing,S3_code,8,Apache-2.0,48,14,1,2024-09-08T18:22:47Z,2026-04-29T22:10:36Z,passed,"extracted, excluded","only 5 monthly snapshots, below the 12 minimum"
beyondessential/tamanu-source-dbt,beyondessential__tamanu-source-dbt,https://github.com/beyondessential/tamanu-source-dbt,S3_code,0,,403,224,1,2023-07-28T00:18:11Z,2026-08-03T01:01:44Z,passed,in corpus,
bgall1976/IOT_aws_snowflake_looker,bgall1976__IOT_aws_snowflake_looker,https://github.com/bgall1976/IOT_aws_snowflake_looker,S3_code,0,,2,,,2026-04-05T04:37:09Z,2026-04-05T16:25:40Z,excluded,not screened in,"P3 2 commits on the default branch, below 40"
bgarcevic/danish-democracy-data,bgarcevic__danish-democracy-data,https://github.com/bgarcevic/danish-democracy-data,S1_curated,45,MIT,25,26,1,2023-06-07T13:42:49Z,2025-03-09T21:16:20Z,excluded,not screened in,"P3 25 commits on the default branch, below 40"
bhanuteja2001/DBT-Airbnb,bhanuteja2001__DBT-Airbnb,https://github.com/bhanuteja2001/DBT-Airbnb,S3_code,0,,7,,,2024-11-14T03:12:56Z,2024-11-16T22:54:19Z,excluded,not screened in,"P3 7 commits on the default branch, below 40"
bhargavSarikonda/dbt_learning_project,bhargavSarikonda__dbt_learning_project,https://github.com/bhargavSarikonda/dbt_learning_project,S3_code,0,,1,,,2025-06-21T05:38:22Z,2025-06-21T13:57:29Z,excluded,not screened in,"P3 1 commits on the default branch, below 40"
bhumit204/YouTube-Trending-Video-Dashboard,bhumit204__YouTube-Trending-Video-Dashboard,https://github.com/bhumit204/YouTube-Trending-Video-Dashboard,S3_code,1,,5,,,2024-01-27T11:09:23Z,2024-03-31T17:14:03Z,excluded,not screened in,"P3 5 commits on the default branch, below 40"
bibhraj-saha/UK-Housing-Intelligence-Platform,bibhraj-saha__UK-Housing-Intelligence-Platform,https://github.com/bibhraj-saha/UK-Housing-Intelligence-Platform,S2_topic_dbt,1,MIT,99,36,1,2026-06-09T18:21:59Z,2026-07-22T10:04:11Z,excluded,not screened in,"P4 1.4 months between creation and last push, below 12"
bigdatapassionpl/lakehouse-analytics,bigdatapassionpl__lakehouse-analytics,https://github.com/bigdatapassionpl/lakehouse-analytics,S3_code,2,,78,5,1,2022-09-07T18:09:41Z,2025-10-08T14:18:09Z,passed,"extracted, excluded","only 2 monthly snapshots, below the 12 minimum"
bigeyedata/se-dbt-cloud-demo,bigeyedata__se-dbt-cloud-demo,https://github.com/bigeyedata/se-dbt-cloud-demo,S3_code,0,,10,,,2023-08-02T00:48:10Z,2024-06-04T04:58:39Z,excluded,not screened in,"P3 10 commits on the default branch, below 40"
bigfoot-5/JobPostings_Analysis,bigfoot-5__JobPostings_Analysis,https://github.com/bigfoot-5/JobPostings_Analysis,S2_topic_dbt,1,,7,,,2024-05-20T11:33:20Z,2024-08-29T14:22:00Z,excluded,not screened in,"P3 7 commits on the default branch, below 40"
biggymuticha/ev-market-intelligence-pipeline,biggymuticha__ev-market-intelligence-pipeline,https://github.com/biggymuticha/ev-market-intelligence-pipeline,S2_topic_dbt,1,,7,,,2026-03-30T09:24:07Z,2026-03-31T13:34:05Z,excluded,not screened in,"P3 7 commits on the default branch, below 40"
bihitchehere/crypto-analytics-platform,bihitchehere__crypto-analytics-platform,https://github.com/bihitchehere/crypto-analytics-platform,S3_code,0,,16,,,2026-02-09T22:26:14Z,2026-02-17T01:10:53Z,excluded,not screened in,"P3 16 commits on the default branch, below 40"
bilaschandra/dbt_local_project,bilaschandra__dbt_local_project,https://github.com/bilaschandra/dbt_local_project,S2_topic_dbt,2,,6,,,2022-04-12T06:30:16Z,2022-04-12T07:07:06Z,excluded,not screened in,"P3 6 commits on the default branch, below 40"
billwallis/dbt-py,billwallis__dbt-py,https://github.com/billwallis/dbt-py,S2_topic_dbt,18,GPL-3.0,86,1,1,2024-01-05T19:12:44Z,2026-07-07T05:34:04Z,passed,"extracted, excluded","only 1 monthly snapshots, below the 12 minimum"
billycemerson/earthquake-monitoring,billycemerson__earthquake-monitoring,https://github.com/billycemerson/earthquake-monitoring,S3_code,0,,43,3,1,2026-02-27T08:31:44Z,2026-06-06T14:21:26Z,excluded,not screened in,"P4 3.3 months between creation and last push, below 12"
billysams21/data-pipeline-report,billysams21__data-pipeline-report,https://github.com/billysams21/data-pipeline-report,S3_code,0,MIT,5,,,2025-07-23T04:05:02Z,2025-08-04T03:37:53Z,excluded,not screened in,"P3 5 commits on the default branch, below 40"
binste/dbt-ibis,binste__dbt-ibis,https://github.com/binste/dbt-ibis,S2_topic_dbt,74,Apache-2.0,80,3,1,2023-09-05T14:01:18Z,2025-03-18T07:31:42Z,passed,"extracted, excluded","only 2 monthly snapshots, below the 12 minimum"
bismofunyuns99/dbt-cloud-snowflake-demo-template,bismofunyuns99__dbt-cloud-snowflake-demo-template,https://github.com/bismofunyuns99/dbt-cloud-snowflake-demo-template,S3_code,1,,69,40,1,2022-08-30T20:15:52Z,2022-11-17T00:26:23Z,excluded,not screened in,"P4 2.6 months between creation and last push, below 12"
bitpicky/dbt-sugar,bitpicky__dbt-sugar,https://github.com/bitpicky/dbt-sugar,S2_topic_dbt,154,Apache-2.0,250,8,2,2020-12-18T20:47:23Z,2026-07-13T21:08:19Z,passed,"extracted, excluded","only 5 monthly snapshots, below the 12 minimum"
bjornvandijkman1993/dbt-slim-ci,bjornvandijkman1993__dbt-slim-ci,https://github.com/bjornvandijkman1993/dbt-slim-ci,S3_code,4,,7,,,2022-04-25T14:14:05Z,2022-04-26T09:09:07Z,excluded,not screened in,"P3 7 commits on the default branch, below 40"
blakeburch/dbt-cloud-demos,blakeburch__dbt-cloud-demos,https://github.com/blakeburch/dbt-cloud-demos,S3_code,0,,4,,,2021-12-16T02:56:03Z,2023-12-05T17:45:55Z,excluded,not screened in,"P3 4 commits on the default branch, below 40"
boboyevum/movielens-dbt-pipeline,boboyevum__movielens-dbt-pipeline,https://github.com/boboyevum/movielens-dbt-pipeline,S2_topic_dbt,1,,8,,,2025-06-09T00:40:29Z,2025-06-12T20:22:53Z,excluded,not screened in,"P3 8 commits on the default branch, below 40"
boccileonardo/f1toolbox,boccileonardo__f1toolbox,https://github.com/boccileonardo/f1toolbox,S3_code,0,,237,25,1,2024-02-19T10:11:32Z,2025-04-25T05:27:03Z,passed,"extracted, excluded","only 2 monthly snapshots, below the 12 minimum"
boilingdata/bi-example-simple,boilingdata__bi-example-simple,https://github.com/boilingdata/bi-example-simple,S3_code,1,,85,5,1,2024-11-18T14:13:23Z,2025-02-26T17:12:41Z,excluded,not screened in,"P4 3.3 months between creation and last push, below 12"
bonnard-data/bonnard,bonnard-data__bonnard,https://github.com/bonnard-data/bonnard,S2_topic_dbt,28,Apache-2.0,2,,,2026-03-03T14:19:28Z,2026-07-03T10:52:24Z,excluded,not screened in,"P3 2 commits on the default branch, below 40"
bonnard-data/bonnard-cli,bonnard-data__bonnard-cli,https://github.com/bonnard-data/bonnard-cli,S2_topic_dbt,50,MIT,3,,,2026-02-17T17:44:57Z,2026-07-03T10:52:25Z,excluded,not screened in,"P3 3 commits on the default branch, below 40"
borjavb/dbt-iceberg-poc,borjavb__dbt-iceberg-poc,https://github.com/borjavb/dbt-iceberg-poc,S3_code,81,,6,,,2024-06-04T18:16:56Z,2024-10-14T15:03:32Z,excluded,not screened in,"P3 6 commits on the default branch, below 40"
bpbpublications/Hello-Modern-Data-Pipelines,bpbpublications__Hello-Modern-Data-Pipelines,https://github.com/bpbpublications/Hello-Modern-Data-Pipelines,S3_code,0,MIT,2,,,2026-02-06T06:31:26Z,2026-02-06T09:08:00Z,excluded,not screened in,"P3 2 commits on the default branch, below 40"
br413/br413,br413__br413,https://github.com/br413/br413,S2_topic_dbt,1,,25,,,2026-07-14T06:30:17Z,2026-07-26T16:02:41Z,excluded,not screened in,"P3 25 commits on the default branch, below 40"
br413/production-data-pipeline,br413__production-data-pipeline,https://github.com/br413/production-data-pipeline,S2_topic_dbt,1,MIT,27,,,2026-07-14T06:30:39Z,2026-07-20T16:08:29Z,excluded,not screened in,"P3 27 commits on the default branch, below 40"
brabster/pypi_vulnerabilities,brabster__pypi_vulnerabilities,https://github.com/brabster/pypi_vulnerabilities,S3_code,3,MIT,162,30,2,2024-01-02T09:39:27Z,2025-12-02T20:37:53Z,passed,"extracted, excluded","only 5 monthly snapshots, below the 12 minimum"
brady-robinson/sales-elt-pipeline,brady-robinson__sales-elt-pipeline,https://github.com/brady-robinson/sales-elt-pipeline,S3_code,0,MIT,10,,,2025-10-05T17:23:07Z,2025-10-26T15:09:31Z,excluded,not screened in,"P3 10 commits on the default branch, below 40"
brainforge-ai/demo-analytics,brainforge-ai__demo-analytics,https://github.com/brainforge-ai/demo-analytics,S3_code,0,,8,,,2025-09-09T13:34:17Z,2025-09-11T13:54:27Z,excluded,not screened in,"P3 8 commits on the default branch, below 40"
brainstation-au/dbt-tutorial,brainstation-au__dbt-tutorial,https://github.com/brainstation-au/dbt-tutorial,S3_code,0,,6,,,2021-09-11T04:36:39Z,2021-09-15T05:16:22Z,excluded,not screened in,"P3 6 commits on the default branch, below 40"
bramreinders97/view_selection_experiments,bramreinders97__view_selection_experiments,https://github.com/bramreinders97/view_selection_experiments,S3_code,0,,8,,,2024-07-22T12:33:45Z,2024-07-26T11:58:21Z,excluded,not screened in,"P3 8 commits on the default branch, below 40"
brembiejewski/dbt-snow-course,brembiejewski__dbt-snow-course,https://github.com/brembiejewski/dbt-snow-course,S3_code,0,,5,,,2026-06-08T09:31:11Z,2026-06-10T13:30:54Z,excluded,not screened in,"P3 5 commits on the default branch, below 40"
brenodocarmo/olist-pipeline-dados,brenodocarmo__olist-pipeline-dados,https://github.com/brenodocarmo/olist-pipeline-dados,S3_code,0,,22,,,2025-05-26T17:09:03Z,2025-06-06T13:15:24Z,excluded,not screened in,"P3 22 commits on the default branch, below 40"
brian-gillet/dbt-fundamentals,brian-gillet__dbt-fundamentals,https://github.com/brian-gillet/dbt-fundamentals,S3_code,0,,7,,,2021-12-10T17:53:57Z,2022-08-17T20:06:20Z,excluded,not screened in,"P3 7 commits on the default branch, below 40"
brian-novp/export-trade-dashboard,brian-novp__export-trade-dashboard,https://github.com/brian-novp/export-trade-dashboard,S3_code,4,,2,,,2026-04-19T06:33:30Z,2026-04-19T17:13:01Z,excluded,not screened in,"P3 2 commits on the default branch, below 40"
brickpack/my-practice,brickpack__my-practice,https://github.com/brickpack/my-practice,S3_code,0,,79,14,1,2025-10-08T20:24:12Z,2026-01-24T23:17:40Z,excluded,not screened in,"P4 3.5 months between creation and last push, below 12"
brinnw/brinn-test,brinnw__brinn-test,https://github.com/brinnw/brinn-test,S3_code,0,,775,2348,1,2025-08-22T15:10:15Z,2025-08-25T17:38:58Z,excluded,not screened in,"P4 0.1 months between creation and last push, below 12"
brockcooper/dbt-demo,brockcooper__dbt-demo,https://github.com/brockcooper/dbt-demo,S3_code,0,,14,,,2022-09-15T21:39:36Z,2022-09-21T16:53:11Z,excluded,not screened in,"P3 14 commits on the default branch, below 40"
brooklyn-data/dbt_artifacts,brooklyn-data__dbt_artifacts,https://github.com/brooklyn-data/dbt_artifacts,S2_topic_dbt,400,Apache-2.0,650,53,2,2021-02-03T15:57:10Z,2026-08-04T21:46:18Z,passed,in corpus,
brooklyn-data/dbtenv,brooklyn-data__dbtenv,https://github.com/brooklyn-data/dbtenv,S2_topic_dbt,31,Apache-2.0,152,0,0,2021-03-10T20:41:56Z,2022-10-27T08:48:02Z,passed,"extracted, excluded",no dbt_project.yml found anywhere on the first-parent history
brooklyn-data/utilities,brooklyn-data__utilities,https://github.com/brooklyn-data/utilities,S3_code,4,Apache-2.0,24,,,2018-12-27T15:08:56Z,2021-05-13T08:29:55Z,excluded,not screened in,"P3 24 commits on the default branch, below 40"
bruno-lima-indicium/dbt-python-databricks,bruno-lima-indicium__dbt-python-databricks,https://github.com/bruno-lima-indicium/dbt-python-databricks,S3_code,1,,2,,,2023-01-20T11:36:59Z,2023-01-25T01:44:46Z,excluded,not screened in,"P3 2 commits on the default branch, below 40"
bruno-lima-indicium/dbt-python-snowflake,bruno-lima-indicium__dbt-python-snowflake,https://github.com/bruno-lima-indicium/dbt-python-snowflake,S3_code,0,Apache-2.0,4,,,2023-01-20T11:36:32Z,2023-01-25T01:45:20Z,excluded,not screened in,"P3 4 commits on the default branch, below 40"
bruno-uy/dbt-data-quality,bruno-uy__dbt-data-quality,https://github.com/bruno-uy/dbt-data-quality,S2_topic_dbt,1,MIT,6,,,2023-09-14T12:14:40Z,2023-09-15T11:46:36Z,excluded,not screened in,"P3 6 commits on the default branch, below 40"
brunohart/cinema-ops-platform,brunohart__cinema-ops-platform,https://github.com/brunohart/cinema-ops-platform,S2_topic_dbt,1,MIT,358,10,2,2026-07-30T08:56:13Z,2026-08-03T04:57:46Z,excluded,not screened in,"P4 0.1 months between creation and last push, below 12"
brunomilhomem/dbt_demo,brunomilhomem__dbt_demo,https://github.com/brunomilhomem/dbt_demo,S2_topic_dbt,3,,27,,,2022-02-26T01:47:49Z,2022-08-18T19:10:36Z,excluded,not screened in,"P3 27 commits on the default branch, below 40"
bryancev/dbt_course_iTemp,bryancev__dbt_course_iTemp,https://github.com/bryancev/dbt_course_iTemp,S3_code,0,,15,,,2024-12-22T11:24:17Z,2025-03-09T08:44:27Z,excluded,not screened in,"P3 15 commits on the default branch, below 40"
bsalad/tableau-prep-lineage,bsalad__tableau-prep-lineage,https://github.com/bsalad/tableau-prep-lineage,S3_code,0,,8,,,2025-12-06T21:02:35Z,2025-12-08T08:57:39Z,excluded,not screened in,"P3 8 commits on the default branch, below 40"
btriani/databricks-snowflake-comparison,btriani__databricks-snowflake-comparison,https://github.com/btriani/databricks-snowflake-comparison,S2_topic_dbt,1,,4,,,2026-05-01T11:03:12Z,2026-05-01T11:28:37Z,excluded,not screened in,"P3 4 commits on the default branch, below 40"
bufferapp/dbt-bigquery-auditlog,bufferapp__dbt-bigquery-auditlog,https://github.com/bufferapp/dbt-bigquery-auditlog,S3_code,9,MIT,9,,,2020-01-24T09:29:39Z,2020-06-11T08:31:46Z,excluded,not screened in,"P3 9 commits on the default branch, below 40"
bukhbayar/dbt_demo,bukhbayar__dbt_demo,https://github.com/bukhbayar/dbt_demo,S3_code,0,,2,,,2025-07-24T10:16:01Z,2025-07-24T12:20:59Z,excluded,not screened in,"P3 2 commits on the default branch, below 40"
buremba/universql,buremba__universql,https://github.com/buremba/universql,S2_topic_dbt,206,Apache-2.0,245,0,0,2024-07-24T22:53:34Z,2025-10-20T22:30:45Z,passed,"extracted, excluded",no dbt_project.yml found anywhere on the first-parent history
burnside-project/pg-warehouse,burnside-project__pg-warehouse,https://github.com/burnside-project/pg-warehouse,S2_topic_analytics-engineering,5,Apache-2.0,112,0,0,2026-03-16T15:29:45Z,2026-06-08T14:57:14Z,excluded,not screened in,"P4 2.7 months between creation and last push, below 12"
butchland/dbt-bigquery-gitpod-config,butchland__dbt-bigquery-gitpod-config,https://github.com/butchland/dbt-bigquery-gitpod-config,S2_topic_dbt,2,MIT,20,,,2022-04-27T10:45:18Z,2022-05-14T13:10:50Z,excluded,not screened in,"P3 20 commits on the default branch, below 40"
butchland/nbdbt,butchland__nbdbt,https://github.com/butchland/nbdbt,S2_topic_dbt,3,Apache-2.0,52,2,1,2022-06-19T03:18:38Z,2022-09-22T11:06:48Z,excluded,not screened in,"P4 3.1 months between creation and last push, below 12"
butchland/nbdbt2,butchland__nbdbt2,https://github.com/butchland/nbdbt2,S2_topic_dbt,1,Apache-2.0,1,,,2023-12-21T12:07:38Z,2024-02-23T18:15:25Z,excluded,not screened in,"P3 1 commits on the default branch, below 40"
buun-ch/payload-ecommerce-lakehouse-demo,buun-ch__payload-ecommerce-lakehouse-demo,https://github.com/buun-ch/payload-ecommerce-lakehouse-demo,S2_topic_dbt,1,MIT,75,17,1,2025-10-17T01:34:05Z,2025-11-25T08:37:39Z,excluded,not screened in,"P4 1.3 months between creation and last push, below 12"
bveber/dbt_retail_example,bveber__dbt_retail_example,https://github.com/bveber/dbt_retail_example,S3_code,0,,25,,,2023-03-23T15:35:30Z,2023-04-02T16:35:05Z,excluded,not screened in,"P3 25 commits on the default branch, below 40"
bycedlanalyst/Airbnb_Analytics,bycedlanalyst__Airbnb_Analytics,https://github.com/bycedlanalyst/Airbnb_Analytics,S2_topic_dbt,1,,10,,,2026-06-14T20:28:57Z,2026-06-16T01:11:29Z,excluded,not screened in,"P3 10 commits on the default branch, below 40"
byronrjones/docker-airflow-postgres-dbt,byronrjones__docker-airflow-postgres-dbt,https://github.com/byronrjones/docker-airflow-postgres-dbt,S3_code,0,,1,,,2025-11-17T07:40:18Z,2025-11-17T07:40:23Z,excluded,not screened in,"P3 1 commits on the default branch, below 40"
cagov/caldata-infrastructure-template,cagov__caldata-infrastructure-template,https://github.com/cagov/caldata-infrastructure-template,S3_code,4,MIT,183,0,0,2023-02-15T20:56:40Z,2026-07-14T00:01:59Z,passed,"extracted, excluded",no dbt_project.yml found anywhere on the first-parent history
cagov/caldata-mdsa-caltrans-pems,cagov__caldata-mdsa-caltrans-pems,https://github.com/cagov/caldata-mdsa-caltrans-pems,S3_code,13,MIT,1513,104,1,2023-08-24T17:17:05Z,2025-08-19T19:34:00Z,passed,in corpus,
cagov/data-infrastructure,cagov__data-infrastructure,https://github.com/cagov/data-infrastructure,S1_curated;S3_code,25,MIT,843,29,1,2022-12-01T18:49:29Z,2026-07-30T22:27:38Z,passed,in corpus,
caio-moliveira/dbt-snowflake-project,caio-moliveira__dbt-snowflake-project,https://github.com/caio-moliveira/dbt-snowflake-project,S2_topic_dbt-core,1,,49,15,1,2025-01-03T14:39:02Z,2025-01-20T18:46:22Z,excluded,not screened in,"P4 0.6 months between creation and last push, below 12"
caiocvelasco/project02-docker-dbt-DuckDB-medallion-kimball-postgres,caiocvelasco__project02-docker-dbt-DuckDB-medallion-kimball-postgres,https://github.com/caiocvelasco/project02-docker-dbt-DuckDB-medallion-kimball-postgres,S3_code,0,,30,,,2024-07-05T12:38:37Z,2024-07-25T15:10:40Z,excluded,not screened in,"P3 30 commits on the default branch, below 40"
caiocvelasco/project03-docker-dbt-from-s3-parquet-to-Snowflake-external-tables,caiocvelasco__project03-docker-dbt-from-s3-parquet-to-Snowflake-external-tables,https://github.com/caiocvelasco/project03-docker-dbt-from-s3-parquet-to-Snowflake-external-tables,S3_code,0,,2,,,2024-07-26T10:55:31Z,2024-07-26T13:58:59Z,excluded,not screened in,"P3 2 commits on the default branch, below 40"
caiombribeiro/1engenharia_dados_claude,caiombribeiro__1engenharia_dados_claude,https://github.com/caiombribeiro/1engenharia_dados_claude,S3_code,0,,3,,,2026-03-26T12:03:10Z,2026-03-30T01:50:22Z,excluded,not screened in,"P3 3 commits on the default branch, below 40"
caitlinmac/data_pipeline1,caitlinmac__data_pipeline1,https://github.com/caitlinmac/data_pipeline1,S3_code,0,MIT,4,,,2024-07-06T13:48:01Z,2024-07-06T16:09:43Z,excluded,not screened in,"P3 4 commits on the default branch, below 40"
caitpj/paradime_dbt_data_modeling_challenge_nba,caitpj__paradime_dbt_data_modeling_challenge_nba,https://github.com/caitpj/paradime_dbt_data_modeling_challenge_nba,S3_code,1,,25,,,2024-02-24T19:19:33Z,2024-03-10T20:33:40Z,excluded,not screened in,"P3 25 commits on the default branch, below 40"
cal-itp/data-infra,cal-itp__data-infra,https://github.com/cal-itp/data-infra,S1_curated;S3_code,70,AGPL-3.0,5914,620,1,2020-11-16T18:35:24Z,2026-08-05T00:18:53Z,passed,in corpus,
calbergs/spotify-api,calbergs__spotify-api,https://github.com/calbergs/spotify-api,S2_topic_dbt,50,,268,12,1,2022-12-21T03:42:14Z,2026-07-26T03:26:13Z,passed,"extracted, excluded","only 9 monthly snapshots, below the 12 minimum"
calbergs/ynab-api,calbergs__ynab-api,https://github.com/calbergs/ynab-api,S2_topic_dbt,2,,23,,,2026-02-27T14:29:24Z,2026-07-21T04:12:39Z,excluded,not screened in,"P3 23 commits on the default branch, below 40"
calbrecht07/personal,calbrecht07__personal,https://github.com/calbrecht07/personal,S3_code,0,NOASSERTION,5557,0,7,2022-05-09T14:49:02Z,2022-05-09T16:35:39Z,excluded,not screened in,"P4 0.0 months between creation and last push, below 12"
calcphos/data-warehouse,calcphos__data-warehouse,https://github.com/calcphos/data-warehouse,S3_code,0,,3,,,2026-07-22T07:34:36Z,2026-07-23T08:27:59Z,excluded,not screened in,"P3 3 commits on the default branch, below 40"
calderalab-dbt/calderalab-data,calderalab-dbt__calderalab-data,https://github.com/calderalab-dbt/calderalab-data,S3_code,1,,64,164,1,2023-10-26T10:22:29Z,2024-02-23T14:39:15Z,excluded,not screened in,"P4 3.9 months between creation and last push, below 12"
callmejei/etl_code,callmejei__etl_code,https://github.com/callmejei/etl_code,S3_code,0,,3,,,2025-07-07T13:37:36Z,2026-04-08T08:33:21Z,excluded,not screened in,"P3 3 commits on the default branch, below 40"
calogica/dbt-expectations,calogica__dbt-expectations,https://github.com/calogica/dbt-expectations,S2_topic_dbt,1232,Apache-2.0,310,0,1,2020-10-22T23:12:37Z,2024-12-16T16:31:42Z,passed,"extracted, excluded",no commits touch any declared model path
calvinhaooo/astro_retail,calvinhaooo__astro_retail,https://github.com/calvinhaooo/astro_retail,S3_code,0,,10,,,2025-05-13T08:47:32Z,2026-03-23T17:34:40Z,excluded,not screened in,"P3 10 commits on the default branch, below 40"
camharris93/sediment,camharris93__sediment,https://github.com/camharris93/sediment,S2_topic_analytics-engineering;S2_topic_dbt,5,MIT,27,,,2026-06-02T19:43:55Z,2026-07-07T17:40:08Z,excluded,not screened in,"P3 27 commits on the default branch, below 40"
caogiathinh/caogiathinh,caogiathinh__caogiathinh,https://github.com/caogiathinh/caogiathinh,S2_topic_dbt,4,,24,,,2025-08-19T02:27:08Z,2026-08-04T02:37:06Z,excluded,not screened in,"P3 24 commits on the default branch, below 40"
cap-alpha/cap-alpha-protocol,cap-alpha__cap-alpha-protocol,https://github.com/cap-alpha/cap-alpha-protocol,S3_code,1,NOASSERTION,1039,16,1,2025-12-13T00:44:57Z,2026-08-04T15:23:46Z,excluded,not screened in,"P4 7.7 months between creation and last push, below 12"
cardonajsebas/olist-analytics-engineering,cardonajsebas__olist-analytics-engineering,https://github.com/cardonajsebas/olist-analytics-engineering,S2_topic_analytics-engineering;S2_topic_dbt,3,MIT,26,,,2026-03-22T11:37:04Z,2026-03-26T10:19:19Z,excluded,not screened in,"P3 26 commits on the default branch, below 40"
caretdev/dbt-iris,caretdev__dbt-iris,https://github.com/caretdev/dbt-iris,S3_code,9,MIT,66,0,1,2022-11-16T11:52:35Z,2025-06-30T10:34:28Z,passed,"extracted, excluded",no commits touch any declared model path
carlosrh18/SanFrancisco-Fire-Data-ETL,carlosrh18__SanFrancisco-Fire-Data-ETL,https://github.com/carlosrh18/SanFrancisco-Fire-Data-ETL,S3_code,0,,2,,,2025-05-05T20:07:26Z,2025-05-09T22:06:11Z,excluded,not screened in,"P3 2 commits on the default branch, below 40"
carolsimone/continuo-dbt-demo,carolsimone__continuo-dbt-demo,https://github.com/carolsimone/continuo-dbt-demo,S3_code,0,CC0-1.0,160,31,6,2026-06-02T09:49:56Z,2026-08-04T16:01:10Z,excluded,not screened in,"P4 2.1 months between creation and last push, below 12"
caspercrause/data-engineering-zoomcamp-2024,caspercrause__data-engineering-zoomcamp-2024,https://github.com/caspercrause/data-engineering-zoomcamp-2024,S3_code,0,,37,,,2024-01-26T09:42:57Z,2024-03-01T17:37:19Z,excluded,not screened in,"P3 37 commits on the default branch, below 40"
catalyst-cooperative/pudl,catalyst-cooperative__pudl,https://github.com/catalyst-cooperative/pudl,S3_code,600,MIT,11147,2,1,2017-02-01T17:45:40Z,2026-08-05T01:20:21Z,passed,"extracted, excluded","peak lineage size 2 nodes, below the 10 minimum"
cbfacademy/Advance-DBT,cbfacademy__Advance-DBT,https://github.com/cbfacademy/Advance-DBT,S3_code,0,,1,,,2025-12-24T21:22:08Z,2025-12-24T21:52:54Z,excluded,not screened in,"P3 1 commits on the default branch, below 40"
cbfacademy/Data-Pipeline-Testing-and-Monitoring,cbfacademy__Data-Pipeline-Testing-and-Monitoring,https://github.com/cbfacademy/Data-Pipeline-Testing-and-Monitoring,S3_code,0,,2,,,2026-01-28T19:52:56Z,2026-01-28T20:10:41Z,excluded,not screened in,"P3 2 commits on the default branch, below 40"
ccao-data/data-architecture,ccao-data__data-architecture,https://github.com/ccao-data/data-architecture,S3_code,12,,2068,145,1,2023-06-28T16:11:25Z,2026-08-04T18:33:44Z,passed,in corpus,
cdcoonce/Oura-Pipeline,cdcoonce__Oura-Pipeline,https://github.com/cdcoonce/Oura-Pipeline,S3_code,0,,64,15,1,2026-03-14T18:08:51Z,2026-07-18T15:07:03Z,excluded,not screened in,"P4 4.1 months between creation and last push, below 12"
cdmaza/car_scrape_pipeline,cdmaza__car_scrape_pipeline,https://github.com/cdmaza/car_scrape_pipeline,S3_code,0,,59,3,1,2025-01-14T11:25:28Z,2026-06-24T16:00:50Z,passed,"extracted, excluded","only 1 monthly snapshots, below the 12 minimum"
cemputer/bts-airline-data-platform,cemputer__bts-airline-data-platform,https://github.com/cemputer/bts-airline-data-platform,S2_topic_dbt-core,2,MIT,69,7,1,2026-03-18T19:24:29Z,2026-08-02T11:37:34Z,excluded,not screened in,"P4 4.5 months between creation and last push, below 12"
centrefornetzero/domestic-heating-data,centrefornetzero__domestic-heating-data,https://github.com/centrefornetzero/domestic-heating-data,S3_code,12,MIT,66,13,1,2021-07-19T13:31:11Z,2022-11-15T14:35:35Z,passed,"extracted, excluded","only 5 monthly snapshots, below the 12 minimum"
cgtucker/dbt_university,cgtucker__dbt_university,https://github.com/cgtucker/dbt_university,S3_code,0,,5,,,2024-09-30T17:30:42Z,2024-10-01T16:18:00Z,excluded,not screened in,"P3 5 commits on the default branch, below 40"
chaitanyakaranam777/pipeone-apis-to-warehouse,chaitanyakaranam777__pipeone-apis-to-warehouse,https://github.com/chaitanyakaranam777/pipeone-apis-to-warehouse,S2_topic_dbt,1,MIT,12,,,2026-06-24T07:37:01Z,2026-07-22T15:29:49Z,excluded,not screened in,"P3 12 commits on the default branch, below 40"
chandanc5525/Dmart_Sales_Analytics,chandanc5525__Dmart_Sales_Analytics,https://github.com/chandanc5525/Dmart_Sales_Analytics,S2_topic_analytics-engineering,2,Apache-2.0,27,,,2026-05-18T13:14:07Z,2026-05-30T01:09:03Z,excluded,not screened in,"P3 27 commits on the default branch, below 40"
charan3129/Healthcare-Data-Pipeline,charan3129__Healthcare-Data-Pipeline,https://github.com/charan3129/Healthcare-Data-Pipeline,S2_topic_dbt,1,,1,,,2026-05-23T11:46:49Z,2026-05-23T11:57:13Z,excluded,not screened in,"P3 1 commits on the default branch, below 40"
charan3129/Healthcare_Analytics_Drug_Safety,charan3129__Healthcare_Analytics_Drug_Safety,https://github.com/charan3129/Healthcare_Analytics_Drug_Safety,S2_topic_dbt,1,,1,,,2026-05-24T11:14:11Z,2026-05-24T11:17:31Z,excluded,not screened in,"P3 1 commits on the default branch, below 40"
charan3129/Real_Time_Retail_Pipeline,charan3129__Real_Time_Retail_Pipeline,https://github.com/charan3129/Real_Time_Retail_Pipeline,S2_topic_dbt,1,,6,,,2026-04-14T14:09:03Z,2026-04-14T18:39:28Z,excluded,not screened in,"P3 6 commits on the default branch, below 40"
charan3129/dbt-Analytics-Engineering-Project,charan3129__dbt-Analytics-Engineering-Project,https://github.com/charan3129/dbt-Analytics-Engineering-Project,S2_topic_analytics-engineering;S2_topic_dbt,1,,4,,,2026-04-13T02:40:14Z,2026-04-13T03:02:45Z,excluded,not screened in,"P3 4 commits on the default branch, below 40"
charleschen246/new_study_2024,charleschen246__new_study_2024,https://github.com/charleschen246/new_study_2024,S3_code,0,,22,,,2024-09-26T00:24:08Z,2026-06-02T04:44:05Z,excluded,not screened in,"P3 22 commits on the default branch, below 40"
charlesnet76/fintech-saas-pipeline,charlesnet76__fintech-saas-pipeline,https://github.com/charlesnet76/fintech-saas-pipeline,S3_code,1,MIT,10,,,2026-05-26T01:49:26Z,2026-06-17T01:54:51Z,excluded,not screened in,"P3 10 commits on the default branch, below 40"
charlesphil/gaming_trends_mds_in_a_box,charlesphil__gaming_trends_mds_in_a_box,https://github.com/charlesphil/gaming_trends_mds_in_a_box,S3_code,0,MIT,8,,,2026-04-08T03:43:10Z,2026-04-13T14:58:44Z,excluded,not screened in,"P3 8 commits on the default branch, below 40"
chauwind/The-Analysts-Mirror-Reflective-Dashboards,chauwind__The-Analysts-Mirror-Reflective-Dashboards,https://github.com/chauwind/The-Analysts-Mirror-Reflective-Dashboards,S2_topic_analytics-engineering,1,MIT,8,,,2021-02-26T10:01:19Z,2026-07-27T09:45:16Z,excluded,not screened in,"P3 8 commits on the default branch, below 40"
chayansraj/Data-Pipeline-with-dbt-using-Airflow-on-GCP,chayansraj__Data-Pipeline-with-dbt-using-Airflow-on-GCP,https://github.com/chayansraj/Data-Pipeline-with-dbt-using-Airflow-on-GCP,S2_topic_dbt,29,,132,7,1,2023-09-15T12:02:16Z,2025-08-22T04:37:47Z,passed,"extracted, excluded","only 1 monthly snapshots, below the 12 minimum"
chayansraj/dbt_learn_fundamentals,chayansraj__dbt_learn_fundamentals,https://github.com/chayansraj/dbt_learn_fundamentals,S2_topic_dbt,1,,25,,,2023-10-13T20:29:09Z,2023-10-27T11:35:42Z,excluded,not screened in,"P3 25 commits on the default branch, below 40"
chenpenghan/hudi-0.11.0,chenpenghan__hudi-0.11.0,https://github.com/chenpenghan/hudi-0.11.0,S3_code,0,Apache-2.0,2800,5,1,2026-01-04T03:34:26Z,2026-01-04T03:55:40Z,excluded,not screened in,"P4 0.0 months between creation and last push, below 12"
chenyanbinSG/portfolio_apprenticeship,chenyanbinSG__portfolio_apprenticeship,https://github.com/chenyanbinSG/portfolio_apprenticeship,S2_topic_dbt,1,,3,,,2023-01-16T07:25:14Z,2023-01-31T06:26:33Z,excluded,not screened in,"P3 3 commits on the default branch, below 40"
cherifsouare/ads-campaign-analytics,cherifsouare__ads-campaign-analytics,https://github.com/cherifsouare/ads-campaign-analytics,S2_topic_dbt-core,1,,68,0,1,2023-12-05T21:46:09Z,2024-02-15T23:10:51Z,excluded,not screened in,"P4 2.4 months between creation and last push, below 12"
chienazazaz/sado_analytics_services,chienazazaz__sado_analytics_services,https://github.com/chienazazaz/sado_analytics_services,S2_topic_dbt-core;S3_code,1,,765,209,1,2023-08-30T09:50:39Z,2025-10-29T15:03:52Z,passed,in corpus,
chilakos/azure-databricks-dbt-starter,chilakos__azure-databricks-dbt-starter,https://github.com/chilakos/azure-databricks-dbt-starter,S3_code,0,,1,,,2025-09-14T00:42:00Z,2025-09-14T00:59:32Z,excluded,not screened in,"P3 1 commits on the default branch, below 40"
chipap-dev/airflow-orchestrator,chipap-dev__airflow-orchestrator,https://github.com/chipap-dev/airflow-orchestrator,S2_topic_dbt,1,,4,,,2026-07-24T00:25:28Z,2026-07-30T21:14:22Z,excluded,not screened in,"P3 4 commits on the default branch, below 40"
chipap-dev/lanchas,chipap-dev__lanchas,https://github.com/chipap-dev/lanchas,S2_topic_dbt,1,,8,,,2026-07-24T22:18:04Z,2026-07-30T21:15:20Z,excluded,not screened in,"P3 8 commits on the default branch, below 40"
chipap-dev/mareas,chipap-dev__mareas,https://github.com/chipap-dev/mareas,S2_topic_dbt,3,,13,,,2026-06-29T03:05:49Z,2026-07-30T21:15:58Z,excluded,not screened in,"P3 13 commits on the default branch, below 40"
chiply/rwe-omop-pipeline,chiply__rwe-omop-pipeline,https://github.com/chiply/rwe-omop-pipeline,S3_code,0,Apache-2.0,3,,,2026-05-29T20:07:26Z,2026-06-23T19:37:55Z,excluded,not screened in,"P3 3 commits on the default branch, below 40"
chonalchendo/football-data-warehouse,chonalchendo__football-data-warehouse,https://github.com/chonalchendo/football-data-warehouse,S2_topic_dbt,9,,349,14,1,2024-09-09T17:11:57Z,2025-03-07T16:26:49Z,excluded,not screened in,"P4 5.8 months between creation and last push, below 12"
chop-analytics/dbt-netezza,chop-analytics__dbt-netezza,https://github.com/chop-analytics/dbt-netezza,S2_topic_dbt;S3_code,13,BSD-2-Clause,186,0,1,2020-02-24T21:42:11Z,2026-03-05T04:11:07Z,passed,"extracted, excluded",no commits touch any declared model path
chridubois/advertizing_control_tower,chridubois__advertizing_control_tower,https://github.com/chridubois/advertizing_control_tower,S3_code,0,,13,,,2023-09-21T07:35:40Z,2023-10-25T07:39:02Z,excluded,not screened in,"P3 13 commits on the default branch, below 40"
chrisgebert/open_alex_snapshot,chrisgebert__open_alex_snapshot,https://github.com/chrisgebert/open_alex_snapshot,S3_code,13,MIT,31,,,2023-09-06T23:10:03Z,2024-04-13T16:51:51Z,excluded,not screened in,"P3 31 commits on the default branch, below 40"
chunghaw/ae_capstone_project,chunghaw__ae_capstone_project,https://github.com/chunghaw/ae_capstone_project,S3_code,0,,6,,,2025-05-20T09:42:04Z,2025-05-30T16:50:46Z,excluded,not screened in,"P3 6 commits on the default branch, below 40"
chvalois/scraping,chvalois__scraping,https://github.com/chvalois/scraping,S2_topic_dbt,1,,60,8,1,2024-04-03T14:30:44Z,2024-10-02T12:03:55Z,excluded,not screened in,"P4 5.9 months between creation and last push, below 12"
cidraljunior/suprema-gaming-challenge,cidraljunior__suprema-gaming-challenge,https://github.com/cidraljunior/suprema-gaming-challenge,S2_topic_dbt,3,,11,,,2025-02-09T12:11:01Z,2025-02-10T00:18:22Z,excluded,not screened in,"P3 11 commits on the default branch, below 40"
ciocan/meltano-dbt-postgres-python-model,ciocan__meltano-dbt-postgres-python-model,https://github.com/ciocan/meltano-dbt-postgres-python-model,S2_topic_dbt;S2_topic_dbt-models,1,,4,,,2024-07-23T22:23:29Z,2024-07-24T12:14:48Z,excluded,not screened in,"P3 4 commits on the default branch, below 40"
civisanalytics/platform-code-examples,civisanalytics__platform-code-examples,https://github.com/civisanalytics/platform-code-examples,S3_code,5,,189,5,1,2019-08-01T21:40:43Z,2026-07-24T14:55:33Z,passed,"extracted, excluded","only 1 monthly snapshots, below the 12 minimum"
cjho0316/dbt-pipeline,cjho0316__dbt-pipeline,https://github.com/cjho0316/dbt-pipeline,S3_code,0,,4,,,2024-02-27T14:40:06Z,2024-03-20T12:17:44Z,excluded,not screened in,"P3 4 commits on the default branch, below 40"
ckacldk/data-engineering-zoomcamp,ckacldk__data-engineering-zoomcamp,https://github.com/ckacldk/data-engineering-zoomcamp,S3_code,0,,35,,,2026-01-18T23:13:53Z,2026-02-19T11:41:32Z,excluded,not screened in,"P3 35 commits on the default branch, below 40"
clarilayer/clarilayer,clarilayer__clarilayer,https://github.com/clarilayer/clarilayer,S2_topic_dbt,124,NOASSERTION,12,,,2026-06-08T13:17:43Z,2026-07-30T19:49:06Z,excluded,not screened in,"P3 12 commits on the default branch, below 40"
clausherther/dbt-tpch,clausherther__dbt-tpch,https://github.com/clausherther/dbt-tpch,S3_code,21,,23,,,2019-06-06T19:08:03Z,2022-04-05T15:36:58Z,excluded,not screened in,"P3 23 commits on the default branch, below 40"
clausherther/nfl-dbt,clausherther__nfl-dbt,https://github.com/clausherther/nfl-dbt,S3_code,24,Apache-2.0,58,10,1,2019-12-14T04:01:46Z,2023-12-26T21:24:54Z,passed,"extracted, excluded","only 4 monthly snapshots, below the 12 minimum"
clawdata/clawdata,clawdata__clawdata,https://github.com/clawdata/clawdata,S2_topic_dbt,24,,49,0,0,2026-02-19T21:39:15Z,2026-03-08T22:38:51Z,excluded,not screened in,"P4 0.6 months between creation and last push, below 12"
claydoers/Portfolio,claydoers__Portfolio,https://github.com/claydoers/Portfolio,S2_topic_dbt,1,,32,,,2023-07-19T01:20:17Z,2024-07-11T16:48:14Z,excluded,not screened in,"P3 32 commits on the default branch, below 40"
claydsoncoelho/dbt_citi_bike,claydsoncoelho__dbt_citi_bike,https://github.com/claydsoncoelho/dbt_citi_bike,S3_code,0,,51,8,1,2025-02-05T21:03:42Z,2026-05-14T21:45:18Z,passed,"extracted, excluded","only 3 monthly snapshots, below the 12 minimum"
cloudera/dbt-hive,cloudera__dbt-hive,https://github.com/cloudera/dbt-hive,S3_code,26,Apache-2.0,150,0,1,2022-07-28T04:47:51Z,2026-07-29T05:49:11Z,passed,"extracted, excluded",no commits touch any declared model path
cloudquery/policies,cloudquery__policies,https://github.com/cloudquery/policies,S3_code,6,,1560,66,10,2023-07-20T08:07:38Z,2026-08-04T12:49:36Z,passed,"extracted, excluded","only 10 monthly snapshots, below the 12 minimum"
cmccar01/airbyte,cmccar01__airbyte,https://github.com/cmccar01/airbyte,S3_code,0,NOASSERTION,6793,0,7,2022-08-03T08:30:26Z,2022-08-03T11:22:46Z,excluded,not screened in,"P4 0.0 months between creation and last push, below 12"
cmcnicoll/analytics-engineering-template,cmcnicoll__analytics-engineering-template,https://github.com/cmcnicoll/analytics-engineering-template,S2_topic_analytics-engineering;S2_topic_dbt,1,MIT,3,,,2025-03-19T02:35:54Z,2025-03-28T06:14:57Z,excluded,not screened in,"P3 3 commits on the default branch, below 40"
cmj123/mastering_dbt,cmj123__mastering_dbt,https://github.com/cmj123/mastering_dbt,S3_code,0,,44,7,1,2023-08-11T15:29:22Z,2023-12-04T17:16:33Z,excluded,not screened in,"P4 3.8 months between creation and last push, below 12"
cnstlungu/portable-data-stack-airflow,cnstlungu__portable-data-stack-airflow,https://github.com/cnstlungu/portable-data-stack-airflow,S2_topic_dbt,49,MIT,38,,,2021-05-11T21:55:30Z,2026-04-05T20:22:10Z,excluded,not screened in,"P3 38 commits on the default branch, below 40"
cnstlungu/portable-data-stack-dagster,cnstlungu__portable-data-stack-dagster,https://github.com/cnstlungu/portable-data-stack-dagster,S2_topic_dbt,265,MIT,55,0,0,2023-04-23T20:06:28Z,2026-04-05T20:22:10Z,passed,"extracted, excluded","only 3 monthly snapshots, below the 12 minimum"
cnstlungu/portable-data-stack-mage,cnstlungu__portable-data-stack-mage,https://github.com/cnstlungu/portable-data-stack-mage,S2_topic_dbt,55,Apache-2.0,32,,,2024-04-01T12:53:37Z,2026-04-05T20:22:11Z,excluded,not screened in,"P3 32 commits on the default branch, below 40"
cnstlungu/portable-data-stack-sqlmesh,cnstlungu__portable-data-stack-sqlmesh,https://github.com/cnstlungu/portable-data-stack-sqlmesh,S2_topic_dbt-core,61,MIT,13,,,2024-11-07T23:24:46Z,2026-04-05T20:22:11Z,excluded,not screened in,"P3 13 commits on the default branch, below 40"
cnstlungu/postcard-company-datamart,cnstlungu__postcard-company-datamart,https://github.com/cnstlungu/postcard-company-datamart,S2_topic_dbt-core,17,,36,,,2024-04-03T22:06:31Z,2026-04-10T14:23:55Z,excluded,not screened in,"P3 36 commits on the default branch, below 40"
cocopo-codes/dbtTestExamples,cocopo-codes__dbtTestExamples,https://github.com/cocopo-codes/dbtTestExamples,S2_topic_dbt;S3_code,2,CC0-1.0,60,5,1,2020-11-06T12:34:32Z,2024-06-21T19:59:45Z,passed,"extracted, excluded","only 5 monthly snapshots, below the 12 minimum"
codeforkjeff/dbt-sqlite,codeforkjeff__dbt-sqlite,https://github.com/codeforkjeff/dbt-sqlite,S2_topic_dbt;S3_code,83,Apache-2.0,167,0,1,2020-11-05T17:58:22Z,2025-06-28T00:26:18Z,passed,"extracted, excluded",no commits touch any declared model path
codentell/lakehouse-demo,codentell__lakehouse-demo,https://github.com/codentell/lakehouse-demo,S3_code,0,,5,,,2026-07-17T21:32:32Z,2026-07-20T23:55:32Z,excluded,not screened in,"P3 5 commits on the default branch, below 40"
coderxio/sagerx,coderxio__sagerx,https://github.com/coderxio/sagerx,S2_topic_dbt,78,NOASSERTION,979,117,1,2021-07-19T14:01:40Z,2026-04-21T01:07:58Z,passed,in corpus,
coding-is-for-losers/ga4-bigquery-starter,coding-is-for-losers__ga4-bigquery-starter,https://github.com/coding-is-for-losers/ga4-bigquery-starter,S3_code,36,MIT,25,,,2020-12-02T00:19:44Z,2020-12-08T17:12:41Z,excluded,not screened in,"P3 25 commits on the default branch, below 40"
coding-is-for-losers/seo-audit,coding-is-for-losers__seo-audit,https://github.com/coding-is-for-losers/seo-audit,S3_code,4,,143,25,1,2018-01-10T17:42:08Z,2021-01-06T16:56:55Z,passed,in corpus,
coding-is-for-losers/shopify-buyer-segmentation,coding-is-for-losers__shopify-buyer-segmentation,https://github.com/coding-is-for-losers/shopify-buyer-segmentation,S3_code,17,MIT,12,,,2018-07-31T16:15:20Z,2019-01-29T15:01:48Z,excluded,not screened in,"P3 12 commits on the default branch, below 40"
codingnanyong/data-pipeline,codingnanyong__data-pipeline,https://github.com/codingnanyong/data-pipeline,S3_code,1,MIT,15,,,2026-02-02T05:48:39Z,2026-04-13T02:36:34Z,excluded,not screened in,"P3 15 commits on the default branch, below 40"
codsalah/Retail-Spark-Streaming-with-Kafka-Cassandra,codsalah__Retail-Spark-Streaming-with-Kafka-Cassandra,https://github.com/codsalah/Retail-Spark-Streaming-with-Kafka-Cassandra,S3_code,8,,65,6,1,2025-06-04T02:40:23Z,2025-06-20T15:21:12Z,excluded,not screened in,"P4 0.5 months between creation and last push, below 12"
cogitovirus/gcs-modern-data-stack,cogitovirus__gcs-modern-data-stack,https://github.com/cogitovirus/gcs-modern-data-stack,S2_topic_dbt,6,,20,,,2023-03-11T16:40:02Z,2023-05-05T13:44:07Z,excluded,not screened in,"P3 20 commits on the default branch, below 40"
coji/gcp-data-analytics-learning,coji__gcp-data-analytics-learning,https://github.com/coji/gcp-data-analytics-learning,S3_code,1,MIT,6,,,2025-10-20T13:57:51Z,2025-10-21T12:18:58Z,excluded,not screened in,"P3 6 commits on the default branch, below 40"
common-citizen-tech/common-data-usage-pipelines,common-citizen-tech__common-data-usage-pipelines,https://github.com/common-citizen-tech/common-data-usage-pipelines,S2_topic_dbt,1,,2,,,2024-01-23T01:11:30Z,2024-01-24T20:24:46Z,excluded,not screened in,"P3 2 commits on the default branch, below 40"
community-tech-alliance/dbt-cta,community-tech-alliance__dbt-cta,https://github.com/community-tech-alliance/dbt-cta,S3_code,8,Apache-2.0,602,0,1,2022-10-05T17:33:50Z,2026-07-08T21:18:28Z,passed,"extracted, excluded",every sampled commit yielded zero models
conduktor/streamt,conduktor__streamt,https://github.com/conduktor/streamt,S2_topic_dbt,2,Apache-2.0,164,0,0,2025-12-07T03:08:05Z,2026-03-15T18:17:20Z,excluded,not screened in,"P4 3.2 months between creation and last push, below 12"
congphan9187/olist-analytics-pipeline,congphan9187__olist-analytics-pipeline,https://github.com/congphan9187/olist-analytics-pipeline,S3_code,0,,71,20,4,2025-08-26T05:16:19Z,2026-07-13T16:51:18Z,excluded,not screened in,"P4 10.5 months between creation and last push, below 12"
constructorfabric/insight,constructorfabric__insight,https://github.com/constructorfabric/insight,S2_topic_analytics-engineering,5,Apache-2.0,2655,0,1,2026-05-22T07:27:42Z,2026-08-05T01:03:02Z,excluded,not screened in,"P4 2.4 months between creation and last push, below 12"
contactually/contactually-analytics,contactually__contactually-analytics,https://github.com/contactually/contactually-analytics,S3_code,0,,213,41,1,2016-07-27T22:23:36Z,2019-01-29T19:25:15Z,passed,in corpus,
conveyordata/data-product-portal,conveyordata__data-product-portal,https://github.com/conveyordata/data-product-portal,S3_code,203,Apache-2.0,3606,3,4,2024-06-25T08:33:58Z,2026-08-04T23:15:04Z,passed,"extracted, excluded","only 1 monthly snapshots, below the 12 minimum"
correlator-io/correlator,correlator-io__correlator,https://github.com/correlator-io/correlator,S2_topic_dbt,1,Apache-2.0,407,4,1,2025-09-04T16:09:39Z,2026-03-17T17:48:51Z,excluded,not screened in,"P4 6.4 months between creation and last push, below 12"
correlator-io/correlator-demo,correlator-io__correlator-demo,https://github.com/correlator-io/correlator-demo,S2_topic_dbt,1,Apache-2.0,5,,,2026-03-16T07:57:06Z,2026-03-18T12:44:48Z,excluded,not screened in,"P3 5 commits on the default branch, below 40"
covoiturage-gouv-fr/mono,covoiturage-gouv-fr__mono,https://github.com/covoiturage-gouv-fr/mono,S3_code,36,Apache-2.0,8555,597,2,2018-11-07T15:21:03Z,2026-07-30T14:47:09Z,passed,in corpus,
crate-workbench/dbt-cratedb-examples,crate-workbench__dbt-cratedb-examples,https://github.com/crate-workbench/dbt-cratedb-examples,S3_code,0,Apache-2.0,25,,,2023-03-07T00:52:08Z,2023-03-07T02:02:25Z,excluded,not screened in,"P3 25 commits on the default branch, below 40"
crate/dbt-cratedb2,crate__dbt-cratedb2,https://github.com/crate/dbt-cratedb2,S2_topic_dbt;S3_code,6,Apache-2.0,164,0,2,2024-11-11T14:08:05Z,2026-07-16T15:53:28Z,passed,"extracted, excluded","only 1 monthly snapshots, below the 12 minimum"
crayoncrayon2003/sample_SchemaTransDataModelTrans,crayoncrayon2003__sample_SchemaTransDataModelTrans,https://github.com/crayoncrayon2003/sample_SchemaTransDataModelTrans,S3_code,0,MIT,24,,,2025-05-11T12:57:14Z,2026-06-24T01:13:22Z,excluded,not screened in,"P3 24 commits on the default branch, below 40"
cricbit/analytics-dbt,cricbit__analytics-dbt,https://github.com/cricbit/analytics-dbt,S3_code,0,,116,11,1,2024-09-07T18:59:07Z,2025-04-14T11:06:22Z,excluded,not screened in,"P4 7.2 months between creation and last push, below 12"
crisbenalcazar99/DataMart-Comercial-SD,crisbenalcazar99__DataMart-Comercial-SD,https://github.com/crisbenalcazar99/DataMart-Comercial-SD,S3_code,0,,15,,,2025-10-08T00:08:23Z,2026-04-13T09:35:48Z,excluded,not screened in,"P3 15 commits on the default branch, below 40"
csgaurav21/snowflake-dbt-repo,csgaurav21__snowflake-dbt-repo,https://github.com/csgaurav21/snowflake-dbt-repo,S3_code,0,,4,,,2024-12-10T11:53:23Z,2024-12-11T11:56:29Z,excluded,not screened in,"P3 4 commits on the default branch, below 40"
ctadeodev/election_data_pipeline,ctadeodev__election_data_pipeline,https://github.com/ctadeodev/election_data_pipeline,S2_topic_dbt,1,MIT,48,11,1,2023-09-03T08:16:26Z,2024-06-23T14:41:25Z,excluded,not screened in,"P4 9.7 months between creation and last push, below 12"
cube-js/examples,cube-js__examples,https://github.com/cube-js/examples,S3_code,5,,602,1,1,2025-05-13T13:55:41Z,2025-05-13T14:03:52Z,excluded,not screened in,"P4 0.0 months between creation and last push, below 12"
cybermaxs/github-stars-monitor,cybermaxs__github-stars-monitor,https://github.com/cybermaxs/github-stars-monitor,S2_topic_dbt,8,MIT,29,,,2025-05-20T02:14:34Z,2026-07-17T05:18:33Z,excluded,not screened in,"P3 29 commits on the default branch, below 40"
cyndzx02/elt-ecommerce-pipeline,cyndzx02__elt-ecommerce-pipeline,https://github.com/cyndzx02/elt-ecommerce-pipeline,S3_code,0,,9,,,2026-05-11T08:56:03Z,2026-05-12T16:03:45Z,excluded,not screened in,"P3 9 commits on the default branch, below 40"
cyoung43/airflow-demo,cyoung43__airflow-demo,https://github.com/cyoung43/airflow-demo,S2_topic_dbt,9,,7,,,2022-05-23T23:07:29Z,2022-05-25T18:08:59Z,excluded,not screened in,"P3 7 commits on the default branch, below 40"
cyse-dev/modern-analytics-stack,cyse-dev__modern-analytics-stack,https://github.com/cyse-dev/modern-analytics-stack,S3_code,0,,8,,,2025-06-26T08:45:32Z,2025-06-27T00:00:54Z,excluded,not screened in,"P3 8 commits on the default branch, below 40"
d-kleine/Tracking_Reporting_Dataflow,d-kleine__Tracking_Reporting_Dataflow,https://github.com/d-kleine/Tracking_Reporting_Dataflow,S2_topic_dbt,1,,14,,,2023-08-24T06:50:38Z,2023-08-30T11:00:58Z,excluded,not screened in,"P3 14 commits on the default branch, below 40"
dagster-io/dagster,dagster-io__dagster,https://github.com/dagster-io/dagster,S3_code,15931,Apache-2.0,27846,218,47,2018-04-30T16:30:04Z,2026-08-04T19:30:03Z,passed,in corpus,
dagster-io/dagster-open-platform,dagster-io__dagster-open-platform,https://github.com/dagster-io/dagster-open-platform,S1_curated;S3_code,467,,939,0,1,2023-09-05T21:03:49Z,2026-07-31T18:11:07Z,passed,"extracted, excluded",every sampled commit yielded zero models
dagster-io/fake-star-detector,dagster-io__fake-star-detector,https://github.com/dagster-io/fake-star-detector,S1_curated,295,,29,7,1,2023-02-18T03:35:37Z,2026-02-12T15:54:27Z,excluded,not screened in,"P3 29 commits on the default branch, below 40"
dagster-io/mdsfest-opensource-mds,dagster-io__mdsfest-opensource-mds,https://github.com/dagster-io/mdsfest-opensource-mds,S1_curated,170,MIT,21,3,1,2023-08-23T00:12:30Z,2025-08-27T04:08:37Z,excluded,not screened in,"P3 21 commits on the default branch, below 40"
daihuynh/dagster_dbt_metabase_simple_solution,daihuynh__dagster_dbt_metabase_simple_solution,https://github.com/daihuynh/dagster_dbt_metabase_simple_solution,S2_topic_dbt,29,MIT,4,,,2022-07-02T12:30:27Z,2022-07-02T13:14:38Z,excluded,not screened in,"P3 4 commits on the default branch, below 40"
daimdo/repository,daimdo__repository,https://github.com/daimdo/repository,S3_code,0,GPL-3.0,17,,,2024-08-11T13:18:40Z,2024-10-24T14:17:43Z,excluded,not screened in,"P3 17 commits on the default branch, below 40"
dain55788/ELT-Data-Pipeline,dain55788__ELT-Data-Pipeline,https://github.com/dain55788/ELT-Data-Pipeline,S2_topic_dbt,31,Apache-2.0,39,,,2025-04-03T06:04:06Z,2025-05-02T16:11:23Z,excluded,not screened in,"P3 39 commits on the default branch, below 40"
dain55788/End-To-End-Streaming-Big-Data,dain55788__End-To-End-Streaming-Big-Data,https://github.com/dain55788/End-To-End-Streaming-Big-Data,S2_topic_dbt,4,Apache-2.0,68,8,1,2025-01-01T11:27:22Z,2025-03-24T15:44:28Z,excluded,not screened in,"P4 2.7 months between creation and last push, below 12"
dakkeas/dbt-prism,dakkeas__dbt-prism,https://github.com/dakkeas/dbt-prism,S3_code,0,,61,106,1,2026-01-31T14:31:34Z,2026-07-23T06:30:29Z,excluded,not screened in,"P4 5.7 months between creation and last push, below 12"
dambyul/DE-Template,dambyul__DE-Template,https://github.com/dambyul/DE-Template,S3_code,0,,47,0,1,2025-03-26T01:32:14Z,2025-12-11T00:49:35Z,excluded,not screened in,"P4 8.5 months between creation and last push, below 12"
damonmcc/duckdb-dbt,damonmcc__duckdb-dbt,https://github.com/damonmcc/duckdb-dbt,S2_topic_dbt;S3_code,2,MIT,70,8,1,2024-08-15T02:00:58Z,2025-06-23T00:03:41Z,excluded,not screened in,"P4 10.2 months between creation and last push, below 12"
damsolanke/gcp-financial-data-platform,damsolanke__gcp-financial-data-platform,https://github.com/damsolanke/gcp-financial-data-platform,S2_topic_dbt,1,Apache-2.0,15,,,2026-03-11T22:51:27Z,2026-03-19T01:09:39Z,excluded,not screened in,"P3 15 commits on the default branch, below 40"
dandritsanos/rdw-fleet-analytics,dandritsanos__rdw-fleet-analytics,https://github.com/dandritsanos/rdw-fleet-analytics,S2_topic_analytics-engineering;S2_topic_dbt,1,,45,8,1,2026-07-12T20:22:51Z,2026-08-04T23:14:24Z,excluded,not screened in,"P4 0.8 months between creation and last push, below 12"
danhphan/trusted-data-pipeline,danhphan__trusted-data-pipeline,https://github.com/danhphan/trusted-data-pipeline,S2_topic_dbt,24,,49,5,1,2023-04-06T00:29:38Z,2023-08-17T11:40:38Z,excluded,not screened in,"P4 4.4 months between creation and last push, below 12"
danielbdias/pokemon-dbt-project,danielbdias__pokemon-dbt-project,https://github.com/danielbdias/pokemon-dbt-project,S2_topic_dbt,1,,23,,,2025-02-28T17:49:29Z,2026-04-16T20:59:45Z,excluded,not screened in,"P3 23 commits on the default branch, below 40"
danielcamargo79/medallion-architecture-databricks,danielcamargo79__medallion-architecture-databricks,https://github.com/danielcamargo79/medallion-architecture-databricks,S2_topic_analytics-engineering,1,,13,,,2026-06-11T21:47:09Z,2026-06-27T12:45:31Z,excluded,not screened in,"P3 13 commits on the default branch, below 40"
danielmschaves/dbt-academy,danielmschaves__dbt-academy,https://github.com/danielmschaves/dbt-academy,S3_code,1,,15,,,2024-10-05T13:10:13Z,2024-10-06T13:20:24Z,excluded,not screened in,"P3 15 commits on the default branch, below 40"
danieloselu3/portfolio-tracking-dbt,danieloselu3__portfolio-tracking-dbt,https://github.com/danieloselu3/portfolio-tracking-dbt,S3_code,0,,43,9,1,2024-07-26T12:42:26Z,2024-08-04T13:44:11Z,excluded,not screened in,"P4 0.3 months between creation and last push, below 12"
danieltom9/grocery_project,danieltom9__grocery_project,https://github.com/danieltom9/grocery_project,S3_code,0,,116,1,1,2025-09-10T23:49:04Z,2026-04-05T18:13:19Z,excluded,not screened in,"P4 6.8 months between creation and last push, below 12"
daniloNatan/projeto-novadrive,daniloNatan__projeto-novadrive,https://github.com/daniloNatan/projeto-novadrive,S3_code,0,,11,,,2026-03-24T19:25:29Z,2026-04-15T00:35:04Z,excluded,not screened in,"P3 11 commits on the default branch, below 40"
danilopds/hiremetrics,danilopds__hiremetrics,https://github.com/danilopds/hiremetrics,S3_code,11,MIT,56,8,1,2025-09-23T16:59:06Z,2025-10-12T02:17:03Z,excluded,not screened in,"P4 0.6 months between creation and last push, below 12"
danishirfan21/ETL---Data-Modeling-Project,danishirfan21__ETL---Data-Modeling-Project,https://github.com/danishirfan21/ETL---Data-Modeling-Project,S3_code,0,MIT,1,,,2025-11-30T03:29:16Z,2025-11-30T03:29:26Z,excluded,not screened in,"P3 1 commits on the default branch, below 40"
daniyal-hussain01/retailpulse,daniyal-hussain01__retailpulse,https://github.com/daniyal-hussain01/retailpulse,S2_topic_dbt,1,,24,,,2026-03-31T09:44:17Z,2026-04-07T08:49:01Z,excluded,not screened in,"P3 24 commits on the default branch, below 40"
danthelion/dbt_cloud_run_cost,danthelion__dbt_cloud_run_cost,https://github.com/danthelion/dbt_cloud_run_cost,S2_topic_dbt,5,,7,,,2023-08-12T08:48:51Z,2023-08-13T09:07:19Z,excluded,not screened in,"P3 7 commits on the default branch, below 40"
danthelion/redpanda-debezium-materialized-dbt,danthelion__redpanda-debezium-materialized-dbt,https://github.com/danthelion/redpanda-debezium-materialized-dbt,S3_code,8,,1,,,2022-02-19T12:11:17Z,2022-02-19T12:11:35Z,excluded,not screened in,"P3 1 commits on the default branch, below 40"
danthelion/twitter-trending,danthelion__twitter-trending,https://github.com/danthelion/twitter-trending,S1_curated;S3_code,2,,15,5,1,2022-02-22T18:55:58Z,2022-02-24T15:28:00Z,excluded,not screened in,"P3 15 commits on the default branch, below 40"
darshselvanayagam/hotel-search-dbt,darshselvanayagam__hotel-search-dbt,https://github.com/darshselvanayagam/hotel-search-dbt,S3_code,0,,4,,,2026-03-30T21:04:59Z,2026-04-18T02:31:48Z,excluded,not screened in,"P3 4 commits on the default branch, below 40"
dashbook/airberg,dashbook__airberg,https://github.com/dashbook/airberg,S3_code,6,NOASSERTION,11687,0,9,2024-10-17T12:26:42Z,2025-11-27T08:25:51Z,passed,"extracted, excluded",no commits touch any declared model path
dassolkim/airbyte-dbt-custom,dassolkim__airbyte-dbt-custom,https://github.com/dassolkim/airbyte-dbt-custom,S3_code,0,,5,,,2022-02-07T07:59:23Z,2022-02-21T02:23:09Z,excluded,not screened in,"P3 5 commits on the default branch, below 40"
data-diving/dbt_diving,data-diving__dbt_diving,https://github.com/data-diving/dbt_diving,S3_code,6,MIT,31,,,2023-11-13T23:39:43Z,2026-01-15T20:03:33Z,excluded,not screened in,"P3 31 commits on the default branch, below 40"
data-drift/data-drift,data-drift__data-drift,https://github.com/data-drift/data-drift,S2_topic_dbt,330,GPL-3.0,404,0,0,2023-04-21T07:59:16Z,2024-02-29T14:45:51Z,excluded,not screened in,"P4 10.3 months between creation and last push, below 12"
data-engineering-team4/Steamgame_Dashboard,data-engineering-team4__Steamgame_Dashboard,https://github.com/data-engineering-team4/Steamgame_Dashboard,S2_topic_dbt,1,,181,10,1,2023-06-26T05:45:44Z,2023-09-12T19:31:38Z,excluded,not screened in,"P4 2.6 months between creation and last push, below 12"
data-engineering-team4/kpop_dashboard,data-engineering-team4__kpop_dashboard,https://github.com/data-engineering-team4/kpop_dashboard,S2_topic_dbt,4,,175,15,1,2023-05-29T10:52:52Z,2023-07-06T13:11:37Z,excluded,not screened in,"P4 1.2 months between creation and last push, below 12"
data-hanalytics-io/ikks-data-lab,data-hanalytics-io__ikks-data-lab,https://github.com/data-hanalytics-io/ikks-data-lab,S3_code,0,,5,,,2026-05-19T23:22:15Z,2026-05-20T18:26:54Z,excluded,not screened in,"P3 5 commits on the default branch, below 40"
data-josh/hr-analytics-dbt,data-josh__hr-analytics-dbt,https://github.com/data-josh/hr-analytics-dbt,S2_topic_analytics-engineering;S2_topic_dbt,1,,72,16,1,2026-05-07T00:27:43Z,2026-07-04T17:10:01Z,excluded,not screened in,"P4 1.9 months between creation and last push, below 12"
data-max-hq/dbt-docker,data-max-hq__dbt-docker,https://github.com/data-max-hq/dbt-docker,S2_topic_dbt,5,MIT,30,,,2022-09-25T08:44:30Z,2022-09-30T19:19:19Z,excluded,not screened in,"P3 30 commits on the default branch, below 40"
data-max-hq/dbt-streamlit-covid-analytics,data-max-hq__dbt-streamlit-covid-analytics,https://github.com/data-max-hq/dbt-streamlit-covid-analytics,S2_topic_dbt,10,Apache-2.0,22,,,2022-07-04T07:17:12Z,2022-11-14T19:32:56Z,excluded,not screened in,"P3 22 commits on the default branch, below 40"
data-mie/dbt-course,data-mie__dbt-course,https://github.com/data-mie/dbt-course,S2_topic_dbt,7,,54,0,1,2022-03-04T08:28:28Z,2024-11-22T08:34:29Z,passed,"extracted, excluded",every sampled commit yielded zero models
data-mie/dbt-profiler,data-mie__dbt-profiler,https://github.com/data-mie/dbt-profiler,S2_topic_dbt;S3_code,100,Apache-2.0,84,0,1,2021-04-28T11:17:05Z,2026-02-26T05:37:37Z,passed,"extracted, excluded",no commits touch any declared model path
databendcloud/dbt-databend,databendcloud__dbt-databend,https://github.com/databendcloud/dbt-databend,S3_code,10,Apache-2.0,50,0,1,2022-11-24T06:55:08Z,2024-05-30T09:01:05Z,passed,"extracted, excluded",no commits touch any declared model path
databricks-demos/dbt-databricks-c360,databricks-demos__dbt-databricks-c360,https://github.com/databricks-demos/dbt-databricks-c360,S3_code,13,NOASSERTION,28,,,2023-01-26T09:54:00Z,2024-11-13T22:33:04Z,excluded,not screened in,"P3 28 commits on the default branch, below 40"
databricks/cli,databricks__cli,https://github.com/databricks/cli,S3_code,372,NOASSERTION,4510,0,2,2022-05-13T12:12:36Z,2026-08-05T01:18:14Z,passed,"extracted, excluded","only 1 monthly snapshots, below the 12 minimum"
databricks/dbt-databricks,databricks__dbt-databricks,https://github.com/databricks/dbt-databricks,S2_topic_dbt;S3_code,370,Apache-2.0,1663,1,2,2021-10-19T16:26:44Z,2026-07-30T12:06:31Z,passed,"extracted, excluded","only 1 monthly snapshots, below the 12 minimum"
databricks/workflows-examples,databricks__workflows-examples,https://github.com/databricks/workflows-examples,S3_code,15,Apache-2.0,10,,,2022-07-11T09:07:45Z,2022-10-07T13:48:22Z,excluded,not screened in,"P3 10 commits on the default branch, below 40"
databrickslabs/lakebridge,databrickslabs__lakebridge,https://github.com/databrickslabs/lakebridge,S3_code,154,NOASSERTION,880,0,2,2023-10-17T15:24:01Z,2026-08-04T09:56:03Z,passed,"extracted, excluded",no commits touch any declared model path
datacoves/balboa,datacoves__balboa,https://github.com/datacoves/balboa,S3_code,30,,926,36,1,2021-07-19T17:08:41Z,2026-08-01T21:42:34Z,passed,in corpus,
datacoves/dbt-coves,datacoves__dbt-coves,https://github.com/datacoves/dbt-coves,S2_topic_dbt,280,Apache-2.0,975,1,2,2021-06-28T01:33:15Z,2026-08-04T15:48:33Z,passed,"extracted, excluded","only 1 monthly snapshots, below the 12 minimum"
datadriven-io/data-engineering-interview-handbook,datadriven-io__data-engineering-interview-handbook,https://github.com/datadriven-io/data-engineering-interview-handbook,S2_topic_dbt,4,CC-BY-SA-4.0,4,,,2026-04-12T00:06:06Z,2026-06-13T20:52:46Z,excluded,not screened in,"P3 4 commits on the default branch, below 40"
dataengy/ogip,dataengy__ogip,https://github.com/dataengy/ogip,S3_code,1,MIT,241,48,3,2026-07-17T04:22:21Z,2026-07-30T02:47:10Z,excluded,not screened in,"P4 0.4 months between creation and last push, below 12"
datafold/data-diff,datafold__data-diff,https://github.com/datafold/data-diff,S2_topic_dbt,2987,MIT,1932,0,1,2022-03-07T15:29:23Z,2024-05-17T13:45:03Z,passed,"extracted, excluded",no commits touch any declared model path
datafold/demo,datafold__demo,https://github.com/datafold/demo,S3_code,8,,694,13,1,2022-10-14T17:53:15Z,2026-05-20T22:35:43Z,passed,in corpus,
datafold/vhol-demo,datafold__vhol-demo,https://github.com/datafold/vhol-demo,S2_topic_dbt,3,MIT,43,4,1,2024-02-02T17:45:54Z,2024-07-17T20:06:21Z,excluded,not screened in,"P4 5.5 months between creation and last push, below 12"
dataforgoodfr/quotaclimat,dataforgoodfr__quotaclimat,https://github.com/dataforgoodfr/quotaclimat,S3_code,39,MIT,2435,15,2,2022-10-05T10:57:06Z,2026-07-30T09:51:40Z,passed,"extracted, excluded","peak lineage size 9 nodes, below the 10 minimum"
datagourmet/gz-dbt-repository,datagourmet__gz-dbt-repository,https://github.com/datagourmet/gz-dbt-repository,S3_code,0,,65,15,1,2024-02-14T08:46:35Z,2026-02-04T11:24:37Z,passed,"extracted, excluded","only 2 monthly snapshots, below the 12 minimum"
datakind/data-confidence,datakind__data-confidence,https://github.com/datakind/data-confidence,S3_code,5,Apache-2.0,19,,,2020-06-26T17:54:46Z,2022-12-08T10:18:30Z,excluded,not screened in,"P3 19 commits on the default branch, below 40"
datalab-us/dbt-go,datalab-us__dbt-go,https://github.com/datalab-us/dbt-go,S2_topic_analytics-engineering;S2_topic_dbt;S2_topic_dbt-core,5,GPL-3.0,95,0,0,2024-12-10T23:03:16Z,2025-01-29T01:16:37Z,excluded,not screened in,"P4 1.6 months between creation and last push, below 12"
datalakehouse/dlh-salesforce-analytics-dbt,datalakehouse__dlh-salesforce-analytics-dbt,https://github.com/datalakehouse/dlh-salesforce-analytics-dbt,S2_topic_analytics-engineering;S2_topic_dbt;S3_code,5,GPL-3.0,65,25,1,2022-01-25T21:13:01Z,2023-10-04T19:54:50Z,passed,"extracted, excluded","only 4 monthly snapshots, below the 12 minimum"
datalakehouse/dlh-stripe-analytics-dbt,datalakehouse__dlh-stripe-analytics-dbt,https://github.com/datalakehouse/dlh-stripe-analytics-dbt,S3_code,0,GPL-3.0,36,,,2022-06-06T00:50:54Z,2023-10-04T19:55:45Z,excluded,not screened in,"P3 36 commits on the default branch, below 40"
datalemon-fidel/marketing_dbt,datalemon-fidel__marketing_dbt,https://github.com/datalemon-fidel/marketing_dbt,S3_code,0,,47,11,1,2025-01-10T06:17:46Z,2025-03-15T12:25:30Z,excluded,not screened in,"P4 2.1 months between creation and last push, below 12"
datalopes1/deliverycenter_dwh,datalopes1__deliverycenter_dwh,https://github.com/datalopes1/deliverycenter_dwh,S2_topic_analytics-engineering;S2_topic_dbt;S2_topic_dbt-core,1,MIT,17,,,2025-05-12T07:57:11Z,2025-05-14T22:30:27Z,excluded,not screened in,"P3 17 commits on the default branch, below 40"
datalopes1/machine_stop,datalopes1__machine_stop,https://github.com/datalopes1/machine_stop,S2_topic_dbt,1,MIT,10,,,2025-03-13T05:25:06Z,2025-03-22T18:08:35Z,excluded,not screened in,"P3 10 commits on the default branch, below 40"
datamindedacademy/ws2023,datamindedacademy__ws2023,https://github.com/datamindedacademy/ws2023,S3_code,0,,6,,,2023-03-01T20:18:12Z,2023-03-01T23:39:09Z,excluded,not screened in,"P3 6 commits on the default branch, below 40"
datamindedbe/incubator-dbt-polars,datamindedbe__incubator-dbt-polars,https://github.com/datamindedbe/incubator-dbt-polars,S3_code,1,,103,0,1,2026-06-02T12:07:14Z,2026-07-30T05:51:28Z,excluded,not screened in,"P4 1.9 months between creation and last push, below 12"
datarootsio/prefect-dbt-flow,datarootsio__prefect-dbt-flow,https://github.com/datarootsio/prefect-dbt-flow,S3_code,66,MIT,38,,,2023-09-19T14:42:30Z,2024-09-03T23:58:22Z,excluded,not screened in,"P3 38 commits on the default branch, below 40"
datawaves-xyz/dbt_datawaves,datawaves-xyz__dbt_datawaves,https://github.com/datawaves-xyz/dbt_datawaves,S2_topic_dbt,20,Apache-2.0,326,17,1,2022-04-08T13:15:53Z,2022-09-03T08:40:48Z,excluded,not screened in,"P4 4.8 months between creation and last push, below 12"
datawaves-xyz/dbt_datawaves_wallet_labels,datawaves-xyz__dbt_datawaves_wallet_labels,https://github.com/datawaves-xyz/dbt_datawaves_wallet_labels,S1_curated;S2_topic_dbt;S3_code,10,Apache-2.0,7,18,1,2022-09-01T08:21:21Z,2022-09-01T11:47:31Z,excluded,not screened in,"P3 7 commits on the default branch, below 40"
datawaves-xyz/dbt_ethereum_source,datawaves-xyz__dbt_ethereum_source,https://github.com/datawaves-xyz/dbt_ethereum_source,S3_code,0,MIT,81,887,1,2022-04-13T04:07:14Z,2022-06-08T05:57:49Z,excluded,not screened in,"P4 1.8 months between creation and last push, below 12"
datawaves-xyz/dbt_external,datawaves-xyz__dbt_external,https://github.com/datawaves-xyz/dbt_external,S3_code,0,,30,,,2022-05-12T11:37:26Z,2022-05-17T07:52:34Z,excluded,not screened in,"P3 30 commits on the default branch, below 40"
datawaves-xyz/dbt_otherdeed_attributes,datawaves-xyz__dbt_otherdeed_attributes,https://github.com/datawaves-xyz/dbt_otherdeed_attributes,S3_code,0,,11,,,2022-05-04T06:54:01Z,2022-05-16T02:40:59Z,excluded,not screened in,"P3 11 commits on the default branch, below 40"
datnguye/artifact-parser,datnguye__artifact-parser,https://github.com/datnguye/artifact-parser,S2_topic_dbt,2,MIT,30,,,2026-06-12T15:31:54Z,2026-07-31T07:34:15Z,excluded,not screened in,"P3 30 commits on the default branch, below 40"
datnguye/dbt-docs,datnguye__dbt-docs,https://github.com/datnguye/dbt-docs,S2_topic_dbt,12,MIT,39,,,2024-03-03T03:37:07Z,2026-07-04T08:10:59Z,excluded,not screened in,"P3 39 commits on the default branch, below 40"
datnguye/dbt-mssql,datnguye__dbt-mssql,https://github.com/datnguye/dbt-mssql,S2_topic_dbt,1,MIT,93,7,1,2021-09-18T04:05:29Z,2021-10-11T04:51:28Z,excluded,not screened in,"P4 0.8 months between creation and last push, below 12"
datnguye/dbt-postgres,datnguye__dbt-postgres,https://github.com/datnguye/dbt-postgres,S2_topic_dbt;S3_code,8,MIT,9,,,2021-11-06T09:02:04Z,2021-11-27T03:55:12Z,excluded,not screened in,"P3 9 commits on the default branch, below 40"
datnguye/dbt-resto,datnguye__dbt-resto,https://github.com/datnguye/dbt-resto,S2_topic_dbt,1,MIT,256,10,1,2022-01-24T04:10:54Z,2023-09-07T08:37:11Z,passed,"extracted, excluded","only 7 monthly snapshots, below the 12 minimum"
datnguye/dbt-translate,datnguye__dbt-translate,https://github.com/datnguye/dbt-translate,S2_topic_dbt;S3_code,10,MIT,35,,,2023-03-22T04:33:52Z,2023-10-21T03:24:46Z,excluded,not screened in,"P3 35 commits on the default branch, below 40"
datnguye/dbterd,datnguye__dbterd,https://github.com/datnguye/dbterd,S2_topic_dbt-core,341,MIT,285,0,0,2022-06-24T07:35:31Z,2026-07-28T08:11:58Z,passed,"extracted, excluded",no dbt_project.yml found anywhere on the first-parent history
datnguye/dbterd-vscode,datnguye__dbterd-vscode,https://github.com/datnguye/dbterd-vscode,S3_code,3,MIT,33,,,2026-04-18T02:30:46Z,2026-07-04T08:50:47Z,excluded,not screened in,"P3 33 commits on the default branch, below 40"
dattapadal/tsnpdcl_de,dattapadal__tsnpdcl_de,https://github.com/dattapadal/tsnpdcl_de,S2_topic_dbt,1,,14,,,2023-03-18T17:06:08Z,2023-04-20T11:31:30Z,excluded,not screened in,"P3 14 commits on the default branch, below 40"
dav009/dbtmock,dav009__dbtmock,https://github.com/dav009/dbtmock,S2_topic_dbt,5,MIT,53,0,0,2022-12-22T08:28:38Z,2023-01-15T08:22:35Z,excluded,not screened in,"P4 0.8 months between creation and last push, below 12"
dave-connors-3/dbt-sks,dave-connors-3__dbt-sks,https://github.com/dave-connors-3/dbt-sks,S3_code,0,,1,,,2022-06-29T15:43:52Z,2022-06-29T15:45:00Z,excluded,not screened in,"P3 1 commits on the default branch, below 40"
david-leconte/sse-streaming-excel-reports,david-leconte__sse-streaming-excel-reports,https://github.com/david-leconte/sse-streaming-excel-reports,S3_code,0,,27,,,2026-04-05T14:58:48Z,2026-05-11T11:43:33Z,excluded,not screened in,"P3 27 commits on the default branch, below 40"
datonic/datadex,datonic__datadex,https://github.com/datonic/datadex,S1_curated,315,MIT,412,0,0,2022-03-16T10:08:34Z,2026-06-06T14:43:36Z,passed,"extracted, excluded","peak lineage size 6 nodes, below the 10 minimum"
davidgasquez/dbt-devcontainer,davidgasquez__dbt-devcontainer,https://github.com/davidgasquez/dbt-devcontainer,S2_topic_dbt,45,,17,,,2021-05-24T14:37:59Z,2026-05-19T21:20:19Z,excluded,not screened in,"P3 17 commits on the default branch, below 40"
davidgasquez/dbt-docker,davidgasquez__dbt-docker,https://github.com/davidgasquez/dbt-docker,S2_topic_dbt,51,MIT,56,0,0,2017-09-11T09:44:38Z,2022-02-22T08:31:39Z,passed,"extracted, excluded",no dbt_project.yml found anywhere on the first-parent history
davidgasquez/filecoin-data-portal,davidgasquez__filecoin-data-portal,https://github.com/davidgasquez/filecoin-data-portal,S1_curated,35,MIT,808,0,0,2023-06-13T09:58:40Z,2026-07-29T09:05:44Z,passed,in corpus,
davidgasquez/kubedbt,davidgasquez__kubedbt,https://github.com/davidgasquez/kubedbt,S2_topic_dbt,25,MIT,17,,,2018-03-22T10:52:28Z,2018-08-16T09:37:50Z,excluded,not screened in,"P3 17 commits on the default branch, below 40"
davidhidsan-dev/grid-pulse-spain,davidhidsan-dev__grid-pulse-spain,https://github.com/davidhidsan-dev/grid-pulse-spain,S2_topic_dbt,1,MIT,39,,,2026-04-07T13:35:43Z,2026-05-28T11:22:26Z,excluded,not screened in,"P3 39 commits on the default branch, below 40"
davidkhala/ETL,davidkhala__ETL,https://github.com/davidkhala/ETL,S2_topic_dbt,2,MIT,126,0,0,2023-03-13T03:50:07Z,2026-06-25T02:58:26Z,passed,"extracted, excluded",no dbt_project.yml found anywhere on the first-parent history
davidnzhang/sales-case-study,davidnzhang__sales-case-study,https://github.com/davidnzhang/sales-case-study,S3_code,0,,16,,,2024-08-20T14:37:44Z,2024-08-23T03:05:15Z,excluded,not screened in,"P3 16 commits on the default branch, below 40"
davidt369/microservicios-sistema-reservas,davidt369__microservicios-sistema-reservas,https://github.com/davidt369/microservicios-sistema-reservas,S3_code,1,,8,,,2024-10-29T22:01:56Z,2026-02-27T13:53:42Z,excluded,not screened in,"P3 8 commits on the default branch, below 40"
davidzajac1/zillacode,davidzajac1__zillacode,https://github.com/davidzajac1/zillacode,S2_topic_dbt,343,Apache-2.0,22,,,2024-08-15T02:15:48Z,2025-06-27T18:52:52Z,excluded,not screened in,"P3 22 commits on the default branch, below 40"
dbarsever/w_db_incr_stream,dbarsever__w_db_incr_stream,https://github.com/dbarsever/w_db_incr_stream,S3_code,0,MIT,3,,,2024-09-12T16:20:11Z,2024-09-12T19:13:31Z,excluded,not screened in,"P3 3 commits on the default branch, below 40"
dbeatty10/data-diff-demo,dbeatty10__data-diff-demo,https://github.com/dbeatty10/data-diff-demo,S3_code,6,Apache-2.0,14,,,2023-02-11T04:49:51Z,2023-03-09T16:20:05Z,excluded,not screened in,"P3 14 commits on the default branch, below 40"
dbeatty10/dbt-circuit-breaker,dbeatty10__dbt-circuit-breaker,https://github.com/dbeatty10/dbt-circuit-breaker,S3_code,0,Apache-2.0,4,,,2021-06-16T15:17:26Z,2021-06-17T13:16:35Z,excluded,not screened in,"P3 4 commits on the default branch, below 40"
dbeatty10/dbt-mysql,dbeatty10__dbt-mysql,https://github.com/dbeatty10/dbt-mysql,S3_code,88,Apache-2.0,193,0,3,2020-11-15T15:44:46Z,2024-05-27T23:39:21Z,passed,"extracted, excluded",no commits touch any declared model path
dbeatty10/dbt-sandcastles,dbeatty10__dbt-sandcastles,https://github.com/dbeatty10/dbt-sandcastles,S3_code,0,Apache-2.0,8,,,2022-11-16T15:57:43Z,2023-03-18T15:43:30Z,excluded,not screened in,"P3 8 commits on the default branch, below 40"
dbeatty10/dbt-teradata,dbeatty10__dbt-teradata,https://github.com/dbeatty10/dbt-teradata,S3_code,0,Apache-2.0,37,,,2021-04-03T23:18:49Z,2022-01-04T17:16:00Z,excluded,not screened in,"P3 37 commits on the default branch, below 40"
dbeatty10/dbt-tests-demo,dbeatty10__dbt-tests-demo,https://github.com/dbeatty10/dbt-tests-demo,S3_code,4,Apache-2.0,1,,,2023-03-22T01:29:03Z,2023-03-22T01:47:37Z,excluded,not screened in,"P3 1 commits on the default branch, below 40"
dbt-athena/athena-utils,dbt-athena__athena-utils,https://github.com/dbt-athena/athena-utils,S3_code,12,,43,0,1,2021-07-30T14:32:25Z,2025-03-25T13:44:46Z,passed,"extracted, excluded",no commits touch any declared model path
dbt-checkpoint/dbt-checkpoint,dbt-checkpoint__dbt-checkpoint,https://github.com/dbt-checkpoint/dbt-checkpoint,S2_topic_dbt,756,MIT,161,0,0,2020-12-28T21:42:26Z,2026-06-18T13:04:24Z,passed,"extracted, excluded",no dbt_project.yml found anywhere on the first-parent history
dbt-conceptual/dbt-conceptual,dbt-conceptual__dbt-conceptual,https://github.com/dbt-conceptual/dbt-conceptual,S3_code,0,MIT,388,87,3,2026-01-14T09:52:29Z,2026-02-15T16:52:51Z,excluded,not screened in,"P4 1.1 months between creation and last push, below 12"
dbt-content/google-datacatalog-dbt-tag,dbt-content__google-datacatalog-dbt-tag,https://github.com/dbt-content/google-datacatalog-dbt-tag,S2_topic_dbt,23,,34,,,2021-01-11T22:04:56Z,2021-01-19T16:53:12Z,excluded,not screened in,"P3 34 commits on the default branch, below 40"
dbt-databricks/opensea_trades,dbt-databricks__opensea_trades,https://github.com/dbt-databricks/opensea_trades,S3_code,0,,7,,,2022-09-05T11:47:15Z,2022-09-13T13:57:58Z,excluded,not screened in,"P3 7 commits on the default branch, below 40"
dbt-labs/Semantic-Layer-Online-Course,dbt-labs__Semantic-Layer-Online-Course,https://github.com/dbt-labs/Semantic-Layer-Online-Course,S3_code,17,,71,9,1,2023-12-05T20:34:29Z,2026-07-31T12:29:42Z,passed,"extracted, excluded","only 10 monthly snapshots, below the 12 minimum"
dbt-labs/ade-bench,dbt-labs__ade-bench,https://github.com/dbt-labs/ade-bench,S3_code,117,Apache-2.0,422,257,10,2025-05-30T16:32:09Z,2026-07-23T00:29:12Z,passed,"extracted, excluded","only 6 monthly snapshots, below the 12 minimum"
dbt-labs/adwords,dbt-labs__adwords,https://github.com/dbt-labs/adwords,S3_code,18,Apache-2.0,101,12,1,2016-11-28T15:53:06Z,2025-12-17T17:23:10Z,passed,"extracted, excluded","only 8 monthly snapshots, below the 12 minimum"
dbt-labs/bigquery_dbt_partner_demo,dbt-labs__bigquery_dbt_partner_demo,https://github.com/dbt-labs/bigquery_dbt_partner_demo,S3_code,5,,15,,,2021-12-20T18:27:07Z,2025-08-27T16:52:34Z,excluded,not screened in,"P3 15 commits on the default branch, below 40"
dbt-labs/c24-workshops-platform,dbt-labs__c24-workshops-platform,https://github.com/dbt-labs/c24-workshops-platform,S3_code,6,,43,29,1,2024-09-16T13:26:04Z,2025-03-28T09:53:11Z,excluded,not screened in,"P4 6.3 months between creation and last push, below 12"
dbt-labs/dbt-Explorer-on-demand-course-platform,dbt-labs__dbt-Explorer-on-demand-course-platform,https://github.com/dbt-labs/dbt-Explorer-on-demand-course-platform,S3_code,3,,61,12,1,2024-05-21T14:11:08Z,2026-03-16T22:22:40Z,passed,"extracted, excluded","only 4 monthly snapshots, below the 12 minimum"
dbt-labs/dbt-Mesh-on-demand-course-finance,dbt-labs__dbt-Mesh-on-demand-course-finance,https://github.com/dbt-labs/dbt-Mesh-on-demand-course-finance,S3_code,0,,35,,,2024-05-07T14:25:48Z,2025-12-17T17:09:46Z,excluded,not screened in,"P3 35 commits on the default branch, below 40"
dbt-labs/dbt-adapters,dbt-labs__dbt-adapters,https://github.com/dbt-labs/dbt-adapters,S3_code,227,Apache-2.0,4947,0,8,2023-08-05T19:35:00Z,2026-08-05T01:25:07Z,passed,"extracted, excluded",no commits touch any declared model path
dbt-labs/dbt-agent-skills,dbt-labs__dbt-agent-skills,https://github.com/dbt-labs/dbt-agent-skills,S3_code,650,Apache-2.0,227,8,8,2026-01-08T01:11:45Z,2026-08-03T14:38:43Z,excluded,not screened in,"P4 6.8 months between creation and last push, below 12"
dbt-labs/dbt-artifacts-less,dbt-labs__dbt-artifacts-less,https://github.com/dbt-labs/dbt-artifacts-less,S3_code,3,Apache-2.0,16,,,2024-12-09T04:33:14Z,2026-05-27T14:58:43Z,excluded,not screened in,"P3 16 commits on the default branch, below 40"
dbt-labs/dbt-athena,dbt-labs__dbt-athena,https://github.com/dbt-labs/dbt-athena,S2_topic_dbt,251,Apache-2.0,501,0,1,2022-10-19T07:55:21Z,2025-02-07T01:10:30Z,passed,"extracted, excluded",no commits touch any declared model path
dbt-labs/dbt-audit-helper,dbt-labs__dbt-audit-helper,https://github.com/dbt-labs/dbt-audit-helper,S3_code,417,Apache-2.0,355,0,1,2019-06-10T18:09:30Z,2026-05-19T12:18:10Z,passed,"extracted, excluded",no commits touch any declared model path
dbt-labs/dbt-autofix,dbt-labs__dbt-autofix,https://github.com/dbt-labs/dbt-autofix,S3_code,83,Apache-2.0,366,0,1,2025-04-02T07:16:59Z,2026-08-04T22:30:31Z,passed,"extracted, excluded",no commits touch any declared model path
dbt-labs/dbt-cloud-job-action,dbt-labs__dbt-cloud-job-action,https://github.com/dbt-labs/dbt-cloud-job-action,S2_topic_dbt,7,Apache-2.0,98,0,0,2024-09-24T17:59:34Z,2026-05-08T10:29:55Z,passed,"extracted, excluded",no dbt_project.yml found anywhere on the first-parent history
dbt-labs/dbt-codegen,dbt-labs__dbt-codegen,https://github.com/dbt-labs/dbt-codegen,S3_code,668,Apache-2.0,248,0,1,2019-06-10T19:32:32Z,2026-07-28T10:41:17Z,passed,"extracted, excluded",no commits touch any declared model path
dbt-labs/dbt-completion.bash,dbt-labs__dbt-completion.bash,https://github.com/dbt-labs/dbt-completion.bash,S2_topic_dbt,142,Apache-2.0,65,0,0,2019-02-24T00:46:33Z,2026-05-19T08:18:00Z,passed,"extracted, excluded",no dbt_project.yml found anywhere on the first-parent history
dbt-labs/dbt-core,dbt-labs__dbt-core,https://github.com/dbt-labs/dbt-core,S3_code,13576,Apache-2.0,10735,28,19,2016-03-10T02:38:00Z,2026-08-04T22:39:01Z,passed,"extracted, excluded","only 10 monthly snapshots, below the 12 minimum"
dbt-labs/dbt-database-adapter-scaffold,dbt-labs__dbt-database-adapter-scaffold,https://github.com/dbt-labs/dbt-database-adapter-scaffold,S3_code,24,Apache-2.0,73,0,1,2021-10-14T16:27:53Z,2025-12-17T17:15:12Z,passed,"extracted, excluded",no commits touch any declared model path
dbt-labs/dbt-external-tables,dbt-labs__dbt-external-tables,https://github.com/dbt-labs/dbt-external-tables,S3_code,380,Apache-2.0,484,0,1,2019-10-14T20:51:39Z,2026-07-24T13:16:10Z,passed,"extracted, excluded",no commits touch any declared model path
dbt-labs/dbt-extractor,dbt-labs__dbt-extractor,https://github.com/dbt-labs/dbt-extractor,S2_topic_dbt,33,Apache-2.0,352,0,0,2021-03-11T22:21:32Z,2026-07-23T11:14:03Z,passed,"extracted, excluded",no dbt_project.yml found anywhere on the first-parent history
dbt-labs/dbt-fusion,dbt-labs__dbt-fusion,https://github.com/dbt-labs/dbt-fusion,S3_code,725,,2738,28,18,2025-05-16T13:46:11Z,2026-06-26T17:16:36Z,passed,"extracted, excluded","only 5 monthly snapshots, below the 12 minimum"
dbt-labs/dbt-jobs-as-code,dbt-labs__dbt-jobs-as-code,https://github.com/dbt-labs/dbt-jobs-as-code,S2_topic_dbt,84,Apache-2.0,529,0,0,2022-10-27T16:52:46Z,2026-07-28T10:45:58Z,passed,"extracted, excluded",no dbt_project.yml found anywhere on the first-parent history
dbt-labs/dbt-jsonschema,dbt-labs__dbt-jsonschema,https://github.com/dbt-labs/dbt-jsonschema,S3_code,167,Apache-2.0,271,0,8,2022-03-01T20:21:08Z,2026-07-28T10:40:24Z,passed,"extracted, excluded",no commits touch any declared model path
dbt-labs/dbt-mcp,dbt-labs__dbt-mcp,https://github.com/dbt-labs/dbt-mcp,S2_topic_dbt,595,Apache-2.0,630,0,0,2025-03-12T20:13:12Z,2026-08-04T23:58:29Z,passed,"extracted, excluded",no dbt_project.yml found anywhere on the first-parent history
dbt-labs/dbt-meshify,dbt-labs__dbt-meshify,https://github.com/dbt-labs/dbt-meshify,S2_topic_dbt;S2_topic_dbt-core,127,Apache-2.0,625,16,5,2023-04-03T20:42:45Z,2025-01-21T19:47:44Z,passed,"extracted, excluded","only 8 monthly snapshots, below the 12 minimum"
dbt-labs/dbt-onboarding-exemplar,dbt-labs__dbt-onboarding-exemplar,https://github.com/dbt-labs/dbt-onboarding-exemplar,S3_code,26,,192,37,1,2021-09-29T13:58:50Z,2026-07-23T14:56:28Z,passed,in corpus,
dbt-labs/dbt-pov-model-cost-calculator,dbt-labs__dbt-pov-model-cost-calculator,https://github.com/dbt-labs/dbt-pov-model-cost-calculator,S3_code,6,Apache-2.0,208,10,1,2025-09-10T23:21:52Z,2026-02-13T18:50:02Z,excluded,not screened in,"P4 5.1 months between creation and last push, below 12"
dbt-labs/dbt-project-evaluator,dbt-labs__dbt-project-evaluator,https://github.com/dbt-labs/dbt-project-evaluator,S3_code,571,Apache-2.0,1377,94,4,2022-01-07T16:15:09Z,2026-07-30T17:42:21Z,passed,in corpus,
dbt-labs/dbt-proserv,dbt-labs__dbt-proserv,https://github.com/dbt-labs/dbt-proserv,S3_code,15,,33,,,2024-01-11T19:04:34Z,2026-03-20T01:05:48Z,excluded,not screened in,"P3 33 commits on the default branch, below 40"
dbt-labs/dbt-server,dbt-labs__dbt-server,https://github.com/dbt-labs/dbt-server,S2_topic_dbt,109,NOASSERTION,158,5,2,2021-09-27T22:13:35Z,2024-12-04T18:30:56Z,passed,"extracted, excluded","only 1 monthly snapshots, below the 12 minimum"
dbt-labs/dbtcloud-terraforming,dbt-labs__dbtcloud-terraforming,https://github.com/dbt-labs/dbtcloud-terraforming,S2_topic_dbt,31,MPL-2.0,167,0,0,2023-11-30T13:40:58Z,2026-07-20T01:02:03Z,passed,"extracted, excluded",no dbt_project.yml found anywhere on the first-parent history
dbt-labs/docs.getdbt.com,dbt-labs__docs.getdbt.com,https://github.com/dbt-labs/docs.getdbt.com,S3_code,205,Apache-2.0,47386,0,0,2019-11-29T02:34:54Z,2026-08-04T20:16:50Z,passed,"extracted, excluded",no dbt_project.yml found anywhere on the first-parent history
dbt-labs/jaffle-shop,dbt-labs__jaffle-shop,https://github.com/dbt-labs/jaffle-shop,S2_topic_analytics-engineering;S2_topic_dbt;S3_code,338,,171,13,1,2023-08-30T23:35:16Z,2026-07-27T14:05:19Z,passed,"extracted, excluded","only 10 monthly snapshots, below the 12 minimum"
dbt-labs/jaffle-shop-generator,dbt-labs__jaffle-shop-generator,https://github.com/dbt-labs/jaffle-shop-generator,S2_topic_analytics-engineering,47,Apache-2.0,108,0,0,2022-12-13T01:06:16Z,2025-12-17T17:25:57Z,passed,"extracted, excluded",no dbt_project.yml found anywhere on the first-parent history
dbt-labs/jaffle-shop-guides-materializations,dbt-labs__jaffle-shop-guides-materializations,https://github.com/dbt-labs/jaffle-shop-guides-materializations,S3_code,2,,4,,,2023-02-01T18:24:05Z,2025-12-17T17:13:34Z,excluded,not screened in,"P3 4 commits on the default branch, below 40"
dbt-labs/jaffle-shop-mesh-finance,dbt-labs__jaffle-shop-mesh-finance,https://github.com/dbt-labs/jaffle-shop-mesh-finance,S2_topic_analytics-engineering;S2_topic_dbt;S3_code,6,,12,,,2023-09-07T12:19:51Z,2025-01-23T21:37:59Z,excluded,not screened in,"P3 12 commits on the default branch, below 40"
dbt-labs/jaffle-shop-mesh-marketing,dbt-labs__jaffle-shop-mesh-marketing,https://github.com/dbt-labs/jaffle-shop-mesh-marketing,S2_topic_analytics-engineering;S2_topic_dbt;S3_code,4,,13,,,2023-09-07T13:00:11Z,2025-12-17T17:19:13Z,excluded,not screened in,"P3 13 commits on the default branch, below 40"
dbt-labs/jaffle-sl-template,dbt-labs__jaffle-sl-template,https://github.com/dbt-labs/jaffle-sl-template,S3_code,32,,261,10,1,2023-05-25T01:45:54Z,2025-11-07T18:54:02Z,passed,in corpus,
dbt-labs/jaffle-shop-classic,dbt-labs__jaffle-shop-classic,https://github.com/dbt-labs/jaffle-shop-classic,S1_curated,545,Apache-2.0,33,5,1,2021-03-30T21:02:49Z,2024-09-12T20:39:40Z,excluded,not screened in,"P3 33 commits on the default branch, below 40"
dbt-labs/jaffle_shop_duckdb,dbt-labs__jaffle_shop_duckdb,https://github.com/dbt-labs/jaffle_shop_duckdb,S2_topic_dbt,284,Apache-2.0,92,5,1,2022-06-16T19:26:52Z,2026-03-02T14:01:54Z,passed,"extracted, excluded","only 6 monthly snapshots, below the 12 minimum"
dbt-labs/metricflow,dbt-labs__metricflow,https://github.com/dbt-labs/metricflow,S3_code,1723,Apache-2.0,2982,1,1,2022-04-04T18:33:06Z,2026-07-31T16:17:01Z,passed,"extracted, excluded","only 4 monthly snapshots, below the 12 minimum"
dbt-labs/postgres,dbt-labs__postgres,https://github.com/dbt-labs/postgres,S3_code,19,Apache-2.0,14,,,2018-03-22T17:48:23Z,2025-12-17T17:19:36Z,excluded,not screened in,"P3 14 commits on the default branch, below 40"
dbt-labs/redshift,dbt-labs__redshift,https://github.com/dbt-labs/redshift,S3_code,105,Apache-2.0,97,24,1,2017-07-09T17:27:24Z,2025-01-21T18:31:36Z,passed,"extracted, excluded","only 7 monthly snapshots, below the 12 minimum"
dbt-labs/semantic-layer-llm-benchmarking,dbt-labs__semantic-layer-llm-benchmarking,https://github.com/dbt-labs/semantic-layer-llm-benchmarking,S3_code,53,Apache-2.0,49,30,1,2023-11-15T23:52:32Z,2025-12-11T15:07:48Z,passed,"extracted, excluded","only 2 monthly snapshots, below the 12 minimum"
dbt-labs/snowflake-resource-monitoring,dbt-labs__snowflake-resource-monitoring,https://github.com/dbt-labs/snowflake-resource-monitoring,S3_code,8,,13,,,2022-09-07T15:59:35Z,2025-02-03T23:55:02Z,excluded,not screened in,"P3 13 commits on the default branch, below 40"
dbt-labs/snowflake-tpcds-core,dbt-labs__snowflake-tpcds-core,https://github.com/dbt-labs/snowflake-tpcds-core,S3_code,2,,40,14,1,2023-07-27T18:30:15Z,2025-12-17T17:16:20Z,passed,"extracted, excluded","only 5 monthly snapshots, below the 12 minimum"
dbt-labs/snowplow,dbt-labs__snowplow,https://github.com/dbt-labs/snowplow,S3_code,131,Apache-2.0,266,18,1,2016-07-21T15:58:02Z,2025-12-17T17:00:23Z,passed,in corpus,
dbt-labs/spark-utils,dbt-labs__spark-utils,https://github.com/dbt-labs/spark-utils,S2_topic_dbt;S3_code,36,Apache-2.0,62,0,1,2020-02-11T19:07:49Z,2025-12-17T17:22:42Z,passed,"extracted, excluded",no commits touch any declared model path
dbt-labs/stitch-utils,dbt-labs__stitch-utils,https://github.com/dbt-labs/stitch-utils,S3_code,13,Apache-2.0,71,0,1,2018-05-21T17:57:38Z,2025-03-29T15:22:10Z,passed,"extracted, excluded",no commits touch any declared model path
dbt-labs/technical-instructor-interview,dbt-labs__technical-instructor-interview,https://github.com/dbt-labs/technical-instructor-interview,S3_code,1,,14,,,2024-12-13T19:45:55Z,2025-02-11T02:26:14Z,excluded,not screened in,"P3 14 commits on the default branch, below 40"
dbt-labs/terraform-provider-dbtcloud,dbt-labs__terraform-provider-dbtcloud,https://github.com/dbt-labs/terraform-provider-dbtcloud,S2_topic_dbt,116,MIT,1041,0,0,2021-09-28T22:06:49Z,2026-08-04T17:21:32Z,passed,"extracted, excluded",no dbt_project.yml found anywhere on the first-parent history
dbt-msft/dbt-sqlserver,dbt-msft__dbt-sqlserver,https://github.com/dbt-msft/dbt-sqlserver,S2_topic_analytics-engineering;S2_topic_dbt;S3_code,252,MIT,1532,0,1,2019-06-25T20:14:56Z,2026-08-03T20:27:30Z,passed,"extracted, excluded","only 1 monthly snapshots, below the 12 minimum"
dbt-msft/dbt-synapse-serverless,dbt-msft__dbt-synapse-serverless,https://github.com/dbt-msft/dbt-synapse-serverless,S3_code,13,MIT,2,,,2021-10-01T16:05:34Z,2023-03-01T14:02:54Z,excluded,not screened in,"P3 2 commits on the default branch, below 40"
dbt-msft/dbt-tsql,dbt-msft__dbt-tsql,https://github.com/dbt-msft/dbt-tsql,S3_code,2,,3,,,2023-05-08T15:04:28Z,2023-05-08T20:39:50Z,excluded,not screened in,"P3 3 commits on the default branch, below 40"
dbt-msft/tsql-utils,dbt-msft__tsql-utils,https://github.com/dbt-msft/tsql-utils,S3_code,39,MIT,329,0,1,2020-12-01T20:13:58Z,2024-09-08T11:28:07Z,passed,"extracted, excluded",no commits touch any declared model path
dbyzero/dbt-jira-unified-api,dbyzero__dbt-jira-unified-api,https://github.com/dbyzero/dbt-jira-unified-api,S3_code,0,,2,,,2022-07-26T15:54:30Z,2022-07-27T11:40:32Z,excluded,not screened in,"P3 2 commits on the default branch, below 40"
dcaribou/transfermarkt-datasets,dcaribou__transfermarkt-datasets,https://github.com/dcaribou/transfermarkt-datasets,S2_topic_dbt;S3_code,464,CC0-1.0,1078,23,1,2020-12-26T17:33:52Z,2026-08-03T07:46:10Z,passed,in corpus,
dcube/devcontainer-dbt-snowflake,dcube__devcontainer-dbt-snowflake,https://github.com/dcube/devcontainer-dbt-snowflake,S3_code,5,Apache-2.0,15,,,2024-03-12T16:03:43Z,2024-04-17T17:38:05Z,excluded,not screened in,"P3 15 commits on the default branch, below 40"
deaneeth/airbnb-market-intelligence-pipeline,deaneeth__airbnb-market-intelligence-pipeline,https://github.com/deaneeth/airbnb-market-intelligence-pipeline,S2_topic_analytics-engineering,1,,69,0,0,2026-07-10T18:59:30Z,2026-07-12T20:58:33Z,excluded,not screened in,"P4 0.1 months between creation and last push, below 12"
debisic/data_modelling_with_dbt,debisic__data_modelling_with_dbt,https://github.com/debisic/data_modelling_with_dbt,S3_code,0,,6,,,2026-02-16T18:15:54Z,2026-02-17T00:56:19Z,excluded,not screened in,"P3 6 commits on the default branch, below 40"
debussy-labs/debussy_concert,debussy-labs__debussy_concert,https://github.com/debussy-labs/debussy_concert,S2_topic_dbt,28,Apache-2.0,464,1,1,2022-03-23T19:25:27Z,2023-03-20T21:44:51Z,excluded,not screened in,"P4 11.9 months between creation and last push, below 12"
dec1costello/Ski-Pass-Renewal-Analysis,dec1costello__Ski-Pass-Renewal-Analysis,https://github.com/dec1costello/Ski-Pass-Renewal-Analysis,S2_topic_dbt,1,,18,,,2026-01-05T02:21:55Z,2026-07-05T00:47:03Z,excluded,not screened in,"P3 18 commits on the default branch, below 40"
declerke/Ledger-Sync,declerke__Ledger-Sync,https://github.com/declerke/Ledger-Sync,S3_code,0,,3,,,2026-04-04T21:12:55Z,2026-04-04T21:21:49Z,excluded,not screened in,"P3 3 commits on the default branch, below 40"
decodableco/dbt-decodable,decodableco__dbt-decodable,https://github.com/decodableco/dbt-decodable,S2_topic_dbt,11,Apache-2.0,14,,,2023-03-17T18:04:10Z,2025-09-04T15:14:40Z,excluded,not screened in,"P3 14 commits on the default branch, below 40"
deepskydatahq/ga4-attribution-dbt-workshop,deepskydatahq__ga4-attribution-dbt-workshop,https://github.com/deepskydatahq/ga4-attribution-dbt-workshop,S3_code,6,MIT,4,,,2026-04-15T08:38:56Z,2026-04-16T07:17:53Z,excluded,not screened in,"P3 4 commits on the default branch, below 40"
definite-app/crabwalk,definite-app__crabwalk,https://github.com/definite-app/crabwalk,S2_topic_dbt,76,,19,,,2025-03-09T11:52:06Z,2025-03-13T16:18:56Z,excluded,not screened in,"P3 19 commits on the default branch, below 40"
defnalk/energyemissions,defnalk__energyemissions,https://github.com/defnalk/energyemissions,S2_topic_dbt,1,MIT,14,,,2026-04-09T16:25:16Z,2026-04-10T21:49:23Z,excluded,not screened in,"P3 14 commits on the default branch, below 40"
deivit24/anime-trivia,deivit24__anime-trivia,https://github.com/deivit24/anime-trivia,S3_code,0,,13,,,2024-08-17T19:19:46Z,2024-08-18T14:11:56Z,excluded,not screened in,"P3 13 commits on the default branch, below 40"
deltastreaminc/dbt-deltastream,deltastreaminc__dbt-deltastream,https://github.com/deltastreaminc/dbt-deltastream,S3_code,1,Apache-2.0,35,,,2025-02-18T16:36:43Z,2025-12-12T23:03:02Z,excluded,not screened in,"P3 35 commits on the default branch, below 40"
demaric9/E-Commerce-Platform,demaric9__E-Commerce-Platform,https://github.com/demaric9/E-Commerce-Platform,S3_code,0,MIT,47,30,1,2025-07-11T04:12:19Z,2026-01-25T06:41:19Z,excluded,not screened in,"P4 6.5 months between creation and last push, below 12"
denironyx/snowflake_dbt_lab,denironyx__snowflake_dbt_lab,https://github.com/denironyx/snowflake_dbt_lab,S2_topic_dbt,1,,3,,,2022-04-10T13:24:18Z,2022-04-10T13:31:37Z,excluded,not screened in,"P3 3 commits on the default branch, below 40"
denis7-jean/AI-Powered-E-commerce-Analyst-Agent,denis7-jean__AI-Powered-E-commerce-Analyst-Agent,https://github.com/denis7-jean/AI-Powered-E-commerce-Analyst-Agent,S2_topic_dbt,1,,7,,,2026-01-24T02:57:36Z,2026-02-07T00:14:36Z,excluded,not screened in,"P3 7 commits on the default branch, below 40"
depicted-candela/StatelessMind,depicted-candela__StatelessMind,https://github.com/depicted-candela/StatelessMind,S2_topic_dbt,1,,33,,,2025-07-23T00:30:18Z,2025-08-12T23:34:22Z,excluded,not screened in,"P3 33 commits on the default branch, below 40"
derak-isaack/DTL-DBT-pipeline,derak-isaack__DTL-DBT-pipeline,https://github.com/derak-isaack/DTL-DBT-pipeline,S2_topic_dbt,1,,9,,,2024-04-18T23:20:40Z,2024-04-26T00:25:34Z,excluded,not screened in,"P3 9 commits on the default branch, below 40"
derak-isaack/PharmacySalesTracker,derak-isaack__PharmacySalesTracker,https://github.com/derak-isaack/PharmacySalesTracker,S2_topic_dbt,1,,8,,,2024-05-22T21:41:42Z,2024-05-28T01:30:56Z,excluded,not screened in,"P3 8 commits on the default branch, below 40"
desmondjeffery/dbt_demo_ma,desmondjeffery__dbt_demo_ma,https://github.com/desmondjeffery/dbt_demo_ma,S3_code,0,,8,,,2024-12-04T18:17:44Z,2024-12-12T19:29:17Z,excluded,not screened in,"P3 8 commits on the default branch, below 40"
desta-getaw/ethio-medical-data-warehouse,desta-getaw__ethio-medical-data-warehouse,https://github.com/desta-getaw/ethio-medical-data-warehouse,S3_code,0,,6,,,2025-07-10T01:04:52Z,2025-07-15T18:41:07Z,excluded,not screened in,"P3 6 commits on the default branch, below 40"
dev-beluga/DE-Zoomcamp,dev-beluga__DE-Zoomcamp,https://github.com/dev-beluga/DE-Zoomcamp,S2_topic_dbt,2,,32,,,2024-01-27T20:55:49Z,2024-04-14T13:41:00Z,excluded,not screened in,"P3 32 commits on the default branch, below 40"
developer-jv/bia_foods_bi,developer-jv__bia_foods_bi,https://github.com/developer-jv/bia_foods_bi,S3_code,0,,7,,,2025-10-23T17:46:30Z,2025-12-06T19:05:35Z,excluded,not screened in,"P3 7 commits on the default branch, below 40"
devenderdagar2411/MTS_DBT_CODE,devenderdagar2411__MTS_DBT_CODE,https://github.com/devenderdagar2411/MTS_DBT_CODE,S3_code,0,,240,21,1,2025-05-15T11:59:44Z,2025-06-20T11:49:10Z,excluded,not screened in,"P4 1.1 months between creation and last push, below 12"
devgabrielsborges/camel,devgabrielsborges__camel,https://github.com/devgabrielsborges/camel,S3_code,0,,111,4,2,2026-05-01T14:04:20Z,2026-05-12T19:54:03Z,excluded,not screened in,"P4 0.4 months between creation and last push, below 12"
devguilhermecarvalho/git-gcp-challenge-ipnet,devguilhermecarvalho__git-gcp-challenge-ipnet,https://github.com/devguilhermecarvalho/git-gcp-challenge-ipnet,S2_topic_dbt-core;S3_code,1,,33,,,2024-10-22T05:28:19Z,2024-11-02T23:28:12Z,excluded,not screened in,"P3 33 commits on the default branch, below 40"
devkan/contexttwin-ci,devkan__contexttwin-ci,https://github.com/devkan/contexttwin-ci,S3_code,0,Apache-2.0,42,6,6,2026-07-24T13:30:09Z,2026-07-26T09:05:59Z,excluded,not screened in,"P4 0.0 months between creation and last push, below 12"
devoteamgcloud/dbt-test,devoteamgcloud__dbt-test,https://github.com/devoteamgcloud/dbt-test,S3_code,0,,44,11,1,2022-09-28T13:08:01Z,2023-01-25T11:36:45Z,excluded,not screened in,"P4 3.9 months between creation and last push, below 12"
devrafael26/Databricks-DBT-CI-CD,devrafael26__Databricks-DBT-CI-CD,https://github.com/devrafael26/Databricks-DBT-CI-CD,S3_code,0,,94,0,1,2025-07-17T16:43:24Z,2026-07-10T18:14:37Z,excluded,not screened in,"P4 11.8 months between creation and last push, below 12"
devranvijay/BlinkPipe,devranvijay__BlinkPipe,https://github.com/devranvijay/BlinkPipe,S2_topic_analytics-engineering;S2_topic_dbt,1,,3,,,2026-06-24T10:00:16Z,2026-06-24T10:11:53Z,excluded,not screened in,"P3 3 commits on the default branch, below 40"
dgarhdez/dbt-ie,dgarhdez__dbt-ie,https://github.com/dgarhdez/dbt-ie,S3_code,0,,17,,,2025-09-28T09:27:09Z,2026-06-19T13:01:21Z,excluded,not screened in,"P3 17 commits on the default branch, below 40"
dhananjay93/End-to-end-data-pipeline-using-open-source-tools,dhananjay93__End-to-end-data-pipeline-using-open-source-tools,https://github.com/dhananjay93/End-to-end-data-pipeline-using-open-source-tools,S3_code,1,,5,,,2025-09-13T17:05:12Z,2025-09-13T18:20:17Z,excluded,not screened in,"P3 5 commits on the default branch, below 40"
dhananjay93/dbt_snowflake_data_end_to_end_project,dhananjay93__dbt_snowflake_data_end_to_end_project,https://github.com/dhananjay93/dbt_snowflake_data_end_to_end_project,S3_code,0,MIT,4,,,2025-08-31T10:41:52Z,2025-09-01T16:16:03Z,excluded,not screened in,"P3 4 commits on the default branch, below 40"
dhanushramudri/de-dbt,dhanushramudri__de-dbt,https://github.com/dhanushramudri/de-dbt,S3_code,0,,1,,,2025-03-14T13:14:22Z,2025-03-14T13:15:04Z,excluded,not screened in,"P3 1 commits on the default branch, below 40"
dhodge250/beacon,dhodge250__beacon,https://github.com/dhodge250/beacon,S2_topic_dbt,1,MIT,99,0,1,2022-02-08T02:27:43Z,2024-02-11T19:54:31Z,passed,"extracted, excluded","only 1 monthly snapshots, below the 12 minimum"
dhruvalpatel/dhruval-capstone-project,dhruvalpatel__dhruval-capstone-project,https://github.com/dhruvalpatel/dhruval-capstone-project,S3_code,0,Apache-2.0,13,,,2025-03-03T05:20:01Z,2025-05-22T08:54:30Z,excluded,not screened in,"P3 13 commits on the default branch, below 40"
dhruvvk2326/ibm_oct_dbt,dhruvvk2326__ibm_oct_dbt,https://github.com/dhruvvk2326/ibm_oct_dbt,S3_code,0,,6,,,2025-11-11T09:49:05Z,2025-11-17T05:10:17Z,excluded,not screened in,"P3 6 commits on the default branch, below 40"
dhyeu/dbt-oncourse-prep,dhyeu__dbt-oncourse-prep,https://github.com/dhyeu/dbt-oncourse-prep,S3_code,0,,8,,,2025-07-30T21:01:28Z,2025-07-31T00:11:35Z,excluded,not screened in,"P3 8 commits on the default branch, below 40"
dianaTahchieva/gcp-data-governance,dianaTahchieva__gcp-data-governance,https://github.com/dianaTahchieva/gcp-data-governance,S3_code,0,MIT,16,,,2025-01-25T00:25:23Z,2025-02-24T07:46:20Z,excluded,not screened in,"P3 16 commits on the default branch, below 40"
dieegogutierrez/Data-Engineering-Capstone-Project,dieegogutierrez__Data-Engineering-Capstone-Project,https://github.com/dieegogutierrez/Data-Engineering-Capstone-Project,S2_topic_dbt,7,,6,,,2024-04-03T22:43:26Z,2024-06-11T17:14:18Z,excluded,not screened in,"P3 6 commits on the default branch, below 40"
diegoquintanav/pinochet-analyze-50,diegoquintanav__pinochet-analyze-50,https://github.com/diegoquintanav/pinochet-analyze-50,S3_code,2,,103,13,1,2023-09-03T14:10:56Z,2026-07-06T00:32:58Z,passed,"extracted, excluded","only 6 monthly snapshots, below the 12 minimum"
dilambestall/order-to-delivery-analytics-pipeline,dilambestall__order-to-delivery-analytics-pipeline,https://github.com/dilambestall/order-to-delivery-analytics-pipeline,S2_topic_dbt,1,MIT,42,10,1,2025-08-24T17:06:06Z,2026-05-08T14:27:36Z,excluded,not screened in,"P4 8.4 months between creation and last push, below 12"
dimasgonzales/dbt-fusion-duckdb-demo,dimasgonzales__dbt-fusion-duckdb-demo,https://github.com/dimasgonzales/dbt-fusion-duckdb-demo,S3_code,0,,15,,,2025-12-25T18:44:09Z,2025-12-26T18:11:51Z,excluded,not screened in,"P3 15 commits on the default branch, below 40"
dinesh-git17/toronto-mobility-analytics,dinesh-git17__toronto-mobility-analytics,https://github.com/dinesh-git17/toronto-mobility-analytics,S2_topic_analytics-engineering;S2_topic_dbt,1,MIT,57,17,1,2026-02-02T20:09:44Z,2026-06-22T10:06:22Z,excluded,not screened in,"P4 4.6 months between creation and last push, below 12"
dingxin-tech/elementary,dingxin-tech__elementary,https://github.com/dingxin-tech/elementary,S3_code,0,Apache-2.0,5,,,2025-03-21T05:43:09Z,2025-04-07T12:02:35Z,excluded,not screened in,"P3 5 commits on the default branch, below 40"
dinhphuc-dan/airbyte-custom,dinhphuc-dan__airbyte-custom,https://github.com/dinhphuc-dan/airbyte-custom,S3_code,0,NOASSERTION,12786,0,9,2024-07-13T04:22:54Z,2026-05-28T09:29:38Z,passed,"extracted, excluded",no commits touch any declared model path
diosamuel/city-analysis-pipeline,diosamuel__city-analysis-pipeline,https://github.com/diosamuel/city-analysis-pipeline,S3_code,0,,12,,,2026-04-11T08:12:16Z,2026-05-05T07:49:23Z,excluded,not screened in,"P3 12 commits on the default branch, below 40"
dioz95/marketing-analytics-engineering,dioz95__marketing-analytics-engineering,https://github.com/dioz95/marketing-analytics-engineering,S2_topic_analytics-engineering;S2_topic_dbt,8,,118,18,1,2024-04-13T12:45:37Z,2024-04-18T21:06:22Z,excluded,not screened in,"P4 0.2 months between creation and last push, below 12"
dipikaspatil/data-engineering-zoomcamp-portfolio,dipikaspatil__data-engineering-zoomcamp-portfolio,https://github.com/dipikaspatil/data-engineering-zoomcamp-portfolio,S3_code,0,,116,17,2,2026-01-09T01:03:34Z,2026-04-11T22:19:15Z,excluded,not screened in,"P4 3.0 months between creation and last push, below 12"
divakaivan/portfolio-tracking-dbt,divakaivan__portfolio-tracking-dbt,https://github.com/divakaivan/portfolio-tracking-dbt,S3_code,0,,23,,,2024-12-17T08:34:02Z,2024-12-22T04:01:50Z,excluded,not screened in,"P3 23 commits on the default branch, below 40"
diwahsap/people-analytics,diwahsap__people-analytics,https://github.com/diwahsap/people-analytics,S3_code,1,,5,,,2025-08-01T17:41:55Z,2025-08-01T17:50:25Z,excluded,not screened in,"P3 5 commits on the default branch, below 40"
djamier/dbt-metabase,djamier__dbt-metabase,https://github.com/djamier/dbt-metabase,S2_topic_dbt-core,2,,23,,,2023-05-18T19:02:25Z,2024-08-07T17:45:17Z,excluded,not screened in,"P3 23 commits on the default branch, below 40"
djdev/week4_ny_taxi_dbt_zoomcamp,djdev__week4_ny_taxi_dbt_zoomcamp,https://github.com/djdev/week4_ny_taxi_dbt_zoomcamp,S3_code,0,,21,,,2024-02-18T21:12:34Z,2024-02-24T04:22:37Z,excluded,not screened in,"P3 21 commits on the default branch, below 40"
djeong95/Yelp_review_datapipeline,djeong95__Yelp_review_datapipeline,https://github.com/djeong95/Yelp_review_datapipeline,S2_topic_dbt,1,,83,6,1,2023-04-13T00:48:31Z,2023-11-09T23:25:54Z,excluded,not screened in,"P4 6.9 months between creation and last push, below 12"
djmikeale/quack,djmikeale__quack,https://github.com/djmikeale/quack,S3_code,0,Apache-2.0,67,10,1,2022-12-29T07:56:00Z,2026-06-23T08:21:13Z,passed,"extracted, excluded","only 5 monthly snapshots, below the 12 minimum"
djouallah/analytics-as-code,djouallah__analytics-as-code,https://github.com/djouallah/analytics-as-code,S3_code,21,,211,6,1,2026-03-08T23:33:16Z,2026-07-24T00:55:43Z,excluded,not screened in,"P4 4.5 months between creation and last push, below 12"
djouallah/duckrun,djouallah__duckrun,https://github.com/djouallah/duckrun,S3_code,46,MIT,1388,24,4,2025-10-03T05:23:23Z,2026-08-04T23:47:28Z,excluded,not screened in,"P4 10.0 months between creation and last push, below 12"
dl-lim/dbt_datawarehouse,dl-lim__dbt_datawarehouse,https://github.com/dl-lim/dbt_datawarehouse,S3_code,2,,2,,,2022-09-14T17:19:59Z,2022-09-14T18:09:08Z,excluded,not screened in,"P3 2 commits on the default branch, below 40"
dlt-hub/dlt-dbt-asana,dlt-hub__dlt-dbt-asana,https://github.com/dlt-hub/dlt-dbt-asana,S3_code,0,Apache-2.0,6,,,2025-02-03T13:58:17Z,2025-02-18T03:11:30Z,excluded,not screened in,"P3 6 commits on the default branch, below 40"
dlt-hub/dlt-dbt-hubspot,dlt-hub__dlt-dbt-hubspot,https://github.com/dlt-hub/dlt-dbt-hubspot,S3_code,2,Apache-2.0,21,,,2024-09-02T13:53:28Z,2025-01-24T02:46:27Z,excluded,not screened in,"P3 21 commits on the default branch, below 40"
dlt-hub/dlt-dbt-shopify,dlt-hub__dlt-dbt-shopify,https://github.com/dlt-hub/dlt-dbt-shopify,S3_code,5,Apache-2.0,9,,,2024-10-04T11:25:21Z,2025-01-24T02:51:23Z,excluded,not screened in,"P3 9 commits on the default branch, below 40"
dlt-hub/rasa_semantic_schema,dlt-hub__rasa_semantic_schema,https://github.com/dlt-hub/rasa_semantic_schema,S3_code,0,NOASSERTION,119,19,1,2021-11-13T12:54:03Z,2026-06-15T11:04:59Z,passed,"extracted, excluded","only 4 monthly snapshots, below the 12 minimum"
dltm-markwan/dbt-linkgroup-tutorial,dltm-markwan__dbt-linkgroup-tutorial,https://github.com/dltm-markwan/dbt-linkgroup-tutorial,S3_code,0,Apache-2.0,1,,,2024-11-25T21:32:09Z,2024-11-25T21:33:11Z,excluded,not screened in,"P3 1 commits on the default branch, below 40"
dmdequin/de_zoomcamp,dmdequin__de_zoomcamp,https://github.com/dmdequin/de_zoomcamp,S2_topic_analytics-engineering,1,,65,0,0,2023-12-27T00:18:45Z,2024-02-12T21:35:53Z,excluded,not screened in,"P4 1.5 months between creation and last push, below 12"
dmp-labs/dmp-af,dmp-labs__dmp-af,https://github.com/dmp-labs/dmp-af,S2_topic_dbt-core,11,NOASSERTION,28,,,2025-10-12T15:22:12Z,2026-07-25T08:15:04Z,excluded,not screened in,"P3 28 commits on the default branch, below 40"
dnul/arcx_stablecoin,dnul__arcx_stablecoin,https://github.com/dnul/arcx_stablecoin,S3_code,0,,3,,,2021-09-21T03:08:00Z,2021-09-21T03:48:39Z,excluded,not screened in,"P3 3 commits on the default branch, below 40"
dobachi/ossie-playground,dobachi__ossie-playground,https://github.com/dobachi/ossie-playground,S3_code,0,,19,,,2026-07-19T11:47:12Z,2026-08-01T02:44:15Z,excluded,not screened in,"P3 19 commits on the default branch, below 40"
docglow/docglow,docglow__docglow,https://github.com/docglow/docglow,S2_topic_analytics-engineering;S2_topic_dbt;S2_topic_dbt-core,135,MIT,178,83,1,2026-03-08T00:03:04Z,2026-08-04T14:02:52Z,excluded,not screened in,"P4 4.9 months between creation and last push, below 12"
dogucanelci/dogucanelci-GCP_Retail_Airflow_Data_Engineering_Project,dogucanelci__dogucanelci-GCP_Retail_Airflow_Data_Engineering_Project,https://github.com/dogucanelci/dogucanelci-GCP_Retail_Airflow_Data_Engineering_Project,S2_topic_dbt,1,,6,,,2024-03-08T19:29:38Z,2024-03-08T19:47:10Z,excluded,not screened in,"P3 6 commits on the default branch, below 40"
domenicoboris89/analytics-engineering,domenicoboris89__analytics-engineering,https://github.com/domenicoboris89/analytics-engineering,S2_topic_analytics-engineering;S2_topic_dbt,1,,26,,,2023-06-14T14:21:01Z,2024-12-22T11:27:09Z,excluded,not screened in,"P3 26 commits on the default branch, below 40"
domenicoboris89/dbt_snowflake,domenicoboris89__dbt_snowflake,https://github.com/domenicoboris89/dbt_snowflake,S2_topic_dbt,1,,17,,,2021-12-20T10:01:58Z,2021-12-23T10:05:13Z,excluded,not screened in,"P3 17 commits on the default branch, below 40"
dominikhei/aws-elt,dominikhei__aws-elt,https://github.com/dominikhei/aws-elt,S2_topic_dbt,2,,3,,,2023-03-09T08:16:36Z,2025-02-12T14:51:00Z,excluded,not screened in,"P3 3 commits on the default branch, below 40"
donat-konan33/etl-airbyte-minio-clickhouse-dbt-airflow,donat-konan33__etl-airbyte-minio-clickhouse-dbt-airflow,https://github.com/donat-konan33/etl-airbyte-minio-clickhouse-dbt-airflow,S2_topic_dbt,2,,86,51,1,2025-07-13T23:39:30Z,2026-03-26T09:41:35Z,excluded,not screened in,"P4 8.4 months between creation and last push, below 12"
doncoding-ai/dbt_ev,doncoding-ai__dbt_ev,https://github.com/doncoding-ai/dbt_ev,S3_code,0,,12,,,2025-07-02T21:01:21Z,2025-07-03T14:42:35Z,excluded,not screened in,"P3 12 commits on the default branch, below 40"
dongwonmoon/SchemaScribe,dongwonmoon__SchemaScribe,https://github.com/dongwonmoon/SchemaScribe,S2_topic_dbt,2,,127,1,1,2025-11-01T21:58:17Z,2025-11-11T07:22:37Z,excluded,not screened in,"P4 0.3 months between creation and last push, below 12"
doris-vectorized/doris-pipeline,doris-vectorized__doris-pipeline,https://github.com/doris-vectorized/doris-pipeline,S3_code,1,Apache-2.0,7448,0,1,2022-11-07T03:38:27Z,2022-12-02T12:37:22Z,excluded,not screened in,"P4 0.8 months between creation and last push, below 12"
dorukalkan/3a-superstore-analysis,dorukalkan__3a-superstore-analysis,https://github.com/dorukalkan/3a-superstore-analysis,S2_topic_dbt,2,,168,26,1,2026-05-18T10:12:22Z,2026-07-06T12:45:36Z,excluded,not screened in,"P4 1.6 months between creation and last push, below 12"
dorukalkan/nova-analytics,dorukalkan__nova-analytics,https://github.com/dorukalkan/nova-analytics,S2_topic_dbt,1,,94,41,1,2026-06-09T10:49:25Z,2026-07-06T12:46:22Z,excluded,not screened in,"P4 0.9 months between creation and last push, below 12"
dpguthrie/dbt-metrics-only-project,dpguthrie__dbt-metrics-only-project,https://github.com/dpguthrie/dbt-metrics-only-project,S3_code,0,,36,,,2025-03-07T21:16:26Z,2025-03-07T21:17:15Z,excluded,not screened in,"P3 36 commits on the default branch, below 40"
dpguthrie/dbt-tutorial,dpguthrie__dbt-tutorial,https://github.com/dpguthrie/dbt-tutorial,S3_code,0,,3,,,2020-10-22T02:45:34Z,2020-10-22T03:43:26Z,excluded,not screened in,"P3 3 commits on the default branch, below 40"
dpguthrie/dbtc-testing-project,dpguthrie__dbtc-testing-project,https://github.com/dpguthrie/dbtc-testing-project,S3_code,0,,12,,,2022-08-23T18:36:12Z,2024-10-03T23:12:40Z,excluded,not screened in,"P3 12 commits on the default branch, below 40"
dpguthrie/instagram_module,dpguthrie__instagram_module,https://github.com/dpguthrie/instagram_module,S3_code,0,,2,,,2023-07-28T15:44:08Z,2023-07-30T12:54:23Z,excluded,not screened in,"P3 2 commits on the default branch, below 40"
dpguthrie/snowflake-dbt-demo-project,dpguthrie__snowflake-dbt-demo-project,https://github.com/dpguthrie/snowflake-dbt-demo-project,S3_code,24,,704,33,1,2022-04-02T17:34:02Z,2023-08-12T12:17:06Z,passed,in corpus,
dracotrid/soa-analytics-dbt,dracotrid__soa-analytics-dbt,https://github.com/dracotrid/soa-analytics-dbt,S3_code,0,,102,134,1,2025-04-19T17:27:08Z,2026-08-03T17:11:55Z,passed,in corpus,
drdataSpp/dbt,drdataSpp__dbt,https://github.com/drdataSpp/dbt,S3_code,0,,11,,,2024-07-29T06:48:06Z,2024-08-15T06:59:45Z,excluded,not screened in,"P3 11 commits on the default branch, below 40"
dreamworkhq/Data-Engineering-Jobs,dreamworkhq__Data-Engineering-Jobs,https://github.com/dreamworkhq/Data-Engineering-Jobs,S2_topic_dbt,1,MIT,34,,,2026-07-10T22:35:06Z,2026-08-04T12:24:25Z,excluded,not screened in,"P3 34 commits on the default branch, below 40"
drewbanin/example-incremental-project-bq,drewbanin__example-incremental-project-bq,https://github.com/drewbanin/example-incremental-project-bq,S3_code,0,,1,,,2018-11-20T01:09:21Z,2018-11-20T01:10:19Z,excluded,not screened in,"P3 1 commits on the default branch, below 40"
drewrip/dag-bench,drewrip__dag-bench,https://github.com/drewrip/dag-bench,S3_code,0,,80,196,10,2026-02-02T22:21:14Z,2026-07-28T14:55:31Z,excluded,not screened in,"P4 5.7 months between creation and last push, below 12"
dreynow/dbt-onlymetrix,dreynow__dbt-onlymetrix,https://github.com/dreynow/dbt-onlymetrix,S3_code,1,,1,,,2026-03-31T16:20:48Z,2026-03-31T16:22:09Z,excluded,not screened in,"P3 1 commits on the default branch, below 40"
dribia/dbt2pdf,dribia__dbt2pdf,https://github.com/dribia/dbt2pdf,S2_topic_dbt,4,MIT,397,0,0,2024-08-27T14:21:56Z,2026-08-03T07:01:00Z,passed,"extracted, excluded",no dbt_project.yml found anywhere on the first-parent history
drt-hub/drt,drt-hub__drt,https://github.com/drt-hub/drt,S2_topic_dbt,29,Apache-2.0,588,0,0,2026-03-27T00:00:35Z,2026-08-04T06:58:31Z,excluded,not screened in,"P4 4.3 months between creation and last push, below 12"
ds2204/dbt-snowflake,ds2204__dbt-snowflake,https://github.com/ds2204/dbt-snowflake,S3_code,0,,1,,,2024-07-31T14:38:46Z,2026-03-04T02:29:42Z,excluded,not screened in,"P3 1 commits on the default branch, below 40"
dsouzaankit/oyf_scrape,dsouzaankit__oyf_scrape,https://github.com/dsouzaankit/oyf_scrape,S2_topic_dbt,1,,32,,,2026-07-06T03:59:32Z,2026-07-30T07:39:11Z,excluded,not screened in,"P3 32 commits on the default branch, below 40"
dstroot/dbt-example-snowflake,dstroot__dbt-example-snowflake,https://github.com/dstroot/dbt-example-snowflake,S2_topic_dbt,1,,53,5,1,2023-02-26T23:54:49Z,2023-03-11T17:56:28Z,excluded,not screened in,"P4 0.4 months between creation and last push, below 12"
dsyouness/retail-etl-gcp,dsyouness__retail-etl-gcp,https://github.com/dsyouness/retail-etl-gcp,S2_topic_dbt,1,,8,,,2024-01-25T12:39:59Z,2026-02-13T20:49:23Z,excluded,not screened in,"P3 8 commits on the default branch, below 40"
duckcode-ai/DataLex,duckcode-ai__DataLex,https://github.com/duckcode-ai/DataLex,S2_topic_analytics-engineering;S2_topic_dbt,1,MIT,269,0,1,2026-02-09T17:12:34Z,2026-07-08T15:39:46Z,excluded,not screened in,"P4 4.9 months between creation and last push, below 12"
duckcode-ai/dql,duckcode-ai__dql,https://github.com/duckcode-ai/dql,S2_topic_analytics-engineering;S2_topic_dbt,2,NOASSERTION,788,0,1,2026-03-07T17:43:01Z,2026-08-05T01:24:02Z,excluded,not screened in,"P4 4.9 months between creation and last push, below 12"
duckdb/dbt-duckdb,duckdb__dbt-duckdb,https://github.com/duckdb/dbt-duckdb,S2_topic_dbt;S3_code,1327,Apache-2.0,1146,0,1,2020-09-25T16:54:41Z,2026-08-04T05:56:12Z,passed,"extracted, excluded",no commits touch any declared model path
ducvubuihong25102000/dbt-snowflake-part1,ducvubuihong25102000__dbt-snowflake-part1,https://github.com/ducvubuihong25102000/dbt-snowflake-part1,S2_topic_dbt,1,,1,,,2024-01-08T16:34:16Z,2024-01-08T16:38:03Z,excluded,not screened in,"P3 1 commits on the default branch, below 40"
dumisanimagagula/nyc-taxi-data-ingestion,dumisanimagagula__nyc-taxi-data-ingestion,https://github.com/dumisanimagagula/nyc-taxi-data-ingestion,S3_code,0,,47,3,1,2026-02-01T06:17:12Z,2026-04-02T11:13:47Z,excluded,not screened in,"P4 2.0 months between creation and last push, below 12"
duneanalytics/spellbook,duneanalytics__spellbook,https://github.com/duneanalytics/spellbook,S1_curated;S3_code,1511,NOASSERTION,7403,7413,5,2020-01-31T08:49:46Z,2026-08-04T15:52:50Z,passed,in corpus,
dustintdn/voice-of-customer-analytics,dustintdn__voice-of-customer-analytics,https://github.com/dustintdn/voice-of-customer-analytics,S2_topic_analytics-engineering,1,,22,,,2026-06-02T04:35:51Z,2026-06-09T16:34:48Z,excluded,not screened in,"P3 22 commits on the default branch, below 40"
dustinvannoy-db/dbt-databricks-examples,dustinvannoy-db__dbt-databricks-examples,https://github.com/dustinvannoy-db/dbt-databricks-examples,S3_code,4,Apache-2.0,5,,,2023-08-14T22:46:04Z,2024-02-09T20:28:43Z,excluded,not screened in,"P3 5 commits on the default branch, below 40"
dvaled/dbt_snowflake_implementation,dvaled__dbt_snowflake_implementation,https://github.com/dvaled/dbt_snowflake_implementation,S3_code,0,,4,,,2024-11-01T08:58:00Z,2024-11-01T09:24:08Z,excluded,not screened in,"P3 4 commits on the default branch, below 40"
dverdonschot/snowflake-hvac,dverdonschot__snowflake-hvac,https://github.com/dverdonschot/snowflake-hvac,S3_code,0,,8,,,2025-07-24T20:32:39Z,2025-08-11T19:18:43Z,excluded,not screened in,"P3 8 commits on the default branch, below 40"
dwallace0723/dbt-cloud-plugin,dwallace0723__dbt-cloud-plugin,https://github.com/dwallace0723/dbt-cloud-plugin,S2_topic_dbt,38,MIT,5,,,2019-03-05T23:36:55Z,2024-05-14T23:40:31Z,excluded,not screened in,"P3 5 commits on the default branch, below 40"
dwallace0723/py-dbt-cloud,dwallace0723__py-dbt-cloud,https://github.com/dwallace0723/py-dbt-cloud,S2_topic_dbt,5,MIT,9,,,2019-05-16T23:07:31Z,2022-12-08T05:10:31Z,excluded,not screened in,"P3 9 commits on the default branch, below 40"
dwickyfp/tutorial-dbt-from-zero,dwickyfp__tutorial-dbt-from-zero,https://github.com/dwickyfp/tutorial-dbt-from-zero,S2_topic_dbt,3,,1,,,2025-09-15T15:39:20Z,2025-09-15T15:40:42Z,excluded,not screened in,"P3 1 commits on the default branch, below 40"
dwreeves/dbt_linreg,dwreeves__dbt_linreg,https://github.com/dwreeves/dbt_linreg,S3_code,79,MIT,78,0,1,2023-03-12T00:35:41Z,2025-12-28T00:02:49Z,passed,"extracted, excluded",no commits touch any declared model path
dwreeves/dbt_pca,dwreeves__dbt_pca,https://github.com/dwreeves/dbt_pca,S3_code,17,MIT,29,,,2025-01-01T17:37:10Z,2026-06-10T20:12:27Z,excluded,not screened in,"P3 29 commits on the default branch, below 40"
dynncat/mabinogi-elt-pipeline,dynncat__mabinogi-elt-pipeline,https://github.com/dynncat/mabinogi-elt-pipeline,S3_code,0,,8,,,2026-04-11T14:03:59Z,2026-04-12T12:25:06Z,excluded,not screened in,"P3 8 commits on the default branch, below 40"
e-alizadeh/sample_dbt_project,e-alizadeh__sample_dbt_project,https://github.com/e-alizadeh/sample_dbt_project,S2_topic_dbt,4,,11,,,2021-07-11T21:40:30Z,2022-01-16T21:17:38Z,excluded,not screened in,"P3 11 commits on the default branch, below 40"
earl562/plotlot-v2,earl562__plotlot-v2,https://github.com/earl562/plotlot-v2,S3_code,0,,219,9,1,2026-02-18T11:15:11Z,2026-08-05T00:13:55Z,excluded,not screened in,"P4 5.5 months between creation and last push, below 12"
eavae/dbt-odps,eavae__dbt-odps,https://github.com/eavae/dbt-odps,S3_code,4,,27,,,2024-01-26T02:19:24Z,2024-01-26T02:21:57Z,excluded,not screened in,"P3 27 commits on the default branch, below 40"
ebukaohiomoba/olist-dbt-streamlit,ebukaohiomoba__olist-dbt-streamlit,https://github.com/ebukaohiomoba/olist-dbt-streamlit,S2_topic_analytics-engineering;S2_topic_dbt,1,,5,,,2026-05-03T03:48:32Z,2026-05-04T03:30:39Z,excluded,not screened in,"P3 5 commits on the default branch, below 40"
ebunt/jaffle-shop-template,ebunt__jaffle-shop-template,https://github.com/ebunt/jaffle-shop-template,S3_code,0,,177,13,1,2026-07-21T15:35:40Z,2026-07-23T20:20:04Z,excluded,not screened in,"P4 0.1 months between creation and last push, below 12"
echav95/dbt_relearn,echav95__dbt_relearn,https://github.com/echav95/dbt_relearn,S3_code,0,,216,24,1,2024-08-11T22:02:15Z,2026-05-08T14:40:52Z,passed,in corpus,
ecos-labs/ecos,ecos-labs__ecos,https://github.com/ecos-labs/ecos,S2_topic_dbt;S3_code,23,Apache-2.0,9,,,2025-11-30T16:50:36Z,2025-12-11T05:34:15Z,excluded,not screened in,"P3 9 commits on the default branch, below 40"
edanalytics/dbt_synth_data,edanalytics__dbt_synth_data,https://github.com/edanalytics/dbt_synth_data,S3_code,8,Apache-2.0,182,0,1,2022-09-14T21:41:50Z,2026-06-03T18:01:38Z,passed,"extracted, excluded","only 3 monthly snapshots, below the 12 minimum"
edanalytics/edu_edfi_source,edanalytics__edu_edfi_source,https://github.com/edanalytics/edu_edfi_source,S3_code,10,NOASSERTION,195,308,1,2022-11-03T22:52:10Z,2026-08-04T18:42:43Z,passed,in corpus,
edanalytics/edu_ext_oneroster,edanalytics__edu_ext_oneroster,https://github.com/edanalytics/edu_ext_oneroster,S3_code,1,NOASSERTION,82,13,1,2023-05-26T20:31:12Z,2026-04-30T20:14:22Z,passed,in corpus,
edanalytics/edu_project_template,edanalytics__edu_project_template,https://github.com/edanalytics/edu_project_template,S3_code,7,NOASSERTION,46,0,1,2022-11-04T00:40:04Z,2026-07-23T15:55:41Z,passed,"extracted, excluded",every sampled commit yielded zero models
edanalytics/edu_wh,edanalytics__edu_wh,https://github.com/edanalytics/edu_wh,S3_code,18,NOASSERTION,233,130,1,2022-11-04T01:06:56Z,2026-08-04T17:53:08Z,passed,in corpus,
eddievanbogaert/snowflake-medallion,eddievanbogaert__snowflake-medallion,https://github.com/eddievanbogaert/snowflake-medallion,S3_code,0,,10,,,2026-02-23T17:11:54Z,2026-07-08T00:50:33Z,excluded,not screened in,"P3 10 commits on the default branch, below 40"
edgarrmondragon/meltano-dogfood,edgarrmondragon__meltano-dogfood,https://github.com/edgarrmondragon/meltano-dogfood,S2_topic_dbt,8,,713,4,1,2022-05-06T04:08:27Z,2026-07-18T18:35:09Z,passed,"extracted, excluded","only 8 monthly snapshots, below the 12 minimum"
edgarts/data-warehousing,edgarts__data-warehousing,https://github.com/edgarts/data-warehousing,S3_code,0,BSD-3-Clause,12,,,2024-06-26T00:43:04Z,2024-07-28T16:32:25Z,excluded,not screened in,"P3 12 commits on the default branch, below 40"
ediney-magalhaes/gov-datalake-analytics,ediney-magalhaes__gov-datalake-analytics,https://github.com/ediney-magalhaes/gov-datalake-analytics,S2_topic_analytics-engineering;S2_topic_dbt,1,,139,16,2,2026-02-08T20:42:44Z,2026-08-03T15:59:14Z,excluded,not screened in,"P4 5.7 months between creation and last push, below 12"
edingbrugh/doris,edingbrugh__doris,https://github.com/edingbrugh/doris,S3_code,1,Apache-2.0,5787,0,1,2022-10-27T03:23:26Z,2022-10-27T03:33:46Z,excluded,not screened in,"P4 0.0 months between creation and last push, below 12"
edtbl76/weyland-lab,edtbl76__weyland-lab,https://github.com/edtbl76/weyland-lab,S3_code,0,,1044,10,1,2026-06-04T12:44:08Z,2026-08-04T20:43:25Z,excluded,not screened in,"P4 2.0 months between creation and last push, below 12"
eduardocornelsen/eduardocornelsen,eduardocornelsen__eduardocornelsen,https://github.com/eduardocornelsen/eduardocornelsen,S2_topic_analytics-engineering;S2_topic_dbt,1,,257,0,0,2025-10-25T02:22:47Z,2026-08-04T01:44:27Z,excluded,not screened in,"P4 9.3 months between creation and last push, below 12"
eduardocornelsen/full-funnel-ai-analytics,eduardocornelsen__full-funnel-ai-analytics,https://github.com/eduardocornelsen/full-funnel-ai-analytics,S2_topic_dbt-core,18,MIT,188,30,1,2026-03-15T13:03:47Z,2026-08-04T08:21:46Z,excluded,not screened in,"P4 4.6 months between creation and last push, below 12"
edwinweber/dbt_duckdb_demo_public,edwinweber__dbt_duckdb_demo_public,https://github.com/edwinweber/dbt_duckdb_demo_public,S2_topic_dbt;S3_code,44,MIT,41,129,1,2026-03-18T18:33:15Z,2026-07-09T06:25:37Z,excluded,not screened in,"P4 3.7 months between creation and last push, below 12"
edx/snowflake_timetravel_table,edx__snowflake_timetravel_table,https://github.com/edx/snowflake_timetravel_table,S3_code,22,Apache-2.0,19,,,2021-03-03T18:02:21Z,2026-01-12T06:31:00Z,excluded,not screened in,"P3 19 commits on the default branch, below 40"
edxhayter/dbt_jinja_union,edxhayter__dbt_jinja_union,https://github.com/edxhayter/dbt_jinja_union,S3_code,0,,9,,,2024-11-25T15:39:44Z,2024-11-26T16:52:28Z,excluded,not screened in,"P3 9 commits on the default branch, below 40"
eeliskab/gz-dbt-repository,eeliskab__gz-dbt-repository,https://github.com/eeliskab/gz-dbt-repository,S3_code,0,,23,,,2024-01-09T10:42:53Z,2024-01-10T15:28:04Z,excluded,not screened in,"P3 23 commits on the default branch, below 40"
eeriqq/andmeinseneeria-elering,eeriqq__andmeinseneeria-elering,https://github.com/eeriqq/andmeinseneeria-elering,S3_code,0,,49,5,1,2026-05-16T10:28:06Z,2026-06-07T20:34:24Z,excluded,not screened in,"P4 0.7 months between creation and last push, below 12"
egafdharmawan/DBT_Dagster,egafdharmawan__DBT_Dagster,https://github.com/egafdharmawan/DBT_Dagster,S3_code,2,,2,,,2024-05-22T04:57:05Z,2024-05-22T05:09:32Z,excluded,not screened in,"P3 2 commits on the default branch, below 40"
egalantebrightspot/optimization-and-forecasting-models,egalantebrightspot__optimization-and-forecasting-models,https://github.com/egalantebrightspot/optimization-and-forecasting-models,S2_topic_analytics-engineering,1,,8,,,2026-03-09T16:23:24Z,2026-03-09T19:26:21Z,excluded,not screened in,"P3 8 commits on the default branch, below 40"
egor501123/dbt_airflow-,egor501123__dbt_airflow-,https://github.com/egor501123/dbt_airflow-,S3_code,0,,4,,,2023-09-29T10:52:42Z,2023-09-29T10:59:47Z,excluded,not screened in,"P3 4 commits on the default branch, below 40"
ehmadzubair/airbyte-github-connection-task,ehmadzubair__airbyte-github-connection-task,https://github.com/ehmadzubair/airbyte-github-connection-task,S3_code,0,NOASSERTION,4955,0,6,2022-02-28T07:29:40Z,2022-03-13T19:12:31Z,excluded,not screened in,"P4 0.4 months between creation and last push, below 12"
eikehirsch/northwind-indicium-academy,eikehirsch__northwind-indicium-academy,https://github.com/eikehirsch/northwind-indicium-academy,S3_code,0,,10,,,2025-06-06T16:19:23Z,2025-06-10T20:53:34Z,excluded,not screened in,"P3 10 commits on the default branch, below 40"
eitsupi/dlin,eitsupi__dlin,https://github.com/eitsupi/dlin,S2_topic_dbt;S2_topic_dbt-core,12,MIT,270,9,2,2026-03-05T12:54:21Z,2026-08-05T00:58:08Z,excluded,not screened in,"P4 5.0 months between creation and last push, below 12"
ekai-ai/novacom-churn-matrix,ekai-ai__novacom-churn-matrix,https://github.com/ekai-ai/novacom-churn-matrix,S3_code,0,,17,,,2025-01-23T20:32:57Z,2025-06-10T06:28:53Z,excluded,not screened in,"P3 17 commits on the default branch, below 40"
elastic/gcp_observability_dbt,elastic__gcp_observability_dbt,https://github.com/elastic/gcp_observability_dbt,S3_code,0,Apache-2.0,10,,,2023-09-29T16:19:22Z,2025-02-06T07:14:48Z,excluded,not screened in,"P3 10 commits on the default branch, below 40"
elementary-data/dbt-data-reliability,elementary-data__dbt-data-reliability,https://github.com/elementary-data/dbt-data-reliability,S2_topic_analytics-engineering;S2_topic_dbt,520,Apache-2.0,3534,30,1,2022-01-09T13:15:45Z,2026-08-04T06:22:21Z,passed,in corpus,
elementary-data/elementary,elementary-data__elementary,https://github.com/elementary-data/elementary,S2_topic_dbt,2383,Apache-2.0,5722,35,3,2021-08-30T08:45:23Z,2026-08-02T03:05:53Z,passed,in corpus,
elementary-data/elementary-tutorial,elementary-data__elementary-tutorial,https://github.com/elementary-data/elementary-tutorial,S3_code,11,Apache-2.0,4122,7,1,2022-10-24T08:09:41Z,2026-08-05T00:43:37Z,passed,"extracted, excluded","only 5 monthly snapshots, below the 12 minimum"
elevata-labs/elevata,elevata-labs__elevata,https://github.com/elevata-labs/elevata,S2_topic_analytics-engineering,4,NOASSERTION,88,0,0,2025-10-06T06:12:23Z,2026-08-01T05:47:21Z,excluded,not screened in,"P4 9.8 months between creation and last push, below 12"
elhajjaji/dbt-benefit,elhajjaji__dbt-benefit,https://github.com/elhajjaji/dbt-benefit,S3_code,0,,2,,,2026-07-02T15:01:28Z,2026-07-03T07:34:36Z,excluded,not screened in,"P3 2 commits on the default branch, below 40"
elhussienysabry/retailflow-pipeline,elhussienysabry__retailflow-pipeline,https://github.com/elhussienysabry/retailflow-pipeline,S3_code,1,,69,9,4,2026-07-04T19:40:09Z,2026-07-21T16:11:31Z,excluded,not screened in,"P4 0.5 months between creation and last push, below 12"
elitongadotti/dtc-dataengineer-final-project,elitongadotti__dtc-dataengineer-final-project,https://github.com/elitongadotti/dtc-dataengineer-final-project,S2_topic_dbt,1,,96,2,1,2023-03-01T10:08:08Z,2023-04-07T16:13:30Z,excluded,not screened in,"P4 1.2 months between creation and last push, below 12"
elladang/NYC_Taxi_Rides_Pipeline,elladang__NYC_Taxi_Rides_Pipeline,https://github.com/elladang/NYC_Taxi_Rides_Pipeline,S2_topic_dbt,1,,14,,,2025-04-12T05:33:47Z,2025-04-17T03:44:53Z,excluded,not screened in,"P3 14 commits on the default branch, below 40"
elliepsc/idfm-analytics-dataops,elliepsc__idfm-analytics-dataops,https://github.com/elliepsc/idfm-analytics-dataops,S3_code,1,,184,42,1,2026-02-01T20:47:54Z,2026-04-16T14:57:09Z,excluded,not screened in,"P4 2.4 months between creation and last push, below 12"
elocmd/cas__final,elocmd__cas__final,https://github.com/elocmd/cas__final,S3_code,0,,3,,,2024-11-14T17:12:57Z,2025-06-11T09:52:19Z,excluded,not screened in,"P3 3 commits on the default branch, below 40"
elvarlax/retail-analytics,elvarlax__retail-analytics,https://github.com/elvarlax/retail-analytics,S2_topic_dbt,1,,10,,,2026-02-24T16:08:25Z,2026-03-06T15:56:18Z,excluded,not screened in,"P3 10 commits on the default branch, below 40"
emacha/dbt-oracle-adapter,emacha__dbt-oracle-adapter,https://github.com/emacha/dbt-oracle-adapter,S3_code,1,,87,6,2,2021-03-27T09:55:31Z,2021-04-07T18:44:43Z,excluded,not screened in,"P4 0.4 months between creation and last push, below 12"
eman-cickusic/dbt-airflow-analytics-platform,eman-cickusic__dbt-airflow-analytics-platform,https://github.com/eman-cickusic/dbt-airflow-analytics-platform,S3_code,0,,5,,,2025-10-05T09:18:01Z,2025-11-11T21:53:21Z,excluded,not screened in,"P3 5 commits on the default branch, below 40"
embold-health/dbt-azuresynapse,embold-health__dbt-azuresynapse,https://github.com/embold-health/dbt-azuresynapse,S3_code,6,Apache-2.0,18,,,2020-07-30T14:10:31Z,2020-11-16T21:43:18Z,excluded,not screened in,"P3 18 commits on the default branch, below 40"
emilyriederer/dbt-convo-covid,emilyriederer__dbt-convo-covid,https://github.com/emilyriederer/dbt-convo-covid,S2_topic_dbt,9,,11,,,2021-02-02T14:17:47Z,2022-09-03T19:46:46Z,excluded,not screened in,"P3 11 commits on the default branch, below 40"
emilyriederer/dbtplyr,emilyriederer__dbtplyr,https://github.com/emilyriederer/dbtplyr,S2_topic_dbt;S3_code,146,Apache-2.0,112,0,1,2021-02-06T00:40:16Z,2024-08-22T23:54:37Z,passed,"extracted, excluded",every sampled commit yielded zero models
eminerdeger/opsflow-ai,eminerdeger__opsflow-ai,https://github.com/eminerdeger/opsflow-ai,S2_topic_analytics-engineering;S2_topic_dbt,1,MIT,10,,,2026-07-03T16:24:04Z,2026-07-03T23:15:17Z,excluded,not screened in,"P3 10 commits on the default branch, below 40"
emmahunt/ds-test,emmahunt__ds-test,https://github.com/emmahunt/ds-test,S3_code,0,,18,,,2023-02-18T15:52:09Z,2023-02-18T15:56:03Z,excluded,not screened in,"P3 18 commits on the default branch, below 40"
emmanuelnischaygapti/retail-elt-platform,emmanuelnischaygapti__retail-elt-platform,https://github.com/emmanuelnischaygapti/retail-elt-platform,S3_code,0,,6,,,2026-06-23T16:46:49Z,2026-06-23T17:11:28Z,excluded,not screened in,"P3 6 commits on the default branch, below 40"
emreceliki/nyc-taxi-data-platform,emreceliki__nyc-taxi-data-platform,https://github.com/emreceliki/nyc-taxi-data-platform,S2_topic_analytics-engineering,1,MIT,6,,,2026-03-07T16:35:35Z,2026-03-10T05:17:53Z,excluded,not screened in,"P3 6 commits on the default branch, below 40"
emtinanseo/Traffic-Data-Warehousing,emtinanseo__Traffic-Data-Warehousing,https://github.com/emtinanseo/Traffic-Data-Warehousing,S2_topic_dbt,2,MIT,53,4,1,2022-09-21T17:18:30Z,2023-12-26T20:18:23Z,passed,"extracted, excluded","only 1 monthly snapshots, below the 12 minimum"
emudamah0906/polaris-claims-lakehouse,emudamah0906__polaris-claims-lakehouse,https://github.com/emudamah0906/polaris-claims-lakehouse,S2_topic_dbt,1,MIT,4,,,2026-05-15T00:55:12Z,2026-06-29T13:54:13Z,excluded,not screened in,"P3 4 commits on the default branch, below 40"
engelanna/airflow_demon_summoning,engelanna__airflow_demon_summoning,https://github.com/engelanna/airflow_demon_summoning,S3_code,0,,58,8,1,2023-06-08T21:31:54Z,2025-02-14T01:42:00Z,passed,"extracted, excluded","only 1 monthly snapshots, below the 12 minimum"
englikhong/m2-olist,englikhong__m2-olist,https://github.com/englikhong/m2-olist,S3_code,0,,47,66,6,2026-03-14T16:03:08Z,2026-03-30T01:54:47Z,excluded,not screened in,"P4 0.5 months between creation and last push, below 12"
engrqamarudeen/analytics-project,engrqamarudeen__analytics-project,https://github.com/engrqamarudeen/analytics-project,S3_code,0,,31,,,2025-07-24T16:26:01Z,2025-09-24T05:37:23Z,excluded,not screened in,"P3 31 commits on the default branch, below 40"
entechlog/dbt-examples,entechlog__dbt-examples,https://github.com/entechlog/dbt-examples,S3_code,23,MIT,84,68,9,2021-01-19T05:43:19Z,2025-10-06T05:19:53Z,passed,"extracted, excluded","only 11 monthly snapshots, below the 12 minimum"
entechlog/dbt-snow-mask,entechlog__dbt-snow-mask,https://github.com/entechlog/dbt-snow-mask,S3_code,70,GPL-3.0,46,0,1,2021-06-05T08:08:05Z,2026-03-15T06:31:52Z,passed,"extracted, excluded",no commits touch any declared model path
entechlog/dbt-snow-utils,entechlog__dbt-snow-utils,https://github.com/entechlog/dbt-snow-utils,S3_code,7,GPL-3.0,32,,,2022-03-21T04:43:15Z,2024-03-05T03:56:52Z,excluded,not screened in,"P3 32 commits on the default branch, below 40"
entechlog/dbt-snowpipe-utils,entechlog__dbt-snowpipe-utils,https://github.com/entechlog/dbt-snowpipe-utils,S3_code,0,MIT,14,,,2025-09-05T21:38:10Z,2025-09-16T20:51:16Z,excluded,not screened in,"P3 14 commits on the default branch, below 40"
entechlog/superset-examples,entechlog__superset-examples,https://github.com/entechlog/superset-examples,S3_code,0,GPL-3.0,5,,,2021-05-23T05:01:29Z,2026-03-16T02:05:39Z,excluded,not screened in,"P3 5 commits on the default branch, below 40"
entrepreneurial-cabinetminister913/harness-engineering,entrepreneurial-cabinetminister913__harness-engineering,https://github.com/entrepreneurial-cabinetminister913/harness-engineering,S2_topic_analytics-engineering,1,MIT,25,,,2026-03-23T19:53:11Z,2026-07-27T10:43:29Z,excluded,not screened in,"P3 25 commits on the default branch, below 40"
ep-infosec/30_oracle_dbt-oracle,ep-infosec__30_oracle_dbt-oracle,https://github.com/ep-infosec/30_oracle_dbt-oracle,S3_code,0,Apache-2.0,1,,,2022-12-10T14:03:08Z,2022-12-10T14:03:13Z,excluded,not screened in,"P3 1 commits on the default branch, below 40"
ep-infosec/33_apache_doris,ep-infosec__33_apache_doris,https://github.com/ep-infosec/33_apache_doris,S3_code,0,Apache-2.0,1,,,2022-12-11T10:48:52Z,2022-12-11T10:49:29Z,excluded,not screened in,"P3 1 commits on the default branch, below 40"
ep-infosec/33_apache_hudi,ep-infosec__33_apache_hudi,https://github.com/ep-infosec/33_apache_hudi,S3_code,0,Apache-2.0,1,,,2022-12-11T07:00:48Z,2022-12-11T07:01:04Z,excluded,not screened in,"P3 1 commits on the default branch, below 40"
erc83/dbt_lear_eric,erc83__dbt_lear_eric,https://github.com/erc83/dbt_lear_eric,S3_code,0,,12,,,2024-01-15T02:50:33Z,2024-01-25T02:59:40Z,excluded,not screened in,"P3 12 commits on the default branch, below 40"
ergest/sql_patterns,ergest__sql_patterns,https://github.com/ergest/sql_patterns,S3_code,23,GPL-3.0,20,,,2024-06-05T12:47:51Z,2024-10-03T00:27:38Z,excluded,not screened in,"P3 20 commits on the default branch, below 40"
ericg1212/agentic-rcm-pipeline,ericg1212__agentic-rcm-pipeline,https://github.com/ericg1212/agentic-rcm-pipeline,S2_topic_dbt,1,NOASSERTION,86,8,1,2026-06-15T18:40:18Z,2026-08-01T00:37:15Z,excluded,not screened in,"P4 1.5 months between creation and last push, below 12"
ericg1212/ai-healthcare-pipeline,ericg1212__ai-healthcare-pipeline,https://github.com/ericg1212/ai-healthcare-pipeline,S2_topic_dbt,1,,91,6,1,2026-05-11T17:15:49Z,2026-08-01T21:09:21Z,excluded,not screened in,"P4 2.7 months between creation and last push, below 12"
ericg1212/healthcare-claims-pipeline,ericg1212__healthcare-claims-pipeline,https://github.com/ericg1212/healthcare-claims-pipeline,S2_topic_dbt,1,,83,12,1,2026-04-06T19:47:43Z,2026-08-01T14:58:47Z,excluded,not screened in,"P4 3.8 months between creation and last push, below 12"
ericklcl/decision-poc-oscar,ericklcl__decision-poc-oscar,https://github.com/ericklcl/decision-poc-oscar,S3_code,0,,28,,,2025-12-23T14:56:35Z,2026-01-08T19:26:58Z,excluded,not screened in,"P3 28 commits on the default branch, below 40"
erikroa/nova-customer-intelligence,erikroa__nova-customer-intelligence,https://github.com/erikroa/nova-customer-intelligence,S2_topic_dbt,1,,33,,,2026-02-16T13:08:54Z,2026-05-28T21:36:19Z,excluded,not screened in,"P3 33 commits on the default branch, below 40"
esadek/mini-mds,esadek__mini-mds,https://github.com/esadek/mini-mds,S2_topic_dbt;S3_code,19,MIT,36,,,2024-09-28T21:27:16Z,2025-04-07T06:31:16Z,excluded,not screened in,"P3 36 commits on the default branch, below 40"
esagduyu/labrat,esagduyu__labrat,https://github.com/esagduyu/labrat,S2_topic_dbt,6,,761,0,0,2026-05-23T19:43:29Z,2026-08-04T05:50:58Z,excluded,not screened in,"P4 2.4 months between creation and last push, below 12"
esraa-ehab/Raqib-Healthcare-Data-Intelligence-Platform,esraa-ehab__Raqib-Healthcare-Data-Intelligence-Platform,https://github.com/esraa-ehab/Raqib-Healthcare-Data-Intelligence-Platform,S3_code,3,,125,31,1,2026-05-07T15:16:47Z,2026-06-10T00:58:44Z,excluded,not screened in,"P4 1.1 months between creation and last push, below 12"
estevaoguerra19/ci-cd-dbt-snowflake,estevaoguerra19__ci-cd-dbt-snowflake,https://github.com/estevaoguerra19/ci-cd-dbt-snowflake,S3_code,0,,12,,,2025-04-10T11:57:51Z,2025-04-10T12:01:43Z,excluded,not screened in,"P3 12 commits on the default branch, below 40"
estie-inc/dbt_snowflake_ml,estie-inc__dbt_snowflake_ml,https://github.com/estie-inc/dbt_snowflake_ml,S3_code,11,MIT,9,,,2025-02-10T07:01:11Z,2025-02-18T09:19:58Z,excluded,not screened in,"P3 9 commits on the default branch, below 40"
eswar004/aws_dbt_snowflake_project,eswar004__aws_dbt_snowflake_project,https://github.com/eswar004/aws_dbt_snowflake_project,S2_topic_dbt,2,,5,,,2026-01-23T18:29:51Z,2026-02-04T03:54:39Z,excluded,not screened in,"P3 5 commits on the default branch, below 40"
euanjohnston-dev/idealista_dbt_pipeline,euanjohnston-dev__idealista_dbt_pipeline,https://github.com/euanjohnston-dev/idealista_dbt_pipeline,S3_code,1,,40,16,1,2023-11-17T14:40:46Z,2023-12-12T16:15:16Z,excluded,not screened in,"P4 0.8 months between creation and last push, below 12"
euvhmac/elt-pipeline-aws-medallion,euvhmac__elt-pipeline-aws-medallion,https://github.com/euvhmac/elt-pipeline-aws-medallion,S3_code,0,MIT,20,,,2026-04-21T14:10:48Z,2026-06-02T11:26:55Z,excluded,not screened in,"P3 20 commits on the default branch, below 40"
evans-nyang/dbt-postgres,evans-nyang__dbt-postgres,https://github.com/evans-nyang/dbt-postgres,S3_code,0,MIT,62,8,1,2023-05-31T14:52:53Z,2023-07-12T16:52:29Z,excluded,not screened in,"P4 1.4 months between creation and last push, below 12"
evans-nyang/healthcare-facilities,evans-nyang__healthcare-facilities,https://github.com/evans-nyang/healthcare-facilities,S3_code,0,MIT,151,11,1,2024-05-13T17:08:19Z,2026-04-14T15:16:40Z,passed,"extracted, excluded","only 1 monthly snapshots, below the 12 minimum"
even-wei/mds_dashboard,even-wei__mds_dashboard,https://github.com/even-wei/mds_dashboard,S3_code,0,,23,,,2023-09-30T03:48:24Z,2023-11-11T02:22:32Z,excluded,not screened in,"P3 23 commits on the default branch, below 40"
everpeace/dbt-models-metadata,everpeace__dbt-models-metadata,https://github.com/everpeace/dbt-models-metadata,S3_code,16,MIT,33,,,2022-06-08T07:39:17Z,2023-03-31T21:35:54Z,excluded,not screened in,"P3 33 commits on the default branch, below 40"
evgeniimatveev/olist-e-commerce-analytics,evgeniimatveev__olist-e-commerce-analytics,https://github.com/evgeniimatveev/olist-e-commerce-analytics,S2_topic_analytics-engineering;S2_topic_dbt,7,,17,,,2026-05-24T22:22:37Z,2026-05-31T04:54:17Z,excluded,not screened in,"P3 17 commits on the default branch, below 40"
evidence-dev/evidence,evidence-dev__evidence,https://github.com/evidence-dev/evidence,S2_topic_dbt,6816,MIT,9956,0,0,2021-05-27T03:50:19Z,2026-02-18T20:43:42Z,passed,"extracted, excluded",no dbt_project.yml found anywhere on the first-parent history
evolvconsulting/coco_sdlc_hol,evolvconsulting__coco_sdlc_hol,https://github.com/evolvconsulting/coco_sdlc_hol,S3_code,1,,403,24,1,2026-02-28T01:20:09Z,2026-08-05T00:38:06Z,excluded,not screened in,"P4 5.2 months between creation and last push, below 12"
exasol-labs/exa-jaffle-shop,exasol-labs__exa-jaffle-shop,https://github.com/exasol-labs/exa-jaffle-shop,S2_topic_dbt-core,1,NOASSERTION,30,,,2026-05-28T15:28:22Z,2026-06-03T18:22:33Z,excluded,not screened in,"P3 30 commits on the default branch, below 40"
exasol/dbt-exasol,exasol__dbt-exasol,https://github.com/exasol/dbt-exasol,S3_code,27,Apache-2.0,236,1,2,2019-07-08T22:36:29Z,2026-08-04T14:36:19Z,passed,"extracted, excluded","only 1 monthly snapshots, below the 12 minimum"
exasol/dbt-exasol-utils,exasol__dbt-exasol-utils,https://github.com/exasol/dbt-exasol-utils,S3_code,0,MIT,6,,,2025-11-04T13:33:37Z,2026-03-31T09:34:23Z,excluded,not screened in,"P3 6 commits on the default branch, below 40"
exefncs2/demo_2023_10,exefncs2__demo_2023_10,https://github.com/exefncs2/demo_2023_10,S3_code,0,,7,,,2023-10-02T08:04:21Z,2024-05-17T06:51:52Z,excluded,not screened in,"P3 7 commits on the default branch, below 40"
exmergo/dex,exmergo__dex,https://github.com/exmergo/dex,S2_topic_analytics-engineering;S2_topic_dbt,17,Apache-2.0,99,0,0,2026-06-23T16:37:57Z,2026-08-04T05:27:31Z,excluded,not screened in,"P4 1.3 months between creation and last push, below 12"
extricatrianz/dbt-extrica,extricatrianz__dbt-extrica,https://github.com/extricatrianz/dbt-extrica,S3_code,1,,10,,,2023-12-08T05:26:40Z,2023-12-19T05:19:27Z,excluded,not screened in,"P3 10 commits on the default branch, below 40"
fabioargoncalves/ProLync,fabioargoncalves__ProLync,https://github.com/fabioargoncalves/ProLync,S3_code,0,,4,,,2026-03-05T18:26:22Z,2026-03-05T22:08:09Z,excluded,not screened in,"P3 4 commits on the default branch, below 40"
fabiofachini/receita-federal,fabiofachini__receita-federal,https://github.com/fabiofachini/receita-federal,S3_code,11,MIT,83,45,1,2023-04-16T17:25:52Z,2026-03-06T13:03:02Z,passed,"extracted, excluded","only 7 monthly snapshots, below the 12 minimum"
fabiomarcolia/data-engineering-fundamentals,fabiomarcolia__data-engineering-fundamentals,https://github.com/fabiomarcolia/data-engineering-fundamentals,S2_topic_dbt,6,,2,,,2026-04-27T18:19:43Z,2026-04-27T19:30:23Z,excluded,not screened in,"P3 2 commits on the default branch, below 40"
fabiorod20/indcium-academy-0724,fabiorod20__indcium-academy-0724,https://github.com/fabiorod20/indcium-academy-0724,S3_code,0,,6,,,2024-07-11T22:17:30Z,2024-07-16T18:28:43Z,excluded,not screened in,"P3 6 commits on the default branch, below 40"
fabiosoares/birdbase,fabiosoares__birdbase,https://github.com/fabiosoares/birdbase,S3_code,0,,69,17,1,2025-10-31T01:19:02Z,2026-03-26T20:49:51Z,excluded,not screened in,"P4 4.8 months between creation and last push, below 12"
fabrice-etanchaud/dbt-dremio,fabrice-etanchaud__dbt-dremio,https://github.com/fabrice-etanchaud/dbt-dremio,S2_topic_dbt,48,Apache-2.0,134,0,1,2020-09-13T08:10:31Z,2022-10-15T12:15:36Z,passed,"extracted, excluded",no commits touch any declared model path
fabriq-labs/fabriq-platform,fabriq-labs__fabriq-platform,https://github.com/fabriq-labs/fabriq-platform,S3_code,6,Apache-2.0,76,146,3,2023-07-11T03:37:42Z,2024-04-12T09:25:25Z,excluded,not screened in,"P4 9.1 months between creation and last push, below 12"
fadodo/gz-dbt-repository,fadodo__gz-dbt-repository,https://github.com/fadodo/gz-dbt-repository,S3_code,0,,66,15,1,2025-02-11T09:29:47Z,2025-02-12T16:49:56Z,excluded,not screened in,"P4 0.0 months between creation and last push, below 12"
fagrahmed/dbt-core-extract,fagrahmed__dbt-core-extract,https://github.com/fagrahmed/dbt-core-extract,S3_code,0,,18,,,2024-07-29T11:25:42Z,2024-09-14T10:50:35Z,excluded,not screened in,"P3 18 commits on the default branch, below 40"
fahernkhan/airbyte-aws-analytics,fahernkhan__airbyte-aws-analytics,https://github.com/fahernkhan/airbyte-aws-analytics,S3_code,0,,10,,,2025-06-09T09:38:43Z,2025-07-01T15:18:56Z,excluded,not screened in,"P3 10 commits on the default branch, below 40"
faizpuad/DataEngineeringProject-ScalableOlapSystemForCreditCradTransaction,faizpuad__DataEngineeringProject-ScalableOlapSystemForCreditCradTransaction,https://github.com/faizpuad/DataEngineeringProject-ScalableOlapSystemForCreditCradTransaction,S2_topic_dbt;S2_topic_dbt-core,26,,9,,,2024-10-21T13:43:03Z,2024-10-24T05:29:46Z,excluded,not screened in,"P3 9 commits on the default branch, below 40"
fal-ai/dbt-cloud-action,fal-ai__dbt-cloud-action,https://github.com/fal-ai/dbt-cloud-action,S2_topic_dbt,26,Apache-2.0,55,0,0,2022-01-11T09:55:11Z,2024-01-31T12:23:26Z,passed,"extracted, excluded",no dbt_project.yml found anywhere on the first-parent history
fal-ai/dbt-datafusion,fal-ai__dbt-datafusion,https://github.com/fal-ai/dbt-datafusion,S3_code,9,,3,,,2022-09-23T21:22:54Z,2022-09-23T21:23:52Z,excluded,not screened in,"P3 3 commits on the default branch, below 40"
fal-ai/dbt-fal,fal-ai__dbt-fal,https://github.com/fal-ai/dbt-fal,S2_topic_dbt,853,Apache-2.0,860,66,18,2021-01-24T21:54:04Z,2024-04-05T23:29:06Z,passed,"extracted, excluded","only 6 monthly snapshots, below the 12 minimum"
fal-ai/dbt_fal_ml_example,fal-ai__dbt_fal_ml_example,https://github.com/fal-ai/dbt_fal_ml_example,S3_code,8,,18,,,2023-03-07T16:57:46Z,2023-05-10T06:56:39Z,excluded,not screened in,"P3 18 commits on the default branch, below 40"
fal-ai/dbt_feature_store,fal-ai__dbt_feature_store,https://github.com/fal-ai/dbt_feature_store,S2_topic_dbt;S3_code,39,,36,,,2022-02-11T14:07:30Z,2022-12-16T14:08:38Z,excluded,not screened in,"P3 36 commits on the default branch, below 40"
fal-ai/dbt_feature_store_example,fal-ai__dbt_feature_store_example,https://github.com/fal-ai/dbt_feature_store_example,S3_code,3,,26,,,2021-12-28T22:24:03Z,2022-02-14T18:15:12Z,excluded,not screened in,"P3 26 commits on the default branch, below 40"
fal-ai/fal_bike_example,fal-ai__fal_bike_example,https://github.com/fal-ai/fal_bike_example,S2_topic_dbt,4,,1,,,2022-07-26T17:22:40Z,2023-03-21T21:31:58Z,excluded,not screened in,"P3 1 commits on the default branch, below 40"
fal-ai/fal_dbt_examples,fal-ai__fal_dbt_examples,https://github.com/fal-ai/fal_dbt_examples,S2_topic_dbt,22,,49,7,1,2021-10-22T06:44:19Z,2022-04-27T15:48:25Z,excluded,not screened in,"P4 6.1 months between creation and last push, below 12"
fanjingwenvi/user-behavior-analysis,fanjingwenvi__user-behavior-analysis,https://github.com/fanjingwenvi/user-behavior-analysis,S2_topic_dbt,1,MIT,25,,,2022-06-24T21:23:28Z,2025-12-09T20:24:11Z,excluded,not screened in,"P3 25 commits on the default branch, below 40"
faranbutt/Data-Engineering-Capstone-Project,faranbutt__Data-Engineering-Capstone-Project,https://github.com/faranbutt/Data-Engineering-Capstone-Project,S2_topic_dbt,1,,8,,,2024-04-01T17:04:36Z,2024-04-19T10:09:08Z,excluded,not screened in,"P3 8 commits on the default branch, below 40"
farrux05-ai/lead-to-account,farrux05-ai__lead-to-account,https://github.com/farrux05-ai/lead-to-account,S3_code,0,,16,,,2026-04-15T10:57:47Z,2026-04-17T15:06:37Z,excluded,not screened in,"P3 16 commits on the default branch, below 40"
fcbgituser/Fcbrepo,fcbgituser__Fcbrepo,https://github.com/fcbgituser/Fcbrepo,S3_code,0,,94,56,1,2025-08-06T07:48:38Z,2025-09-25T12:25:09Z,excluded,not screened in,"P4 1.6 months between creation and last push, below 12"
fdileta/gitlab-dbt-project,fdileta__gitlab-dbt-project,https://github.com/fdileta/gitlab-dbt-project,S3_code,1,NOASSERTION,32268,2428,1,2023-01-16T17:22:42Z,2023-01-16T18:31:28Z,excluded,not screened in,"P4 0.0 months between creation and last push, below 12"
federicofavero/dbt-labs-dbt-core,federicofavero__dbt-labs-dbt-core,https://github.com/federicofavero/dbt-labs-dbt-core,S3_code,0,Apache-2.0,5363,2007,22,2025-05-30T13:13:32Z,2025-05-30T13:16:16Z,excluded,not screened in,"P4 0.0 months between creation and last push, below 12"
fegvilela/simple-dbt-example,fegvilela__simple-dbt-example,https://github.com/fegvilela/simple-dbt-example,S2_topic_dbt,1,,1,,,2021-07-11T19:55:03Z,2021-07-11T19:55:23Z,excluded,not screened in,"P3 1 commits on the default branch, below 40"
feldera/feldera,feldera__feldera,https://github.com/feldera/feldera,S3_code,2025,NOASSERTION,8512,0,1,2023-05-11T19:57:19Z,2026-08-05T01:09:25Z,passed,"extracted, excluded",no commits touch any declared model path
felipeandrade91/Customer-Analytics-for-Brazilian-E-commerce,felipeandrade91__Customer-Analytics-for-Brazilian-E-commerce,https://github.com/felipeandrade91/Customer-Analytics-for-Brazilian-E-commerce,S2_topic_analytics-engineering,1,,3,,,2026-07-17T19:13:20Z,2026-07-29T18:49:47Z,excluded,not screened in,"P3 3 commits on the default branch, below 40"
felipeandrade91/Data-Analytics-Portfolio,felipeandrade91__Data-Analytics-Portfolio,https://github.com/felipeandrade91/Data-Analytics-Portfolio,S2_topic_analytics-engineering,1,,5,,,2026-07-17T19:39:57Z,2026-08-03T20:07:24Z,excluded,not screened in,"P3 5 commits on the default branch, below 40"
felipeandrade91/customer-segmentation-clv,felipeandrade91__customer-segmentation-clv,https://github.com/felipeandrade91/customer-segmentation-clv,S2_topic_analytics-engineering,1,NOASSERTION,1,,,2026-07-29T18:45:42Z,2026-07-29T18:48:04Z,excluded,not screened in,"P3 1 commits on the default branch, below 40"
felipeversiane/jacarandaia,felipeversiane__jacarandaia,https://github.com/felipeversiane/jacarandaia,S3_code,0,,34,,,2026-04-06T19:31:30Z,2026-07-15T13:22:26Z,excluded,not screened in,"P3 34 commits on the default branch, below 40"
fellnerd/datavault-dbt,fellnerd__datavault-dbt,https://github.com/fellnerd/datavault-dbt,S3_code,0,,391,141,1,2025-12-26T22:44:17Z,2026-07-29T07:13:33Z,excluded,not screened in,"P4 7.0 months between creation and last push, below 12"
fellnerd/datavault-dbt-boilerplate,fellnerd__datavault-dbt-boilerplate,https://github.com/fellnerd/datavault-dbt-boilerplate,S3_code,0,MIT,23,,,2026-07-04T13:31:40Z,2026-07-25T11:03:45Z,excluded,not screened in,"P3 23 commits on the default branch, below 40"
feluelle/finance-data-builder,feluelle__finance-data-builder,https://github.com/feluelle/finance-data-builder,S2_topic_dbt,22,Apache-2.0,26,,,2020-10-23T09:53:05Z,2021-02-11T20:40:10Z,excluded,not screened in,"P3 26 commits on the default branch, below 40"
feluelle/great-data-building,feluelle__great-data-building,https://github.com/feluelle/great-data-building,S2_topic_dbt,8,MIT,13,,,2020-10-01T19:16:38Z,2020-12-18T16:27:24Z,excluded,not screened in,"P3 13 commits on the default branch, below 40"
ferrap/dbt_transformations_gbq,ferrap__dbt_transformations_gbq,https://github.com/ferrap/dbt_transformations_gbq,S3_code,0,,15,,,2022-09-05T12:41:43Z,2022-10-25T16:58:39Z,excluded,not screened in,"P3 15 commits on the default branch, below 40"
fgarofalo56/csa-inabox,fgarofalo56__csa-inabox,https://github.com/fgarofalo56/csa-inabox,S3_code,4,MIT,2988,153,19,2023-07-18T16:11:08Z,2026-08-05T01:32:14Z,passed,"extracted, excluded","only 1 monthly snapshots, below the 12 minimum"
findinpath/dbt_infer_deletions_in_parent_child_staging_data,findinpath__dbt_infer_deletions_in_parent_child_staging_data,https://github.com/findinpath/dbt_infer_deletions_in_parent_child_staging_data,S2_topic_dbt,1,,4,,,2021-02-17T14:43:59Z,2021-02-17T21:06:38Z,excluded,not screened in,"P3 4 commits on the default branch, below 40"
findinpath/dbt_jaffle_shop_data_mesh,findinpath__dbt_jaffle_shop_data_mesh,https://github.com/findinpath/dbt_jaffle_shop_data_mesh,S2_topic_dbt,4,Apache-2.0,1,,,2021-09-19T20:02:50Z,2021-09-19T20:04:18Z,excluded,not screened in,"P3 1 commits on the default branch, below 40"
findinpath/dbt_jaffle_shop_historized,findinpath__dbt_jaffle_shop_historized,https://github.com/findinpath/dbt_jaffle_shop_historized,S2_topic_dbt,2,,5,,,2020-11-07T22:20:31Z,2021-02-17T09:54:54Z,excluded,not screened in,"P3 5 commits on the default branch, below 40"
findinpath/dbt_match_recognize,findinpath__dbt_match_recognize,https://github.com/findinpath/dbt_match_recognize,S2_topic_dbt;S3_code,2,,1,,,2021-05-12T22:14:13Z,2021-05-12T22:20:20Z,excluded,not screened in,"P3 1 commits on the default branch, below 40"
findinpath/trino_data_mesh,findinpath__trino_data_mesh,https://github.com/findinpath/trino_data_mesh,S2_topic_dbt,8,,1,,,2021-07-03T22:24:25Z,2021-07-05T18:18:42Z,excluded,not screened in,"P3 1 commits on the default branch, below 40"
fingercuts/retail-multi-brand-data-projects,fingercuts__retail-multi-brand-data-projects,https://github.com/fingercuts/retail-multi-brand-data-projects,S2_topic_analytics-engineering;S2_topic_dbt,1,MIT,61,16,1,2025-09-15T07:17:38Z,2026-07-27T06:29:00Z,excluded,not screened in,"P4 10.3 months between creation and last push, below 12"
finn-dignan-datatonic/dbt-elt-template-demo,finn-dignan-datatonic__dbt-elt-template-demo,https://github.com/finn-dignan-datatonic/dbt-elt-template-demo,S3_code,0,,1,,,2025-05-27T14:59:07Z,2025-05-27T14:59:10Z,excluded,not screened in,"P3 1 commits on the default branch, below 40"
fionachow2016/data-quality-sentinel,fionachow2016__data-quality-sentinel,https://github.com/fionachow2016/data-quality-sentinel,S2_topic_analytics-engineering,1,,4,,,2026-08-04T22:43:30Z,2026-08-04T22:50:14Z,excluded,not screened in,"P3 4 commits on the default branch, below 40"
firdh0/Bootcamp_Dibimbing_Data-Engineering,firdh0__Bootcamp_Dibimbing_Data-Engineering,https://github.com/firdh0/Bootcamp_Dibimbing_Data-Engineering,S3_code,1,,55,8,4,2025-04-27T05:31:01Z,2025-10-28T20:31:39Z,excluded,not screened in,"P4 6.0 months between creation and last push, below 12"
firebolt-db/dbt-firebolt,firebolt-db__dbt-firebolt,https://github.com/firebolt-db/dbt-firebolt,S2_topic_dbt;S3_code,30,Apache-2.0,243,0,1,2021-10-20T18:20:18Z,2026-07-24T01:45:33Z,passed,"extracted, excluded",no commits touch any declared model path
fivetran-anthonydelacruz/dbt-tutorial,fivetran-anthonydelacruz__dbt-tutorial,https://github.com/fivetran-anthonydelacruz/dbt-tutorial,S3_code,0,,2,,,2021-07-27T17:41:46Z,2021-08-03T23:57:23Z,excluded,not screened in,"P3 2 commits on the default branch, below 40"
fivetran-mabrouk-gadri/dbt-training,fivetran-mabrouk-gadri__dbt-training,https://github.com/fivetran-mabrouk-gadri/dbt-training,S3_code,0,,2,,,2022-10-04T18:28:26Z,2022-10-24T13:52:53Z,excluded,not screened in,"P3 2 commits on the default branch, below 40"
fivetran-pavelavsenin/dbt_netsuite,fivetran-pavelavsenin__dbt_netsuite,https://github.com/fivetran-pavelavsenin/dbt_netsuite,S3_code,0,,4,,,2023-01-12T18:05:05Z,2023-01-12T18:33:12Z,excluded,not screened in,"P3 4 commits on the default branch, below 40"
fivetran-rhiannonfowler/dbt,fivetran-rhiannonfowler__dbt,https://github.com/fivetran-rhiannonfowler/dbt,S3_code,0,,3,,,2021-09-09T04:34:10Z,2022-01-17T23:18:27Z,excluded,not screened in,"P3 3 commits on the default branch, below 40"
fivetran-saraseylani/dbt-training,fivetran-saraseylani__dbt-training,https://github.com/fivetran-saraseylani/dbt-training,S3_code,0,Apache-2.0,247,19,1,2022-03-06T12:53:36Z,2022-03-06T13:04:24Z,excluded,not screened in,"P4 0.0 months between creation and last push, below 12"
fivetran-seanodriscoll/dbt,fivetran-seanodriscoll__dbt,https://github.com/fivetran-seanodriscoll/dbt,S3_code,0,,38,,,2022-10-28T14:06:24Z,2022-10-28T18:07:16Z,excluded,not screened in,"P3 38 commits on the default branch, below 40"
fivetran/dbt-language-server,fivetran__dbt-language-server,https://github.com/fivetran/dbt-language-server,S3_code,5,MIT,804,376,10,2021-03-29T13:16:33Z,2025-09-30T18:49:03Z,passed,in corpus,
fivetran/dbt_ad_reporting,fivetran__dbt_ad_reporting,https://github.com/fivetran/dbt_ad_reporting,S2_topic_dbt;S3_code,218,Apache-2.0,535,20,1,2020-08-18T19:42:45Z,2026-07-16T20:49:08Z,passed,in corpus,
fivetran/dbt_amazon_ads,fivetran__dbt_amazon_ads,https://github.com/fivetran/dbt_amazon_ads,S2_topic_dbt,8,Apache-2.0,87,30,1,2022-11-17T18:11:48Z,2026-07-16T17:40:09Z,passed,"extracted, excluded","only 6 monthly snapshots, below the 12 minimum"
fivetran/dbt_amazon_ads_source,fivetran__dbt_amazon_ads_source,https://github.com/fivetran/dbt_amazon_ads_source,S2_topic_dbt,5,Apache-2.0,80,22,1,2022-11-17T18:12:27Z,2025-10-01T00:15:05Z,passed,"extracted, excluded","only 6 monthly snapshots, below the 12 minimum"
fivetran/dbt_amazon_selling_partner,fivetran__dbt_amazon_selling_partner,https://github.com/fivetran/dbt_amazon_selling_partner,S2_topic_dbt,2,Apache-2.0,22,,,2025-01-27T15:33:27Z,2026-07-21T19:02:00Z,excluded,not screened in,"P3 22 commits on the default branch, below 40"
fivetran/dbt_amplitude,fivetran__dbt_amplitude,https://github.com/fivetran/dbt_amplitude,S2_topic_dbt;S3_code,5,Apache-2.0,205,9,1,2022-08-26T16:51:31Z,2026-07-16T17:45:45Z,passed,"extracted, excluded","peak lineage size 9 nodes, below the 10 minimum"
fivetran/dbt_amplitude_source,fivetran__dbt_amplitude_source,https://github.com/fivetran/dbt_amplitude_source,S2_topic_dbt,3,Apache-2.0,121,4,1,2022-08-26T17:25:22Z,2025-10-01T00:22:42Z,passed,"extracted, excluded","only 7 monthly snapshots, below the 12 minimum"
fivetran/dbt_app_reporting,fivetran__dbt_app_reporting,https://github.com/fivetran/dbt_app_reporting,S2_topic_dbt;S3_code,3,Apache-2.0,126,18,1,2022-03-16T20:48:20Z,2026-08-04T20:13:51Z,passed,"extracted, excluded","only 4 monthly snapshots, below the 12 minimum"
fivetran/dbt_apple_search_ads,fivetran__dbt_apple_search_ads,https://github.com/fivetran/dbt_apple_search_ads,S3_code,0,Apache-2.0,134,26,1,2021-12-16T22:36:03Z,2026-07-16T17:45:49Z,passed,"extracted, excluded","only 10 monthly snapshots, below the 12 minimum"
fivetran/dbt_apple_search_ads_source,fivetran__dbt_apple_search_ads_source,https://github.com/fivetran/dbt_apple_search_ads_source,S2_topic_dbt,3,Apache-2.0,188,20,1,2021-12-16T22:30:36Z,2025-10-01T00:27:10Z,passed,in corpus,
fivetran/dbt_apple_store,fivetran__dbt_apple_store,https://github.com/fivetran/dbt_apple_store,S2_topic_dbt,1,Apache-2.0,188,59,1,2022-03-16T20:46:48Z,2026-07-16T22:55:15Z,passed,in corpus,
fivetran/dbt_apple_store_source,fivetran__dbt_apple_store_source,https://github.com/fivetran/dbt_apple_store_source,S2_topic_dbt,2,Apache-2.0,170,16,1,2022-03-16T20:46:17Z,2025-10-01T00:29:35Z,passed,in corpus,
fivetran/dbt_asana,fivetran__dbt_asana,https://github.com/fivetran/dbt_asana,S2_topic_dbt;S3_code,6,Apache-2.0,264,40,1,2020-05-26T15:41:43Z,2026-07-16T17:45:53Z,passed,in corpus,
fivetran/dbt_aws_cloud_cost,fivetran__dbt_aws_cloud_cost,https://github.com/fivetran/dbt_aws_cloud_cost,S2_topic_dbt;S3_code,6,Apache-2.0,49,5,1,2024-06-21T17:36:27Z,2026-06-23T15:53:34Z,passed,"extracted, excluded","only 4 monthly snapshots, below the 12 minimum"
fivetran/dbt_customer360,fivetran__dbt_customer360,https://github.com/fivetran/dbt_customer360,S3_code,3,Apache-2.0,13,,,2024-06-18T19:06:57Z,2024-08-06T20:58:13Z,excluded,not screened in,"P3 13 commits on the default branch, below 40"
fivetran/dbt_dynamics_365_crm,fivetran__dbt_dynamics_365_crm,https://github.com/fivetran/dbt_dynamics_365_crm,S2_topic_dbt,1,Apache-2.0,15,,,2025-01-27T18:26:51Z,2026-07-30T18:25:54Z,excluded,not screened in,"P3 15 commits on the default branch, below 40"
fivetran/dbt_facebook_ads,fivetran__dbt_facebook_ads,https://github.com/fivetran/dbt_facebook_ads,S2_topic_dbt;S3_code,53,Apache-2.0,213,34,1,2020-07-27T18:00:58Z,2026-07-16T20:40:08Z,passed,in corpus,
fivetran/dbt_facebook_ads_creative_history,fivetran__dbt_facebook_ads_creative_history,https://github.com/fivetran/dbt_facebook_ads_creative_history,S2_topic_dbt;S3_code,2,Apache-2.0,83,31,1,2021-02-04T22:27:56Z,2025-04-09T21:18:47Z,passed,"extracted, excluded","only 3 monthly snapshots, below the 12 minimum"
fivetran/dbt_facebook_ads_source,fivetran__dbt_facebook_ads_source,https://github.com/fivetran/dbt_facebook_ads_source,S2_topic_dbt,16,Apache-2.0,171,24,1,2020-07-27T18:02:00Z,2025-10-01T00:33:59Z,passed,in corpus,
fivetran/dbt_facebook_pages,fivetran__dbt_facebook_pages,https://github.com/fivetran/dbt_facebook_pages,S2_topic_dbt;S3_code,4,Apache-2.0,83,11,1,2021-09-09T19:44:16Z,2026-07-16T17:45:58Z,passed,"extracted, excluded","only 8 monthly snapshots, below the 12 minimum"
fivetran/dbt_facebook_pages_source,fivetran__dbt_facebook_pages_source,https://github.com/fivetran/dbt_facebook_pages_source,S2_topic_dbt,1,Apache-2.0,89,8,1,2021-09-09T19:43:08Z,2025-10-01T00:37:17Z,passed,"extracted, excluded","only 7 monthly snapshots, below the 12 minimum"
fivetran/dbt_fivetran_log,fivetran__dbt_fivetran_log,https://github.com/fivetran/dbt_fivetran_log,S2_topic_dbt;S3_code,31,Apache-2.0,744,20,1,2020-06-25T16:04:33Z,2026-07-31T13:46:15Z,passed,in corpus,
fivetran/dbt_fivetran_utils,fivetran__dbt_fivetran_utils,https://github.com/fivetran/dbt_fivetran_utils,S2_topic_dbt;S3_code,33,,144,0,1,2020-09-15T19:35:18Z,2026-06-22T17:32:00Z,passed,"extracted, excluded",no commits touch any declared model path
fivetran/dbt_github,fivetran__dbt_github,https://github.com/fivetran/dbt_github,S2_topic_dbt,22,Apache-2.0,231,43,1,2020-04-28T18:09:16Z,2026-07-16T17:46:02Z,passed,in corpus,
fivetran/dbt_github_source,fivetran__dbt_github_source,https://github.com/fivetran/dbt_github_source,S2_topic_dbt,9,Apache-2.0,201,28,1,2020-05-14T01:48:36Z,2025-10-01T00:47:12Z,passed,in corpus,
fivetran/dbt_google_ads,fivetran__dbt_google_ads,https://github.com/fivetran/dbt_google_ads,S2_topic_dbt;S3_code,26,Apache-2.0,317,40,1,2020-10-02T20:40:53Z,2026-07-16T17:46:02Z,passed,in corpus,
fivetran/dbt_google_ads_source,fivetran__dbt_google_ads_source,https://github.com/fivetran/dbt_google_ads_source,S2_topic_dbt,12,Apache-2.0,276,22,1,2020-10-02T20:41:52Z,2025-10-01T00:49:15Z,passed,in corpus,
fivetran/dbt_google_play,fivetran__dbt_google_play,https://github.com/fivetran/dbt_google_play,S2_topic_dbt;S3_code,2,Apache-2.0,103,43,1,2022-03-16T20:47:53Z,2026-07-16T20:39:35Z,passed,"extracted, excluded","only 7 monthly snapshots, below the 12 minimum"
fivetran/dbt_google_play_source,fivetran__dbt_google_play_source,https://github.com/fivetran/dbt_google_play_source,S2_topic_dbt,3,Apache-2.0,105,34,1,2022-03-16T20:47:31Z,2025-10-01T00:52:56Z,passed,"extracted, excluded","only 9 monthly snapshots, below the 12 minimum"
fivetran/dbt_greenhouse,fivetran__dbt_greenhouse,https://github.com/fivetran/dbt_greenhouse,S2_topic_dbt;S3_code,1,Apache-2.0,241,79,1,2020-12-22T18:37:03Z,2026-08-04T19:47:04Z,passed,"extracted, excluded","only 8 monthly snapshots, below the 12 minimum"
fivetran/dbt_greenhouse_source,fivetran__dbt_greenhouse_source,https://github.com/fivetran/dbt_greenhouse_source,S2_topic_dbt,2,Apache-2.0,218,62,1,2020-12-22T18:37:35Z,2025-10-01T16:29:46Z,passed,in corpus,
fivetran/dbt_hubspot,fivetran__dbt_hubspot,https://github.com/fivetran/dbt_hubspot,S2_topic_dbt;S3_code,46,Apache-2.0,644,205,1,2020-06-08T18:21:17Z,2026-08-03T21:40:54Z,passed,in corpus,
fivetran/dbt_hubspot_source,fivetran__dbt_hubspot_source,https://github.com/fivetran/dbt_hubspot_source,S2_topic_dbt,46,Apache-2.0,655,112,1,2020-06-08T18:22:35Z,2025-10-01T16:31:18Z,passed,in corpus,
fivetran/dbt_instagram_business,fivetran__dbt_instagram_business,https://github.com/fivetran/dbt_instagram_business,S2_topic_dbt;S3_code,3,Apache-2.0,79,7,1,2021-10-07T14:04:38Z,2026-07-16T17:46:08Z,passed,"extracted, excluded","only 8 monthly snapshots, below the 12 minimum"
fivetran/dbt_instagram_business_source,fivetran__dbt_instagram_business_source,https://github.com/fivetran/dbt_instagram_business_source,S2_topic_dbt,1,Apache-2.0,102,6,1,2021-10-07T14:04:24Z,2025-10-01T17:17:02Z,passed,"extracted, excluded","only 9 monthly snapshots, below the 12 minimum"
fivetran/dbt_intercom,fivetran__dbt_intercom,https://github.com/fivetran/dbt_intercom,S2_topic_dbt;S3_code,6,Apache-2.0,295,42,1,2020-10-12T19:42:34Z,2026-07-16T20:40:03Z,passed,in corpus,
fivetran/dbt_intercom_source,fivetran__dbt_intercom_source,https://github.com/fivetran/dbt_intercom_source,S2_topic_dbt,3,Apache-2.0,208,26,1,2020-10-12T19:43:30Z,2025-10-01T17:18:42Z,passed,in corpus,
fivetran/dbt_iterable,fivetran__dbt_iterable,https://github.com/fivetran/dbt_iterable,S2_topic_dbt;S3_code,4,Apache-2.0,375,46,1,2021-03-26T00:20:21Z,2026-07-16T20:37:52Z,passed,in corpus,
fivetran/dbt_iterable_source,fivetran__dbt_iterable_source,https://github.com/fivetran/dbt_iterable_source,S2_topic_dbt,2,Apache-2.0,315,26,1,2021-03-26T00:20:41Z,2025-10-01T17:21:12Z,passed,in corpus,
fivetran/dbt_jira,fivetran__dbt_jira,https://github.com/fivetran/dbt_jira,S2_topic_dbt;S3_code,13,Apache-2.0,560,61,1,2020-09-01T22:50:38Z,2026-07-16T20:41:14Z,passed,in corpus,
fivetran/dbt_jira_source,fivetran__dbt_jira_source,https://github.com/fivetran/dbt_jira_source,S2_topic_dbt,15,Apache-2.0,313,34,1,2020-09-01T22:50:55Z,2025-10-01T17:23:13Z,passed,in corpus,
fivetran/dbt_klaviyo,fivetran__dbt_klaviyo,https://github.com/fivetran/dbt_klaviyo,S2_topic_dbt,7,Apache-2.0,317,18,1,2021-03-26T00:21:34Z,2026-07-16T20:35:27Z,passed,in corpus,
fivetran/dbt_klaviyo_source,fivetran__dbt_klaviyo_source,https://github.com/fivetran/dbt_klaviyo_source,S2_topic_dbt,3,Apache-2.0,231,10,1,2021-03-26T00:21:48Z,2025-10-01T17:27:52Z,passed,"extracted, excluded","only 8 monthly snapshots, below the 12 minimum"
fivetran/dbt_lever,fivetran__dbt_lever,https://github.com/fivetran/dbt_lever,S2_topic_dbt;S3_code,2,Apache-2.0,219,64,1,2020-12-22T18:37:50Z,2026-07-16T17:46:16Z,passed,"extracted, excluded","only 6 monthly snapshots, below the 12 minimum"
fivetran/dbt_lever_source,fivetran__dbt_lever_source,https://github.com/fivetran/dbt_lever_source,S2_topic_dbt,2,Apache-2.0,231,48,1,2020-12-22T18:38:11Z,2025-10-01T17:30:02Z,passed,"extracted, excluded","only 10 monthly snapshots, below the 12 minimum"
fivetran/dbt_linkedin,fivetran__dbt_linkedin,https://github.com/fivetran/dbt_linkedin,S2_topic_dbt,3,Apache-2.0,233,25,1,2020-07-15T22:34:49Z,2026-07-16T20:37:11Z,passed,in corpus,
fivetran/dbt_linkedin_pages,fivetran__dbt_linkedin_pages,https://github.com/fivetran/dbt_linkedin_pages,S2_topic_dbt;S3_code,3,Apache-2.0,109,23,1,2021-10-07T14:01:52Z,2026-07-16T17:46:23Z,passed,"extracted, excluded","only 10 monthly snapshots, below the 12 minimum"
fivetran/dbt_linkedin_pages_source,fivetran__dbt_linkedin_pages_source,https://github.com/fivetran/dbt_linkedin_pages_source,S2_topic_dbt,3,Apache-2.0,119,12,1,2021-10-07T14:01:37Z,2025-10-01T17:32:11Z,passed,"extracted, excluded","only 6 monthly snapshots, below the 12 minimum"
fivetran/dbt_mailchimp,fivetran__dbt_mailchimp,https://github.com/fivetran/dbt_mailchimp,S2_topic_dbt,3,Apache-2.0,236,46,1,2020-04-14T22:47:34Z,2026-07-16T17:46:27Z,passed,in corpus,
fivetran/dbt_mailchimp_source,fivetran__dbt_mailchimp_source,https://github.com/fivetran/dbt_mailchimp_source,S2_topic_dbt,3,Apache-2.0,190,24,1,2020-04-20T16:05:07Z,2025-10-01T17:38:12Z,passed,"extracted, excluded","only 11 monthly snapshots, below the 12 minimum"
fivetran/dbt_marketo_source,fivetran__dbt_marketo_source,https://github.com/fivetran/dbt_marketo_source,S2_topic_dbt,4,Apache-2.0,230,28,1,2020-05-05T23:56:48Z,2025-10-01T17:39:17Z,passed,in corpus,
fivetran/dbt_microsoft_ads,fivetran__dbt_microsoft_ads,https://github.com/fivetran/dbt_microsoft_ads,S2_topic_dbt;S3_code,4,Apache-2.0,252,33,1,2020-08-13T18:36:39Z,2026-07-16T17:46:33Z,passed,in corpus,
fivetran/dbt_microsoft_ads_source,fivetran__dbt_microsoft_ads_source,https://github.com/fivetran/dbt_microsoft_ads_source,S2_topic_dbt,4,Apache-2.0,219,24,1,2020-08-13T18:37:28Z,2025-10-01T17:40:49Z,passed,in corpus,
fivetran/dbt_mixpanel,fivetran__dbt_mixpanel,https://github.com/fivetran/dbt_mixpanel,S2_topic_dbt;S3_code,7,Apache-2.0,312,8,1,2020-08-27T16:45:41Z,2026-07-16T17:46:33Z,passed,"extracted, excluded","peak lineage size 8 nodes, below the 10 minimum"
fivetran/dbt_netsuite,fivetran__dbt_netsuite,https://github.com/fivetran/dbt_netsuite,S2_topic_dbt;S3_code,56,Apache-2.0,428,110,1,2020-03-24T21:17:02Z,2026-07-16T20:36:49Z,passed,in corpus,
fivetran/dbt_netsuite_source,fivetran__dbt_netsuite_source,https://github.com/fivetran/dbt_netsuite_source,S2_topic_dbt,16,Apache-2.0,345,84,1,2020-10-06T21:30:26Z,2025-10-01T18:33:21Z,passed,in corpus,
fivetran/dbt_pardot,fivetran__dbt_pardot,https://github.com/fivetran/dbt_pardot,S2_topic_dbt;S3_code,1,Apache-2.0,113,23,1,2020-11-26T01:52:32Z,2026-07-16T17:46:37Z,passed,"extracted, excluded","only 7 monthly snapshots, below the 12 minimum"
fivetran/dbt_pardot_source,fivetran__dbt_pardot_source,https://github.com/fivetran/dbt_pardot_source,S2_topic_dbt,3,Apache-2.0,101,16,1,2020-11-26T01:52:51Z,2025-10-01T18:40:33Z,passed,"extracted, excluded","only 6 monthly snapshots, below the 12 minimum"
fivetran/dbt_pendo,fivetran__dbt_pendo,https://github.com/fivetran/dbt_pendo,S2_topic_dbt;S3_code,3,Apache-2.0,225,68,1,2021-08-05T14:37:40Z,2026-07-16T17:46:40Z,passed,"extracted, excluded","only 10 monthly snapshots, below the 12 minimum"
fivetran/dbt_pendo_source,fivetran__dbt_pendo_source,https://github.com/fivetran/dbt_pendo_source,S2_topic_dbt,3,Apache-2.0,190,34,1,2021-08-05T14:37:13Z,2025-10-01T18:42:08Z,passed,"extracted, excluded","only 9 monthly snapshots, below the 12 minimum"
fivetran/dbt_pinterest,fivetran__dbt_pinterest,https://github.com/fivetran/dbt_pinterest,S2_topic_dbt;S3_code,3,Apache-2.0,200,34,1,2020-07-29T16:24:45Z,2026-07-16T17:46:41Z,passed,in corpus,
fivetran/dbt_pinterest_source,fivetran__dbt_pinterest_source,https://github.com/fivetran/dbt_pinterest_source,S2_topic_dbt,2,Apache-2.0,232,26,1,2020-07-29T16:25:36Z,2025-10-01T18:46:51Z,passed,in corpus,
fivetran/dbt_qualtrics,fivetran__dbt_qualtrics,https://github.com/fivetran/dbt_qualtrics,S2_topic_dbt;S3_code,3,Apache-2.0,63,49,1,2023-05-31T21:18:50Z,2026-07-16T20:40:49Z,passed,"extracted, excluded","only 8 monthly snapshots, below the 12 minimum"
fivetran/dbt_qualtrics_source,fivetran__dbt_qualtrics_source,https://github.com/fivetran/dbt_qualtrics_source,S2_topic_dbt,4,Apache-2.0,65,38,1,2023-05-31T21:18:26Z,2025-10-01T18:49:47Z,passed,"extracted, excluded","only 8 monthly snapshots, below the 12 minimum"
fivetran/dbt_quickbooks,fivetran__dbt_quickbooks,https://github.com/fivetran/dbt_quickbooks,S2_topic_dbt;S3_code,40,Apache-2.0,636,144,1,2020-10-06T21:33:11Z,2026-07-28T01:24:59Z,passed,in corpus,
fivetran/dbt_quickbooks_source,fivetran__dbt_quickbooks_source,https://github.com/fivetran/dbt_quickbooks_source,S2_topic_dbt,10,Apache-2.0,383,80,1,2020-10-06T21:33:44Z,2025-10-01T20:15:03Z,passed,in corpus,
fivetran/dbt_recharge,fivetran__dbt_recharge,https://github.com/fivetran/dbt_recharge,S2_topic_dbt;S3_code,3,Apache-2.0,121,44,1,2023-02-07T17:03:23Z,2026-07-16T17:46:45Z,passed,in corpus,
fivetran/dbt_recharge_source,fivetran__dbt_recharge_source,https://github.com/fivetran/dbt_recharge_source,S2_topic_dbt,2,Apache-2.0,99,34,1,2023-02-06T15:39:50Z,2025-10-01T20:16:48Z,passed,"extracted, excluded","only 8 monthly snapshots, below the 12 minimum"
fivetran/dbt_recurly,fivetran__dbt_recurly,https://github.com/fivetran/dbt_recurly,S2_topic_dbt;S3_code,4,Apache-2.0,149,49,1,2022-02-24T21:25:30Z,2026-07-16T20:36:01Z,passed,in corpus,
fivetran/dbt_recurly_source,fivetran__dbt_recurly_source,https://github.com/fivetran/dbt_recurly_source,S2_topic_dbt,3,Apache-2.0,113,36,1,2022-02-24T21:25:45Z,2025-10-01T20:18:14Z,passed,"extracted, excluded","only 9 monthly snapshots, below the 12 minimum"
fivetran/dbt_reddit_ads,fivetran__dbt_reddit_ads,https://github.com/fivetran/dbt_reddit_ads,S3_code,1,Apache-2.0,79,34,1,2023-02-07T17:09:29Z,2026-07-16T17:46:49Z,passed,"extracted, excluded","only 10 monthly snapshots, below the 12 minimum"
fivetran/dbt_sage_intacct,fivetran__dbt_sage_intacct,https://github.com/fivetran/dbt_sage_intacct,S2_topic_dbt;S3_code,8,Apache-2.0,232,24,1,2022-01-20T16:57:20Z,2026-07-16T17:46:49Z,passed,in corpus,
fivetran/dbt_sage_intacct_source,fivetran__dbt_sage_intacct_source,https://github.com/fivetran/dbt_sage_intacct_source,S2_topic_dbt,1,Apache-2.0,161,14,1,2022-01-20T16:47:01Z,2025-10-01T20:25:09Z,passed,in corpus,
fivetran/dbt_salesforce,fivetran__dbt_salesforce,https://github.com/fivetran/dbt_salesforce,S2_topic_dbt;S3_code,53,Apache-2.0,368,31,1,2020-04-17T23:50:32Z,2026-08-04T22:08:09Z,passed,in corpus,
fivetran/dbt_salesforce_formula_udfs,fivetran__dbt_salesforce_formula_udfs,https://github.com/fivetran/dbt_salesforce_formula_udfs,S3_code,0,,5,,,2021-08-31T23:03:35Z,2021-09-09T19:31:01Z,excluded,not screened in,"P3 5 commits on the default branch, below 40"
fivetran/dbt_salesforce_formula_utils,fivetran__dbt_salesforce_formula_utils,https://github.com/fivetran/dbt_salesforce_formula_utils,S3_code,18,Apache-2.0,302,0,1,2021-04-27T21:30:07Z,2026-08-03T19:15:08Z,passed,"extracted, excluded",no commits touch any declared model path
fivetran/dbt_salesforce_marketing_cloud,fivetran__dbt_salesforce_marketing_cloud,https://github.com/fivetran/dbt_salesforce_marketing_cloud,S2_topic_dbt;S3_code,3,Apache-2.0,60,25,1,2023-12-12T16:42:45Z,2026-07-16T17:46:53Z,passed,"extracted, excluded","only 6 monthly snapshots, below the 12 minimum"
fivetran/dbt_salesforce_source,fivetran__dbt_salesforce_source,https://github.com/fivetran/dbt_salesforce_source,S2_topic_dbt,13,Apache-2.0,316,14,1,2020-05-05T22:51:28Z,2025-10-01T20:26:45Z,passed,in corpus,
fivetran/dbt_sap,fivetran__dbt_sap,https://github.com/fivetran/dbt_sap,S2_topic_dbt;S3_code,10,Apache-2.0,123,182,1,2023-03-08T19:06:01Z,2026-08-04T23:39:38Z,passed,"extracted, excluded","only 11 monthly snapshots, below the 12 minimum"
fivetran/dbt_servicenow,fivetran__dbt_servicenow,https://github.com/fivetran/dbt_servicenow,S2_topic_dbt;S3_code,1,Apache-2.0,184,39,1,2023-12-12T16:44:06Z,2026-07-20T14:50:20Z,passed,"extracted, excluded","only 11 monthly snapshots, below the 12 minimum"
fivetran/dbt_shopify,fivetran__dbt_shopify,https://github.com/fivetran/dbt_shopify,S2_topic_dbt;S3_code,82,Apache-2.0,429,264,1,2020-08-27T19:21:53Z,2026-07-29T23:18:08Z,passed,in corpus,
fivetran/dbt_shopify_holistic_reporting,fivetran__dbt_shopify_holistic_reporting,https://github.com/fivetran/dbt_shopify_holistic_reporting,S2_topic_dbt;S3_code,6,Apache-2.0,201,6,1,2021-11-02T18:04:11Z,2026-07-16T22:38:46Z,passed,"extracted, excluded","only 11 monthly snapshots, below the 12 minimum"
fivetran/dbt_shopify_source,fivetran__dbt_shopify_source,https://github.com/fivetran/dbt_shopify_source,S2_topic_dbt,31,Apache-2.0,399,178,1,2020-08-27T19:22:36Z,2025-09-24T17:26:08Z,passed,in corpus,
fivetran/dbt_snapchat_ads,fivetran__dbt_snapchat_ads,https://github.com/fivetran/dbt_snapchat_ads,S2_topic_dbt,2,Apache-2.0,231,30,1,2021-03-26T00:19:29Z,2026-07-16T17:47:02Z,passed,in corpus,
fivetran/dbt_snapchat_ads_source,fivetran__dbt_snapchat_ads_source,https://github.com/fivetran/dbt_snapchat_ads_source,S2_topic_dbt,2,Apache-2.0,235,22,1,2021-03-26T00:19:14Z,2025-10-01T20:30:59Z,passed,in corpus,
fivetran/dbt_social_media_reporting,fivetran__dbt_social_media_reporting,https://github.com/fivetran/dbt_social_media_reporting,S2_topic_dbt;S3_code,24,Apache-2.0,107,6,1,2021-09-09T19:46:44Z,2026-08-04T20:14:10Z,passed,"extracted, excluded","peak lineage size 6 nodes, below the 10 minimum"
fivetran/dbt_stackadapt,fivetran__dbt_stackadapt,https://github.com/fivetran/dbt_stackadapt,S3_code,0,Apache-2.0,6,,,2026-04-07T19:03:28Z,2026-06-23T15:51:54Z,excluded,not screened in,"P3 6 commits on the default branch, below 40"
fivetran/dbt_starter_project,fivetran__dbt_starter_project,https://github.com/fivetran/dbt_starter_project,S3_code,6,Apache-2.0,62,2,1,2020-11-06T20:25:03Z,2025-09-18T22:56:34Z,passed,"extracted, excluded","only 3 monthly snapshots, below the 12 minimum"
fivetran/dbt_stripe,fivetran__dbt_stripe,https://github.com/fivetran/dbt_stripe,S2_topic_dbt;S3_code,61,Apache-2.0,581,69,1,2020-05-15T18:05:39Z,2026-07-21T22:51:14Z,passed,in corpus,
fivetran/dbt_stripe_source,fivetran__dbt_stripe_source,https://github.com/fivetran/dbt_stripe_source,S2_topic_dbt,11,Apache-2.0,534,44,1,2020-05-15T18:04:54Z,2025-10-01T20:32:11Z,passed,in corpus,
fivetran/dbt_tiktok_ads_source,fivetran__dbt_tiktok_ads_source,https://github.com/fivetran/dbt_tiktok_ads_source,S2_topic_dbt,2,Apache-2.0,196,16,1,2021-10-28T22:35:20Z,2025-10-01T20:39:43Z,passed,in corpus,
fivetran/dbt_tutorial,fivetran__dbt_tutorial,https://github.com/fivetran/dbt_tutorial,S3_code,1,,7,,,2020-07-28T17:25:34Z,2020-09-22T23:48:07Z,excluded,not screened in,"P3 7 commits on the default branch, below 40"
fivetran/dbt_twilio,fivetran__dbt_twilio,https://github.com/fivetran/dbt_twilio,S2_topic_dbt;S3_code,1,Apache-2.0,71,20,1,2023-05-31T21:16:40Z,2026-07-16T19:00:59Z,passed,"extracted, excluded","only 7 monthly snapshots, below the 12 minimum"
fivetran/dbt_twilio_source,fivetran__dbt_twilio_source,https://github.com/fivetran/dbt_twilio_source,S2_topic_dbt,1,Apache-2.0,84,16,1,2023-05-31T21:15:55Z,2025-10-01T20:41:00Z,passed,"extracted, excluded","only 6 monthly snapshots, below the 12 minimum"
fivetran/dbt_twitter,fivetran__dbt_twitter,https://github.com/fivetran/dbt_twitter,S2_topic_dbt;S3_code,2,Apache-2.0,188,32,1,2020-09-16T16:58:29Z,2026-07-16T17:47:09Z,passed,in corpus,
fivetran/dbt_twitter_organic,fivetran__dbt_twitter_organic,https://github.com/fivetran/dbt_twitter_organic,S2_topic_dbt;S3_code,4,Apache-2.0,74,11,1,2021-10-07T14:03:45Z,2026-07-16T17:47:11Z,passed,"extracted, excluded","only 5 monthly snapshots, below the 12 minimum"
fivetran/dbt_twitter_organic_source,fivetran__dbt_twitter_organic_source,https://github.com/fivetran/dbt_twitter_organic_source,S2_topic_dbt,1,Apache-2.0,73,8,1,2021-10-07T14:03:31Z,2025-10-01T20:42:55Z,passed,"extracted, excluded","only 6 monthly snapshots, below the 12 minimum"
fivetran/dbt_twitter_source,fivetran__dbt_twitter_source,https://github.com/fivetran/dbt_twitter_source,S2_topic_dbt,2,Apache-2.0,184,24,1,2020-09-16T16:59:49Z,2025-10-01T20:44:17Z,passed,in corpus,
fivetran/dbt_unified_rag,fivetran__dbt_unified_rag,https://github.com/fivetran/dbt_unified_rag,S3_code,6,Apache-2.0,91,49,1,2024-09-23T13:39:58Z,2026-07-16T17:47:12Z,passed,"extracted, excluded","only 9 monthly snapshots, below the 12 minimum"
fivetran/dbt_workday,fivetran__dbt_workday,https://github.com/fivetran/dbt_workday,S2_topic_dbt;S3_code,4,Apache-2.0,82,61,1,2023-12-12T16:40:46Z,2026-08-03T19:47:22Z,passed,"extracted, excluded","only 11 monthly snapshots, below the 12 minimum"
fivetran/dbt_xero,fivetran__dbt_xero,https://github.com/fivetran/dbt_xero,S2_topic_dbt,12,Apache-2.0,250,44,1,2021-02-03T00:19:33Z,2026-07-28T01:38:16Z,passed,in corpus,
fivetran/dbt_xero_source,fivetran__dbt_xero_source,https://github.com/fivetran/dbt_xero_source,S2_topic_dbt,7,Apache-2.0,164,28,1,2021-02-03T00:20:06Z,2025-10-01T20:47:22Z,passed,"extracted, excluded","only 11 monthly snapshots, below the 12 minimum"
fivetran/dbt_youtube_analytics,fivetran__dbt_youtube_analytics,https://github.com/fivetran/dbt_youtube_analytics,S2_topic_dbt;S3_code,4,Apache-2.0,106,13,1,2021-08-03T15:33:11Z,2026-07-16T20:39:23Z,passed,"extracted, excluded","only 7 monthly snapshots, below the 12 minimum"
fivetran/dbt_youtube_analytics_source,fivetran__dbt_youtube_analytics_source,https://github.com/fivetran/dbt_youtube_analytics_source,S2_topic_dbt,2,Apache-2.0,118,6,1,2021-07-29T00:07:28Z,2025-10-01T20:48:22Z,passed,"extracted, excluded","only 3 monthly snapshots, below the 12 minimum"
fivetran/dbt_zendesk,fivetran__dbt_zendesk,https://github.com/fivetran/dbt_zendesk,S2_topic_dbt;S3_code,31,Apache-2.0,696,98,1,2020-04-21T03:37:12Z,2026-07-16T00:35:55Z,passed,in corpus,
fivetran/dbt_zendesk_source,fivetran__dbt_zendesk_source,https://github.com/fivetran/dbt_zendesk_source,S2_topic_dbt,12,Apache-2.0,313,40,1,2020-05-08T21:00:33Z,2025-10-01T20:50:19Z,passed,in corpus,
fivetran/dbt_zuora,fivetran__dbt_zuora,https://github.com/fivetran/dbt_zuora,S2_topic_dbt;S3_code,3,Apache-2.0,130,53,1,2020-12-22T18:39:37Z,2026-07-16T22:51:17Z,passed,"extracted, excluded","only 11 monthly snapshots, below the 12 minimum"
fivetran/dbt_zuora_source,fivetran__dbt_zuora_source,https://github.com/fivetran/dbt_zuora_source,S2_topic_dbt,1,Apache-2.0,96,38,1,2020-12-22T18:39:52Z,2025-10-01T20:52:08Z,passed,"extracted, excluded","only 4 monthly snapshots, below the 12 minimum"
fivetran/dbttutorial,fivetran__dbttutorial,https://github.com/fivetran/dbttutorial,S3_code,1,Apache-2.0,1,,,2021-10-22T21:41:33Z,2021-10-22T21:41:35Z,excluded,not screened in,"P3 1 commits on the default branch, below 40"
fivetran/partner_certification_day,fivetran__partner_certification_day,https://github.com/fivetran/partner_certification_day,S3_code,1,Apache-2.0,1,,,2021-04-29T23:07:19Z,2021-04-29T23:09:05Z,excluded,not screened in,"P3 1 commits on the default branch, below 40"
fivetran/thyer-iterable,fivetran__thyer-iterable,https://github.com/fivetran/thyer-iterable,S3_code,0,Apache-2.0,223,19,1,2023-08-18T21:39:19Z,2023-08-18T21:43:26Z,excluded,not screened in,"P4 0.0 months between creation and last push, below 12"
fjprcosta/Retail_Data_Pipeline,fjprcosta__Retail_Data_Pipeline,https://github.com/fjprcosta/Retail_Data_Pipeline,S3_code,0,,6,,,2024-10-02T13:35:16Z,2026-01-13T13:57:13Z,excluded,not screened in,"P3 6 commits on the default branch, below 40"
flexanalytics/dbt-business-intelligence,flexanalytics__dbt-business-intelligence,https://github.com/flexanalytics/dbt-business-intelligence,S3_code,160,,189,10,1,2022-04-09T00:17:56Z,2026-04-30T20:47:16Z,passed,in corpus,
flexor-ai/flexor-dbt,flexor-ai__flexor-dbt,https://github.com/flexor-ai/flexor-dbt,S3_code,4,MIT,9,,,2024-01-15T10:05:58Z,2024-05-07T06:11:37Z,excluded,not screened in,"P3 9 commits on the default branch, below 40"
flext-sh/flext-dbt-ldif,flext-sh__flext-dbt-ldif,https://github.com/flext-sh/flext-dbt-ldif,S3_code,0,MIT,817,0,1,2025-07-14T12:30:35Z,2026-08-05T00:56:16Z,passed,"extracted, excluded",every sampled commit yielded zero models
flext-sh/flext-dbt-oracle-wms,flext-sh__flext-dbt-oracle-wms,https://github.com/flext-sh/flext-dbt-oracle-wms,S3_code,0,MIT,814,0,1,2025-07-21T14:53:38Z,2026-08-05T00:56:25Z,passed,"extracted, excluded","only 1 monthly snapshots, below the 12 minimum"
flext-sh/flext-meltano,flext-sh__flext-meltano,https://github.com/flext-sh/flext-meltano,S3_code,0,MIT,1159,0,1,2025-06-29T18:17:53Z,2026-08-05T00:56:47Z,passed,"extracted, excluded",no commits touch any declared model path
florx/dbt-postgres-demo,florx__dbt-postgres-demo,https://github.com/florx/dbt-postgres-demo,S2_topic_dbt;S3_code,15,Unlicense,13,,,2021-02-28T14:01:11Z,2021-02-28T18:06:22Z,excluded,not screened in,"P3 13 commits on the default branch, below 40"
flyanakin/CountMoney,flyanakin__CountMoney,https://github.com/flyanakin/CountMoney,S1_curated;S2_topic_dbt,19,,68,23,1,2022-12-28T02:45:09Z,2023-04-26T02:58:22Z,excluded,not screened in,"P4 3.9 months between creation and last push, below 12"
flyersworder/agentic-data-contracts,flyersworder__agentic-data-contracts,https://github.com/flyersworder/agentic-data-contracts,S2_topic_dbt,8,MIT,230,0,0,2026-03-27T14:36:59Z,2026-08-03T19:24:37Z,excluded,not screened in,"P4 4.2 months between creation and last push, below 12"
flynn3103/de-labs,flynn3103__de-labs,https://github.com/flynn3103/de-labs,S3_code,2,,30,,,2024-09-23T21:55:02Z,2024-11-29T03:28:06Z,excluded,not screened in,"P3 30 commits on the default branch, below 40"
fodie97/dbt-core-analytics,fodie97__dbt-core-analytics,https://github.com/fodie97/dbt-core-analytics,S3_code,0,,12,,,2025-12-26T18:57:06Z,2025-12-30T08:44:46Z,excluded,not screened in,"P3 12 commits on the default branch, below 40"
fonsecagabriella/carbonlens,fonsecagabriella__carbonlens,https://github.com/fonsecagabriella/carbonlens,S2_topic_dbt,1,,25,,,2025-03-13T14:52:52Z,2026-04-22T21:28:53Z,excluded,not screened in,"P3 25 commits on the default branch, below 40"
footprintanalytics/footprint-datalake,footprintanalytics__footprint-datalake,https://github.com/footprintanalytics/footprint-datalake,S3_code,4,,38,,,2023-01-17T10:51:34Z,2023-04-12T11:16:07Z,excluded,not screened in,"P3 38 commits on the default branch, below 40"
fornwall/dbt-fusion-issues,fornwall__dbt-fusion-issues,https://github.com/fornwall/dbt-fusion-issues,S3_code,1,,4,,,2026-02-20T10:34:38Z,2026-02-20T10:55:01Z,excluded,not screened in,"P3 4 commits on the default branch, below 40"
fortoajit/airbyte,fortoajit__airbyte,https://github.com/fortoajit/airbyte,S3_code,0,NOASSERTION,4409,0,5,2022-01-05T17:20:43Z,2022-01-05T20:05:22Z,excluded,not screened in,"P4 0.0 months between creation and last push, below 12"
foxtrotcommunications/foxtrotcommunications-avalon-public,foxtrotcommunications__foxtrotcommunications-avalon-public,https://github.com/foxtrotcommunications/foxtrotcommunications-avalon-public,S2_topic_dbt,1,Apache-2.0,31,,,2026-03-23T12:35:07Z,2026-05-29T14:42:31Z,excluded,not screened in,"P3 31 commits on the default branch, below 40"
foxtrotcommunications/foxtrotcommunications-forge-core,foxtrotcommunications__foxtrotcommunications-forge-core,https://github.com/foxtrotcommunications/foxtrotcommunications-forge-core,S2_topic_dbt,4,Apache-2.0,56,0,0,2026-04-21T00:00:12Z,2026-06-08T16:04:15Z,excluded,not screened in,"P4 1.6 months between creation and last push, below 12"
francescaetnom-wq/ecommerce-data-quality-pipeline,francescaetnom-wq__ecommerce-data-quality-pipeline,https://github.com/francescaetnom-wq/ecommerce-data-quality-pipeline,S2_topic_analytics-engineering;S2_topic_dbt,3,,9,,,2026-07-02T12:54:09Z,2026-07-29T11:00:36Z,excluded,not screened in,"P3 9 commits on the default branch, below 40"
franciscosalaspla/data-engineering-portfolio,franciscosalaspla__data-engineering-portfolio,https://github.com/franciscosalaspla/data-engineering-portfolio,S3_code,0,MIT,122,15,2,2026-06-01T19:54:31Z,2026-07-27T19:26:28Z,excluded,not screened in,"P4 1.8 months between creation and last push, below 12"
franklyne-kibet/ny_taxi_rides_zoomcamp,franklyne-kibet__ny_taxi_rides_zoomcamp,https://github.com/franklyne-kibet/ny_taxi_rides_zoomcamp,S3_code,0,,10,,,2023-02-10T09:29:12Z,2023-03-24T15:56:02Z,excluded,not screened in,"P3 10 commits on the default branch, below 40"
frankw2/dbt-fundamentals-property-management,frankw2__dbt-fundamentals-property-management,https://github.com/frankw2/dbt-fundamentals-property-management,S3_code,0,,10,,,2022-01-11T00:07:51Z,2022-01-11T21:52:55Z,excluded,not screened in,"P3 10 commits on the default branch, below 40"
frauikram/dbt_snowflake_project,frauikram__dbt_snowflake_project,https://github.com/frauikram/dbt_snowflake_project,S2_topic_analytics-engineering;S2_topic_dbt,2,,9,,,2025-06-21T14:11:21Z,2025-06-22T13:54:43Z,excluded,not screened in,"P3 9 commits on the default branch, below 40"
fredchan23/hdb-cash,fredchan23__hdb-cash,https://github.com/fredchan23/hdb-cash,S3_code,0,,7,,,2026-05-30T13:09:22Z,2026-05-31T09:19:02Z,excluded,not screened in,"P3 7 commits on the default branch, below 40"
frizzleqq/f1-dbt-duckdb,frizzleqq__f1-dbt-duckdb,https://github.com/frizzleqq/f1-dbt-duckdb,S2_topic_dbt,2,,111,21,1,2022-08-21T13:45:04Z,2025-06-20T14:49:06Z,passed,in corpus,
fsorodrigues/dbt-ls,fsorodrigues__dbt-ls,https://github.com/fsorodrigues/dbt-ls,S2_topic_dbt,3,MIT,88,0,0,2025-10-13T05:20:32Z,2026-08-04T03:14:25Z,excluded,not screened in,"P4 9.7 months between creation and last push, below 12"
ftaveira-data/cea_aw_franciscotaveira,ftaveira-data__cea_aw_franciscotaveira,https://github.com/ftaveira-data/cea_aw_franciscotaveira,S3_code,0,,41,39,1,2025-02-21T01:36:34Z,2025-05-27T02:28:00Z,excluded,not screened in,"P4 3.1 months between creation and last push, below 12"
ftupas/dbt-spotify-analytics,ftupas__dbt-spotify-analytics,https://github.com/ftupas/dbt-spotify-analytics,S2_topic_dbt,132,MIT,27,,,2020-10-12T14:54:48Z,2022-07-08T12:20:49Z,excluded,not screened in,"P3 27 commits on the default branch, below 40"
ftupas/hta2021-snowdepth-analysis,ftupas__hta2021-snowdepth-analysis,https://github.com/ftupas/hta2021-snowdepth-analysis,S3_code,4,MIT,30,,,2021-03-12T18:17:14Z,2021-03-14T10:50:56Z,excluded,not screened in,"P3 30 commits on the default branch, below 40"
fueled-io/dbt-fueled-utils-deprecated,fueled-io__dbt-fueled-utils-deprecated,https://github.com/fueled-io/dbt-fueled-utils-deprecated,S3_code,0,Apache-2.0,123,0,1,2023-05-24T03:06:17Z,2023-06-01T20:27:22Z,excluded,not screened in,"P4 0.3 months between creation and last push, below 12"
futomtom/dbtcloud,futomtom__dbtcloud,https://github.com/futomtom/dbtcloud,S3_code,0,,1,,,2024-06-28T20:22:17Z,2024-06-28T20:23:08Z,excluded,not screened in,"P3 1 commits on the default branch, below 40"
fuyu-quant/dockerfile-wiki,fuyu-quant__dockerfile-wiki,https://github.com/fuyu-quant/dockerfile-wiki,S2_topic_dbt,1,MIT,69,0,0,2023-02-01T07:31:35Z,2023-08-16T14:31:56Z,excluded,not screened in,"P4 6.4 months between creation and last push, below 12"
fyrastelmini/linkedin_helper,fyrastelmini__linkedin_helper,https://github.com/fyrastelmini/linkedin_helper,S3_code,0,MIT,85,1,1,2024-01-10T20:45:09Z,2024-06-16T00:39:24Z,excluded,not screened in,"P4 5.2 months between creation and last push, below 12"
g0v/tw_campaign_finance,g0v__tw_campaign_finance,https://github.com/g0v/tw_campaign_finance,S1_curated;S3_code,12,MIT,18,4,1,2023-07-01T08:36:52Z,2023-08-08T02:55:14Z,excluded,not screened in,"P3 18 commits on the default branch, below 40"
g1157/spider2,g1157__spider2,https://github.com/g1157/spider2,S3_code,0,MIT,237,1007,69,2026-01-23T04:42:16Z,2026-01-23T07:02:46Z,excluded,not screened in,"P4 0.0 months between creation and last push, below 12"
gabfxv/olist-lakehouse,gabfxv__olist-lakehouse,https://github.com/gabfxv/olist-lakehouse,S2_topic_dbt,1,,6,,,2025-06-02T23:36:36Z,2025-06-18T20:21:05Z,excluded,not screened in,"P3 6 commits on the default branch, below 40"
gabriel-analytics/credit-analytics-360,gabriel-analytics__credit-analytics-360,https://github.com/gabriel-analytics/credit-analytics-360,S3_code,0,,17,,,2026-05-16T05:09:42Z,2026-07-09T21:21:20Z,excluded,not screened in,"P3 17 commits on the default branch, below 40"
gabrieladados/adventureworks,gabrieladados__adventureworks,https://github.com/gabrieladados/adventureworks,S2_topic_dbt,1,,45,27,1,2024-10-18T13:24:41Z,2024-12-28T18:24:23Z,excluded,not screened in,"P4 2.3 months between creation and last push, below 12"
gabrieladados/novadrive-data-pipeline,gabrieladados__novadrive-data-pipeline,https://github.com/gabrieladados/novadrive-data-pipeline,S2_topic_dbt,1,,25,,,2024-11-26T21:00:30Z,2024-12-28T20:33:02Z,excluded,not screened in,"P3 25 commits on the default branch, below 40"
gabrielbuzziv/airbyte-dbt-custom,gabrielbuzziv__airbyte-dbt-custom,https://github.com/gabrielbuzziv/airbyte-dbt-custom,S3_code,1,,68,81,1,2022-11-03T19:32:33Z,2022-12-16T15:15:38Z,excluded,not screened in,"P4 1.4 months between creation and last push, below 12"
gabrielcepedag/sib-airbyte,gabrielcepedag__sib-airbyte,https://github.com/gabrielcepedag/sib-airbyte,S3_code,0,,2,,,2024-10-24T05:14:46Z,2024-10-24T05:26:44Z,excluded,not screened in,"P3 2 commits on the default branch, below 40"
gabriellegall/chess_com_bi,gabriellegall__chess_com_bi,https://github.com/gabriellegall/chess_com_bi,S2_topic_dbt-core,4,,244,8,1,2025-02-16T03:25:19Z,2025-07-14T09:41:06Z,excluded,not screened in,"P4 4.9 months between creation and last push, below 12"
gabriellegall/dbt_netsuite,gabriellegall__dbt_netsuite,https://github.com/gabriellegall/dbt_netsuite,S2_topic_dbt-core,1,,449,21,1,2024-03-01T09:03:59Z,2025-03-24T22:16:46Z,passed,"extracted, excluded","only 6 monthly snapshots, below the 12 minimum"
gabsdotdev/wgtradepromo-backend,gabsdotdev__wgtradepromo-backend,https://github.com/gabsdotdev/wgtradepromo-backend,S3_code,0,,23,,,2025-11-05T03:20:39Z,2025-11-15T18:28:48Z,excluded,not screened in,"P3 23 commits on the default branch, below 40"
galafis/dbt-data-warehouse-modeling,galafis__dbt-data-warehouse-modeling,https://github.com/galafis/dbt-data-warehouse-modeling,S2_topic_dbt,1,MIT,30,,,2025-10-07T10:47:33Z,2026-03-16T18:02:18Z,excluded,not screened in,"P3 30 commits on the default branch, below 40"
galafis/people-analytics-dwh-dbt,galafis__people-analytics-dwh-dbt,https://github.com/galafis/people-analytics-dwh-dbt,S2_topic_analytics-engineering;S2_topic_dbt,2,MIT,1,,,2026-03-16T21:26:47Z,2026-03-16T21:26:50Z,excluded,not screened in,"P3 1 commits on the default branch, below 40"
ganeshIIT/dimensional-model,ganeshIIT__dimensional-model,https://github.com/ganeshIIT/dimensional-model,S3_code,0,,2,,,2023-09-19T03:11:17Z,2023-09-19T08:06:29Z,excluded,not screened in,"P3 2 commits on the default branch, below 40"
ganeshIIT/portfolio-tracking-dbt,ganeshIIT__portfolio-tracking-dbt,https://github.com/ganeshIIT/portfolio-tracking-dbt,S3_code,0,,14,,,2023-09-05T08:16:47Z,2023-09-19T09:55:33Z,excluded,not screened in,"P3 14 commits on the default branch, below 40"
gansanay/dbt-teradata,gansanay__dbt-teradata,https://github.com/gansanay/dbt-teradata,S3_code,3,Apache-2.0,4,,,2021-03-08T10:45:25Z,2021-03-09T11:12:09Z,excluded,not screened in,"P3 4 commits on the default branch, below 40"
gaosh96/hudi-0.12.0-my,gaosh96__hudi-0.12.0-my,https://github.com/gaosh96/hudi-0.12.0-my,S3_code,1,Apache-2.0,13,,,2022-10-28T14:49:09Z,2022-11-23T05:55:57Z,excluded,not screened in,"P3 13 commits on the default branch, below 40"
garthmortensen/aca_health,garthmortensen__aca_health,https://github.com/garthmortensen/aca_health,S3_code,0,,84,23,1,2025-08-07T02:38:59Z,2025-12-06T02:32:22Z,excluded,not screened in,"P4 3.9 months between creation and last push, below 12"
gatewaycat/dbt-test-project1,gatewaycat__dbt-test-project1,https://github.com/gatewaycat/dbt-test-project1,S3_code,0,,4,,,2025-05-14T16:25:02Z,2025-05-14T17:13:04Z,excluded,not screened in,"P3 4 commits on the default branch, below 40"
gau94rav/internal-data,gau94rav__internal-data,https://github.com/gau94rav/internal-data,S3_code,0,,1,,,2022-04-04T11:40:35Z,2022-05-24T11:27:59Z,excluded,not screened in,"P3 1 commits on the default branch, below 40"
gaurav2120/Snowflake-dbt-repo,gaurav2120__Snowflake-dbt-repo,https://github.com/gaurav2120/Snowflake-dbt-repo,S3_code,0,,6,,,2024-09-13T19:45:21Z,2024-09-15T11:32:53Z,excluded,not screened in,"P3 6 commits on the default branch, below 40"
gavi-ai/Enterprise_Weather_ETL,gavi-ai__Enterprise_Weather_ETL,https://github.com/gavi-ai/Enterprise_Weather_ETL,S2_topic_dbt,1,,7,,,2026-05-06T19:24:14Z,2026-05-18T07:16:22Z,excluded,not screened in,"P3 7 commits on the default branch, below 40"
gavi-ai/Global-E-Commerce-ELT-Pipeline,gavi-ai__Global-E-Commerce-ELT-Pipeline,https://github.com/gavi-ai/Global-E-Commerce-ELT-Pipeline,S2_topic_dbt-core,1,,5,,,2026-05-31T06:25:28Z,2026-05-31T06:51:09Z,excluded,not screened in,"P3 5 commits on the default branch, below 40"
gavi-ai/client-analytics-platform,gavi-ai__client-analytics-platform,https://github.com/gavi-ai/client-analytics-platform,S2_topic_dbt,1,,22,,,2026-05-30T08:51:45Z,2026-05-30T16:26:46Z,excluded,not screened in,"P3 22 commits on the default branch, below 40"
gazjones00/dbt_shopify_source,gazjones00__dbt_shopify_source,https://github.com/gazjones00/dbt_shopify_source,S3_code,0,Apache-2.0,1,,,2024-02-23T11:53:36Z,2024-02-23T11:53:38Z,excluded,not screened in,"P3 1 commits on the default branch, below 40"
gbemike/nba_pipeline,gbemike__nba_pipeline,https://github.com/gbemike/nba_pipeline,S3_code,7,,38,,,2024-03-05T15:25:12Z,2024-06-11T18:46:32Z,excluded,not screened in,"P3 38 commits on the default branch, below 40"
gbourniq/dbt-fundamentals,gbourniq__dbt-fundamentals,https://github.com/gbourniq/dbt-fundamentals,S2_topic_dbt;S3_code,3,,196,8,1,2023-10-11T00:31:25Z,2023-10-16T22:03:28Z,excluded,not screened in,"P4 0.2 months between creation and last push, below 12"
gdbecker/dbtLabsLearning,gdbecker__dbtLabsLearning,https://github.com/gdbecker/dbtLabsLearning,S2_topic_analytics-engineering;S2_topic_dbt,1,,9,,,2024-08-29T20:41:38Z,2025-03-31T16:52:33Z,excluded,not screened in,"P3 9 commits on the default branch, below 40"
gdcur/xml-drift-lakehouse,gdcur__xml-drift-lakehouse,https://github.com/gdcur/xml-drift-lakehouse,S2_topic_dbt-core,1,,40,4,1,2026-04-22T15:33:51Z,2026-04-28T15:20:06Z,excluded,not screened in,"P4 0.2 months between creation and last push, below 12"
geanpannellini/real_estate_property_transactions,geanpannellini__real_estate_property_transactions,https://github.com/geanpannellini/real_estate_property_transactions,S2_topic_dbt,2,,46,11,1,2024-07-03T02:43:58Z,2024-09-20T18:39:17Z,excluded,not screened in,"P4 2.6 months between creation and last push, below 12"
geap1999/human-population-tracker,geap1999__human-population-tracker,https://github.com/geap1999/human-population-tracker,S3_code,0,,2,,,2026-06-09T18:14:29Z,2026-06-16T17:05:13Z,excluded,not screened in,"P3 2 commits on the default branch, below 40"
geewynn/chain_dbt_models,geewynn__chain_dbt_models,https://github.com/geewynn/chain_dbt_models,S3_code,0,,25,,,2025-04-27T11:15:24Z,2025-05-14T13:31:14Z,excluded,not screened in,"P3 25 commits on the default branch, below 40"
geoHeil/dagster-asset-demo,geoHeil__dagster-asset-demo,https://github.com/geoHeil/dagster-asset-demo,S2_topic_dbt,8,,41,9,3,2022-02-22T11:47:43Z,2022-04-22T10:38:22Z,excluded,not screened in,"P4 1.9 months between creation and last push, below 12"
geoHeil/dataengineering-meetup-vienna-2023-05,geoHeil__dataengineering-meetup-vienna-2023-05,https://github.com/geoHeil/dataengineering-meetup-vienna-2023-05,S3_code,2,,3,,,2023-04-20T11:55:32Z,2023-04-20T20:07:59Z,excluded,not screened in,"P3 3 commits on the default branch, below 40"
georgenithis/Ecommerce_data_modeling,georgenithis__Ecommerce_data_modeling,https://github.com/georgenithis/Ecommerce_data_modeling,S3_code,0,,11,,,2024-12-01T13:47:40Z,2024-12-01T17:10:59Z,excluded,not screened in,"P3 11 commits on the default branch, below 40"
geovannicorsino/dbt-developer-path,geovannicorsino__dbt-developer-path,https://github.com/geovannicorsino/dbt-developer-path,S2_topic_dbt-core,1,MIT,20,,,2026-03-23T22:53:14Z,2026-04-07T00:01:10Z,excluded,not screened in,"P3 20 commits on the default branch, below 40"
get-select/dbt-snowflake-monitoring,get-select__dbt-snowflake-monitoring,https://github.com/get-select/dbt-snowflake-monitoring,S2_topic_dbt;S3_code,260,MIT,380,27,2,2022-10-14T16:58:40Z,2026-03-18T18:08:48Z,passed,in corpus,
getcommunityone/open-navigator,getcommunityone__open-navigator,https://github.com/getcommunityone/open-navigator,S3_code,16,Apache-2.0,1728,242,3,2026-04-21T21:24:53Z,2026-07-30T01:44:28Z,excluded,not screened in,"P4 3.3 months between creation and last push, below 12"
getindata/data-pipelines-template-example,getindata__data-pipelines-template-example,https://github.com/getindata/data-pipelines-template-example,S3_code,7,,108,0,0,2022-04-25T19:10:52Z,2023-12-06T15:27:56Z,passed,"extracted, excluded",no dbt_project.yml found anywhere on the first-parent history
getindata/data-pipelines-template-example-aws,getindata__data-pipelines-template-example-aws,https://github.com/getindata/data-pipelines-template-example-aws,S3_code,0,,11,,,2023-12-06T13:58:55Z,2024-03-08T12:29:07Z,excluded,not screened in,"P3 11 commits on the default branch, below 40"
getindata/dbt-common-macros,getindata__dbt-common-macros,https://github.com/getindata/dbt-common-macros,S3_code,1,Apache-2.0,4,,,2022-07-27T08:17:43Z,2023-01-18T12:16:25Z,excluded,not screened in,"P3 4 commits on the default branch, below 40"
getindata/dbt-flink-adapter,getindata__dbt-flink-adapter,https://github.com/getindata/dbt-flink-adapter,S2_topic_dbt;S3_code,101,Apache-2.0,130,2,2,2022-09-06T10:22:37Z,2024-03-19T10:46:19Z,passed,"extracted, excluded","only 2 monthly snapshots, below the 12 minimum"
getindata/first-steps-with-data-pipelines,getindata__first-steps-with-data-pipelines,https://github.com/getindata/first-steps-with-data-pipelines,S3_code,9,,12,,,2022-06-03T09:32:44Z,2023-09-08T13:52:54Z,excluded,not screened in,"P3 12 commits on the default branch, below 40"
getnao/nao,getnao__nao,https://github.com/getnao/nao,S2_topic_analytics-engineering,1470,NOASSERTION,739,0,0,2025-12-30T18:33:25Z,2026-08-04T16:24:29Z,excluded,not screened in,"P4 7.1 months between creation and last push, below 12"
getsynq/synq-dbt,getsynq__synq-dbt,https://github.com/getsynq/synq-dbt,S2_topic_dbt,3,,64,0,0,2022-10-19T11:31:00Z,2026-05-11T15:41:48Z,passed,"extracted, excluded",no dbt_project.yml found anywhere on the first-parent history
ghadfield32/real_time_data_engineering,ghadfield32__real_time_data_engineering,https://github.com/ghadfield32/real_time_data_engineering,S3_code,16,,9,,,2026-02-12T22:05:55Z,2026-02-23T01:58:14Z,excluded,not screened in,"P3 9 commits on the default branch, below 40"
ghcpd/v-coralhuang_26_02_23_case1,ghcpd__v-coralhuang_26_02_23_case1,https://github.com/ghcpd/v-coralhuang_26_02_23_case1,S3_code,0,,1,,,2026-02-23T07:48:57Z,2026-02-23T07:52:05Z,excluded,not screened in,"P3 1 commits on the default branch, below 40"
giftHEALTH/dbt_zendesk_source,giftHEALTH__dbt_zendesk_source,https://github.com/giftHEALTH/dbt_zendesk_source,S3_code,0,Apache-2.0,163,38,1,2022-06-23T19:20:22Z,2025-03-03T16:09:24Z,passed,in corpus,
giftthedeveloper/-Automated-Weather-Pipeline-with-Airflow,giftthedeveloper__-Automated-Weather-Pipeline-with-Airflow,https://github.com/giftthedeveloper/-Automated-Weather-Pipeline-with-Airflow,S2_topic_dbt,1,,11,,,2026-05-27T16:01:36Z,2026-05-27T19:11:21Z,excluded,not screened in,"P3 11 commits on the default branch, below 40"
giftthedeveloper/olist-ecommerce-pipeline,giftthedeveloper__olist-ecommerce-pipeline,https://github.com/giftthedeveloper/olist-ecommerce-pipeline,S2_topic_dbt,1,,3,,,2026-05-26T18:08:50Z,2026-05-26T21:44:22Z,excluded,not screened in,"P3 3 commits on the default branch, below 40"
gilito11/casaTevaLeads,gilito11__casaTevaLeads,https://github.com/gilito11/casaTevaLeads,S2_topic_dbt,1,NOASSERTION,538,15,1,2025-12-07T20:40:23Z,2026-08-03T07:25:38Z,excluded,not screened in,"P4 7.8 months between creation and last push, below 12"
gitlabhq/snowflake_spend,gitlabhq__snowflake_spend,https://github.com/gitlabhq/snowflake_spend,S3_code,34,NOASSERTION,66,4,1,2020-09-22T21:39:29Z,2025-05-29T09:24:35Z,passed,"extracted, excluded","only 6 monthly snapshots, below the 12 minimum"
gizmodata/dbt-gizmosql,gizmodata__dbt-gizmosql,https://github.com/gizmodata/dbt-gizmosql,S3_code,8,NOASSERTION,45,0,1,2025-09-26T17:05:31Z,2026-07-29T13:15:21Z,excluded,not screened in,"P4 10.0 months between creation and last push, below 12"
gizzidan/rudder-event-analytics,gizzidan__rudder-event-analytics,https://github.com/gizzidan/rudder-event-analytics,S3_code,0,,17,,,2023-02-15T18:23:21Z,2023-03-07T14:26:07Z,excluded,not screened in,"P3 17 commits on the default branch, below 40"
glcapitan/microsoft-fabric-nyc-taxi-analytics,glcapitan__microsoft-fabric-nyc-taxi-analytics,https://github.com/glcapitan/microsoft-fabric-nyc-taxi-analytics,S2_topic_analytics-engineering,1,MIT,28,,,2026-07-14T13:55:54Z,2026-07-19T11:00:42Z,excluded,not screened in,"P3 28 commits on the default branch, below 40"
glean-io/examples,glean-io__examples,https://github.com/glean-io/examples,S3_code,0,,7,,,2023-03-14T18:32:52Z,2023-10-04T18:00:05Z,excluded,not screened in,"P3 7 commits on the default branch, below 40"
glebis/claude-cognitive-toolkit,glebis__claude-cognitive-toolkit,https://github.com/glebis/claude-cognitive-toolkit,S2_topic_dbt,9,,4,,,2026-04-26T22:14:00Z,2026-06-01T23:10:12Z,excluded,not screened in,"P3 4 commits on the default branch, below 40"
glennart8/OPA_Project_HR_Analytics_Proof_of_Concept,glennart8__OPA_Project_HR_Analytics_Proof_of_Concept,https://github.com/glennart8/OPA_Project_HR_Analytics_Proof_of_Concept,S3_code,2,,206,21,1,2025-04-23T08:21:52Z,2025-05-30T10:00:00Z,excluded,not screened in,"P4 1.2 months between creation and last push, below 12"
gliter/dbt-flink-adapter-example,gliter__dbt-flink-adapter-example,https://github.com/gliter/dbt-flink-adapter-example,S3_code,7,Apache-2.0,6,,,2022-11-25T15:00:17Z,2023-01-31T11:47:16Z,excluded,not screened in,"P3 6 commits on the default branch, below 40"
gmyrianthous/dbt-airflow,gmyrianthous__dbt-airflow,https://github.com/gmyrianthous/dbt-airflow,S2_topic_analytics-engineering;S2_topic_dbt,85,,141,9,1,2022-09-09T09:57:02Z,2026-07-08T14:02:28Z,passed,"extracted, excluded","only 3 monthly snapshots, below the 12 minimum"
gmyrianthous/dbt-dummy,gmyrianthous__dbt-dummy,https://github.com/gmyrianthous/dbt-dummy,S2_topic_analytics-engineering;S2_topic_dbt,38,MIT,3,,,2022-12-26T19:43:12Z,2023-11-23T11:02:01Z,excluded,not screened in,"P3 3 commits on the default branch, below 40"
gmyrianthous/jaffle_shop,gmyrianthous__jaffle_shop,https://github.com/gmyrianthous/jaffle_shop,S3_code,7,Apache-2.0,6,,,2023-02-28T16:03:07Z,2023-03-02T16:13:34Z,excluded,not screened in,"P3 6 commits on the default branch, below 40"
gnaneshwarreddyyadla/Nyc-taxi-pipeline,gnaneshwarreddyyadla__Nyc-taxi-pipeline,https://github.com/gnaneshwarreddyyadla/Nyc-taxi-pipeline,S3_code,1,,4,,,2026-04-05T23:08:18Z,2026-04-05T23:42:00Z,excluded,not screened in,"P3 4 commits on the default branch, below 40"
gnosischain/dbt-cerebro,gnosischain__dbt-cerebro,https://github.com/gnosischain/dbt-cerebro,S3_code,0,MIT,817,1251,1,2024-08-29T14:21:19Z,2026-08-04T15:31:15Z,passed,in corpus,
gocardless/airflow-dbt,gocardless__airflow-dbt,https://github.com/gocardless/airflow-dbt,S2_topic_dbt,415,MIT,104,0,0,2020-02-24T16:54:33Z,2024-05-17T06:46:00Z,passed,"extracted, excluded",no dbt_project.yml found anywhere on the first-parent history
godatadriven/dbt-bouncer,godatadriven__dbt-bouncer,https://github.com/godatadriven/dbt-bouncer,S2_topic_dbt,123,MIT,2347,14,2,2024-06-25T15:32:28Z,2026-08-04T16:44:01Z,passed,in corpus,
godatadriven/dbt-data-ai-summit,godatadriven__dbt-data-ai-summit,https://github.com/godatadriven/dbt-data-ai-summit,S3_code,15,Apache-2.0,4,,,2020-10-18T17:25:39Z,2021-03-08T22:48:15Z,excluded,not screened in,"P3 4 commits on the default branch, below 40"
godatadriven/dbt-excel,godatadriven__dbt-excel,https://github.com/godatadriven/dbt-excel,S2_topic_dbt;S3_code,97,Apache-2.0,44,5,2,2022-11-25T12:37:00Z,2026-03-12T19:50:54Z,passed,"extracted, excluded","only 4 monthly snapshots, below the 12 minimum"
godatadriven/dbt-ing-meetup,godatadriven__dbt-ing-meetup,https://github.com/godatadriven/dbt-ing-meetup,S3_code,0,Apache-2.0,6,,,2021-02-09T09:35:03Z,2021-02-10T14:35:16Z,excluded,not screened in,"P3 6 commits on the default branch, below 40"
godatadriven/github-contributions,godatadriven__github-contributions,https://github.com/godatadriven/github-contributions,S3_code,6,Apache-2.0,237,8,1,2023-07-27T18:40:40Z,2026-07-02T14:46:21Z,passed,"extracted, excluded","only 6 monthly snapshots, below the 12 minimum"
godatadriven/pytest-dbt-core,godatadriven__pytest-dbt-core,https://github.com/godatadriven/pytest-dbt-core,S2_topic_dbt;S3_code,63,Apache-2.0,82,0,2,2022-01-26T10:54:12Z,2026-07-06T02:32:57Z,passed,"extracted, excluded",no commits touch any declared model path
gomespgp/medallion-data-lakehouse,gomespgp__medallion-data-lakehouse,https://github.com/gomespgp/medallion-data-lakehouse,S2_topic_dbt,3,,8,,,2026-08-02T02:57:33Z,2026-08-05T00:57:35Z,excluded,not screened in,"P3 8 commits on the default branch, below 40"
google/fhir-dbt-analytics,google__fhir-dbt-analytics,https://github.com/google/fhir-dbt-analytics,S2_topic_dbt,60,Apache-2.0,120,187,1,2022-11-30T15:40:53Z,2024-12-10T17:19:49Z,passed,in corpus,
googleapis/google-cloud-python,googleapis__google-cloud-python,https://github.com/googleapis/google-cloud-python,S3_code,5364,Apache-2.0,63359,0,1,2014-01-28T15:51:47Z,2026-08-05T00:42:20Z,passed,"extracted, excluded",every sampled commit yielded zero models
gopherest/nyc-taxi-analytics,gopherest__nyc-taxi-analytics,https://github.com/gopherest/nyc-taxi-analytics,S3_code,0,,7,,,2026-05-02T20:06:37Z,2026-07-11T08:23:46Z,excluded,not screened in,"P3 7 commits on the default branch, below 40"
gouline/dbt-metabase,gouline__dbt-metabase,https://github.com/gouline/dbt-metabase,S2_topic_dbt,611,MIT,246,6,1,2019-12-12T09:23:22Z,2026-07-20T11:04:12Z,passed,"extracted, excluded","only 11 monthly snapshots, below the 12 minimum"
gpradnyil-max/awesome-dbt-playground,gpradnyil-max__awesome-dbt-playground,https://github.com/gpradnyil-max/awesome-dbt-playground,S3_code,0,MIT,5,,,2026-01-28T08:42:39Z,2026-01-29T06:48:28Z,excluded,not screened in,"P3 5 commits on the default branch, below 40"
gpradnyil-max/dbt-config-management,gpradnyil-max__dbt-config-management,https://github.com/gpradnyil-max/dbt-config-management,S3_code,0,MIT,2,,,2026-01-30T05:04:48Z,2026-01-30T06:42:09Z,excluded,not screened in,"P3 2 commits on the default branch, below 40"
graemeboulton/learning,graemeboulton__learning,https://github.com/graemeboulton/learning,S3_code,0,,4,,,2026-01-17T20:42:42Z,2026-01-17T21:18:17Z,excluded,not screened in,"P3 4 commits on the default branch, below 40"
grafana/dbt_leaner_query,grafana__dbt_leaner_query,https://github.com/grafana/dbt_leaner_query,S3_code,32,MIT,66,18,1,2023-05-09T20:39:49Z,2026-07-27T04:03:20Z,passed,"extracted, excluded","only 7 monthly snapshots, below the 12 minimum"
grahamwetzler/advent-of-code-dbt-2022,grahamwetzler__advent-of-code-dbt-2022,https://github.com/grahamwetzler/advent-of-code-dbt-2022,S3_code,13,,20,,,2022-12-01T16:56:11Z,2023-02-05T16:21:22Z,excluded,not screened in,"P3 20 commits on the default branch, below 40"
grai-io/grai-core,grai-io__grai-core,https://github.com/grai-io/grai-core,S2_topic_dbt,315,MIT-0,1085,0,0,2022-06-09T16:16:22Z,2026-01-30T20:28:25Z,passed,"extracted, excluded",no dbt_project.yml found anywhere on the first-parent history
granthjoshi01/Event-Analytics-Platform,granthjoshi01__Event-Analytics-Platform,https://github.com/granthjoshi01/Event-Analytics-Platform,S2_topic_analytics-engineering,7,MIT,103,0,0,2026-02-03T19:14:26Z,2026-02-26T13:53:56Z,excluded,not screened in,"P4 0.7 months between creation and last push, below 12"
graphext/mds,graphext__mds,https://github.com/graphext/mds,S3_code,0,,33,,,2022-09-02T10:38:34Z,2022-10-20T17:05:43Z,excluded,not screened in,"P3 33 commits on the default branch, below 40"
gregorywmorris/oaken-spirits,gregorywmorris__oaken-spirits,https://github.com/gregorywmorris/oaken-spirits,S3_code,5,NOASSERTION,160,13,10,2024-03-16T14:04:08Z,2024-07-16T13:59:12Z,excluded,not screened in,"P4 4.0 months between creation and last push, below 12"
grey8848/my_dbt_project,grey8848__my_dbt_project,https://github.com/grey8848/my_dbt_project,S3_code,0,,5,,,2025-12-24T08:45:51Z,2026-01-01T08:55:21Z,excluded,not screened in,"P3 5 commits on the default branch, below 40"
gritera/Gritera_GenAI_Kurs_Analytics_and_Code_Grunnlegende_Hands_On_repo,gritera__Gritera_GenAI_Kurs_Analytics_and_Code_Grunnlegende_Hands_On_repo,https://github.com/gritera/Gritera_GenAI_Kurs_Analytics_and_Code_Grunnlegende_Hands_On_repo,S3_code,0,,11,,,2026-04-14T17:46:14Z,2026-05-20T08:37:02Z,excluded,not screened in,"P3 11 commits on the default branch, below 40"
grynn-in/konsolidat,grynn-in__konsolidat,https://github.com/grynn-in/konsolidat,S3_code,0,MIT,242,98,1,2026-06-07T15:19:17Z,2026-07-02T15:21:56Z,excluded,not screened in,"P4 0.8 months between creation and last push, below 12"
gseda19/Marathon_Reporting,gseda19__Marathon_Reporting,https://github.com/gseda19/Marathon_Reporting,S3_code,0,,9,,,2025-05-15T05:28:37Z,2025-05-22T03:15:11Z,excluded,not screened in,"P3 9 commits on the default branch, below 40"
gseda19/grasya-snowflake,gseda19__grasya-snowflake,https://github.com/gseda19/grasya-snowflake,S3_code,0,,584,2,1,2024-04-23T01:48:06Z,2026-07-31T01:24:59Z,passed,in corpus,
guiarpi/olist-data-platform,guiarpi__olist-data-platform,https://github.com/guiarpi/olist-data-platform,S3_code,0,,3,,,2026-07-22T13:17:15Z,2026-07-22T14:00:36Z,excluded,not screened in,"P3 3 commits on the default branch, below 40"
guidok91/aviation-analytics,guidok91__aviation-analytics,https://github.com/guidok91/aviation-analytics,S2_topic_dbt,7,,78,3,1,2023-09-08T09:40:24Z,2026-08-01T21:45:25Z,passed,"extracted, excluded","only 8 monthly snapshots, below the 12 minimum"
guilherme-francisco/Zoocamp-Project,guilherme-francisco__Zoocamp-Project,https://github.com/guilherme-francisco/Zoocamp-Project,S3_code,0,MIT,15,,,2024-04-12T15:24:02Z,2024-04-15T10:18:46Z,excluded,not screened in,"P3 15 commits on the default branch, below 40"
guilherme-gonzalez/dbt-poc-demo,guilherme-gonzalez__dbt-poc-demo,https://github.com/guilherme-gonzalez/dbt-poc-demo,S3_code,2,,1,,,2023-11-27T03:50:08Z,2023-11-27T03:54:22Z,excluded,not screened in,"P3 1 commits on the default branch, below 40"
guilhermebezerrads/analytics-engineering-project,guilhermebezerrads__analytics-engineering-project,https://github.com/guilhermebezerrads/analytics-engineering-project,S3_code,0,,59,11,1,2024-04-18T00:02:27Z,2024-04-29T21:53:46Z,excluded,not screened in,"P4 0.4 months between creation and last push, below 12"
guillermocontp/Snowflake-project,guillermocontp__Snowflake-project,https://github.com/guillermocontp/Snowflake-project,S3_code,0,,112,17,1,2025-06-03T08:20:15Z,2025-06-10T17:20:08Z,excluded,not screened in,"P4 0.2 months between creation and last push, below 12"
gusrasch/graphme,gusrasch__graphme,https://github.com/gusrasch/graphme,S3_code,0,,8,,,2024-08-04T17:38:15Z,2024-08-20T16:39:42Z,excluded,not screened in,"P3 8 commits on the default branch, below 40"
gustavohenriqq/world-cup-2026-data-pipeline,gustavohenriqq__world-cup-2026-data-pipeline,https://github.com/gustavohenriqq/world-cup-2026-data-pipeline,S2_topic_analytics-engineering;S2_topic_dbt,1,,1,,,2026-07-21T23:10:56Z,2026-07-21T23:14:04Z,excluded,not screened in,"P3 1 commits on the default branch, below 40"
gwebbmoney/test_dbt_shopify_integration,gwebbmoney__test_dbt_shopify_integration,https://github.com/gwebbmoney/test_dbt_shopify_integration,S3_code,1,,620,44,1,2023-09-22T20:48:57Z,2024-08-21T16:43:51Z,excluded,not screened in,"P4 10.9 months between creation and last push, below 12"
gwenwindflower/octocatalog,gwenwindflower__octocatalog,https://github.com/gwenwindflower/octocatalog,S2_topic_dbt,69,,90,6,1,2023-08-08T23:50:08Z,2026-01-23T03:08:31Z,passed,"extracted, excluded","only 3 monthly snapshots, below the 12 minimum"
gwygain/mini-project,gwygain__mini-project,https://github.com/gwygain/mini-project,S3_code,0,,3,,,2026-07-30T11:40:12Z,2026-07-30T12:05:48Z,excluded,not screened in,"P3 3 commits on the default branch, below 40"
gyamada22/Analise-Mercado-de-Dados,gyamada22__Analise-Mercado-de-Dados,https://github.com/gyamada22/Analise-Mercado-de-Dados,S2_topic_dbt,1,MIT,246,9,1,2025-12-21T03:39:19Z,2026-02-26T01:24:36Z,excluded,not screened in,"P4 2.2 months between creation and last push, below 12"
h0ndv/bigdata-pipeline,h0ndv__bigdata-pipeline,https://github.com/h0ndv/bigdata-pipeline,S3_code,0,MIT,5,,,2026-07-02T03:39:44Z,2026-07-02T03:39:49Z,excluded,not screened in,"P3 5 commits on the default branch, below 40"
haas-binge/dwa-compare-dbt,haas-binge__dwa-compare-dbt,https://github.com/haas-binge/dwa-compare-dbt,S3_code,5,,15,,,2023-07-07T10:27:25Z,2023-09-22T12:38:06Z,excluded,not screened in,"P3 15 commits on the default branch, below 40"
haas-binge/willibald-data-vault-with-dbt,haas-binge__willibald-data-vault-with-dbt,https://github.com/haas-binge/willibald-data-vault-with-dbt,S3_code,10,,62,161,1,2023-10-04T07:03:31Z,2024-05-15T12:15:47Z,excluded,not screened in,"P4 7.4 months between creation and last push, below 12"
hadyelfadaly/Bikeshare-Analytics-Pipeline,hadyelfadaly__Bikeshare-Analytics-Pipeline,https://github.com/hadyelfadaly/Bikeshare-Analytics-Pipeline,S2_topic_dbt,2,,10,,,2026-03-29T21:05:14Z,2026-04-27T11:23:58Z,excluded,not screened in,"P3 10 commits on the default branch, below 40"
haggman/datatonic-dbt,haggman__datatonic-dbt,https://github.com/haggman/datatonic-dbt,S3_code,0,,18,,,2022-07-22T12:18:24Z,2022-07-23T13:43:01Z,excluded,not screened in,"P3 18 commits on the default branch, below 40"
haider123768/dbt-core,haider123768__dbt-core,https://github.com/haider123768/dbt-core,S2_topic_dbt-core,1,Apache-2.0,7196,2012,8,2025-10-23T03:54:24Z,2026-07-27T09:34:23Z,excluded,not screened in,"P4 9.1 months between creation and last push, below 12"
hakanozger/data-engineering-dbt-airflow,hakanozger__data-engineering-dbt-airflow,https://github.com/hakanozger/data-engineering-dbt-airflow,S3_code,0,MIT,6,,,2025-02-03T12:29:16Z,2025-02-04T02:00:45Z,excluded,not screened in,"P3 6 commits on the default branch, below 40"
hams71/Dbt_Demo,hams71__Dbt_Demo,https://github.com/hams71/Dbt_Demo,S2_topic_dbt,3,,33,,,2022-05-23T06:48:50Z,2023-05-03T08:01:42Z,excluded,not screened in,"P3 33 commits on the default branch, below 40"
harbor-framework/harbor-adapters-experiments,harbor-framework__harbor-adapters-experiments,https://github.com/harbor-framework/harbor-adapters-experiments,S3_code,8,Apache-2.0,111,5,2,2026-04-21T03:01:02Z,2026-06-28T19:15:37Z,excluded,not screened in,"P4 2.2 months between creation and last push, below 12"
harbor-framework/harbor-index,harbor-framework__harbor-index,https://github.com/harbor-framework/harbor-index,S3_code,22,,136,5,2,2026-07-07T01:31:21Z,2026-08-03T18:29:03Z,excluded,not screened in,"P4 0.9 months between creation and last push, below 12"
hardhiqchoudhary-arch/flight-price-pipeline,hardhiqchoudhary-arch__flight-price-pipeline,https://github.com/hardhiqchoudhary-arch/flight-price-pipeline,S2_topic_dbt,1,,22,,,2026-03-09T20:59:40Z,2026-04-16T21:49:02Z,excluded,not screened in,"P3 22 commits on the default branch, below 40"
hari255/Data-Engineering,hari255__Data-Engineering,https://github.com/hari255/Data-Engineering,S2_topic_dbt,1,,18,,,2024-02-16T00:20:15Z,2024-06-01T20:47:06Z,excluded,not screened in,"P3 18 commits on the default branch, below 40"
harish-raja10/End-to-end-HR-data-pipeline-with-dbt-DuckDB,harish-raja10__End-to-end-HR-data-pipeline-with-dbt-DuckDB,https://github.com/harish-raja10/End-to-end-HR-data-pipeline-with-dbt-DuckDB,S3_code,1,,5,,,2025-06-22T06:42:02Z,2025-06-23T17:53:52Z,excluded,not screened in,"P3 5 commits on the default branch, below 40"
harrydevforlife/building-lakehouse,harrydevforlife__building-lakehouse,https://github.com/harrydevforlife/building-lakehouse,S2_topic_dbt,43,,75,5,1,2023-06-25T05:13:15Z,2025-12-15T03:23:39Z,passed,"extracted, excluded","only 1 monthly snapshots, below the 12 minimum"
harshit17xd/ecommerce-etl-snowflake-dbt-airflow,harshit17xd__ecommerce-etl-snowflake-dbt-airflow,https://github.com/harshit17xd/ecommerce-etl-snowflake-dbt-airflow,S3_code,0,,1,,,2026-04-10T12:24:25Z,2026-04-10T12:28:42Z,excluded,not screened in,"P3 1 commits on the default branch, below 40"
harshitha-purama/retailpulse,harshitha-purama__retailpulse,https://github.com/harshitha-purama/retailpulse,S3_code,0,,8,,,2026-06-26T05:29:25Z,2026-06-29T00:58:17Z,excluded,not screened in,"P3 8 commits on the default branch, below 40"
hashmapinc/dbt-demo,hashmapinc__dbt-demo,https://github.com/hashmapinc/dbt-demo,S3_code,1,Apache-2.0,2,,,2020-07-01T13:31:20Z,2020-07-01T13:40:11Z,excluded,not screened in,"P3 2 commits on the default branch, below 40"
hbchoi0917/trading,hbchoi0917__trading,https://github.com/hbchoi0917/trading,S2_topic_analytics-engineering;S2_topic_dbt,2,NOASSERTION,154,6,1,2025-10-31T10:12:59Z,2026-07-16T19:24:59Z,excluded,not screened in,"P4 8.5 months between creation and last push, below 12"
hdip/healthcareproviders-dbt-neo4j,hdip__healthcareproviders-dbt-neo4j,https://github.com/hdip/healthcareproviders-dbt-neo4j,S3_code,6,,2,,,2021-02-17T04:14:46Z,2022-07-17T23:02:59Z,excluded,not screened in,"P3 2 commits on the default branch, below 40"
heitorfe/pipeline-deputados,heitorfe__pipeline-deputados,https://github.com/heitorfe/pipeline-deputados,S3_code,8,,41,27,1,2025-07-20T13:59:55Z,2025-08-12T09:56:19Z,excluded,not screened in,"P4 0.7 months between creation and last push, below 12"
helenamin/DEB-TV-MAZE,helenamin__DEB-TV-MAZE,https://github.com/helenamin/DEB-TV-MAZE,S2_topic_dbt,2,,30,,,2022-11-21T11:00:41Z,2022-11-20T12:15:30Z,excluded,not screened in,"P3 30 commits on the default branch, below 40"
hellomaxime/data-platform-on-kubernetes,hellomaxime__data-platform-on-kubernetes,https://github.com/hellomaxime/data-platform-on-kubernetes,S2_topic_dbt,7,Apache-2.0,61,2,1,2024-02-20T20:51:44Z,2024-04-22T16:45:58Z,excluded,not screened in,"P4 2.0 months between creation and last push, below 12"
hendrik-spl/dogs-as-a-service-pipeline,hendrik-spl__dogs-as-a-service-pipeline,https://github.com/hendrik-spl/dogs-as-a-service-pipeline,S3_code,0,,34,,,2025-08-26T07:57:32Z,2025-08-31T20:08:59Z,excluded,not screened in,"P3 34 commits on the default branch, below 40"
hendrysophia/dbt_project,hendrysophia__dbt_project,https://github.com/hendrysophia/dbt_project,S2_topic_dbt,1,,20,,,2024-04-19T08:52:11Z,2024-04-22T08:29:54Z,excluded,not screened in,"P3 20 commits on the default branch, below 40"
henriblancke/atom-dbt-formatter,henriblancke__atom-dbt-formatter,https://github.com/henriblancke/atom-dbt-formatter,S2_topic_dbt,2,,22,,,2019-06-11T00:13:58Z,2022-02-12T01:49:23Z,excluded,not screened in,"P3 22 commits on the default branch, below 40"
henriblancke/dbt-formatter,henriblancke__dbt-formatter,https://github.com/henriblancke/dbt-formatter,S2_topic_dbt,47,MIT,52,0,0,2019-06-10T03:07:28Z,2022-06-23T04:54:03Z,passed,"extracted, excluded",no dbt_project.yml found anywhere on the first-parent history
henriqueetges/Airflow,henriqueetges__Airflow,https://github.com/henriqueetges/Airflow,S3_code,0,,116,3,1,2025-02-04T15:08:41Z,2025-08-08T21:21:44Z,excluded,not screened in,"P4 6.1 months between creation and last push, below 12"
hgautam524/Novapay,hgautam524__Novapay,https://github.com/hgautam524/Novapay,S3_code,0,,13,,,2026-04-14T05:32:11Z,2026-05-15T06:29:09Z,excluded,not screened in,"P3 13 commits on the default branch, below 40"
hieuhuynhde2012/gene-expression-cancer-prediction,hieuhuynhde2012__gene-expression-cancer-prediction,https://github.com/hieuhuynhde2012/gene-expression-cancer-prediction,S3_code,0,,13,,,2025-05-09T13:15:10Z,2025-06-27T08:51:11Z,excluded,not screened in,"P3 13 commits on the default branch, below 40"
hightouchio/dbt-hightouch,hightouchio__dbt-hightouch,https://github.com/hightouchio/dbt-hightouch,S3_code,10,Apache-2.0,17,,,2022-06-03T05:50:09Z,2023-09-11T08:33:36Z,excluded,not screened in,"P3 17 commits on the default branch, below 40"
hightouchio/git_sync_demo,hightouchio__git_sync_demo,https://github.com/hightouchio/git_sync_demo,S3_code,0,,57,5,1,2021-11-05T17:59:39Z,2022-01-19T21:48:48Z,excluded,not screened in,"P4 2.5 months between creation and last push, below 12"
hiivemarkets/data-tech-interview,hiivemarkets__data-tech-interview,https://github.com/hiivemarkets/data-tech-interview,S3_code,0,,6,,,2024-12-09T23:39:44Z,2024-12-24T15:02:15Z,excluded,not screened in,"P3 6 commits on the default branch, below 40"
himewel/covid19retail,himewel__covid19retail,https://github.com/himewel/covid19retail,S2_topic_dbt;S3_code,14,,51,11,1,2022-05-06T19:59:49Z,2026-07-12T16:38:42Z,passed,"extracted, excluded","only 1 monthly snapshots, below the 12 minimum"
hipposys-ltd/dbt-kg,hipposys-ltd__dbt-kg,https://github.com/hipposys-ltd/dbt-kg,S3_code,1,MIT,7,,,2025-07-06T12:17:28Z,2025-10-26T15:16:53Z,excluded,not screened in,"P3 7 commits on the default branch, below 40"
hipposys-ltd/dbt-to-english,hipposys-ltd__dbt-to-english,https://github.com/hipposys-ltd/dbt-to-english,S3_code,9,MIT,23,,,2025-01-28T12:16:42Z,2025-10-26T15:14:17Z,excluded,not screened in,"P3 23 commits on the default branch, below 40"
hirthickraj2015/ireland_housing_data_platform,hirthickraj2015__ireland_housing_data_platform,https://github.com/hirthickraj2015/ireland_housing_data_platform,S3_code,143,MIT,11,,,2026-01-10T17:11:10Z,2026-02-15T21:59:52Z,excluded,not screened in,"P3 11 commits on the default branch, below 40"
hizik999/bdst_coursework_dbt,hizik999__bdst_coursework_dbt,https://github.com/hizik999/bdst_coursework_dbt,S2_topic_dbt,2,,14,,,2024-11-09T10:54:58Z,2024-11-22T14:11:04Z,excluded,not screened in,"P3 14 commits on the default branch, below 40"
hktodorova/snowflake_impressive_project,hktodorova__snowflake_impressive_project,https://github.com/hktodorova/snowflake_impressive_project,S3_code,0,,14,,,2026-05-10T23:50:46Z,2026-05-12T19:17:29Z,excluded,not screened in,"P3 14 commits on the default branch, below 40"
hlrd93/F1-analitica,hlrd93__F1-analitica,https://github.com/hlrd93/F1-analitica,S3_code,0,,15,,,2025-09-23T21:41:17Z,2025-12-07T00:11:12Z,excluded,not screened in,"P3 15 commits on the default branch, below 40"
hoangf384/Bigdata,hoangf384__Bigdata,https://github.com/hoangf384/Bigdata,S3_code,1,,88,22,1,2025-12-11T15:35:57Z,2026-03-17T03:27:19Z,excluded,not screened in,"P4 3.1 months between creation and last push, below 12"
hoanggiakz/coffe-shop,hoanggiakz__coffe-shop,https://github.com/hoanggiakz/coffe-shop,S3_code,0,,240,0,1,2026-03-22T16:47:08Z,2026-06-19T12:14:39Z,excluded,not screened in,"P4 2.9 months between creation and last push, below 12"
hoomanesteki/agentic-rag-knowledge-ai-platform,hoomanesteki__agentic-rag-knowledge-ai-platform,https://github.com/hoomanesteki/agentic-rag-knowledge-ai-platform,S2_topic_dbt,1,MIT,581,12,1,2026-07-01T23:19:58Z,2026-07-30T07:37:20Z,excluded,not screened in,"P4 0.9 months between creation and last push, below 12"
hoomanesteki/omniagent-ai-data-analyst,hoomanesteki__omniagent-ai-data-analyst,https://github.com/hoomanesteki/omniagent-ai-data-analyst,S2_topic_dbt,1,MIT,39,,,2026-08-01T22:12:33Z,2026-08-05T00:15:14Z,excluded,not screened in,"P3 39 commits on the default branch, below 40"
houcem58/modern-data-platform-demo,houcem58__modern-data-platform-demo,https://github.com/houcem58/modern-data-platform-demo,S2_topic_dbt,1,NOASSERTION,44,8,1,2026-07-14T12:00:47Z,2026-08-04T19:24:26Z,excluded,not screened in,"P4 0.7 months between creation and last push, below 12"
houhang1005/hudi_test,houhang1005__hudi_test,https://github.com/houhang1005/hudi_test,S3_code,0,Apache-2.0,3644,5,1,2023-08-10T07:04:30Z,2023-10-09T06:25:19Z,excluded,not screened in,"P4 1.9 months between creation and last push, below 12"
hpena212/snowflake-shaved-ice,hpena212__snowflake-shaved-ice,https://github.com/hpena212/snowflake-shaved-ice,S2_topic_dbt,1,,33,,,2026-01-13T02:26:03Z,2026-03-06T03:07:31Z,excluded,not screened in,"P3 33 commits on the default branch, below 40"
hrootscraft/crypto-market-analysis,hrootscraft__crypto-market-analysis,https://github.com/hrootscraft/crypto-market-analysis,S3_code,0,,2,,,2026-02-19T16:55:53Z,2026-02-19T18:15:05Z,excluded,not screened in,"P3 2 commits on the default branch, below 40"
htutb/mts_mlops25_hw4,htutb__mts_mlops25_hw4,https://github.com/htutb/mts_mlops25_hw4,S3_code,0,MIT,2,,,2025-12-31T08:47:08Z,2025-12-31T08:57:10Z,excluded,not screened in,"P3 2 commits on the default branch, below 40"
hugr-lab/osm_dbt,hugr-lab__osm_dbt,https://github.com/hugr-lab/osm_dbt,S3_code,2,MIT,6,,,2025-06-12T06:36:08Z,2025-08-19T14:07:42Z,excluded,not screened in,"P3 6 commits on the default branch, below 40"
hungts510/digital-advertising-sample-pipeline,hungts510__digital-advertising-sample-pipeline,https://github.com/hungts510/digital-advertising-sample-pipeline,S3_code,0,,11,,,2025-07-24T14:44:20Z,2025-07-28T11:07:15Z,excluded,not screened in,"P3 11 commits on the default branch, below 40"
huyhoang171/Demo_google_ads_dbt_cloud,huyhoang171__Demo_google_ads_dbt_cloud,https://github.com/huyhoang171/Demo_google_ads_dbt_cloud,S3_code,0,,7,,,2026-01-13T07:09:13Z,2026-01-15T10:01:01Z,excluded,not screened in,"P3 7 commits on the default branch, below 40"
huyvu15/dbt-vnstock,huyvu15__dbt-vnstock,https://github.com/huyvu15/dbt-vnstock,S3_code,0,,15,,,2025-08-15T16:37:55Z,2025-08-18T23:59:02Z,excluded,not screened in,"P3 15 commits on the default branch, below 40"
hvignolo87/analytics_engineer_assignment,hvignolo87__analytics_engineer_assignment,https://github.com/hvignolo87/analytics_engineer_assignment,S2_topic_analytics-engineering;S2_topic_dbt,1,MIT,41,12,1,2024-02-18T16:55:02Z,2024-02-19T12:23:52Z,excluded,not screened in,"P4 0.0 months between creation and last push, below 12"
hvignolo87/superside-challenge,hvignolo87__superside-challenge,https://github.com/hvignolo87/superside-challenge,S2_topic_dbt,2,MIT,103,4,1,2024-09-13T23:09:01Z,2024-10-15T13:15:02Z,excluded,not screened in,"P4 1.0 months between creation and last push, below 12"
hwchua0209/data-engineering-zoomcamp-submission,hwchua0209__data-engineering-zoomcamp-submission,https://github.com/hwchua0209/data-engineering-zoomcamp-submission,S2_topic_dbt,2,,36,,,2024-01-25T14:24:00Z,2024-04-01T13:14:41Z,excluded,not screened in,"P3 36 commits on the default branch, below 40"
hypermeter-mirrors/cube,hypermeter-mirrors__cube,https://github.com/hypermeter-mirrors/cube,S3_code,0,NOASSERTION,8422,1,2,2026-03-20T21:17:25Z,2026-06-18T12:04:54Z,excluded,not screened in,"P4 2.9 months between creation and last push, below 12"
hypertrial/costguard,hypertrial__costguard,https://github.com/hypertrial/costguard,S2_topic_dbt;S3_code,1,MIT,197,57,30,2026-05-21T13:16:39Z,2026-08-04T07:10:21Z,excluded,not screened in,"P4 2.4 months between creation and last push, below 12"
hypertrial/oddsfox-pipeline,hypertrial__oddsfox-pipeline,https://github.com/hypertrial/oddsfox-pipeline,S2_topic_dbt;S3_code,3,MIT,239,97,1,2026-06-27T19:40:09Z,2026-08-05T01:22:21Z,excluded,not screened in,"P4 1.2 months between creation and last push, below 12"
hytfjwr/dbtl,hytfjwr__dbtl,https://github.com/hytfjwr/dbtl,S2_topic_analytics-engineering;S2_topic_dbt,1,MIT,71,15,3,2026-06-10T15:21:05Z,2026-07-27T00:14:53Z,excluded,not screened in,"P4 1.5 months between creation and last push, below 12"
hyunjun1121/dias-NL2SQL,hyunjun1121__dias-NL2SQL,https://github.com/hyunjun1121/dias-NL2SQL,S3_code,0,,47,1007,69,2025-10-12T14:47:42Z,2025-11-19T16:37:33Z,excluded,not screened in,"P4 1.2 months between creation and last push, below 12"
hyuntaepark-gh/End-To-End-Retail-Data-Warehouse,hyuntaepark-gh__End-To-End-Retail-Data-Warehouse,https://github.com/hyuntaepark-gh/End-To-End-Retail-Data-Warehouse,S2_topic_analytics-engineering,1,,598,0,0,2026-01-19T00:34:22Z,2026-03-28T18:51:59Z,excluded,not screened in,"P4 2.2 months between creation and last push, below 12"
iSh3rawy/bikespark,iSh3rawy__bikespark,https://github.com/iSh3rawy/bikespark,S2_topic_dbt,1,,71,4,1,2026-05-02T06:01:20Z,2026-05-15T16:26:35Z,excluded,not screened in,"P4 0.4 months between creation and last push, below 12"
iamsocool24/dbt-core-mcp,iamsocool24__dbt-core-mcp,https://github.com/iamsocool24/dbt-core-mcp,S2_topic_dbt;S2_topic_dbt-core,3,MIT,69,3,1,2025-08-11T20:52:27Z,2026-07-27T09:46:08Z,excluded,not screened in,"P4 11.5 months between creation and last push, below 12"
iamwaqarjaved/python-function-design-standards,iamwaqarjaved__python-function-design-standards,https://github.com/iamwaqarjaved/python-function-design-standards,S2_topic_analytics-engineering,1,Apache-2.0,4,,,2026-06-02T20:12:25Z,2026-06-02T20:30:44Z,excluded,not screened in,"P3 4 commits on the default branch, below 40"
ianlucasch/crm-de-vendas,ianlucasch__crm-de-vendas,https://github.com/ianlucasch/crm-de-vendas,S2_topic_dbt-core,2,GPL-3.0,16,,,2024-10-24T21:36:51Z,2025-01-27T14:35:44Z,excluded,not screened in,"P3 16 commits on the default branch, below 40"
ianlucasch/dw-de-commodities,ianlucasch__dw-de-commodities,https://github.com/ianlucasch/dw-de-commodities,S2_topic_dbt-core,2,GPL-3.0,17,,,2024-10-10T18:39:35Z,2024-11-09T13:03:35Z,excluded,not screened in,"P3 17 commits on the default branch, below 40"
id-ilya/dbt_practice,id-ilya__dbt_practice,https://github.com/id-ilya/dbt_practice,S3_code,0,,11,,,2025-01-08T11:11:42Z,2025-05-26T06:32:50Z,excluded,not screened in,"P3 11 commits on the default branch, below 40"
idesis-gmbh/GitHubExperiments,idesis-gmbh__GitHubExperiments,https://github.com/idesis-gmbh/GitHubExperiments,S2_topic_dbt,20,MIT,21,,,2026-03-23T08:46:59Z,2026-04-29T18:48:15Z,excluded,not screened in,"P3 21 commits on the default branch, below 40"
igneel64/asana_elt_pipeline,igneel64__asana_elt_pipeline,https://github.com/igneel64/asana_elt_pipeline,S2_topic_dbt,1,,1,,,2023-05-21T16:37:38Z,2023-05-23T14:50:48Z,excluded,not screened in,"P3 1 commits on the default branch, below 40"
igor-lobanov-maersk/dbt-dremio-primer,igor-lobanov-maersk__dbt-dremio-primer,https://github.com/igor-lobanov-maersk/dbt-dremio-primer,S3_code,0,,4,,,2023-10-24T14:41:35Z,2023-10-27T16:53:20Z,excluded,not screened in,"P3 4 commits on the default branch, below 40"
igorlangoni/online_retail_data_pipeline,igorlangoni__online_retail_data_pipeline,https://github.com/igorlangoni/online_retail_data_pipeline,S3_code,0,,49,7,1,2024-01-18T10:58:38Z,2024-08-01T14:13:01Z,excluded,not screened in,"P4 6.4 months between creation and last push, below 12"
ik2535/olist-ecommerce-datawarehouse,ik2535__olist-ecommerce-datawarehouse,https://github.com/ik2535/olist-ecommerce-datawarehouse,S3_code,0,,2,,,2025-06-21T23:31:57Z,2025-06-21T23:35:52Z,excluded,not screened in,"P3 2 commits on the default branch, below 40"
il-toti/snowflake-evaluator,il-toti__snowflake-evaluator,https://github.com/il-toti/snowflake-evaluator,S2_topic_dbt,1,Apache-2.0,9,,,2024-01-08T13:04:35Z,2024-01-24T19:26:41Z,excluded,not screened in,"P3 9 commits on the default branch, below 40"
iliachel/TS,iliachel__TS,https://github.com/iliachel/TS,S3_code,1,,5,,,2026-03-12T16:36:15Z,2026-03-12T17:52:09Z,excluded,not screened in,"P3 5 commits on the default branch, below 40"
ilichDataEngineer/DataTalksClub-Practice-DE-BTC2023,ilichDataEngineer__DataTalksClub-Practice-DE-BTC2023,https://github.com/ilichDataEngineer/DataTalksClub-Practice-DE-BTC2023,S2_topic_analytics-engineering,1,,4,,,2023-01-26T04:59:29Z,2024-01-29T16:39:21Z,excluded,not screened in,"P3 4 commits on the default branch, below 40"
ilichDataEngineer/DigitalMarketingAnalysis-DataEngineerIO-CapstoneProject-DE-BTC2024,ilichDataEngineer__DigitalMarketingAnalysis-DataEngineerIO-CapstoneProject-DE-BTC2024,https://github.com/ilichDataEngineer/DigitalMarketingAnalysis-DataEngineerIO-CapstoneProject-DE-BTC2024,S2_topic_analytics-engineering;S2_topic_dbt,5,,61,1,1,2024-01-14T18:01:06Z,2026-08-04T02:57:46Z,passed,"extracted, excluded","only 1 monthly snapshots, below the 12 minimum"
ilichDataEngineer/XPEducacao-Practice-DE-BTC2023,ilichDataEngineer__XPEducacao-Practice-DE-BTC2023,https://github.com/ilichDataEngineer/XPEducacao-Practice-DE-BTC2023,S2_topic_analytics-engineering,1,,31,,,2023-02-01T23:23:04Z,2023-02-05T20:14:28Z,excluded,not screened in,"P3 31 commits on the default branch, below 40"
ilyapetruhnov/fanareas-dbt,ilyapetruhnov__fanareas-dbt,https://github.com/ilyapetruhnov/fanareas-dbt,S3_code,0,Apache-2.0,526,31,1,2024-02-07T16:56:48Z,2025-01-12T10:48:56Z,excluded,not screened in,"P4 11.1 months between creation and last push, below 12"
imadharir/gcp-data-pipeline-stock-market,imadharir__gcp-data-pipeline-stock-market,https://github.com/imadharir/gcp-data-pipeline-stock-market,S3_code,0,,6,,,2024-09-22T16:08:29Z,2025-01-20T17:52:22Z,excluded,not screened in,"P3 6 commits on the default branch, below 40"
imamzafar/E-Commerce-Order-Pipeline,imamzafar__E-Commerce-Order-Pipeline,https://github.com/imamzafar/E-Commerce-Order-Pipeline,S3_code,7,,12,,,2025-05-23T23:43:54Z,2025-05-27T14:31:50Z,excluded,not screened in,"P3 12 commits on the default branch, below 40"
inazr/snap_join,inazr__snap_join,https://github.com/inazr/snap_join,S2_topic_dbt,2,MIT,49,5,1,2025-01-23T19:24:52Z,2025-10-26T12:25:03Z,excluded,not screened in,"P4 9.0 months between creation and last push, below 12"
inferlabs/dbt-infer,inferlabs__dbt-infer,https://github.com/inferlabs/dbt-infer,S3_code,4,Apache-2.0,32,,,2022-11-23T13:34:02Z,2023-12-12T22:29:31Z,excluded,not screened in,"P3 32 commits on the default branch, below 40"
infinitelambda/carbon-analytics,infinitelambda__carbon-analytics,https://github.com/infinitelambda/carbon-analytics,S3_code,4,Apache-2.0,28,,,2022-05-23T08:28:03Z,2023-05-25T09:41:18Z,excluded,not screened in,"P3 28 commits on the default branch, below 40"
infinitelambda/dbt-alert,infinitelambda__dbt-alert,https://github.com/infinitelambda/dbt-alert,S2_topic_dbt;S3_code,9,Apache-2.0,35,,,2024-07-09T10:09:39Z,2025-12-16T20:54:13Z,excluded,not screened in,"P3 35 commits on the default branch, below 40"
infinitelambda/dbt-audit-helper-ext,infinitelambda__dbt-audit-helper-ext,https://github.com/infinitelambda/dbt-audit-helper-ext,S2_topic_dbt;S3_code,7,Apache-2.0,110,2,1,2024-11-22T13:49:42Z,2026-08-04T01:36:36Z,passed,"extracted, excluded","only 8 monthly snapshots, below the 12 minimum"
infinitelambda/dbt-data-diff,infinitelambda__dbt-data-diff,https://github.com/infinitelambda/dbt-data-diff,S2_topic_dbt;S3_code,26,Apache-2.0,147,7,1,2024-01-12T03:40:16Z,2026-07-02T05:06:23Z,passed,"extracted, excluded","only 2 monthly snapshots, below the 12 minimum"
infinitelambda/dbt-data-vault-template,infinitelambda__dbt-data-vault-template,https://github.com/infinitelambda/dbt-data-vault-template,S3_code,15,Apache-2.0,3,,,2023-05-22T08:13:06Z,2023-06-07T07:22:04Z,excluded,not screened in,"P3 3 commits on the default branch, below 40"
infinitelambda/dbt-snowflake-evaluator,infinitelambda__dbt-snowflake-evaluator,https://github.com/infinitelambda/dbt-snowflake-evaluator,S2_topic_dbt;S3_code,12,Apache-2.0,9,,,2024-01-10T14:47:04Z,2024-01-24T19:31:08Z,excluded,not screened in,"P3 9 commits on the default branch, below 40"
infinitelambda/dbt-tags,infinitelambda__dbt-tags,https://github.com/infinitelambda/dbt-tags,S2_topic_dbt,26,Apache-2.0,102,0,1,2024-03-11T06:15:49Z,2026-07-02T05:02:27Z,passed,"extracted, excluded",no commits touch any declared model path
infinitelambda/dq-demo,infinitelambda__dq-demo,https://github.com/infinitelambda/dq-demo,S2_topic_dbt,4,MIT,38,,,2023-04-06T08:51:56Z,2023-04-17T05:40:42Z,excluded,not screened in,"P3 38 commits on the default branch, below 40"
infinitelambda/dq-tools,infinitelambda__dq-tools,https://github.com/infinitelambda/dq-tools,S2_topic_dbt;S3_code,56,Apache-2.0,66,5,1,2023-01-12T08:16:14Z,2026-07-04T03:53:44Z,passed,"extracted, excluded","only 11 monthly snapshots, below the 12 minimum"
infinitelambda/dq-vault,infinitelambda__dq-vault,https://github.com/infinitelambda/dq-vault,S3_code,5,MIT,23,,,2023-01-12T08:19:06Z,2023-02-17T04:34:21Z,excluded,not screened in,"P3 23 commits on the default branch, below 40"
innovation-igloo/cortex-agents-dbt-project-template,innovation-igloo__cortex-agents-dbt-project-template,https://github.com/innovation-igloo/cortex-agents-dbt-project-template,S2_topic_dbt,2,Apache-2.0,27,,,2026-05-18T19:23:32Z,2026-07-31T00:26:15Z,excluded,not screened in,"P3 27 commits on the default branch, below 40"
innoverio/modern-data-stack,innoverio__modern-data-stack,https://github.com/innoverio/modern-data-stack,S3_code,10,,10,,,2021-07-23T20:05:32Z,2021-08-17T20:12:34Z,excluded,not screened in,"P3 10 commits on the default branch, below 40"
inrem-foundation/dbt_inrem,inrem-foundation__dbt_inrem,https://github.com/inrem-foundation/dbt_inrem,S3_code,0,AGPL-3.0,51,30,4,2024-11-30T15:12:11Z,2026-03-25T14:59:16Z,passed,"extracted, excluded","only 7 monthly snapshots, below the 12 minimum"
insightahead/dbt-learning-project,insightahead__dbt-learning-project,https://github.com/insightahead/dbt-learning-project,S3_code,4,,17,,,2023-08-12T03:53:43Z,2025-01-13T14:47:08Z,excluded,not screened in,"P3 17 commits on the default branch, below 40"
intellisenseCodez/superstore-etl-pipeline,intellisenseCodez__superstore-etl-pipeline,https://github.com/intellisenseCodez/superstore-etl-pipeline,S3_code,1,MIT,71,10,1,2025-10-02T13:58:28Z,2025-10-12T14:17:43Z,excluded,not screened in,"P4 0.3 months between creation and last push, below 12"
intelmercbernoulli/dbt,intelmercbernoulli__dbt,https://github.com/intelmercbernoulli/dbt,S3_code,0,,67,89,10,2024-11-08T18:12:17Z,2026-03-25T17:38:49Z,passed,in corpus,
iomete/dbt-iomete,iomete__dbt-iomete,https://github.com/iomete/dbt-iomete,S2_topic_dbt,12,Apache-2.0,46,0,1,2022-05-23T13:06:05Z,2025-05-09T09:58:37Z,passed,"extracted, excluded",no commits touch any declared model path
iomete/iomete-integrations,iomete__iomete-integrations,https://github.com/iomete/iomete-integrations,S3_code,0,,85,0,1,2025-06-04T11:04:03Z,2026-08-05T00:50:17Z,passed,"extracted, excluded",no commits touch any declared model path
irfan-fadhlurrahman/elt-pipeline-on-gcp,irfan-fadhlurrahman__elt-pipeline-on-gcp,https://github.com/irfan-fadhlurrahman/elt-pipeline-on-gcp,S2_topic_dbt,2,MIT,10,,,2023-03-22T08:18:31Z,2023-04-03T07:31:27Z,excluded,not screened in,"P3 10 commits on the default branch, below 40"
irfanghat/DBT_FUNDAMENTALS,irfanghat__DBT_FUNDAMENTALS,https://github.com/irfanghat/DBT_FUNDAMENTALS,S2_topic_dbt,1,MIT,47,0,0,2023-11-13T13:45:16Z,2024-05-22T09:11:56Z,excluded,not screened in,"P4 6.2 months between creation and last push, below 12"
irpedro/ICF,irpedro__ICF,https://github.com/irpedro/ICF,S2_topic_dbt,1,MIT,68,3,1,2026-03-20T22:50:36Z,2026-07-22T02:59:17Z,excluded,not screened in,"P4 4.0 months between creation and last push, below 12"
irvingpop/dbt_otel_export,irvingpop__dbt_otel_export,https://github.com/irvingpop/dbt_otel_export,S3_code,11,Apache-2.0,14,,,2024-01-01T20:58:59Z,2025-06-20T22:35:38Z,excluded,not screened in,"P3 14 commits on the default branch, below 40"
isabelvanzijl/dbt_learning,isabelvanzijl__dbt_learning,https://github.com/isabelvanzijl/dbt_learning,S3_code,0,,9,,,2024-08-23T23:57:47Z,2024-08-29T21:21:01Z,excluded,not screened in,"P3 9 commits on the default branch, below 40"
isinghabhishek/project_OmniFlow,isinghabhishek__project_OmniFlow,https://github.com/isinghabhishek/project_OmniFlow,S2_topic_dbt,1,MIT,7,,,2026-04-20T19:05:50Z,2026-07-26T16:38:57Z,excluded,not screened in,"P3 7 commits on the default branch, below 40"
islamhasib953/DE_ZoomCamp2024,islamhasib953__DE_ZoomCamp2024,https://github.com/islamhasib953/DE_ZoomCamp2024,S3_code,1,,16,,,2024-01-29T09:37:15Z,2024-03-15T19:32:52Z,excluded,not screened in,"P3 16 commits on the default branch, below 40"
itokiana-mahefarison/TpTransversale,itokiana-mahefarison__TpTransversale,https://github.com/itokiana-mahefarison/TpTransversale,S3_code,0,,18,,,2025-04-03T16:33:53Z,2025-06-11T08:32:50Z,excluded,not screened in,"P3 18 commits on the default branch, below 40"
itsadityagupta/data-engineering-projects,itsadityagupta__data-engineering-projects,https://github.com/itsadityagupta/data-engineering-projects,S2_topic_dbt,25,,15,,,2022-12-30T13:09:11Z,2023-04-27T04:42:47Z,excluded,not screened in,"P3 15 commits on the default branch, below 40"
itslavrov/lakekit,itslavrov__lakekit,https://github.com/itslavrov/lakekit,S2_topic_dbt,5,MIT,2,,,2026-04-12T20:24:18Z,2026-04-17T10:10:48Z,excluded,not screened in,"P3 2 commits on the default branch, below 40"
itslokeshsingh/DBT-PROJECT-GUIDE,itslokeshsingh__DBT-PROJECT-GUIDE,https://github.com/itslokeshsingh/DBT-PROJECT-GUIDE,S2_topic_dbt-core,1,,2,,,2026-08-02T04:27:25Z,2026-08-02T04:58:58Z,excluded,not screened in,"P3 2 commits on the default branch, below 40"
itversity/mastering-redshift,itversity__mastering-redshift,https://github.com/itversity/mastering-redshift,S3_code,16,,55,2,1,2022-07-11T01:53:39Z,2022-07-31T05:07:31Z,excluded,not screened in,"P4 0.7 months between creation and last push, below 12"
iuriwex/dbt-risk,iuriwex__dbt-risk,https://github.com/iuriwex/dbt-risk,S3_code,0,GPL-3.0,5,,,2022-11-03T21:12:44Z,2023-02-08T19:46:12Z,excluded,not screened in,"P3 5 commits on the default branch, below 40"
ivanrivasgr/bullpen-signal,ivanrivasgr__bullpen-signal,https://github.com/ivanrivasgr/bullpen-signal,S2_topic_dbt,1,MIT,151,10,1,2026-04-21T00:26:14Z,2026-07-09T02:57:29Z,excluded,not screened in,"P4 2.6 months between creation and last push, below 12"
ivokvasnovsky/gs_project,ivokvasnovsky__gs_project,https://github.com/ivokvasnovsky/gs_project,S3_code,0,,29,,,2026-05-06T22:08:03Z,2026-05-19T05:43:26Z,excluded,not screened in,"P3 29 commits on the default branch, below 40"
j0hn5on177/DataWarehouse_NYCStreetConditions-Collisions,j0hn5on177__DataWarehouse_NYCStreetConditions-Collisions,https://github.com/j0hn5on177/DataWarehouse_NYCStreetConditions-Collisions,S3_code,0,,6,,,2024-12-20T23:48:41Z,2025-02-18T22:24:46Z,excluded,not screened in,"P3 6 commits on the default branch, below 40"
j8sanc/dbt-jaffle-shop,j8sanc__dbt-jaffle-shop,https://github.com/j8sanc/dbt-jaffle-shop,S3_code,0,,2,,,2026-03-12T10:26:12Z,2026-03-12T11:00:45Z,excluded,not screened in,"P3 2 commits on the default branch, below 40"
jaanaltosaar/american-community-survey,jaanaltosaar__american-community-survey,https://github.com/jaanaltosaar/american-community-survey,S2_topic_dbt;S3_code,19,Apache-2.0,62,16,1,2024-02-18T15:32:22Z,2024-11-18T18:07:59Z,excluded,not screened in,"P4 9.0 months between creation and last push, below 12"
jabari-teampay/airbyte_shortcut,jabari-teampay__airbyte_shortcut,https://github.com/jabari-teampay/airbyte_shortcut,S3_code,0,,6,,,2022-10-23T23:44:55Z,2022-10-24T01:41:13Z,excluded,not screened in,"P3 6 commits on the default branch, below 40"
jacKlinc/dbt-hello-world,jacKlinc__dbt-hello-world,https://github.com/jacKlinc/dbt-hello-world,S3_code,0,,5,,,2026-02-02T17:07:04Z,2026-02-02T18:19:02Z,excluded,not screened in,"P3 5 commits on the default branch, below 40"
jachsondenizjr/diesel-emissions-anomaly,jachsondenizjr__diesel-emissions-anomaly,https://github.com/jachsondenizjr/diesel-emissions-anomaly,S2_topic_dbt,1,,2,,,2026-04-30T17:32:42Z,2026-04-30T17:39:02Z,excluded,not screened in,"P3 2 commits on the default branch, below 40"
jachsondenizjr/diesel-emissions-pipeline,jachsondenizjr__diesel-emissions-pipeline,https://github.com/jachsondenizjr/diesel-emissions-pipeline,S2_topic_dbt,1,,8,,,2026-04-28T13:44:29Z,2026-06-12T21:58:39Z,excluded,not screened in,"P3 8 commits on the default branch, below 40"
jack-alexander-ie/dbt-snowflake-contoso-demo,jack-alexander-ie__dbt-snowflake-contoso-demo,https://github.com/jack-alexander-ie/dbt-snowflake-contoso-demo,S3_code,0,,58,11,1,2022-05-30T13:55:27Z,2022-09-27T13:36:14Z,excluded,not screened in,"P4 3.9 months between creation and last push, below 12"
jack-cook-repo/dbt-tutorial-course,jack-cook-repo__dbt-tutorial-course,https://github.com/jack-cook-repo/dbt-tutorial-course,S3_code,31,,19,,,2023-01-25T17:17:47Z,2025-04-12T20:45:41Z,excluded,not screened in,"P3 19 commits on the default branch, below 40"
jackv-murray/lastfm-scrobble-analysis,jackv-murray__lastfm-scrobble-analysis,https://github.com/jackv-murray/lastfm-scrobble-analysis,S2_topic_dbt,17,,89,7,1,2024-02-10T17:26:07Z,2024-03-31T13:16:31Z,excluded,not screened in,"P4 1.6 months between creation and last push, below 12"
jacopotagliabue/foundation-models-for-dbt-entity-matching,jacopotagliabue__foundation-models-for-dbt-entity-matching,https://github.com/jacopotagliabue/foundation-models-for-dbt-entity-matching,S2_topic_dbt,110,MIT,22,,,2022-07-13T13:10:34Z,2023-04-01T22:09:29Z,excluded,not screened in,"P3 22 commits on the default branch, below 40"
jacopotagliabue/paas-data-ingestion,jacopotagliabue__paas-data-ingestion,https://github.com/jacopotagliabue/paas-data-ingestion,S2_topic_dbt,70,MIT,45,15,1,2021-10-05T18:42:57Z,2022-01-21T14:42:23Z,excluded,not screened in,"P4 3.5 months between creation and last push, below 12"
jacopotagliabue/post-modern-stack,jacopotagliabue__post-modern-stack,https://github.com/jacopotagliabue/post-modern-stack,S2_topic_dbt;S3_code,203,MIT,21,,,2022-04-13T20:44:15Z,2023-05-16T16:49:41Z,excluded,not screened in,"P3 21 commits on the default branch, below 40"
jacopotagliabue/recs-at-resonable-scale,jacopotagliabue__recs-at-resonable-scale,https://github.com/jacopotagliabue/recs-at-resonable-scale,S2_topic_dbt,239,MIT,52,8,1,2022-07-16T22:00:54Z,2023-04-07T18:41:02Z,excluded,not screened in,"P4 8.7 months between creation and last push, below 12"
jacquesho/FANalyze-v1.0,jacquesho__FANalyze-v1.0,https://github.com/jacquesho/FANalyze-v1.0,S3_code,1,,32,,,2025-04-14T06:46:46Z,2025-07-19T14:46:58Z,excluded,not screened in,"P3 32 commits on the default branch, below 40"
jadm333/sofia_data_eng_challenge,jadm333__sofia_data_eng_challenge,https://github.com/jadm333/sofia_data_eng_challenge,S3_code,0,GPL-3.0,7,,,2025-08-04T18:14:50Z,2025-08-14T17:13:46Z,excluded,not screened in,"P3 7 commits on the default branch, below 40"
jaehyeon-kim/dbt-cicd-demo,jaehyeon-kim__dbt-cicd-demo,https://github.com/jaehyeon-kim/dbt-cicd-demo,S2_topic_dbt,3,,53,6,1,2024-08-26T03:29:20Z,2024-09-10T06:04:21Z,excluded,not screened in,"P4 0.5 months between creation and last push, below 12"
jaehyeon-kim/dbt-on-aws,jaehyeon-kim__dbt-on-aws,https://github.com/jaehyeon-kim/dbt-on-aws,S2_topic_dbt,32,,90,75,5,2022-09-13T05:29:10Z,2023-04-13T03:45:16Z,excluded,not screened in,"P4 6.9 months between creation and last push, below 12"
jaehyeon-kim/general-demos,jaehyeon-kim__general-demos,https://github.com/jaehyeon-kim/general-demos,S2_topic_dbt,9,,171,67,6,2023-05-25T22:50:55Z,2025-11-11T07:23:18Z,passed,"extracted, excluded","only 4 monthly snapshots, below the 12 minimum"
jaimemartin11/Proyecto-Curso-Data-Engineering,jaimemartin11__Proyecto-Curso-Data-Engineering,https://github.com/jaimemartin11/Proyecto-Curso-Data-Engineering,S3_code,0,,68,22,1,2026-05-05T10:34:26Z,2026-05-28T09:15:08Z,excluded,not screened in,"P4 0.7 months between creation and last push, below 12"
jairus-m/dagster-sdlc,jairus-m__dagster-sdlc,https://github.com/jairus-m/dagster-sdlc,S2_topic_dbt,23,,132,7,1,2024-11-04T06:22:04Z,2026-03-27T18:10:51Z,passed,"extracted, excluded","only 2 monthly snapshots, below the 12 minimum"
james-finn-travers/Real-Time-Customer-Transaction-Analytics-Pipeline,james-finn-travers__Real-Time-Customer-Transaction-Analytics-Pipeline,https://github.com/james-finn-travers/Real-Time-Customer-Transaction-Analytics-Pipeline,S3_code,0,BSD-3-Clause,23,,,2026-02-14T18:35:12Z,2026-05-22T12:07:50Z,excluded,not screened in,"P3 23 commits on the default branch, below 40"
jamesweakley/dbt-migrations,jamesweakley__dbt-migrations,https://github.com/jamesweakley/dbt-migrations,S3_code,18,,7,,,2020-05-07T09:55:36Z,2020-06-16T05:42:53Z,excluded,not screened in,"P3 7 commits on the default branch, below 40"
janaom/datacamp-professional-data-engineer-in-python,janaom__datacamp-professional-data-engineer-in-python,https://github.com/janaom/datacamp-professional-data-engineer-in-python,S2_topic_dbt,1,,54,0,0,2025-01-18T13:03:20Z,2025-03-23T13:57:53Z,excluded,not screened in,"P4 2.1 months between creation and last push, below 12"
janaom/gcp-de-project-elt-dbt-cloud-run-composer-dataplex,janaom__gcp-de-project-elt-dbt-cloud-run-composer-dataplex,https://github.com/janaom/gcp-de-project-elt-dbt-cloud-run-composer-dataplex,S2_topic_dbt,5,,59,1,3,2025-12-25T14:10:27Z,2026-03-10T10:17:39Z,excluded,not screened in,"P4 2.4 months between creation and last push, below 12"
janaonline/dbt_cityfinance,janaonline__dbt_cityfinance,https://github.com/janaonline/dbt_cityfinance,S3_code,0,,102,37,1,2024-10-11T08:41:16Z,2026-07-28T13:56:38Z,passed,in corpus,
japila-books/dbt,japila-books__dbt,https://github.com/japila-books/dbt,S2_topic_dbt,2,Apache-2.0,11,,,2022-07-02T18:06:15Z,2022-07-19T14:11:23Z,excluded,not screened in,"P3 11 commits on the default branch, below 40"
jared-rimmer/dbt-metabase,jared-rimmer__dbt-metabase,https://github.com/jared-rimmer/dbt-metabase,S3_code,0,,51,61,1,2022-08-11T06:44:45Z,2022-10-18T11:00:24Z,excluded,not screened in,"P4 2.2 months between creation and last push, below 12"
jarmouni/cts_mj_repo_dbt,jarmouni__cts_mj_repo_dbt,https://github.com/jarmouni/cts_mj_repo_dbt,S3_code,0,,15,,,2024-11-25T12:08:21Z,2024-12-10T12:57:49Z,excluded,not screened in,"P3 15 commits on the default branch, below 40"
jatinchawda1503/olist_ecommerce,jatinchawda1503__olist_ecommerce,https://github.com/jatinchawda1503/olist_ecommerce,S3_code,0,,9,,,2024-03-24T15:01:54Z,2024-04-17T15:53:03Z,excluded,not screened in,"P3 9 commits on the default branch, below 40"
jay-1806/SherLock_Autonomous-AI-SRE-Agent,jay-1806__SherLock_Autonomous-AI-SRE-Agent,https://github.com/jay-1806/SherLock_Autonomous-AI-SRE-Agent,S3_code,0,,5,,,2026-03-04T18:30:00Z,2026-05-27T05:46:32Z,excluded,not screened in,"P3 5 commits on the default branch, below 40"
jayakrishna146/ClearBreeze2017,jayakrishna146__ClearBreeze2017,https://github.com/jayakrishna146/ClearBreeze2017,S3_code,0,,26,,,2024-05-06T08:40:45Z,2024-05-12T11:26:51Z,excluded,not screened in,"P3 26 commits on the default branch, below 40"
jayeshkapadnis/sales-etl-dbt,jayeshkapadnis__sales-etl-dbt,https://github.com/jayeshkapadnis/sales-etl-dbt,S3_code,0,,2,,,2024-05-23T16:24:09Z,2024-05-23T16:46:11Z,excluded,not screened in,"P3 2 commits on the default branch, below 40"
jaynyoni/localAirbyte,jaynyoni__localAirbyte,https://github.com/jaynyoni/localAirbyte,S3_code,0,NOASSERTION,4758,0,6,2022-03-15T08:45:17Z,2022-03-18T08:09:42Z,excluded,not screened in,"P4 0.1 months between creation and last push, below 12"
jaysobel/dbt-cron-timestamps,jaysobel__dbt-cron-timestamps,https://github.com/jaysobel/dbt-cron-timestamps,S2_topic_analytics-engineering;S2_topic_dbt,1,MIT,19,,,2022-06-10T02:05:21Z,2026-07-17T18:32:40Z,excluded,not screened in,"P3 19 commits on the default branch, below 40"
jaysobel/dbt-snowflake-queries,jaysobel__dbt-snowflake-queries,https://github.com/jaysobel/dbt-snowflake-queries,S2_topic_analytics-engineering;S2_topic_dbt;S3_code,21,MIT,11,,,2022-07-18T21:57:58Z,2026-07-17T20:43:55Z,excluded,not screened in,"P3 11 commits on the default branch, below 40"
jb-cardiel/dbt-Explorer-tutorial,jb-cardiel__dbt-Explorer-tutorial,https://github.com/jb-cardiel/dbt-Explorer-tutorial,S3_code,0,,62,12,1,2024-09-05T23:59:16Z,2024-09-09T21:41:50Z,excluded,not screened in,"P4 0.1 months between creation and last push, below 12"
jbassie/ETL-PROJECT,jbassie__ETL-PROJECT,https://github.com/jbassie/ETL-PROJECT,S2_topic_dbt,6,,49,4,1,2022-06-13T09:22:09Z,2022-06-30T10:27:09Z,excluded,not screened in,"P4 0.6 months between creation and last push, below 12"
jborlase-snowplow/subscription_attribution_model,jborlase-snowplow__subscription_attribution_model,https://github.com/jborlase-snowplow/subscription_attribution_model,S3_code,0,,17,,,2024-11-27T17:00:57Z,2024-12-17T11:28:24Z,excluded,not screened in,"P3 17 commits on the default branch, below 40"
jcharbneau/capstone-project-rosy_economix,jcharbneau__capstone-project-rosy_economix,https://github.com/jcharbneau/capstone-project-rosy_economix,S3_code,1,,159,45,1,2024-07-01T22:44:37Z,2024-11-02T13:21:53Z,excluded,not screened in,"P4 4.0 months between creation and last push, below 12"
jcsf2020/phc-analytics-portfolio,jcsf2020__phc-analytics-portfolio,https://github.com/jcsf2020/phc-analytics-portfolio,S2_topic_analytics-engineering,1,,87,0,0,2025-12-15T21:54:38Z,2026-02-27T10:22:52Z,excluded,not screened in,"P4 2.4 months between creation and last push, below 12"
jdigital007/dbtDemo,jdigital007__dbtDemo,https://github.com/jdigital007/dbtDemo,S2_topic_dbt,1,,10,,,2022-08-26T14:42:24Z,2023-05-02T14:18:59Z,excluded,not screened in,"P3 10 commits on the default branch, below 40"
jdvisual/DBT_SCRIPT,jdvisual__DBT_SCRIPT,https://github.com/jdvisual/DBT_SCRIPT,S3_code,0,,4,,,2026-02-01T01:19:44Z,2026-02-01T19:42:42Z,excluded,not screened in,"P3 4 commits on the default branch, below 40"
jdvisual/healthcare-analytics-dbt,jdvisual__healthcare-analytics-dbt,https://github.com/jdvisual/healthcare-analytics-dbt,S3_code,0,,1,,,2026-08-01T16:40:08Z,2026-08-01T16:44:48Z,excluded,not screened in,"P3 1 commits on the default branch, below 40"
jdvisual/healthcare-dbt-datamart,jdvisual__healthcare-dbt-datamart,https://github.com/jdvisual/healthcare-dbt-datamart,S3_code,0,,5,,,2025-12-26T01:36:42Z,2025-12-28T22:23:39Z,excluded,not screened in,"P3 5 commits on the default branch, below 40"
jeffdeville/dbt_property_management,jeffdeville__dbt_property_management,https://github.com/jeffdeville/dbt_property_management,S3_code,0,,13,,,2025-06-05T20:34:40Z,2025-06-11T14:27:31Z,excluded,not screened in,"P3 13 commits on the default branch, below 40"
jeniffersanches/adventure-works-fea,jeniffersanches__adventure-works-fea,https://github.com/jeniffersanches/adventure-works-fea,S3_code,0,,13,,,2024-06-18T16:37:00Z,2024-09-13T11:28:06Z,excluded,not screened in,"P3 13 commits on the default branch, below 40"
jeremiahhansen/snowflake-helper-dbt,jeremiahhansen__snowflake-helper-dbt,https://github.com/jeremiahhansen/snowflake-helper-dbt,S3_code,52,Apache-2.0,24,,,2020-02-19T01:45:35Z,2020-03-02T23:23:09Z,excluded,not screened in,"P3 24 commits on the default branch, below 40"
jeremy6680/personal-warehouse,jeremy6680__personal-warehouse,https://github.com/jeremy6680/personal-warehouse,S2_topic_analytics-engineering;S2_topic_dbt;S2_topic_dbt-core,1,,80,25,1,2026-05-01T21:33:22Z,2026-05-18T11:43:59Z,excluded,not screened in,"P4 0.5 months between creation and last push, below 12"
jeremy6680/personal-warehouse-dashboard,jeremy6680__personal-warehouse-dashboard,https://github.com/jeremy6680/personal-warehouse-dashboard,S2_topic_dbt,1,,18,,,2026-05-05T13:27:43Z,2026-05-13T14:25:34Z,excluded,not screened in,"P3 18 commits on the default branch, below 40"
jeremy6680/running-performance-analyzer,jeremy6680__running-performance-analyzer,https://github.com/jeremy6680/running-performance-analyzer,S2_topic_analytics-engineering;S2_topic_dbt,1,MIT,78,7,1,2026-02-14T15:40:17Z,2026-03-30T12:17:43Z,excluded,not screened in,"P4 1.4 months between creation and last push, below 12"
jeremyyeo/dbt-sandcastles,jeremyyeo__dbt-sandcastles,https://github.com/jeremyyeo/dbt-sandcastles,S3_code,1,,154,7,6,2021-09-21T10:03:35Z,2026-03-03T17:35:34Z,passed,"extracted, excluded","peak lineage size 3 nodes, below the 10 minimum"
jeremyyeo/the-hitchhikers-guide-to-dbt,jeremyyeo__the-hitchhikers-guide-to-dbt,https://github.com/jeremyyeo/the-hitchhikers-guide-to-dbt,S2_topic_dbt,29,MIT,100,0,0,2024-05-23T03:37:56Z,2026-06-11T00:58:14Z,passed,"extracted, excluded",no dbt_project.yml found anywhere on the first-parent history
jerryloyn/data-stack-supermarket-prices,jerryloyn__data-stack-supermarket-prices,https://github.com/jerryloyn/data-stack-supermarket-prices,S3_code,0,,42,8,1,2024-08-05T15:17:29Z,2024-08-31T07:55:46Z,excluded,not screened in,"P4 0.8 months between creation and last push, below 12"
jesseantony/snowflake-dbt-retail-analytics,jesseantony__snowflake-dbt-retail-analytics,https://github.com/jesseantony/snowflake-dbt-retail-analytics,S2_topic_analytics-engineering;S2_topic_dbt,1,,3,,,2026-04-21T10:26:46Z,2026-04-21T10:29:42Z,excluded,not screened in,"P3 3 commits on the default branch, below 40"
jesusaguio2/california-housing-price-prediction-pipeline,jesusaguio2__california-housing-price-prediction-pipeline,https://github.com/jesusaguio2/california-housing-price-prediction-pipeline,S3_code,0,,1,,,2025-05-30T15:16:03Z,2025-05-31T11:17:36Z,excluded,not screened in,"P3 1 commits on the default branch, below 40"
jfcrockett/dbt-fivetran-zendesk,jfcrockett__dbt-fivetran-zendesk,https://github.com/jfcrockett/dbt-fivetran-zendesk,S3_code,0,Apache-2.0,3,,,2022-03-25T14:12:39Z,2022-03-25T14:40:53Z,excluded,not screened in,"P3 3 commits on the default branch, below 40"
jfcrockett/dbt_zd,jfcrockett__dbt_zd,https://github.com/jfcrockett/dbt_zd,S3_code,0,Apache-2.0,5,,,2022-03-25T15:22:33Z,2022-03-25T16:18:47Z,excluded,not screened in,"P3 5 commits on the default branch, below 40"
jgooly/segment,jgooly__segment,https://github.com/jgooly/segment,S2_topic_dbt;S3_code,6,Apache-2.0,67,10,1,2017-07-29T23:56:12Z,2018-11-19T22:11:14Z,passed,"extracted, excluded","only 6 monthly snapshots, below the 12 minimum"
jgtolentino/Scout-Dashboard,jgtolentino__Scout-Dashboard,https://github.com/jgtolentino/Scout-Dashboard,S3_code,1,,35,,,2025-05-26T08:07:44Z,2025-10-07T15:59:26Z,excluded,not screened in,"P3 35 commits on the default branch, below 40"
jgupdogg/modern_ETL,jgupdogg__modern_ETL,https://github.com/jgupdogg/modern_ETL,S3_code,0,,74,8,1,2025-06-03T19:31:42Z,2025-06-28T00:28:50Z,excluded,not screened in,"P4 0.8 months between creation and last push, below 12"
jharris126/preppin-data-dbt,jharris126__preppin-data-dbt,https://github.com/jharris126/preppin-data-dbt,S3_code,5,,61,23,1,2022-10-26T00:21:59Z,2023-02-01T20:20:36Z,excluded,not screened in,"P4 3.2 months between creation and last push, below 12"
jiangyi0211/airflow,jiangyi0211__airflow,https://github.com/jiangyi0211/airflow,S3_code,0,,7,,,2025-05-14T06:00:10Z,2025-12-01T03:09:17Z,excluded,not screened in,"P3 7 commits on the default branch, below 40"
jjchen17/mindmirror-skill,jjchen17__mindmirror-skill,https://github.com/jjchen17/mindmirror-skill,S2_topic_dbt,2,NOASSERTION,21,,,2026-06-06T02:41:58Z,2026-06-06T17:42:56Z,excluded,not screened in,"P3 21 commits on the default branch, below 40"
jkelleman/semantic-metrics-modeling-assistant,jkelleman__semantic-metrics-modeling-assistant,https://github.com/jkelleman/semantic-metrics-modeling-assistant,S2_topic_analytics-engineering;S2_topic_dbt,5,,9,,,2026-01-03T04:02:10Z,2026-01-04T01:42:01Z,excluded,not screened in,"P3 9 commits on the default branch, below 40"
jkschola/ecommerce-analytics-platform,jkschola__ecommerce-analytics-platform,https://github.com/jkschola/ecommerce-analytics-platform,S3_code,0,,150,10,1,2026-02-07T15:27:33Z,2026-03-20T23:56:25Z,excluded,not screened in,"P4 1.3 months between creation and last push, below 12"
jlagedo/core-ledger-etl,jlagedo__core-ledger-etl,https://github.com/jlagedo/core-ledger-etl,S3_code,0,,1,,,2025-12-28T23:01:25Z,2025-12-28T23:01:31Z,excluded,not screened in,"P3 1 commits on the default branch, below 40"
jmangroup/data_profiler,jmangroup__data_profiler,https://github.com/jmangroup/data_profiler,S3_code,20,,4,,,2023-01-02T13:13:17Z,2024-09-11T04:48:43Z,excluded,not screened in,"P3 4 commits on the default branch, below 40"
jmbrooks/data-team-handbook,jmbrooks__data-team-handbook,https://github.com/jmbrooks/data-team-handbook,S2_topic_dbt,1,Apache-2.0,1,,,2020-11-22T22:51:43Z,2020-12-01T19:56:46Z,excluded,not screened in,"P3 1 commits on the default branch, below 40"
jmbrooks/dbt-project-template,jmbrooks__dbt-project-template,https://github.com/jmbrooks/dbt-project-template,S3_code,8,,3,,,2020-09-22T04:52:56Z,2020-12-20T03:13:08Z,excluded,not screened in,"P3 3 commits on the default branch, below 40"
jmd244-akhilakolipaka/test,jmd244-akhilakolipaka__test,https://github.com/jmd244-akhilakolipaka/test,S3_code,0,,2,,,2024-08-22T10:21:35Z,2024-08-22T12:03:58Z,excluded,not screened in,"P3 2 commits on the default branch, below 40"
jnatkins/gl-analytics,jnatkins__gl-analytics,https://github.com/jnatkins/gl-analytics,S3_code,0,NOASSERTION,32084,2410,1,2023-01-06T21:59:06Z,2023-01-07T00:50:13Z,excluded,not screened in,"P4 0.0 months between creation and last push, below 12"
joachimhodana/unstar,joachimhodana__unstar,https://github.com/joachimhodana/unstar,S2_topic_dbt,3,MIT,82,0,0,2025-10-22T08:25:05Z,2025-12-15T05:23:03Z,excluded,not screened in,"P4 1.7 months between creation and last push, below 12"
joaoallmeida/nyc-taxi-data-etl,joaoallmeida__nyc-taxi-data-etl,https://github.com/joaoallmeida/nyc-taxi-data-etl,S2_topic_dbt;S3_code,1,,25,,,2024-03-18T23:22:26Z,2024-07-24T14:07:34Z,excluded,not screened in,"P3 25 commits on the default branch, below 40"
joe-bryan/projects,joe-bryan__projects,https://github.com/joe-bryan/projects,S2_topic_dbt,1,,23,,,2022-07-12T15:57:54Z,2025-03-07T13:29:08Z,excluded,not screened in,"P3 23 commits on the default branch, below 40"
joeljohn07/b2b-saas-dbt,joeljohn07__b2b-saas-dbt,https://github.com/joeljohn07/b2b-saas-dbt,S3_code,0,MIT,62,38,1,2026-03-12T21:59:21Z,2026-05-13T17:43:17Z,excluded,not screened in,"P4 2.0 months between creation and last push, below 12"
joeysnclr/propengine,joeysnclr__propengine,https://github.com/joeysnclr/propengine,S3_code,0,,61,26,1,2024-12-05T00:53:48Z,2026-01-10T08:08:08Z,passed,"extracted, excluded","only 6 monthly snapshots, below the 12 minimum"
johnR46/reskill-gcp-data-project-dvdrental,johnR46__reskill-gcp-data-project-dvdrental,https://github.com/johnR46/reskill-gcp-data-project-dvdrental,S3_code,0,,4,,,2024-06-21T08:14:17Z,2024-07-08T17:04:21Z,excluded,not screened in,"P3 4 commits on the default branch, below 40"
johnR46/reskill-gcp-data-project-retail,johnR46__reskill-gcp-data-project-retail,https://github.com/johnR46/reskill-gcp-data-project-retail,S3_code,0,Apache-2.0,2,,,2024-04-30T11:17:42Z,2024-05-07T11:13:14Z,excluded,not screened in,"P3 2 commits on the default branch, below 40"
johnathon-smith/aws-serverless-data-lake-nurse-staffing-pipeline,johnathon-smith__aws-serverless-data-lake-nurse-staffing-pipeline,https://github.com/johnathon-smith/aws-serverless-data-lake-nurse-staffing-pipeline,S2_topic_analytics-engineering,1,,11,,,2026-03-05T23:21:44Z,2026-03-30T13:36:54Z,excluded,not screened in,"P3 11 commits on the default branch, below 40"
johnathon-smith/walmart-sales-analytics-snowflake-dbt,johnathon-smith__walmart-sales-analytics-snowflake-dbt,https://github.com/johnathon-smith/walmart-sales-analytics-snowflake-dbt,S2_topic_analytics-engineering;S2_topic_dbt,1,,3,,,2026-03-02T21:34:51Z,2026-03-02T23:00:11Z,excluded,not screened in,"P3 3 commits on the default branch, below 40"
johnlukespeight/openpowerlifting-analytics,johnlukespeight__openpowerlifting-analytics,https://github.com/johnlukespeight/openpowerlifting-analytics,S3_code,1,,8,,,2026-04-14T16:13:37Z,2026-04-14T20:34:31Z,excluded,not screened in,"P3 8 commits on the default branch, below 40"
jonathan5p/dbtcloudtest,jonathan5p__dbtcloudtest,https://github.com/jonathan5p/dbtcloudtest,S3_code,0,Apache-2.0,1,,,2023-10-04T14:47:56Z,2023-11-20T14:34:57Z,excluded,not screened in,"P3 1 commits on the default branch, below 40"
jonathanneo/dagster-cross-project,jonathanneo__dagster-cross-project,https://github.com/jonathanneo/dagster-cross-project,S3_code,0,MIT,9,,,2023-11-21T14:32:23Z,2023-11-22T06:54:22Z,excluded,not screened in,"P3 9 commits on the default branch, below 40"
jordandakota/dbt-duckdb-iceberg-azure,jordandakota__dbt-duckdb-iceberg-azure,https://github.com/jordandakota/dbt-duckdb-iceberg-azure,S3_code,0,MIT,2,,,2025-06-20T16:11:37Z,2025-06-20T16:18:18Z,excluded,not screened in,"P3 2 commits on the default branch, below 40"
jordanduplain-svg/Jordan-Duplain-Data-Portfolio,jordanduplain-svg__Jordan-Duplain-Data-Portfolio,https://github.com/jordanduplain-svg/Jordan-Duplain-Data-Portfolio,S3_code,0,,25,,,2026-04-12T16:56:27Z,2026-07-19T13:47:16Z,excluded,not screened in,"P3 25 commits on the default branch, below 40"
joseayonwu/clinical-wound-decision-support-demo,joseayonwu__clinical-wound-decision-support-demo,https://github.com/joseayonwu/clinical-wound-decision-support-demo,S2_topic_analytics-engineering,1,MIT,2,,,2026-03-30T18:28:32Z,2026-03-30T19:03:35Z,excluded,not screened in,"P3 2 commits on the default branch, below 40"
josecsotomorales/dbt,josecsotomorales__dbt,https://github.com/josecsotomorales/dbt,S2_topic_dbt,3,,47,27,1,2020-04-14T18:15:06Z,2021-09-09T13:10:03Z,passed,"extracted, excluded","only 1 monthly snapshots, below the 12 minimum"
josephmachado/data_engineering_for_beginners_code,josephmachado__data_engineering_for_beginners_code,https://github.com/josephmachado/data_engineering_for_beginners_code,S2_topic_dbt;S3_code,121,,46,12,1,2025-07-15T11:35:28Z,2026-02-22T23:52:09Z,excluded,not screened in,"P4 7.3 months between creation and last push, below 12"
josephmachado/import_dbt,josephmachado__import_dbt,https://github.com/josephmachado/import_dbt,S2_topic_dbt,2,,10,,,2024-12-11T07:57:14Z,2025-01-13T11:25:43Z,excluded,not screened in,"P3 10 commits on the default branch, below 40"
josephmachado/simple_dbt_project,josephmachado__simple_dbt_project,https://github.com/josephmachado/simple_dbt_project,S2_topic_dbt,185,,115,8,1,2020-04-25T18:17:21Z,2026-06-04T16:28:53Z,passed,"extracted, excluded","only 2 monthly snapshots, below the 12 minimum"
joshrkay/Shopify-analytics-app,joshrkay__Shopify-analytics-app,https://github.com/joshrkay/Shopify-analytics-app,S3_code,0,,1287,53,1,2026-01-20T21:29:57Z,2026-05-01T04:06:06Z,excluded,not screened in,"P4 3.3 months between creation and last push, below 12"
joshuataylor/dbt-docs-markdown,joshuataylor__dbt-docs-markdown,https://github.com/joshuataylor/dbt-docs-markdown,S3_code,0,Apache-2.0,245,0,0,2026-02-28T07:50:30Z,2026-08-04T22:32:23Z,excluded,not screened in,"P4 5.2 months between creation and last push, below 12"
jotape736/curso_data_engineering,jotape736__curso_data_engineering,https://github.com/jotape736/curso_data_engineering,S3_code,0,,46,26,1,2024-11-13T11:56:03Z,2024-12-05T15:04:18Z,excluded,not screened in,"P4 0.7 months between creation and last push, below 12"
jotstolu/Flight-Booking-Analytics-Data-Engineering-Project-using-Databricks-and-DBT,jotstolu__Flight-Booking-Analytics-Data-Engineering-Project-using-Databricks-and-DBT,https://github.com/jotstolu/Flight-Booking-Analytics-Data-Engineering-Project-using-Databricks-and-DBT,S2_topic_dbt-core;S2_topic_dbt-project,1,,32,,,2025-07-08T17:00:04Z,2025-07-08T17:34:24Z,excluded,not screened in,"P3 32 commits on the default branch, below 40"
jott2006/demo-for-dbt,jott2006__demo-for-dbt,https://github.com/jott2006/demo-for-dbt,S3_code,0,,4,,,2026-05-17T14:43:11Z,2026-05-20T02:35:59Z,excluded,not screened in,"P3 4 commits on the default branch, below 40"
joweyel/arxiv-data-pipeline,joweyel__arxiv-data-pipeline,https://github.com/joweyel/arxiv-data-pipeline,S3_code,1,,39,,,2026-04-11T18:26:18Z,2026-05-24T18:44:11Z,excluded,not screened in,"P3 39 commits on the default branch, below 40"
jpetey75/snowflake_dbt_demo,jpetey75__snowflake_dbt_demo,https://github.com/jpetey75/snowflake_dbt_demo,S3_code,0,,9,,,2023-09-27T16:33:39Z,2023-10-26T14:53:25Z,excluded,not screened in,"P3 9 commits on the default branch, below 40"
jpgat/taxi_rides_ny,jpgat__taxi_rides_ny,https://github.com/jpgat/taxi_rides_ny,S3_code,0,,5,,,2024-02-28T06:35:43Z,2024-03-13T06:44:23Z,excluded,not screened in,"P3 5 commits on the default branch, below 40"
jpmmcneill/dbt-graph-theory,jpmmcneill__dbt-graph-theory,https://github.com/jpmmcneill/dbt-graph-theory,S2_topic_dbt;S3_code,22,Apache-2.0,27,,,2022-07-13T22:29:47Z,2023-06-21T22:17:17Z,excluded,not screened in,"P3 27 commits on the default branch, below 40"
jpuris/dbt-docs-on-github-demo,jpuris__dbt-docs-on-github-demo,https://github.com/jpuris/dbt-docs-on-github-demo,S3_code,0,MIT,13,,,2026-06-01T14:03:49Z,2026-06-23T19:15:08Z,excluded,not screened in,"P3 13 commits on the default branch, below 40"
jpurrutia/snowflake-customer360-application-demo,jpurrutia__snowflake-customer360-application-demo,https://github.com/jpurrutia/snowflake-customer360-application-demo,S3_code,0,,84,14,1,2025-11-12T21:47:45Z,2025-11-20T20:42:28Z,excluded,not screened in,"P4 0.2 months between creation and last push, below 12"
jre247/dbt-forked,jre247__dbt-forked,https://github.com/jre247/dbt-forked,S3_code,5,Apache-2.0,2,,,2017-05-09T20:07:36Z,2017-05-09T20:08:51Z,excluded,not screened in,"P3 2 commits on the default branch, below 40"
jreakerian/The-E-commerce-Medallion-Lakehouse,jreakerian__The-E-commerce-Medallion-Lakehouse,https://github.com/jreakerian/The-E-commerce-Medallion-Lakehouse,S3_code,0,,174,17,1,2025-07-14T18:10:51Z,2026-07-02T23:14:59Z,excluded,not screened in,"P4 11.6 months between creation and last push, below 12"
jrmesquita7/dbt_classes,jrmesquita7__dbt_classes,https://github.com/jrmesquita7/dbt_classes,S3_code,0,,9,,,2025-05-17T18:37:46Z,2025-05-18T23:48:02Z,excluded,not screened in,"P3 9 commits on the default branch, below 40"
jsal13/mlops_toys,jsal13__mlops_toys,https://github.com/jsal13/mlops_toys,S3_code,1,GPL-3.0,117,20,3,2023-03-31T20:08:41Z,2026-04-21T19:27:23Z,passed,"extracted, excluded","only 4 monthly snapshots, below the 12 minimum"
jshayes/dbt_test,jshayes__dbt_test,https://github.com/jshayes/dbt_test,S3_code,0,,16,,,2024-02-09T21:58:26Z,2024-02-09T22:48:05Z,excluded,not screened in,"P3 16 commits on the default branch, below 40"
jsilveira7/dbt_airflow_docker_demo,jsilveira7__dbt_airflow_docker_demo,https://github.com/jsilveira7/dbt_airflow_docker_demo,S3_code,0,,2,,,2026-03-24T17:07:49Z,2026-05-21T07:59:39Z,excluded,not screened in,"P3 2 commits on the default branch, below 40"
jsrl/aemet-elt,jsrl__aemet-elt,https://github.com/jsrl/aemet-elt,S2_topic_dbt,16,,74,5,1,2025-02-15T14:19:44Z,2025-03-23T12:33:56Z,excluded,not screened in,"P4 1.1 months between creation and last push, below 12"
jsuarezgg/dbt-dagster-demo,jsuarezgg__dbt-dagster-demo,https://github.com/jsuarezgg/dbt-dagster-demo,S3_code,0,,13,,,2024-06-27T03:05:07Z,2024-10-03T19:41:24Z,excluded,not screened in,"P3 13 commits on the default branch, below 40"
juanma7685/curso_data_engineering,juanma7685__curso_data_engineering,https://github.com/juanma7685/curso_data_engineering,S3_code,0,,151,82,1,2024-11-12T16:23:44Z,2024-12-20T13:23:49Z,excluded,not screened in,"P4 1.2 months between creation and last push, below 12"
judahrand/dbt-metadata-api,judahrand__dbt-metadata-api,https://github.com/judahrand/dbt-metadata-api,S2_topic_dbt,5,Apache-2.0,32,,,2022-10-25T08:34:12Z,2022-11-03T15:12:00Z,excluded,not screened in,"P3 32 commits on the default branch, below 40"
judeleonard/Data-Engineering,judeleonard__Data-Engineering,https://github.com/judeleonard/Data-Engineering,S2_topic_dbt,3,,18,,,2022-12-18T21:38:55Z,2024-11-17T08:59:46Z,excluded,not screened in,"P3 18 commits on the default branch, below 40"
juebunengkun/warehouse-agent-mvp,juebunengkun__warehouse-agent-mvp,https://github.com/juebunengkun/warehouse-agent-mvp,S2_topic_analytics-engineering,1,,18,,,2026-06-13T05:20:55Z,2026-06-14T07:47:04Z,excluded,not screened in,"P3 18 commits on the default branch, below 40"
jugnuarora/france-courses-enrollments,jugnuarora__france-courses-enrollments,https://github.com/jugnuarora/france-courses-enrollments,S2_topic_dbt,2,MIT,129,7,1,2025-03-17T10:56:12Z,2025-04-11T08:42:33Z,excluded,not screened in,"P4 0.8 months between creation and last push, below 12"
julian-King22/maven_toys_dbt_postgres,julian-King22__maven_toys_dbt_postgres,https://github.com/julian-King22/maven_toys_dbt_postgres,S3_code,0,,27,,,2023-04-14T23:35:09Z,2023-05-08T01:01:38Z,excluded,not screened in,"P3 27 commits on the default branch, below 40"
julianopiovezan/dbt-mysql-adapter,julianopiovezan__dbt-mysql-adapter,https://github.com/julianopiovezan/dbt-mysql-adapter,S3_code,1,Apache-2.0,2,,,2021-12-03T18:27:14Z,2021-12-08T20:22:39Z,excluded,not screened in,"P3 2 commits on the default branch, below 40"
junaid9248/cisa_cve_ELT_pipeline,junaid9248__cisa_cve_ELT_pipeline,https://github.com/junaid9248/cisa_cve_ELT_pipeline,S2_topic_dbt;S2_topic_dbt-project,1,,127,3,1,2025-12-07T08:16:37Z,2026-01-25T08:15:39Z,excluded,not screened in,"P4 1.6 months between creation and last push, below 12"
juninnio/multi-client-data-pipeline,juninnio__multi-client-data-pipeline,https://github.com/juninnio/multi-client-data-pipeline,S3_code,0,,2,,,2026-04-23T12:34:54Z,2026-05-23T14:30:10Z,excluded,not screened in,"P3 2 commits on the default branch, below 40"
jurdabos/vlc,jurdabos__vlc,https://github.com/jurdabos/vlc,S3_code,0,,140,0,1,2025-10-17T22:11:56Z,2026-07-04T03:34:03Z,excluded,not screened in,"P4 8.5 months between creation and last push, below 12"
justanesta/consumer-product-recalls,justanesta__consumer-product-recalls,https://github.com/justanesta/consumer-product-recalls,S3_code,0,MIT,161,40,1,2026-04-17T04:33:44Z,2026-08-03T19:37:22Z,excluded,not screened in,"P4 3.5 months between creation and last push, below 12"
justinepaulpadayao/snowflake-platform-operating-model,justinepaulpadayao__snowflake-platform-operating-model,https://github.com/justinepaulpadayao/snowflake-platform-operating-model,S3_code,0,,19,,,2026-06-30T15:17:57Z,2026-07-01T15:36:43Z,excluded,not screened in,"P3 19 commits on the default branch, below 40"
justinrmiller/dbt-auto-doc,justinrmiller__dbt-auto-doc,https://github.com/justinrmiller/dbt-auto-doc,S3_code,0,,21,,,2025-04-22T03:47:40Z,2025-04-22T06:56:21Z,excluded,not screened in,"P3 21 commits on the default branch, below 40"
jwills/dbt-buenavista,jwills__dbt-buenavista,https://github.com/jwills/dbt-buenavista,S3_code,6,Apache-2.0,17,,,2023-01-13T02:50:49Z,2023-01-13T02:51:13Z,excluded,not screened in,"P3 17 commits on the default branch, below 40"
jwills/hanukkahofdata,jwills__hanukkahofdata,https://github.com/jwills/hanukkahofdata,S3_code,3,Apache-2.0,11,,,2023-12-09T17:47:10Z,2023-12-15T19:29:39Z,excluded,not screened in,"P3 11 commits on the default branch, below 40"
jwills/jsttest,jwills__jsttest,https://github.com/jwills/jsttest,S3_code,0,,1,,,2023-02-14T19:14:59Z,2023-02-14T19:15:03Z,excluded,not screened in,"P3 1 commits on the default branch, below 40"
jyablonski/nba_elt_dbt,jyablonski__nba_elt_dbt,https://github.com/jyablonski/nba_elt_dbt,S3_code,0,,534,122,1,2021-09-21T22:28:47Z,2026-07-25T13:35:48Z,passed,in corpus,
k-hashimoto/tiny_data_warehouse,k-hashimoto__tiny_data_warehouse,https://github.com/k-hashimoto/tiny_data_warehouse,S3_code,3,,178,2,1,2026-03-26T10:40:44Z,2026-04-25T06:59:51Z,excluded,not screened in,"P4 1.0 months between creation and last push, below 12"
k-zozulia/dbt_task,k-zozulia__dbt_task,https://github.com/k-zozulia/dbt_task,S3_code,0,,26,,,2025-12-11T00:34:11Z,2025-12-23T21:48:43Z,excluded,not screened in,"P3 26 commits on the default branch, below 40"
k0rsakov/infrastructure_for_data_engineer_dbt,k0rsakov__infrastructure_for_data_engineer_dbt,https://github.com/k0rsakov/infrastructure_for_data_engineer_dbt,S2_topic_dbt;S2_topic_dbt-core,1,MIT,26,,,2024-10-24T07:53:57Z,2024-10-31T10:52:10Z,excluded,not screened in,"P3 26 commits on the default branch, below 40"
k3XD16/contoso-retail-analytics,k3XD16__contoso-retail-analytics,https://github.com/k3XD16/contoso-retail-analytics,S2_topic_dbt,11,MIT,27,,,2026-03-18T14:40:44Z,2026-03-30T16:19:43Z,excluded,not screened in,"P3 27 commits on the default branch, below 40"
kaan4dev/people-analytics-platform,kaan4dev__people-analytics-platform,https://github.com/kaan4dev/people-analytics-platform,S3_code,0,,7,,,2026-01-13T19:16:25Z,2026-01-15T14:50:36Z,excluded,not screened in,"P3 7 commits on the default branch, below 40"
kaba40/my_dbt_project,kaba40__my_dbt_project,https://github.com/kaba40/my_dbt_project,S3_code,0,,22,,,2025-05-15T17:34:54Z,2025-05-19T18:26:53Z,excluded,not screened in,"P3 22 commits on the default branch, below 40"
kabeera1007/Bike_Data_Play,kabeera1007__Bike_Data_Play,https://github.com/kabeera1007/Bike_Data_Play,S2_topic_dbt,1,,34,,,2024-12-28T11:57:31Z,2025-01-27T19:04:28Z,excluded,not screened in,"P3 34 commits on the default branch, below 40"
kai-ten/Circulate-archive,kai-ten__Circulate-archive,https://github.com/kai-ten/Circulate-archive,S2_topic_dbt,6,,69,1,1,2023-01-03T05:56:42Z,2023-03-19T08:36:48Z,excluded,not screened in,"P4 2.5 months between creation and last push, below 12"
kaiasdad01/sports-analytics-hub,kaiasdad01__sports-analytics-hub,https://github.com/kaiasdad01/sports-analytics-hub,S3_code,1,,21,,,2025-10-21T03:39:19Z,2025-11-04T04:06:10Z,excluded,not screened in,"P3 21 commits on the default branch, below 40"
kainamf/Api2Dash,kainamf__Api2Dash,https://github.com/kainamf/Api2Dash,S3_code,0,,1,,,2025-08-23T00:18:57Z,2025-08-23T00:28:17Z,excluded,not screened in,"P3 1 commits on the default branch, below 40"
kalluripradeep/modern-etl-stack,kalluripradeep__modern-etl-stack,https://github.com/kalluripradeep/modern-etl-stack,S2_topic_dbt,4,Apache-2.0,254,12,1,2026-03-01T19:00:10Z,2026-08-04T16:18:40Z,excluded,not screened in,"P4 5.1 months between creation and last push, below 12"
kalyani-kadam/PGDAC,kalyani-kadam__PGDAC,https://github.com/kalyani-kadam/PGDAC,S2_topic_dbt,1,,107,0,0,2024-04-17T18:53:27Z,2024-07-14T05:47:36Z,excluded,not screened in,"P4 2.9 months between creation and last push, below 12"
kamalendubiswas-db/dbt-dss-demo,kamalendubiswas-db__dbt-dss-demo,https://github.com/kamalendubiswas-db/dbt-dss-demo,S3_code,5,,131,18,1,2023-08-18T20:49:20Z,2024-10-04T14:39:18Z,passed,"extracted, excluded","only 4 monthly snapshots, below the 12 minimum"
kanakx/bgd-s24170,kanakx__bgd-s24170,https://github.com/kanakx/bgd-s24170,S3_code,0,,8,,,2026-03-22T18:10:35Z,2026-05-21T16:08:40Z,excluded,not screened in,"P3 8 commits on the default branch, below 40"
kanewilliams/christchurch-crash-data,kanewilliams__christchurch-crash-data,https://github.com/kanewilliams/christchurch-crash-data,S3_code,3,MIT,46,0,1,2024-03-23T05:17:01Z,2024-08-20T08:18:34Z,excluded,not screened in,"P4 4.9 months between creation and last push, below 12"
karsten-s-nielsen/luxury-lakehouse,karsten-s-nielsen__luxury-lakehouse,https://github.com/karsten-s-nielsen/luxury-lakehouse,S2_topic_dbt;S3_code,2,Apache-2.0,664,94,1,2026-02-26T00:17:01Z,2026-08-04T23:20:15Z,excluded,not screened in,"P4 5.2 months between creation and last push, below 12"
karthikgarimella37/EPL_Fotmob,karthikgarimella37__EPL_Fotmob,https://github.com/karthikgarimella37/EPL_Fotmob,S2_topic_dbt,7,MIT,66,0,0,2025-03-29T04:26:46Z,2025-11-07T17:32:18Z,excluded,not screened in,"P4 7.3 months between creation and last push, below 12"
kathyk03046-del/U.S._Grid_AI_Infrastructure_Audit,kathyk03046-del__U.S._Grid_AI_Infrastructure_Audit,https://github.com/kathyk03046-del/U.S._Grid_AI_Infrastructure_Audit,S2_topic_analytics-engineering,2,MIT,7,,,2026-04-08T19:15:07Z,2026-07-01T22:26:36Z,excluded,not screened in,"P3 7 commits on the default branch, below 40"
katiaviene/dbt-schemify,katiaviene__dbt-schemify,https://github.com/katiaviene/dbt-schemify,S2_topic_dbt,1,Apache-2.0,44,0,0,2025-04-23T15:05:08Z,2026-03-08T08:19:40Z,excluded,not screened in,"P4 10.4 months between creation and last push, below 12"
kaushik0911/dbt-change-data-capture-project,kaushik0911__dbt-change-data-capture-project,https://github.com/kaushik0911/dbt-change-data-capture-project,S2_topic_dbt,3,,8,,,2024-07-04T22:19:20Z,2024-07-14T19:26:48Z,excluded,not screened in,"P3 8 commits on the default branch, below 40"
kaustubhchile/snowflake-dbt-repo,kaustubhchile__snowflake-dbt-repo,https://github.com/kaustubhchile/snowflake-dbt-repo,S3_code,0,,44,27,1,2024-07-19T15:54:50Z,2025-01-17T19:25:13Z,excluded,not screened in,"P4 6.0 months between creation and last push, below 12"
kaustubhgupta/cricket-data-analysis,kaustubhgupta__cricket-data-analysis,https://github.com/kaustubhgupta/cricket-data-analysis,S2_topic_dbt,1,,10,,,2025-02-08T18:23:42Z,2025-10-11T20:26:28Z,excluded,not screened in,"P3 10 commits on the default branch, below 40"
kaustubhgupta/rental-property-management-dbt,kaustubhgupta__rental-property-management-dbt,https://github.com/kaustubhgupta/rental-property-management-dbt,S2_topic_dbt,2,,17,,,2025-11-10T16:19:25Z,2025-11-11T08:58:16Z,excluded,not screened in,"P3 17 commits on the default branch, below 40"
kavyanjali-karan/Marketplace-Growth-Performance-Review,kavyanjali-karan__Marketplace-Growth-Performance-Review,https://github.com/kavyanjali-karan/Marketplace-Growth-Performance-Review,S2_topic_analytics-engineering,1,MIT,9,,,2026-06-24T09:04:20Z,2026-07-01T15:23:56Z,excluded,not screened in,"P3 9 commits on the default branch, below 40"
kavyanjali-karan/aws-athena-quicksight-sales-analytics,kavyanjali-karan__aws-athena-quicksight-sales-analytics,https://github.com/kavyanjali-karan/aws-athena-quicksight-sales-analytics,S2_topic_analytics-engineering,1,MIT,3,,,2026-07-01T09:37:51Z,2026-07-01T14:56:26Z,excluded,not screened in,"P3 3 commits on the default branch, below 40"
kavyanjali-karan/customer-retention-intelligence-platform,kavyanjali-karan__customer-retention-intelligence-platform,https://github.com/kavyanjali-karan/customer-retention-intelligence-platform,S2_topic_analytics-engineering,1,NOASSERTION,24,,,2026-04-20T02:58:09Z,2026-07-01T15:13:35Z,excluded,not screened in,"P3 24 commits on the default branch, below 40"
kavyanjali-karan/executive-kpi-governance-platform,kavyanjali-karan__executive-kpi-governance-platform,https://github.com/kavyanjali-karan/executive-kpi-governance-platform,S2_topic_analytics-engineering,1,MIT,4,,,2026-06-24T08:15:38Z,2026-07-01T15:15:20Z,excluded,not screened in,"P3 4 commits on the default branch, below 40"
kavyanjali-karan/growth-funnel-performance-review,kavyanjali-karan__growth-funnel-performance-review,https://github.com/kavyanjali-karan/growth-funnel-performance-review,S2_topic_analytics-engineering,1,MIT,15,,,2026-06-24T07:29:58Z,2026-07-01T15:20:27Z,excluded,not screened in,"P3 15 commits on the default branch, below 40"
kavyanjali-karan/kavyanjali-karan,kavyanjali-karan__kavyanjali-karan,https://github.com/kavyanjali-karan/kavyanjali-karan,S2_topic_analytics-engineering,1,,26,,,2026-02-16T15:37:08Z,2026-07-03T06:19:43Z,excluded,not screened in,"P3 26 commits on the default branch, below 40"
kayazay/zomato-restaurant-analytics,kayazay__zomato-restaurant-analytics,https://github.com/kayazay/zomato-restaurant-analytics,S2_topic_dbt,2,,44,0,1,2024-02-03T19:39:23Z,2024-06-21T00:38:01Z,excluded,not screened in,"P4 4.5 months between creation and last push, below 12"
keboola/dbt-transformation,keboola__dbt-transformation,https://github.com/keboola/dbt-transformation,S3_code,3,MIT,657,0,1,2022-01-31T14:06:43Z,2026-07-27T14:57:33Z,passed,"extracted, excluded",every sampled commit yielded zero models
keboola/keboola-as-code,keboola__keboola-as-code,https://github.com/keboola/keboola-as-code,S3_code,10,Apache-2.0,10790,0,20,2021-05-28T10:19:52Z,2026-08-04T14:02:43Z,passed,"extracted, excluded",every sampled commit yielded zero models
kedarshiral/hevo-project,kedarshiral__hevo-project,https://github.com/kedarshiral/hevo-project,S3_code,0,,6,,,2024-10-10T08:25:06Z,2024-10-10T08:54:53Z,excluded,not screened in,"P3 6 commits on the default branch, below 40"
keeinlev/DAP,keeinlev__DAP,https://github.com/keeinlev/DAP,S3_code,0,,33,,,2026-02-24T01:26:57Z,2026-03-17T08:50:06Z,excluded,not screened in,"P3 33 commits on the default branch, below 40"
keerthanapotluri/air_traffic_analysis,keerthanapotluri__air_traffic_analysis,https://github.com/keerthanapotluri/air_traffic_analysis,S3_code,0,,6,,,2025-06-18T19:08:19Z,2025-06-18T23:19:28Z,excluded,not screened in,"P3 6 commits on the default branch, below 40"
keirayangziyue/xebiameetupkeira,keirayangziyue__xebiameetupkeira,https://github.com/keirayangziyue/xebiameetupkeira,S3_code,0,,2,,,2024-11-18T15:44:14Z,2024-11-18T16:09:52Z,excluded,not screened in,"P3 2 commits on the default branch, below 40"
keithbinkly/dbt-meta-context,keithbinkly__dbt-meta-context,https://github.com/keithbinkly/dbt-meta-context,S2_topic_analytics-engineering;S2_topic_dbt,11,MIT,6,,,2026-06-10T01:17:23Z,2026-07-30T09:29:35Z,excluded,not screened in,"P3 6 commits on the default branch, below 40"
kelashkumar-iba/cdc-pipeline,kelashkumar-iba__cdc-pipeline,https://github.com/kelashkumar-iba/cdc-pipeline,S2_topic_dbt,2,,7,,,2026-04-10T18:50:08Z,2026-05-03T20:36:44Z,excluded,not screened in,"P3 7 commits on the default branch, below 40"
kelvingakuo/Largeish-Data,kelvingakuo__Largeish-Data,https://github.com/kelvingakuo/Largeish-Data,S3_code,1,,52,0,1,2021-11-05T06:58:25Z,2026-01-28T19:59:19Z,passed,"extracted, excluded",no commits touch any declared model path
kentarokamiyajp/crypto-prediction-etl,kentarokamiyajp__crypto-prediction-etl,https://github.com/kentarokamiyajp/crypto-prediction-etl,S2_topic_dbt;S3_code,4,,188,3,1,2023-06-28T08:33:30Z,2024-09-07T07:58:19Z,passed,"extracted, excluded","only 2 monthly snapshots, below the 12 minimum"
kentarokamiyajp/crypto-prediction-infra,kentarokamiyajp__crypto-prediction-infra,https://github.com/kentarokamiyajp/crypto-prediction-infra,S2_topic_dbt,2,,125,0,0,2023-06-28T08:38:16Z,2024-09-07T07:51:44Z,passed,"extracted, excluded",no dbt_project.yml found anywhere on the first-parent history
kentarokamiyajp/dbt-bigquery-cloud-composer-tutorial,kentarokamiyajp__dbt-bigquery-cloud-composer-tutorial,https://github.com/kentarokamiyajp/dbt-bigquery-cloud-composer-tutorial,S2_topic_dbt,2,,17,,,2024-01-13T11:07:31Z,2024-02-16T06:29:50Z,excluded,not screened in,"P3 17 commits on the default branch, below 40"
kentarokamiyajp/dbt-postgres-tutorial,kentarokamiyajp__dbt-postgres-tutorial,https://github.com/kentarokamiyajp/dbt-postgres-tutorial,S2_topic_dbt,2,,18,,,2024-01-05T00:58:04Z,2024-01-24T10:52:15Z,excluded,not screened in,"P3 18 commits on the default branch, below 40"
kentran1990/dbtRetail,kentran1990__dbtRetail,https://github.com/kentran1990/dbtRetail,S3_code,0,,82,9,1,2025-03-14T01:56:47Z,2025-10-08T23:10:19Z,excluded,not screened in,"P4 6.8 months between creation and last push, below 12"
kerok-kristoffer/de-academy-dbt,kerok-kristoffer__de-academy-dbt,https://github.com/kerok-kristoffer/de-academy-dbt,S3_code,0,,75,38,1,2025-07-22T14:53:21Z,2025-09-23T21:33:34Z,excluded,not screened in,"P4 2.1 months between creation and last push, below 12"
kestra-io/dbt-example,kestra-io__dbt-example,https://github.com/kestra-io/dbt-example,S3_code,3,,22,,,2024-02-17T12:48:58Z,2026-03-04T13:53:10Z,excluded,not screened in,"P3 22 commits on the default branch, below 40"
kestra-io/examples,kestra-io__examples,https://github.com/kestra-io/examples,S2_topic_analytics-engineering,38,MIT,257,0,0,2023-05-05T13:38:27Z,2026-01-21T15:52:02Z,passed,"extracted, excluded",no dbt_project.yml found anywhere on the first-parent history
kestra-io/plugin-dbt,kestra-io__plugin-dbt,https://github.com/kestra-io/plugin-dbt,S2_topic_dbt,13,Apache-2.0,448,2,1,2022-02-25T20:20:45Z,2026-08-04T16:17:42Z,passed,"extracted, excluded","only 4 monthly snapshots, below the 12 minimum"
kestra-io/serverless,kestra-io__serverless,https://github.com/kestra-io/serverless,S3_code,10,Apache-2.0,3,,,2024-10-09T09:23:04Z,2024-10-22T09:29:01Z,excluded,not screened in,"P3 3 commits on the default branch, below 40"
keunsoopark/invest_bi,keunsoopark__invest_bi,https://github.com/keunsoopark/invest_bi,S3_code,0,,45,38,1,2025-06-07T13:25:07Z,2026-06-07T09:40:04Z,excluded,not screened in,"P4 12.0 months between creation and last push, below 12"
kevinesg/data-platform,kevinesg__data-platform,https://github.com/kevinesg/data-platform,S3_code,0,MIT,156,40,1,2026-06-05T17:58:58Z,2026-08-03T04:49:54Z,excluded,not screened in,"P4 1.9 months between creation and last push, below 12"
kevinmiguel97/dbt-learn,kevinmiguel97__dbt-learn,https://github.com/kevinmiguel97/dbt-learn,S3_code,0,,59,8,1,2025-08-01T01:01:44Z,2025-09-15T00:58:21Z,excluded,not screened in,"P4 1.4 months between creation and last push, below 12"
kevinsames/microsoft-fabric-data-platform-template,kevinsames__microsoft-fabric-data-platform-template,https://github.com/kevinsames/microsoft-fabric-data-platform-template,S2_topic_dbt;S3_code,3,,32,,,2025-06-03T10:40:05Z,2025-08-06T06:58:18Z,excluded,not screened in,"P3 32 commits on the default branch, below 40"
kevinsunny1996/E2E-Data-Science-Pipelines,kevinsunny1996__E2E-Data-Science-Pipelines,https://github.com/kevinsunny1996/E2E-Data-Science-Pipelines,S2_topic_dbt,2,,116,13,1,2023-10-30T14:10:59Z,2025-06-03T16:05:39Z,passed,"extracted, excluded","only 5 monthly snapshots, below the 12 minimum"
kevruppy/analytics,kevruppy__analytics,https://github.com/kevruppy/analytics,S3_code,0,,384,22,1,2024-07-10T20:21:46Z,2026-08-03T19:02:06Z,passed,"extracted, excluded","only 3 monthly snapshots, below the 12 minimum"
kgmcquate/dbt-testgen,kgmcquate__dbt-testgen,https://github.com/kgmcquate/dbt-testgen,S2_topic_dbt;S3_code,39,MIT,124,0,1,2023-12-10T15:07:34Z,2024-02-28T04:50:18Z,excluded,not screened in,"P4 2.6 months between creation and last push, below 12"
khaledsalah5/learn_dbt,khaledsalah5__learn_dbt,https://github.com/khaledsalah5/learn_dbt,S3_code,0,,2,,,2025-06-25T19:48:05Z,2025-06-25T19:52:43Z,excluded,not screened in,"P3 2 commits on the default branch, below 40"
khalileldoau/KhalilZoomcamp2024,khalileldoau__KhalilZoomcamp2024,https://github.com/khalileldoau/KhalilZoomcamp2024,S3_code,0,,39,,,2024-01-17T15:54:56Z,2024-03-17T23:44:15Z,excluded,not screened in,"P3 39 commits on the default branch, below 40"
khanhvx09/LakeHouse,khanhvx09__LakeHouse,https://github.com/khanhvx09/LakeHouse,S3_code,0,,11,,,2025-12-19T16:13:27Z,2025-12-22T15:25:55Z,excluded,not screened in,"P3 11 commits on the default branch, below 40"
khatry23/FanaticsSportsAnalytics,khatry23__FanaticsSportsAnalytics,https://github.com/khatry23/FanaticsSportsAnalytics,S3_code,0,,6,,,2026-01-07T19:13:36Z,2026-01-08T02:05:50Z,excluded,not screened in,"P3 6 commits on the default branch, below 40"
kidskoding/pipemedic,kidskoding__pipemedic,https://github.com/kidskoding/pipemedic,S3_code,0,,37,,,2026-07-07T19:55:04Z,2026-07-07T21:36:21Z,excluded,not screened in,"P3 37 commits on the default branch, below 40"
kiliantscherny/Fun-With-LEGO-data,kiliantscherny__Fun-With-LEGO-data,https://github.com/kiliantscherny/Fun-With-LEGO-data,S2_topic_analytics-engineering;S2_topic_dbt,3,,126,17,1,2024-02-27T09:54:35Z,2024-04-21T09:18:31Z,excluded,not screened in,"P4 1.7 months between creation and last push, below 12"
kiranbele11/dbt_core_databricks,kiranbele11__dbt_core_databricks,https://github.com/kiranbele11/dbt_core_databricks,S2_topic_dbt,1,,20,,,2024-12-30T04:04:03Z,2025-01-02T04:08:16Z,excluded,not screened in,"P3 20 commits on the default branch, below 40"
kiranskmr/workflows_automation,kiranskmr__workflows_automation,https://github.com/kiranskmr/workflows_automation,S3_code,13,,79,24,1,2024-07-27T09:40:22Z,2025-11-09T23:11:41Z,passed,"extracted, excluded","only 2 monthly snapshots, below the 12 minimum"
kirlosmagdy/dbt_snowflake_project,kirlosmagdy__dbt_snowflake_project,https://github.com/kirlosmagdy/dbt_snowflake_project,S3_code,2,,10,,,2025-09-23T23:56:09Z,2025-09-24T14:00:18Z,excluded,not screened in,"P3 10 commits on the default branch, below 40"
kisugez/Unified-etl,kisugez__Unified-etl,https://github.com/kisugez/Unified-etl,S2_topic_dbt,4,,26,,,2026-06-11T10:06:50Z,2026-06-11T13:46:38Z,excluded,not screened in,"P3 26 commits on the default branch, below 40"
kitta65/dbt-mermaid,kitta65__dbt-mermaid,https://github.com/kitta65/dbt-mermaid,S2_topic_dbt,5,MIT,92,6,1,2024-02-23T05:01:53Z,2025-11-29T06:34:19Z,passed,"extracted, excluded","only 1 monthly snapshots, below the 12 minimum"
kiyeonjeon21/data-stack-lab,kiyeonjeon21__data-stack-lab,https://github.com/kiyeonjeon21/data-stack-lab,S2_topic_dbt,2,MIT,18,,,2026-03-29T07:18:14Z,2026-04-05T11:21:20Z,excluded,not screened in,"P3 18 commits on the default branch, below 40"
kkumyk/kabardian-poetry-etl-pipeline,kkumyk__kabardian-poetry-etl-pipeline,https://github.com/kkumyk/kabardian-poetry-etl-pipeline,S2_topic_dbt,2,,51,4,1,2024-08-05T20:08:29Z,2024-12-10T14:37:51Z,excluded,not screened in,"P4 4.1 months between creation and last push, below 12"
kkumyk/server-logs-daily-data-pipeline,kkumyk__server-logs-daily-data-pipeline,https://github.com/kkumyk/server-logs-daily-data-pipeline,S2_topic_dbt,7,,51,4,1,2025-01-24T20:21:36Z,2025-07-18T12:13:35Z,excluded,not screened in,"P4 5.7 months between creation and last push, below 12"
klaudia-q/PetCareAnalitycs,klaudia-q__PetCareAnalitycs,https://github.com/klaudia-q/PetCareAnalitycs,S2_topic_analytics-engineering;S2_topic_dbt,4,,2,,,2026-05-18T15:51:54Z,2026-05-18T15:55:08Z,excluded,not screened in,"P3 2 commits on the default branch, below 40"
klaukata/TennisPipeline,klaukata__TennisPipeline,https://github.com/klaukata/TennisPipeline,S2_topic_dbt,1,,168,8,1,2024-08-01T19:38:37Z,2025-01-30T09:45:34Z,excluded,not screened in,"P4 5.9 months between creation and last push, below 12"
kobzevvv/marketing-attribution-data-model,kobzevvv__marketing-attribution-data-model,https://github.com/kobzevvv/marketing-attribution-data-model,S2_topic_dbt,23,,37,,,2023-04-22T22:03:26Z,2024-04-06T12:37:51Z,excluded,not screened in,"P3 37 commits on the default branch, below 40"
kohoutba3924/ml_feature_pipeline,kohoutba3924__ml_feature_pipeline,https://github.com/kohoutba3924/ml_feature_pipeline,S3_code,0,,17,,,2026-06-03T13:06:11Z,2026-08-01T22:19:57Z,excluded,not screened in,"P3 17 commits on the default branch, below 40"
koioannis/analytics,koioannis__analytics,https://github.com/koioannis/analytics,S3_code,0,,2,,,2026-02-14T17:53:27Z,2026-02-15T09:54:51Z,excluded,not screened in,"P3 2 commits on the default branch, below 40"
kokorin/dbt-pumpkin,kokorin__dbt-pumpkin,https://github.com/kokorin/dbt-pumpkin,S2_topic_dbt;S2_topic_dbt-core,9,Apache-2.0,64,0,0,2024-06-18T02:41:15Z,2026-07-20T21:06:54Z,passed,"extracted, excluded","only 1 monthly snapshots, below the 12 minimum"
koksang/social-media-analysis,koksang__social-media-analysis,https://github.com/koksang/social-media-analysis,S2_topic_dbt,10,MIT,92,24,1,2019-07-04T17:04:53Z,2023-07-20T15:54:19Z,passed,"extracted, excluded","only 1 monthly snapshots, below the 12 minimum"
konosp/adobe-clickstream-dbt,konosp__adobe-clickstream-dbt,https://github.com/konosp/adobe-clickstream-dbt,S2_topic_dbt,11,,18,,,2020-01-08T23:38:26Z,2020-03-01T22:53:42Z,excluded,not screened in,"P3 18 commits on the default branch, below 40"
konosp/dbt-airflow-docker-compose,konosp__dbt-airflow-docker-compose,https://github.com/konosp/dbt-airflow-docker-compose,S2_topic_dbt,133,Apache-2.0,24,,,2020-05-07T22:00:11Z,2023-01-03T18:56:05Z,excluded,not screened in,"P3 24 commits on the default branch, below 40"
konosp/dbt-on-airflow,konosp__dbt-on-airflow,https://github.com/konosp/dbt-on-airflow,S2_topic_dbt,38,,16,,,2020-02-23T12:09:18Z,2020-12-29T21:57:19Z,excluded,not screened in,"P3 16 commits on the default branch, below 40"
kopalsoni/dbt_demo,kopalsoni__dbt_demo,https://github.com/kopalsoni/dbt_demo,S2_topic_dbt,1,,13,,,2022-09-15T01:13:14Z,2022-09-18T22:04:40Z,excluded,not screened in,"P3 13 commits on the default branch, below 40"
kpivert/de_zoomcamp,kpivert__de_zoomcamp,https://github.com/kpivert/de_zoomcamp,S3_code,0,,17,,,2025-01-24T21:58:32Z,2025-02-26T16:46:09Z,excluded,not screened in,"P3 17 commits on the default branch, below 40"
kpk111298/kommineni-automotive-pipeline,kpk111298__kommineni-automotive-pipeline,https://github.com/kpk111298/kommineni-automotive-pipeline,S2_topic_dbt,1,,181,10,1,2026-02-21T23:34:44Z,2026-08-04T10:41:48Z,excluded,not screened in,"P4 5.4 months between creation and last push, below 12"
krishnach45/judicial-data-engineering,krishnach45__judicial-data-engineering,https://github.com/krishnach45/judicial-data-engineering,S2_topic_dbt,1,,5,,,2026-04-01T06:11:07Z,2026-04-01T16:48:38Z,excluded,not screened in,"P3 5 commits on the default branch, below 40"
krissemmy/Polygon-Finance-Data-ELT,krissemmy__Polygon-Finance-Data-ELT,https://github.com/krissemmy/Polygon-Finance-Data-ELT,S3_code,10,Apache-2.0,44,18,1,2023-11-21T20:51:16Z,2023-12-23T18:18:42Z,excluded,not screened in,"P4 1.0 months between creation and last push, below 12"
kristeligt-dagblad/dbt_ml,kristeligt-dagblad__dbt_ml,https://github.com/kristeligt-dagblad/dbt_ml,S2_topic_dbt;S3_code,77,Apache-2.0,113,0,1,2020-06-05T14:30:47Z,2026-02-07T20:46:39Z,passed,"extracted, excluded",no commits touch any declared model path
kristenmartino/herdpulse,kristenmartino__herdpulse,https://github.com/kristenmartino/herdpulse,S3_code,0,NOASSERTION,2,,,2026-07-02T03:49:50Z,2026-07-27T21:53:27Z,excluded,not screened in,"P3 2 commits on the default branch, below 40"
kristina-sql/cycling-analytics-platform,kristina-sql__cycling-analytics-platform,https://github.com/kristina-sql/cycling-analytics-platform,S2_topic_dbt,2,MIT,117,9,1,2025-01-05T09:38:09Z,2026-02-28T09:07:46Z,passed,"extracted, excluded","only 2 monthly snapshots, below the 12 minimum"
kspringfield13/ecommerce-dbt,kspringfield13__ecommerce-dbt,https://github.com/kspringfield13/ecommerce-dbt,S3_code,0,MIT,27,,,2025-05-29T18:47:20Z,2025-06-01T12:10:13Z,excluded,not screened in,"P3 27 commits on the default branch, below 40"
ktopcuoglu/gitlab-dbt-analytics,ktopcuoglu__gitlab-dbt-analytics,https://github.com/ktopcuoglu/gitlab-dbt-analytics,S3_code,2,NOASSERTION,29077,2282,1,2022-08-18T11:00:31Z,2022-08-18T11:04:37Z,excluded,not screened in,"P4 0.0 months between creation and last push, below 12"
kudeh/brooklyndata_dbt,kudeh__brooklyndata_dbt,https://github.com/kudeh/brooklyndata_dbt,S2_topic_dbt,2,,15,,,2023-08-29T21:38:57Z,2023-09-02T14:13:18Z,excluded,not screened in,"P3 15 commits on the default branch, below 40"
kukuh-biyantama/final_project_dibimbing,kukuh-biyantama__final_project_dibimbing,https://github.com/kukuh-biyantama/final_project_dibimbing,S3_code,0,,3,,,2026-04-07T10:11:01Z,2026-04-17T09:23:41Z,excluded,not screened in,"P3 3 commits on the default branch, below 40"
kumarrajendrasethi15-arch/supply_chain_dbt_May_2026,kumarrajendrasethi15-arch__supply_chain_dbt_May_2026,https://github.com/kumarrajendrasethi15-arch/supply_chain_dbt_May_2026,S3_code,0,,18,,,2026-04-25T14:16:18Z,2026-06-05T09:47:07Z,excluded,not screened in,"P3 18 commits on the default branch, below 40"
kuronicle/dbt-example,kuronicle__dbt-example,https://github.com/kuronicle/dbt-example,S3_code,0,,13,,,2024-08-26T10:07:52Z,2025-01-30T12:21:49Z,excluded,not screened in,"P3 13 commits on the default branch, below 40"
kuwala-io/kuwala,kuwala-io__kuwala,https://github.com/kuwala-io/kuwala,S2_topic_dbt,807,Apache-2.0,416,14,2,2021-04-08T13:02:36Z,2022-08-10T09:00:13Z,passed,"extracted, excluded","only 1 monthly snapshots, below the 12 minimum"
kyaukyuai/jaffle_shop_duckdb_superset,kyaukyuai__jaffle_shop_duckdb_superset,https://github.com/kyaukyuai/jaffle_shop_duckdb_superset,S2_topic_dbt,16,MIT,13,,,2023-11-20T06:53:39Z,2026-07-30T11:35:59Z,excluded,not screened in,"P3 13 commits on the default branch, below 40"
kyle-chalmers/dbt-agentic-development,kyle-chalmers__dbt-agentic-development,https://github.com/kyle-chalmers/dbt-agentic-development,S3_code,11,,13,,,2026-03-09T07:17:13Z,2026-07-25T22:20:44Z,excluded,not screened in,"P3 13 commits on the default branch, below 40"
kyleclai/nasa-cmapss-rul-prediction,kyleclai__nasa-cmapss-rul-prediction,https://github.com/kyleclai/nasa-cmapss-rul-prediction,S3_code,1,Apache-2.0,9,,,2026-02-26T07:14:43Z,2026-03-03T09:24:05Z,excluded,not screened in,"P3 9 commits on the default branch, below 40"
kzzzr/dbt_clickhouse_lab,kzzzr__dbt_clickhouse_lab,https://github.com/kzzzr/dbt_clickhouse_lab,S2_topic_dbt,13,,22,,,2021-09-02T21:01:56Z,2024-08-04T18:21:13Z,excluded,not screened in,"P3 22 commits on the default branch, below 40"
kzzzr/dbtvault_greenplum_demo,kzzzr__dbtvault_greenplum_demo,https://github.com/kzzzr/dbtvault_greenplum_demo,S3_code,11,,78,31,1,2021-10-12T21:02:40Z,2024-02-19T14:41:48Z,passed,"extracted, excluded","only 9 monthly snapshots, below the 12 minimum"
kzzzr/mybi-dbt-core,kzzzr__mybi-dbt-core,https://github.com/kzzzr/mybi-dbt-core,S2_topic_dbt;S3_code,13,Apache-2.0,35,,,2020-11-04T22:26:54Z,2023-01-31T13:29:16Z,excluded,not screened in,"P3 35 commits on the default branch, below 40"
kzzzr/mybi-dbt-showcase,kzzzr__mybi-dbt-showcase,https://github.com/kzzzr/mybi-dbt-showcase,S2_topic_dbt,6,,15,,,2022-11-07T19:46:28Z,2024-05-26T10:42:47Z,excluded,not screened in,"P3 15 commits on the default branch, below 40"
l-mds/local-data-stack,l-mds__local-data-stack,https://github.com/l-mds/local-data-stack,S2_topic_dbt,397,,27,,,2024-10-26T15:35:24Z,2025-09-30T16:32:34Z,excluded,not screened in,"P3 27 commits on the default branch, below 40"
laconc/dbt-learn-dlopezmendez,laconc__dbt-learn-dlopezmendez,https://github.com/laconc/dbt-learn-dlopezmendez,S3_code,0,,1,,,2021-02-25T22:02:52Z,2021-02-25T23:04:07Z,excluded,not screened in,"P3 1 commits on the default branch, below 40"
laisarantes/dbt-concessionaria,laisarantes__dbt-concessionaria,https://github.com/laisarantes/dbt-concessionaria,S2_topic_dbt,2,,5,,,2026-07-22T13:39:51Z,2026-07-24T21:11:22Z,excluded,not screened in,"P3 5 commits on the default branch, below 40"
lakehq/dbt-sail,lakehq__dbt-sail,https://github.com/lakehq/dbt-sail,S3_code,10,Apache-2.0,7,,,2026-04-21T05:23:49Z,2026-04-25T04:34:43Z,excluded,not screened in,"P3 7 commits on the default branch, below 40"
lambautroi/crypto-dwh,lambautroi__crypto-dwh,https://github.com/lambautroi/crypto-dwh,S3_code,0,,1,,,2026-03-03T09:37:53Z,2026-03-03T09:41:18Z,excluded,not screened in,"P3 1 commits on the default branch, below 40"
lanerchenbuna/QueryForge,lanerchenbuna__QueryForge,https://github.com/lanerchenbuna/QueryForge,S2_topic_analytics-engineering,9,,6,,,2026-07-23T19:49:12Z,2026-07-24T09:43:45Z,excluded,not screened in,"P3 6 commits on the default branch, below 40"
lanethefox/alf-analysis,lanethefox__alf-analysis,https://github.com/lanethefox/alf-analysis,S2_topic_dbt,1,,29,,,2025-05-21T03:11:39Z,2025-05-27T05:48:14Z,excluded,not screened in,"P3 29 commits on the default branch, below 40"
larsvasseldonk/ticketmaster-de-pipeline,larsvasseldonk__ticketmaster-de-pipeline,https://github.com/larsvasseldonk/ticketmaster-de-pipeline,S2_topic_dbt,1,,17,,,2025-04-11T16:46:28Z,2025-04-18T19:03:14Z,excluded,not screened in,"P3 17 commits on the default branch, below 40"
launchdarkly/segment-product-analytics,launchdarkly__segment-product-analytics,https://github.com/launchdarkly/segment-product-analytics,S2_topic_dbt,1,,6,,,2023-10-06T10:04:54Z,2025-06-10T11:50:21Z,excluded,not screened in,"P3 6 commits on the default branch, below 40"
lavanchukka/MusicApp-Realtime-End2End-Data-Engineering-Project,lavanchukka__MusicApp-Realtime-End2End-Data-Engineering-Project,https://github.com/lavanchukka/MusicApp-Realtime-End2End-Data-Engineering-Project,S2_topic_dbt,1,MIT,4,,,2026-01-03T02:17:42Z,2026-01-04T01:15:42Z,excluded,not screened in,"P3 4 commits on the default branch, below 40"
layerai-archive/dbt-layer,layerai-archive__dbt-layer,https://github.com/layerai-archive/dbt-layer,S2_topic_dbt,18,Apache-2.0,156,12,6,2022-04-29T17:32:49Z,2022-09-30T20:35:51Z,excluded,not screened in,"P4 5.1 months between creation and last push, below 12"
lazyfoxjumps/Professional-Hater,lazyfoxjumps__Professional-Hater,https://github.com/lazyfoxjumps/Professional-Hater,S2_topic_dbt,1,MIT,5,,,2026-05-23T10:10:47Z,2026-06-01T03:30:45Z,excluded,not screened in,"P3 5 commits on the default branch, below 40"
lbergami/euroleague-data-warehouse,lbergami__euroleague-data-warehouse,https://github.com/lbergami/euroleague-data-warehouse,S2_topic_dbt,1,,181,27,1,2023-01-08T10:53:00Z,2023-11-19T18:42:38Z,excluded,not screened in,"P4 10.3 months between creation and last push, below 12"
lbk-fishtown/dbt_sample,lbk-fishtown__dbt_sample,https://github.com/lbk-fishtown/dbt_sample,S3_code,0,,8,,,2022-05-02T02:37:01Z,2022-05-02T04:03:32Z,excluded,not screened in,"P3 8 commits on the default branch, below 40"
lbk-fishtown/rshiftdbt,lbk-fishtown__rshiftdbt,https://github.com/lbk-fishtown/rshiftdbt,S3_code,0,,6,,,2022-07-18T22:58:56Z,2022-07-28T01:42:23Z,excluded,not screened in,"P3 6 commits on the default branch, below 40"
leahwicz/jaffleShop2,leahwicz__jaffleShop2,https://github.com/leahwicz/jaffleShop2,S3_code,0,Apache-2.0,2,,,2021-12-06T17:21:02Z,2021-12-06T17:22:10Z,excluded,not screened in,"P3 2 commits on the default branch, below 40"
leandroLachini/BI_adventure_works,leandroLachini__BI_adventure_works,https://github.com/leandroLachini/BI_adventure_works,S3_code,0,,87,28,1,2024-10-23T18:30:50Z,2024-11-29T12:24:58Z,excluded,not screened in,"P4 1.2 months between creation and last push, below 12"
leandroLachini/class_northwind,leandroLachini__class_northwind,https://github.com/leandroLachini/class_northwind,S3_code,0,,21,,,2024-09-26T23:20:34Z,2024-10-07T13:56:36Z,excluded,not screened in,"P3 21 commits on the default branch, below 40"
lechihoang/Data-lakehouse,lechihoang__Data-lakehouse,https://github.com/lechihoang/Data-lakehouse,S2_topic_dbt;S3_code,3,MIT,28,,,2026-03-07T13:41:57Z,2026-06-18T03:07:22Z,excluded,not screened in,"P3 28 commits on the default branch, below 40"
lechihoang/datahub-dbt-postgres-airflow,lechihoang__datahub-dbt-postgres-airflow,https://github.com/lechihoang/datahub-dbt-postgres-airflow,S3_code,0,,1,,,2026-08-04T13:52:55Z,2026-08-04T13:57:57Z,excluded,not screened in,"P3 1 commits on the default branch, below 40"
lehongvo/Data-Engineering,lehongvo__Data-Engineering,https://github.com/lehongvo/Data-Engineering,S3_code,0,,152,31,4,2025-04-22T02:12:56Z,2025-05-27T11:37:49Z,excluded,not screened in,"P4 1.1 months between creation and last push, below 12"
lelouvincx/goodreads-elt-pipeline,lelouvincx__goodreads-elt-pipeline,https://github.com/lelouvincx/goodreads-elt-pipeline,S2_topic_dbt,44,MIT,24,,,2023-03-28T16:03:48Z,2023-04-22T17:54:01Z,excluded,not screened in,"P3 24 commits on the default branch, below 40"
lelouvincx/spotify-data-pipeline-ingestion,lelouvincx__spotify-data-pipeline-ingestion,https://github.com/lelouvincx/spotify-data-pipeline-ingestion,S2_topic_dbt,5,,60,4,1,2023-05-04T04:12:33Z,2023-05-04T04:13:28Z,excluded,not screened in,"P4 0.0 months between creation and last push, below 12"
lemieuxjm/data-engineering-zoomcamp,lemieuxjm__data-engineering-zoomcamp,https://github.com/lemieuxjm/data-engineering-zoomcamp,S3_code,0,,72,2,2,2026-01-20T19:47:54Z,2026-03-19T21:26:23Z,excluded,not screened in,"P4 1.9 months between creation and last push, below 12"
leocmcheung/gz-dbt-repository,leocmcheung__gz-dbt-repository,https://github.com/leocmcheung/gz-dbt-repository,S3_code,0,,13,,,2024-09-10T08:56:11Z,2024-09-11T11:03:42Z,excluded,not screened in,"P3 13 commits on the default branch, below 40"
leonardo-vargas-de-paula/estudo-airflow,leonardo-vargas-de-paula__estudo-airflow,https://github.com/leonardo-vargas-de-paula/estudo-airflow,S3_code,0,,11,,,2025-12-14T18:25:38Z,2025-12-14T18:59:28Z,excluded,not screened in,"P3 11 commits on the default branch, below 40"
leonardomtorres/Olist-pipeline,leonardomtorres__Olist-pipeline,https://github.com/leonardomtorres/Olist-pipeline,S3_code,0,,9,,,2026-05-26T21:01:32Z,2026-05-29T03:22:23Z,excluded,not screened in,"P3 9 commits on the default branch, below 40"
leonardomtorres/pipeline-cripto,leonardomtorres__pipeline-cripto,https://github.com/leonardomtorres/pipeline-cripto,S2_topic_dbt,2,,22,,,2026-06-29T03:14:24Z,2026-07-04T18:14:51Z,excluded,not screened in,"P3 22 commits on the default branch, below 40"
leonardpoon/wander,leonardpoon__wander,https://github.com/leonardpoon/wander,S3_code,0,,15,,,2026-06-05T02:49:57Z,2026-06-16T08:32:27Z,excluded,not screened in,"P3 15 commits on the default branch, below 40"
lfaferreira/northwind_academy,lfaferreira__northwind_academy,https://github.com/lfaferreira/northwind_academy,S3_code,0,,12,,,2024-08-05T00:56:35Z,2024-08-11T15:48:52Z,excluded,not screened in,"P3 12 commits on the default branch, below 40"
lfbasantos/prjt-dbt,lfbasantos__prjt-dbt,https://github.com/lfbasantos/prjt-dbt,S3_code,0,,2,,,2021-03-23T01:22:56Z,2021-03-23T18:25:57Z,excluded,not screened in,"P3 2 commits on the default branch, below 40"
lgrosjean/dbt-argo,lgrosjean__dbt-argo,https://github.com/lgrosjean/dbt-argo,S2_topic_dbt-core,1,MIT,18,,,2023-07-17T12:37:21Z,2023-09-05T18:07:02Z,excluded,not screened in,"P3 18 commits on the default branch, below 40"
liam-machine/erd-studio,liam-machine__erd-studio,https://github.com/liam-machine/erd-studio,S2_topic_analytics-engineering;S2_topic_dbt;S2_topic_dbt-core,5,MIT,14,,,2026-01-27T19:24:51Z,2026-06-10T05:30:14Z,excluded,not screened in,"P3 14 commits on the default branch, below 40"
lightdash/dbt2looker,lightdash__dbt2looker,https://github.com/lightdash/dbt2looker,S2_topic_dbt,192,MIT,101,1,1,2021-04-13T08:51:48Z,2024-08-20T13:04:11Z,passed,"extracted, excluded","only 3 monthly snapshots, below the 12 minimum"
lightdash/lightdash,lightdash__lightdash,https://github.com/lightdash/lightdash,S2_topic_dbt,6010,NOASSERTION,21167,67,3,2021-03-19T09:44:40Z,2026-08-04T23:43:31Z,passed,in corpus,
lightdash/lightdash-production-example,lightdash__lightdash-production-example,https://github.com/lightdash/lightdash-production-example,S3_code,20,,2,,,2021-06-15T16:00:10Z,2021-06-16T09:54:20Z,excluded,not screened in,"P3 2 commits on the default branch, below 40"
lilianeEstacio/dbt-adventure-works,lilianeEstacio__dbt-adventure-works,https://github.com/lilianeEstacio/dbt-adventure-works,S3_code,0,,22,,,2025-02-14T13:59:12Z,2025-02-19T19:17:22Z,excluded,not screened in,"P3 22 commits on the default branch, below 40"
lilitmanukyan09/manufacturing-quality-platform,lilitmanukyan09__manufacturing-quality-platform,https://github.com/lilitmanukyan09/manufacturing-quality-platform,S3_code,1,,27,,,2026-05-14T15:44:30Z,2026-08-02T12:52:47Z,excluded,not screened in,"P3 27 commits on the default branch, below 40"
lindsaymurphy4/course_advanced_dbt,lindsaymurphy4__course_advanced_dbt,https://github.com/lindsaymurphy4/course_advanced_dbt,S2_topic_dbt;S3_code,8,,152,12,1,2023-07-16T22:06:29Z,2024-08-20T22:42:03Z,passed,"extracted, excluded","only 2 monthly snapshots, below the 12 minimum"
linkedin/coral,linkedin__coral,https://github.com/linkedin/coral,S3_code,905,BSD-2-Clause,682,0,1,2020-01-27T19:07:47Z,2026-08-03T21:55:33Z,passed,"extracted, excluded",no commits touch any declared model path
linuslanke-repo/linuslanke-repo-Local_OpenSource_ETL_Stack,linuslanke-repo__linuslanke-repo-Local_OpenSource_ETL_Stack,https://github.com/linuslanke-repo/linuslanke-repo-Local_OpenSource_ETL_Stack,S2_topic_dbt,1,,1,,,2026-06-07T22:41:12Z,2026-06-07T22:42:58Z,excluded,not screened in,"P3 1 commits on the default branch, below 40"
lisacaj/dbt-airbnb,lisacaj__dbt-airbnb,https://github.com/lisacaj/dbt-airbnb,S3_code,0,,3,,,2026-04-29T10:17:29Z,2026-04-29T10:19:16Z,excluded,not screened in,"P3 3 commits on the default branch, below 40"
lisallreiber/biketheft_berlin,lisallreiber__biketheft_berlin,https://github.com/lisallreiber/biketheft_berlin,S2_topic_dbt,6,,50,4,1,2023-04-03T07:53:42Z,2023-06-07T08:38:12Z,excluded,not screened in,"P4 2.1 months between creation and last push, below 12"
litturahul/dbt-modern-data-warehouse,litturahul__dbt-modern-data-warehouse,https://github.com/litturahul/dbt-modern-data-warehouse,S3_code,0,,22,,,2025-06-17T15:03:12Z,2025-06-30T12:27:39Z,excluded,not screened in,"P3 22 commits on the default branch, below 40"
livecvebench/CVE-Factory,livecvebench__CVE-Factory,https://github.com/livecvebench/CVE-Factory,S3_code,157,,23,,,2025-12-25T12:35:39Z,2026-03-27T08:47:13Z,excluded,not screened in,"P3 23 commits on the default branch, below 40"
lixx21/airflow-dbt-gcp,lixx21__airflow-dbt-gcp,https://github.com/lixx21/airflow-dbt-gcp,S2_topic_dbt;S3_code,7,,6,,,2024-11-30T14:38:22Z,2024-12-01T03:40:27Z,excluded,not screened in,"P3 6 commits on the default branch, below 40"
lixx21/data-engineer-christmas-data,lixx21__data-engineer-christmas-data,https://github.com/lixx21/data-engineer-christmas-data,S2_topic_dbt,20,,10,,,2024-12-21T05:13:21Z,2025-01-11T07:11:20Z,excluded,not screened in,"P3 10 commits on the default branch, below 40"
lixx21/dbt-shopping-data-transform,lixx21__dbt-shopping-data-transform,https://github.com/lixx21/dbt-shopping-data-transform,S2_topic_dbt,1,,8,,,2024-11-24T12:42:43Z,2024-11-30T03:33:27Z,excluded,not screened in,"P3 8 commits on the default branch, below 40"
lkrsousa/dbt-learn-repo,lkrsousa__dbt-learn-repo,https://github.com/lkrsousa/dbt-learn-repo,S3_code,0,,9,,,2021-06-16T16:47:28Z,2021-08-12T19:58:03Z,excluded,not screened in,"P3 9 commits on the default branch, below 40"
llnl/pEyeON-Analytics,llnl__pEyeON-Analytics,https://github.com/llnl/pEyeON-Analytics,S3_code,0,MIT,23,,,2026-04-03T17:00:29Z,2026-08-04T22:27:37Z,excluded,not screened in,"P3 23 commits on the default branch, below 40"
lngomy/dbt-lineage-demo,lngomy__dbt-lineage-demo,https://github.com/lngomy/dbt-lineage-demo,S3_code,0,,1,,,2025-07-01T04:50:22Z,2025-07-01T05:53:40Z,excluded,not screened in,"P3 1 commits on the default branch, below 40"
localstack-samples/localstack-snowflake-samples,localstack-samples__localstack-snowflake-samples,https://github.com/localstack-samples/localstack-snowflake-samples,S3_code,9,Apache-2.0,23,,,2024-01-11T12:05:56Z,2026-03-18T08:06:34Z,excluded,not screened in,"P3 23 commits on the default branch, below 40"
localstack-samples/snowflake-smart-factory-app,localstack-samples__snowflake-smart-factory-app,https://github.com/localstack-samples/snowflake-smart-factory-app,S2_topic_dbt;S3_code,4,,39,,,2025-05-13T14:59:32Z,2026-04-17T09:27:03Z,excluded,not screened in,"P3 39 commits on the default branch, below 40"
logicalclocks/hopsworks-tutorials,logicalclocks__hopsworks-tutorials,https://github.com/logicalclocks/hopsworks-tutorials,S3_code,324,AGPL-3.0,269,1,1,2022-04-06T09:02:57Z,2026-07-29T17:57:01Z,passed,"extracted, excluded","only 2 monthly snapshots, below the 12 minimum"
loinguyen3108/Wide-World-Importers-DBT,loinguyen3108__Wide-World-Importers-DBT,https://github.com/loinguyen3108/Wide-World-Importers-DBT,S2_topic_dbt,1,MIT,12,,,2023-05-06T02:42:30Z,2023-05-24T08:11:09Z,excluded,not screened in,"P3 12 commits on the default branch, below 40"
longNguyen010203/Bank-DataWarehouse,longNguyen010203__Bank-DataWarehouse,https://github.com/longNguyen010203/Bank-DataWarehouse,S2_topic_dbt,2,,15,,,2024-05-29T16:11:16Z,2024-06-08T16:59:53Z,excluded,not screened in,"P3 15 commits on the default branch, below 40"
longNguyen010203/DATA-WAREHOUSE-ACCIDENT-US-2016-2023,longNguyen010203__DATA-WAREHOUSE-ACCIDENT-US-2016-2023,https://github.com/longNguyen010203/DATA-WAREHOUSE-ACCIDENT-US-2016-2023,S2_topic_dbt,2,,16,,,2024-12-13T15:04:19Z,2024-12-14T04:59:34Z,excluded,not screened in,"P3 16 commits on the default branch, below 40"
longNguyen010203/ECommerce-ELT-Pipeline,longNguyen010203__ECommerce-ELT-Pipeline,https://github.com/longNguyen010203/ECommerce-ELT-Pipeline,S2_topic_dbt,5,MIT,68,12,1,2024-06-10T16:36:24Z,2024-06-14T18:23:17Z,excluded,not screened in,"P4 0.1 months between creation and last push, below 12"
longNguyen010203/FDE-Course-2024-W4-DBT,longNguyen010203__FDE-Course-2024-W4-DBT,https://github.com/longNguyen010203/FDE-Course-2024-W4-DBT,S2_topic_dbt,5,,6,,,2024-04-26T07:06:17Z,2024-04-29T08:17:23Z,excluded,not screened in,"P3 6 commits on the default branch, below 40"
longNguyen010203/Youtube-Recommend-Master-ETL-Pipeline,longNguyen010203__Youtube-Recommend-Master-ETL-Pipeline,https://github.com/longNguyen010203/Youtube-Recommend-Master-ETL-Pipeline,S2_topic_dbt,25,MIT,102,3,1,2024-05-04T09:08:09Z,2024-11-19T10:47:56Z,excluded,not screened in,"P4 6.5 months between creation and last push, below 12"
lopezj1/noaa_eda,lopezj1__noaa_eda,https://github.com/lopezj1/noaa_eda,S2_topic_dbt,3,,56,17,1,2024-04-18T17:30:10Z,2025-02-19T18:42:54Z,excluded,not screened in,"P4 10.1 months between creation and last push, below 12"
louisguitton/dbt-metadata-utils,louisguitton__dbt-metadata-utils,https://github.com/louisguitton/dbt-metadata-utils,S2_topic_dbt,52,,24,,,2020-12-26T15:48:49Z,2021-05-06T23:56:42Z,excluded,not screened in,"P3 24 commits on the default branch, below 40"
lpmvieira/-FEA24_11,lpmvieira__-FEA24_11,https://github.com/lpmvieira/-FEA24_11,S3_code,0,,15,,,2024-11-27T20:09:52Z,2024-12-02T21:42:06Z,excluded,not screened in,"P3 15 commits on the default branch, below 40"
lsc-sde/neurology_informatics,lsc-sde__neurology_informatics,https://github.com/lsc-sde/neurology_informatics,S3_code,0,,60,62,1,2024-05-24T09:25:59Z,2025-11-18T12:45:11Z,passed,"extracted, excluded","only 10 monthly snapshots, below the 12 minimum"
lsj5081203/clinical-data-pipeline,lsj5081203__clinical-data-pipeline,https://github.com/lsj5081203/clinical-data-pipeline,S3_code,1,,3,,,2026-04-05T22:49:53Z,2026-04-06T00:46:51Z,excluded,not screened in,"P3 3 commits on the default branch, below 40"
lthvinh/logistics-data-warehouse-batch,lthvinh__logistics-data-warehouse-batch,https://github.com/lthvinh/logistics-data-warehouse-batch,S3_code,0,,14,,,2025-02-22T08:31:14Z,2025-02-23T07:03:59Z,excluded,not screened in,"P3 14 commits on the default branch, below 40"
luabase/cube,luabase__cube,https://github.com/luabase/cube,S3_code,0,NOASSERTION,9873,1,2,2024-01-12T04:04:48Z,2025-05-22T19:51:54Z,passed,"extracted, excluded","only 1 monthly snapshots, below the 12 minimum"
luanguimaraesla/git-deep-dive,luanguimaraesla__git-deep-dive,https://github.com/luanguimaraesla/git-deep-dive,S3_code,0,,9,,,2023-11-29T17:11:46Z,2023-11-29T18:04:57Z,excluded,not screened in,"P3 9 commits on the default branch, below 40"
luatnc87/modern-data-warehouse-modeling-and-data-quality-with-dbt-openmetadata,luatnc87__modern-data-warehouse-modeling-and-data-quality-with-dbt-openmetadata,https://github.com/luatnc87/modern-data-warehouse-modeling-and-data-quality-with-dbt-openmetadata,S2_topic_dbt,42,,28,,,2023-09-11T03:20:42Z,2023-09-20T03:41:29Z,excluded,not screened in,"P3 28 commits on the default branch, below 40"
luatnc87/open-source-modern-data-stack,luatnc87__open-source-modern-data-stack,https://github.com/luatnc87/open-source-modern-data-stack,S2_topic_dbt,38,,26,,,2023-09-01T06:51:41Z,2023-09-11T16:24:18Z,excluded,not screened in,"P3 26 commits on the default branch, below 40"
luatnc87/real-time-analytic-stack,luatnc87__real-time-analytic-stack,https://github.com/luatnc87/real-time-analytic-stack,S2_topic_dbt,9,,8,,,2023-08-31T15:04:34Z,2023-09-08T09:40:03Z,excluded,not screened in,"P3 8 commits on the default branch, below 40"
luatnc87/robust-data-analytics-platform-with-duckdb-dbt-iceberg,luatnc87__robust-data-analytics-platform-with-duckdb-dbt-iceberg,https://github.com/luatnc87/robust-data-analytics-platform-with-duckdb-dbt-iceberg,S2_topic_dbt,43,,18,,,2023-09-08T06:57:56Z,2023-09-11T16:16:37Z,excluded,not screened in,"P3 18 commits on the default branch, below 40"
luatnc87/streaming-analytics-with-risingwave-and-dbt,luatnc87__streaming-analytics-with-risingwave-and-dbt,https://github.com/luatnc87/streaming-analytics-with-risingwave-and-dbt,S2_topic_dbt,12,,13,,,2023-09-20T13:35:21Z,2023-09-23T16:21:45Z,excluded,not screened in,"P3 13 commits on the default branch, below 40"
lubobali/dbt-airflow-wap-pipeline,lubobali__dbt-airflow-wap-pipeline,https://github.com/lubobali/dbt-airflow-wap-pipeline,S3_code,2,,1,,,2026-02-02T19:09:11Z,2026-02-02T19:14:16Z,excluded,not screened in,"P3 1 commits on the default branch, below 40"
lucasrbarbosa-bos/snowflake-dbt-warehouse-demo,lucasrbarbosa-bos__snowflake-dbt-warehouse-demo,https://github.com/lucasrbarbosa-bos/snowflake-dbt-warehouse-demo,S2_topic_dbt;S2_topic_dbt-core,1,,64,13,1,2025-09-16T12:11:12Z,2025-11-11T21:42:27Z,excluded,not screened in,"P4 1.8 months between creation and last push, below 12"
luccagouveia/novadrive-data-engineering-bootcamp,luccagouveia__novadrive-data-engineering-bootcamp,https://github.com/luccagouveia/novadrive-data-engineering-bootcamp,S2_topic_dbt,1,,3,,,2025-09-18T00:52:44Z,2025-09-18T01:07:07Z,excluded,not screened in,"P3 3 commits on the default branch, below 40"
luchonaveiro/dbt-postgres-tutorial,luchonaveiro__dbt-postgres-tutorial,https://github.com/luchonaveiro/dbt-postgres-tutorial,S2_topic_dbt,41,,25,,,2022-05-14T16:16:43Z,2022-06-04T02:41:48Z,excluded,not screened in,"P3 25 commits on the default branch, below 40"
luchonaveiro/open-source-data-stack,luchonaveiro__open-source-data-stack,https://github.com/luchonaveiro/open-source-data-stack,S2_topic_dbt,19,,12,,,2022-05-19T03:20:02Z,2022-06-19T15:06:26Z,excluded,not screened in,"P3 12 commits on the default branch, below 40"
lucy20080331-nz/nz-ai-news-monitor,lucy20080331-nz__nz-ai-news-monitor,https://github.com/lucy20080331-nz/nz-ai-news-monitor,S2_topic_analytics-engineering;S2_topic_dbt,1,,17,,,2026-07-17T22:04:48Z,2026-07-22T10:36:09Z,excluded,not screened in,"P3 17 commits on the default branch, below 40"
ludovicschmetz-stack/datavow,ludovicschmetz-stack__datavow,https://github.com/ludovicschmetz-stack/datavow,S2_topic_dbt,11,Apache-2.0,33,,,2026-03-05T12:56:55Z,2026-03-23T06:24:22Z,excluded,not screened in,"P3 33 commits on the default branch, below 40"
ludovina-magalhaes/Etl-Dbt-Sales-Prediction,ludovina-magalhaes__Etl-Dbt-Sales-Prediction,https://github.com/ludovina-magalhaes/Etl-Dbt-Sales-Prediction,S3_code,0,,18,,,2025-04-23T23:54:22Z,2026-04-11T16:45:30Z,excluded,not screened in,"P3 18 commits on the default branch, below 40"
luisgradossalinas/dbt-stackoverflow,luisgradossalinas__dbt-stackoverflow,https://github.com/luisgradossalinas/dbt-stackoverflow,S3_code,0,,45,8,1,2022-10-19T15:30:55Z,2022-12-28T21:52:41Z,excluded,not screened in,"P4 2.3 months between creation and last push, below 12"
luisleon90/chanel,luisleon90__chanel,https://github.com/luisleon90/chanel,S3_code,0,,3,,,2026-03-06T15:47:22Z,2026-03-09T15:32:25Z,excluded,not screened in,"P3 3 commits on the default branch, below 40"
luiul/dbts,luiul__dbts,https://github.com/luiul/dbts,S2_topic_dbt,1,MIT,31,,,2026-05-07T15:58:50Z,2026-06-15T10:36:56Z,excluded,not screened in,"P3 31 commits on the default branch, below 40"
luiz-edd/bigQuery,luiz-edd__bigQuery,https://github.com/luiz-edd/bigQuery,S3_code,0,,17,,,2024-09-17T22:18:18Z,2024-10-11T14:15:30Z,excluded,not screened in,"P3 17 commits on the default branch, below 40"
lukejones3/job-market-analytics,lukejones3__job-market-analytics,https://github.com/lukejones3/job-market-analytics,S2_topic_dbt,5,NOASSERTION,319,18,1,2026-01-29T04:07:09Z,2026-08-04T23:44:18Z,excluded,not screened in,"P4 6.1 months between creation and last push, below 12"
luutuankiet/life_admin_dbt,luutuankiet__life_admin_dbt,https://github.com/luutuankiet/life_admin_dbt,S2_topic_dbt,3,,215,39,1,2025-08-16T16:49:17Z,2026-02-28T01:07:56Z,excluded,not screened in,"P4 6.4 months between creation and last push, below 12"
ly12345680/Simple_ELT,ly12345680__Simple_ELT,https://github.com/ly12345680/Simple_ELT,S3_code,1,,4,,,2025-05-11T16:47:57Z,2025-05-15T10:11:53Z,excluded,not screened in,"P3 4 commits on the default branch, below 40"
m1lk4/pipeline-airflow-dbt-gcp,m1lk4__pipeline-airflow-dbt-gcp,https://github.com/m1lk4/pipeline-airflow-dbt-gcp,S3_code,4,,34,,,2025-12-07T08:30:30Z,2025-12-23T14:11:36Z,excluded,not screened in,"P3 34 commits on the default branch, below 40"
m7w/ny-crashes-pipeline,m7w__ny-crashes-pipeline,https://github.com/m7w/ny-crashes-pipeline,S3_code,0,,16,,,2025-06-16T15:29:33Z,2025-09-03T16:42:46Z,excluded,not screened in,"P3 16 commits on the default branch, below 40"
mage-ai/mage-ai,mage-ai__mage-ai,https://github.com/mage-ai/mage-ai,S2_topic_dbt,8784,Apache-2.0,5787,0,1,2022-05-16T22:11:39Z,2026-07-30T00:57:10Z,passed,"extracted, excluded",every sampled commit yielded zero models
mahevarma/DBT,mahevarma__DBT,https://github.com/mahevarma/DBT,S3_code,0,Apache-2.0,9,,,2023-03-18T18:54:16Z,2023-03-22T23:52:18Z,excluded,not screened in,"P3 9 commits on the default branch, below 40"
mahmoudnajmeh/global-cybersecurity-threat,mahmoudnajmeh__global-cybersecurity-threat,https://github.com/mahmoudnajmeh/global-cybersecurity-threat,S3_code,0,,9,,,2026-07-30T06:11:26Z,2026-08-04T08:08:17Z,excluded,not screened in,"P3 9 commits on the default branch, below 40"
majilanIS/medical-telegram-warehouse,majilanIS__medical-telegram-warehouse,https://github.com/majilanIS/medical-telegram-warehouse,S3_code,0,,15,,,2026-01-25T12:17:35Z,2026-01-31T09:29:18Z,excluded,not screened in,"P3 15 commits on the default branch, below 40"
make-open-data/make-open-data,make-open-data__make-open-data,https://github.com/make-open-data/make-open-data,S3_code,78,,406,0,1,2024-04-03T10:37:58Z,2026-02-07T16:23:54Z,passed,"extracted, excluded","only 11 monthly snapshots, below the 12 minimum"
malbiruk/million-songs-pipeline,malbiruk__million-songs-pipeline,https://github.com/malbiruk/million-songs-pipeline,S2_topic_dbt,1,,23,,,2026-04-10T14:43:31Z,2026-04-14T17:45:16Z,excluded,not screened in,"P3 23 commits on the default branch, below 40"
malli678/real-time-social-media-sentiment-analysis,malli678__real-time-social-media-sentiment-analysis,https://github.com/malli678/real-time-social-media-sentiment-analysis,S3_code,0,,23,,,2026-07-12T05:43:19Z,2026-07-12T15:25:05Z,excluded,not screened in,"P3 23 commits on the default branch, below 40"
mallikharjunyarra/Coaching_Snflk,mallikharjunyarra__Coaching_Snflk,https://github.com/mallikharjunyarra/Coaching_Snflk,S3_code,0,,14,,,2024-08-26T10:18:23Z,2025-03-07T05:39:36Z,excluded,not screened in,"P3 14 commits on the default branch, below 40"
malon64/openlakeforge,malon64__openlakeforge,https://github.com/malon64/openlakeforge,S3_code,20,Apache-2.0,103,9,4,2026-05-15T08:39:31Z,2026-07-31T07:51:15Z,excluded,not screened in,"P4 2.5 months between creation and last push, below 12"
mamadou-data/gcp-finance-data-platform,mamadou-data__gcp-finance-data-platform,https://github.com/mamadou-data/gcp-finance-data-platform,S2_topic_analytics-engineering,1,,7,,,2026-02-21T13:31:30Z,2026-02-21T14:40:35Z,excluded,not screened in,"P3 7 commits on the default branch, below 40"
mamadou-data/healthcare-lakehouse-spark-airflow,mamadou-data__healthcare-lakehouse-spark-airflow,https://github.com/mamadou-data/healthcare-lakehouse-spark-airflow,S2_topic_analytics-engineering,1,,3,,,2026-03-10T21:58:11Z,2026-03-10T22:52:40Z,excluded,not screened in,"P3 3 commits on the default branch, below 40"
manojmac07/datapipeline,manojmac07__datapipeline,https://github.com/manojmac07/datapipeline,S3_code,0,,3,,,2025-06-08T18:18:53Z,2025-06-09T09:37:47Z,excluded,not screened in,"P3 3 commits on the default branch, below 40"
manon-siohan/high-peak,manon-siohan__high-peak,https://github.com/manon-siohan/high-peak,S3_code,0,,55,40,1,2026-03-23T12:21:42Z,2026-05-18T04:40:19Z,excluded,not screened in,"P4 1.8 months between creation and last push, below 12"
manuelandersen/football-pipeline,manuelandersen__football-pipeline,https://github.com/manuelandersen/football-pipeline,S2_topic_dbt,1,MIT,69,5,1,2024-07-08T00:10:32Z,2024-07-24T23:43:00Z,excluded,not screened in,"P4 0.5 months between creation and last push, below 12"
manyuzhang1996/Data-Pipeline-with-dbt-and-Snowflake,manyuzhang1996__Data-Pipeline-with-dbt-and-Snowflake,https://github.com/manyuzhang1996/Data-Pipeline-with-dbt-and-Snowflake,S2_topic_dbt,1,,4,,,2024-04-02T19:36:41Z,2024-04-02T19:58:52Z,excluded,not screened in,"P3 4 commits on the default branch, below 40"
manz01/dbt-core-sample-duckdb,manz01__dbt-core-sample-duckdb,https://github.com/manz01/dbt-core-sample-duckdb,S2_topic_dbt-core;S2_topic_dbt-project,3,,159,11,1,2025-06-05T18:45:07Z,2026-04-06T12:32:13Z,excluded,not screened in,"P4 10.0 months between creation and last push, below 12"
manz01/dbt_sample_postgres,manz01__dbt_sample_postgres,https://github.com/manz01/dbt_sample_postgres,S2_topic_dbt,1,,6,,,2025-08-07T14:44:43Z,2025-09-25T20:07:03Z,excluded,not screened in,"P3 6 commits on the default branch, below 40"
manz01/dbt_sample_snowflake,manz01__dbt_sample_snowflake,https://github.com/manz01/dbt_sample_snowflake,S2_topic_dbt,1,,31,,,2025-07-17T11:57:43Z,2026-04-05T19:21:20Z,excluded,not screened in,"P3 31 commits on the default branch, below 40"
mapdx/retail_analytics,mapdx__retail_analytics,https://github.com/mapdx/retail_analytics,S3_code,19,,15,,,2026-06-10T05:19:20Z,2026-07-07T17:32:16Z,excluded,not screened in,"P3 15 commits on the default branch, below 40"
maprihoda/data_analysis_demo,maprihoda__data_analysis_demo,https://github.com/maprihoda/data_analysis_demo,S2_topic_analytics-engineering;S2_topic_dbt,1,,11,,,2024-04-14T15:44:47Z,2024-04-19T16:28:33Z,excluded,not screened in,"P3 11 commits on the default branch, below 40"
marcellin-de/coingecko-modern-data-platform,marcellin-de__coingecko-modern-data-platform,https://github.com/marcellin-de/coingecko-modern-data-platform,S2_topic_dbt,1,,5,,,2026-03-05T15:26:55Z,2026-03-08T23:47:11Z,excluded,not screened in,"P3 5 commits on the default branch, below 40"
marcellin-de/crm-sales-analytics-platform,marcellin-de__crm-sales-analytics-platform,https://github.com/marcellin-de/crm-sales-analytics-platform,S2_topic_analytics-engineering;S2_topic_dbt,1,Apache-2.0,11,,,2026-04-25T12:39:08Z,2026-04-27T01:40:20Z,excluded,not screened in,"P3 11 commits on the default branch, below 40"
marcellin-de/dagster-weather-platform,marcellin-de__dagster-weather-platform,https://github.com/marcellin-de/dagster-weather-platform,S2_topic_dbt,1,,74,2,1,2026-03-04T12:47:22Z,2026-03-05T10:42:20Z,excluded,not screened in,"P4 0.0 months between creation and last push, below 12"
marcellin-de/marketing-performance-analysis,marcellin-de__marketing-performance-analysis,https://github.com/marcellin-de/marketing-performance-analysis,S2_topic_dbt,1,,24,,,2026-02-06T18:34:28Z,2026-02-08T00:25:06Z,excluded,not screened in,"P3 24 commits on the default branch, below 40"
marcellin-de/vehicle-ecommerce-analytics,marcellin-de__vehicle-ecommerce-analytics,https://github.com/marcellin-de/vehicle-ecommerce-analytics,S2_topic_dbt,1,,47,21,1,2026-02-04T16:34:09Z,2026-02-06T15:29:26Z,excluded,not screened in,"P4 0.0 months between creation and last push, below 12"
marcelmaatkamp/AisMarineCadastreDataInMetabase,marcelmaatkamp__AisMarineCadastreDataInMetabase,https://github.com/marcelmaatkamp/AisMarineCadastreDataInMetabase,S2_topic_dbt,2,MIT,86,2,1,2022-09-21T19:46:43Z,2022-12-06T18:07:29Z,excluded,not screened in,"P4 2.5 months between creation and last push, below 12"
marco-roy/DDO,marco-roy__DDO,https://github.com/marco-roy/DDO,S2_topic_dbt;S3_code,16,Apache-2.0,9,,,2021-05-08T23:16:52Z,2021-05-11T05:41:42Z,excluded,not screened in,"P3 9 commits on the default branch, below 40"
marcon-droid/dw_AdventureWorks,marcon-droid__dw_AdventureWorks,https://github.com/marcon-droid/dw_AdventureWorks,S2_topic_dbt,3,,62,18,1,2022-08-17T01:44:40Z,2023-09-08T15:44:58Z,passed,"extracted, excluded","only 1 monthly snapshots, below the 12 minimum"
marklindsey11/AirByte,marklindsey11__AirByte,https://github.com/marklindsey11/AirByte,S3_code,0,NOASSERTION,4645,0,6,2022-01-31T00:32:46Z,2022-01-31T03:13:04Z,excluded,not screened in,"P4 0.0 months between creation and last push, below 12"
marklindsey11/dbt-core,marklindsey11__dbt-core,https://github.com/marklindsey11/dbt-core,S3_code,0,Apache-2.0,2481,1,8,2022-01-31T00:34:28Z,2022-12-12T11:56:29Z,excluded,not screened in,"P4 10.3 months between creation and last push, below 12"
marklubin/synix,marklubin__synix,https://github.com/marklubin/synix,S2_topic_dbt,12,MIT,213,0,0,2026-02-06T04:14:38Z,2026-04-29T23:45:16Z,excluded,not screened in,"P4 2.7 months between creation and last push, below 12"
markpernotto/exoplanet_citation,markpernotto__exoplanet_citation,https://github.com/markpernotto/exoplanet_citation,S3_code,0,MIT,317,1,1,2026-05-03T15:15:37Z,2026-08-04T06:48:46Z,excluded,not screened in,"P4 3.0 months between creation and last push, below 12"
markporoshin/dbt-greenplum,markporoshin__dbt-greenplum,https://github.com/markporoshin/dbt-greenplum,S3_code,36,,39,,,2022-03-28T14:47:52Z,2024-03-07T20:34:36Z,excluded,not screened in,"P3 39 commits on the default branch, below 40"
markrittman/demo_ra_data_warehouse,markrittman__demo_ra_data_warehouse,https://github.com/markrittman/demo_ra_data_warehouse,S3_code,0,,1,,,2020-05-18T21:17:55Z,2020-05-18T21:18:01Z,excluded,not screened in,"P3 1 commits on the default branch, below 40"
markusbegerow/data-analytics-exercises,markusbegerow__data-analytics-exercises,https://github.com/markusbegerow/data-analytics-exercises,S2_topic_dbt,5,MIT,5,,,2026-03-19T15:13:23Z,2026-03-20T17:03:45Z,excluded,not screened in,"P3 5 commits on the default branch, below 40"
marlandmoore/data-eng-assessment,marlandmoore__data-eng-assessment,https://github.com/marlandmoore/data-eng-assessment,S3_code,0,,1,,,2026-02-23T22:20:49Z,2026-02-23T22:22:18Z,excluded,not screened in,"P3 1 commits on the default branch, below 40"
maroil/dbt-forge,maroil__dbt-forge,https://github.com/maroil/dbt-forge,S2_topic_dbt,1,MIT,50,0,0,2026-03-08T10:03:16Z,2026-03-14T17:49:27Z,excluded,not screened in,"P4 0.2 months between creation and last push, below 12"
marz1307/agentic-elt-data-platform,marz1307__agentic-elt-data-platform,https://github.com/marz1307/agentic-elt-data-platform,S3_code,0,,2,,,2026-07-21T08:21:32Z,2026-07-21T09:49:44Z,excluded,not screened in,"P3 2 commits on the default branch, below 40"
masonmenges/data-platform-tutorial,masonmenges__data-platform-tutorial,https://github.com/masonmenges/data-platform-tutorial,S3_code,0,Apache-2.0,1,,,2022-11-04T17:54:00Z,2022-11-04T17:54:02Z,excluded,not screened in,"P3 1 commits on the default branch, below 40"
masthead-data/dbt-reservations,masthead-data__dbt-reservations,https://github.com/masthead-data/dbt-reservations,S3_code,6,AGPL-3.0,56,0,1,2025-10-05T23:19:52Z,2026-07-20T21:47:25Z,excluded,not screened in,"P4 9.4 months between creation and last push, below 12"
matankaisman88/Marketing-Attribution-Lakehouse,matankaisman88__Marketing-Attribution-Lakehouse,https://github.com/matankaisman88/Marketing-Attribution-Lakehouse,S3_code,0,,21,,,2026-03-15T18:43:20Z,2026-03-17T10:59:02Z,excluded,not screened in,"P3 21 commits on the default branch, below 40"
mateusdias96cs/aegis-lakehouse,mateusdias96cs__aegis-lakehouse,https://github.com/mateusdias96cs/aegis-lakehouse,S3_code,0,,1,,,2026-06-19T13:06:40Z,2026-06-19T20:58:47Z,excluded,not screened in,"P3 1 commits on the default branch, below 40"
matheus-dataeng/openhealth-analytics,matheus-dataeng__openhealth-analytics,https://github.com/matheus-dataeng/openhealth-analytics,S3_code,1,,19,,,2026-06-25T20:00:53Z,2026-07-26T00:07:49Z,excluded,not screened in,"P3 19 commits on the default branch, below 40"
matheusbsilva/metricflow-mcp,matheusbsilva__metricflow-mcp,https://github.com/matheusbsilva/metricflow-mcp,S2_topic_dbt-core,1,,4,,,2026-07-01T23:36:54Z,2026-07-02T01:48:42Z,excluded,not screened in,"P3 4 commits on the default branch, below 40"
matsonj/nba-monte-carlo,matsonj__nba-monte-carlo,https://github.com/matsonj/nba-monte-carlo,S1_curated,605,MIT,960,63,1,2022-09-29T05:42:51Z,2026-07-27T21:32:09Z,passed,in corpus,
matsonj/stocks,matsonj__stocks,https://github.com/matsonj/stocks,S3_code,12,,41,7,1,2024-09-16T21:00:06Z,2026-04-03T23:10:44Z,passed,"extracted, excluded","only 2 monthly snapshots, below the 12 minimum"
matt-strautmann/dbt-bigquery-ecommerce-quickstart,matt-strautmann__dbt-bigquery-ecommerce-quickstart,https://github.com/matt-strautmann/dbt-bigquery-ecommerce-quickstart,S2_topic_dbt,1,,6,,,2024-12-30T17:03:19Z,2025-01-16T15:11:43Z,excluded,not screened in,"P3 6 commits on the default branch, below 40"
mattarderne/snowflake-starter,mattarderne__snowflake-starter,https://github.com/mattarderne/snowflake-starter,S2_topic_dbt,39,,81,0,0,2019-06-19T12:47:40Z,2022-02-23T12:18:48Z,passed,"extracted, excluded",no dbt_project.yml found anywhere on the first-parent history
mattermost/mattermost-data-warehouse,mattermost__mattermost-data-warehouse,https://github.com/mattermost/mattermost-data-warehouse,S1_curated;S3_code,86,,2487,489,2,2020-01-06T18:02:22Z,2025-09-16T06:09:24Z,passed,in corpus,
matthewklim/rental-property-analytics,matthewklim__rental-property-analytics,https://github.com/matthewklim/rental-property-analytics,S3_code,0,MIT,18,,,2024-09-24T21:14:59Z,2024-09-27T17:45:17Z,excluded,not screened in,"P3 18 commits on the default branch, below 40"
matthewkrausse/parsons-prefect-dbt-cloud-tutorial,matthewkrausse__parsons-prefect-dbt-cloud-tutorial,https://github.com/matthewkrausse/parsons-prefect-dbt-cloud-tutorial,S3_code,2,,19,,,2025-03-31T16:11:56Z,2025-04-03T17:28:14Z,excluded,not screened in,"P3 19 commits on the default branch, below 40"
matthewviray/dine-scout-sd,matthewviray__dine-scout-sd,https://github.com/matthewviray/dine-scout-sd,S3_code,0,,24,,,2026-03-23T21:51:39Z,2026-04-10T00:03:55Z,excluded,not screened in,"P3 24 commits on the default branch, below 40"
mattiasthalen/arcane-insight,mattiasthalen__arcane-insight,https://github.com/mattiasthalen/arcane-insight,S2_topic_analytics-engineering,37,GPL-3.0,212,0,0,2024-11-06T07:40:11Z,2025-01-23T08:08:26Z,excluded,not screened in,"P4 2.6 months between creation and last push, below 12"
max-lutz/nyt_articles_analytics_dashboard,max-lutz__nyt_articles_analytics_dashboard,https://github.com/max-lutz/nyt_articles_analytics_dashboard,S2_topic_dbt,3,MIT,65,4,1,2024-01-13T08:41:56Z,2024-04-04T10:01:52Z,excluded,not screened in,"P4 2.7 months between creation and last push, below 12"
maxifalco18/protecto_integrador_M2,maxifalco18__protecto_integrador_M2,https://github.com/maxifalco18/protecto_integrador_M2,S3_code,1,,14,,,2025-12-04T03:36:16Z,2025-12-04T06:10:55Z,excluded,not screened in,"P3 14 commits on the default branch, below 40"
maxkvargas89/cancer_screening_analytics,maxkvargas89__cancer_screening_analytics,https://github.com/maxkvargas89/cancer_screening_analytics,S2_topic_analytics-engineering;S2_topic_dbt,1,,33,,,2025-09-07T15:54:19Z,2025-12-03T20:12:25Z,excluded,not screened in,"P3 33 commits on the default branch, below 40"
mayur-ughade252/sample_dbt_directory,mayur-ughade252__sample_dbt_directory,https://github.com/mayur-ughade252/sample_dbt_directory,S3_code,0,,5,,,2023-07-25T11:11:21Z,2023-07-25T12:59:26Z,excluded,not screened in,"P3 5 commits on the default branch, below 40"
mayurjainf007/dbtDemo,mayurjainf007__dbtDemo,https://github.com/mayurjainf007/dbtDemo,S3_code,0,Apache-2.0,290,0,1,2025-06-24T20:47:34Z,2025-06-25T00:07:07Z,excluded,not screened in,"P4 0.0 months between creation and last push, below 12"
mazino2d/jaffle-shop,mazino2d__jaffle-shop,https://github.com/mazino2d/jaffle-shop,S2_topic_dbt,4,,46,15,1,2026-03-26T14:49:33Z,2026-04-18T04:56:45Z,excluded,not screened in,"P4 0.7 months between creation and last push, below 12"
mbforr/modern-gis-live,mbforr__modern-gis-live,https://github.com/mbforr/modern-gis-live,S3_code,20,,6,,,2024-03-15T12:15:24Z,2024-05-30T17:54:44Z,excluded,not screened in,"P3 6 commits on the default branch, below 40"
mbtsvetkov/Alnz,mbtsvetkov__Alnz,https://github.com/mbtsvetkov/Alnz,S3_code,0,,15,,,2026-06-25T06:05:12Z,2026-08-03T13:01:36Z,excluded,not screened in,"P3 15 commits on the default branch, below 40"
mbvyn/snowflake-dbt,mbvyn__snowflake-dbt,https://github.com/mbvyn/snowflake-dbt,S2_topic_dbt,1,,27,,,2023-10-14T12:46:53Z,2024-02-03T07:50:41Z,excluded,not screened in,"P3 27 commits on the default branch, below 40"
mcastillomolina/dbt-cosmos,mcastillomolina__dbt-cosmos,https://github.com/mcastillomolina/dbt-cosmos,S3_code,0,,13,,,2026-02-09T15:34:15Z,2026-02-17T12:01:16Z,excluded,not screened in,"P3 13 commits on the default branch, below 40"
mcbreese/football_snowflake,mcbreese__football_snowflake,https://github.com/mcbreese/football_snowflake,S3_code,0,,45,18,1,2026-07-23T15:17:03Z,2026-07-31T20:57:34Z,excluded,not screened in,"P4 0.3 months between creation and last push, below 12"
mcgrath-dylan/finops-dbt,mcgrath-dylan__finops-dbt,https://github.com/mcgrath-dylan/finops-dbt,S2_topic_analytics-engineering;S2_topic_dbt,1,Apache-2.0,93,17,1,2025-08-30T23:26:32Z,2026-06-08T16:30:57Z,excluded,not screened in,"P4 9.2 months between creation and last push, below 12"
mcintalmo/personal-finance,mcintalmo__personal-finance,https://github.com/mcintalmo/personal-finance,S3_code,0,,33,,,2026-07-11T23:03:19Z,2026-07-27T04:11:03Z,excluded,not screened in,"P3 33 commits on the default branch, below 40"
mcorbett51090/RavenClaude,mcorbett51090__RavenClaude,https://github.com/mcorbett51090/RavenClaude,S3_code,5,NOASSERTION,971,2,1,2026-05-07T19:55:13Z,2026-08-04T15:15:48Z,excluded,not screened in,"P4 2.9 months between creation and last push, below 12"
mcorteso/dab-dbt-repository,mcorteso__dab-dbt-repository,https://github.com/mcorteso/dab-dbt-repository,S3_code,0,,10,,,2023-07-28T14:46:21Z,2023-07-29T15:57:02Z,excluded,not screened in,"P3 10 commits on the default branch, below 40"
md-irfan-dbt/dbtanalytics,md-irfan-dbt__dbtanalytics,https://github.com/md-irfan-dbt/dbtanalytics,S3_code,0,,1,,,2025-06-17T05:33:36Z,2025-06-17T07:08:30Z,excluded,not screened in,"P3 1 commits on the default branch, below 40"
md-irfan-dbt/traning,md-irfan-dbt__traning,https://github.com/md-irfan-dbt/traning,S3_code,0,,1,,,2025-06-17T07:12:48Z,2025-06-17T07:13:51Z,excluded,not screened in,"P3 1 commits on the default branch, below 40"
mdrakiburrahman/ivm-bench,mdrakiburrahman__ivm-bench,https://github.com/mdrakiburrahman/ivm-bench,S3_code,4,MIT,70,420,9,2026-04-20T17:05:48Z,2026-08-04T15:34:33Z,excluded,not screened in,"P4 3.4 months between creation and last push, below 12"
mdshihabullah/restaurant-chain-datavault-lakehouse-analytics,mdshihabullah__restaurant-chain-datavault-lakehouse-analytics,https://github.com/mdshihabullah/restaurant-chain-datavault-lakehouse-analytics,S2_topic_analytics-engineering,6,,28,,,2026-04-18T09:05:43Z,2026-04-19T19:41:39Z,excluded,not screened in,"P3 28 commits on the default branch, below 40"
medboukechouch/energy-flow-intelligence,medboukechouch__energy-flow-intelligence,https://github.com/medboukechouch/energy-flow-intelligence,S3_code,0,,14,,,2026-06-24T21:09:23Z,2026-08-02T21:42:10Z,excluded,not screened in,"P3 14 commits on the default branch, below 40"
medic/cht-pipeline,medic__cht-pipeline,https://github.com/medic/cht-pipeline,S3_code,4,GPL-3.0,70,12,1,2021-10-06T12:45:42Z,2026-06-16T11:24:35Z,passed,in corpus,
medic/cht-sync,medic__cht-sync,https://github.com/medic/cht-sync,S3_code,7,GPL-3.0,98,3,2,2021-12-07T16:31:26Z,2026-03-03T09:17:34Z,passed,"extracted, excluded","only 2 monthly snapshots, below the 12 minimum"
medsidd/whyline-denver,medsidd__whyline-denver,https://github.com/medsidd/whyline-denver,S3_code,0,MIT,211,25,1,2025-10-07T05:15:47Z,2026-05-06T18:46:12Z,excluded,not screened in,"P4 6.9 months between creation and last push, below 12"
medzennou/RETAIL_DBT_AIRFLOW,medzennou__RETAIL_DBT_AIRFLOW,https://github.com/medzennou/RETAIL_DBT_AIRFLOW,S3_code,0,,3,,,2024-02-03T13:41:14Z,2024-06-04T19:33:18Z,excluded,not screened in,"P3 3 commits on the default branch, below 40"
medzennou/dbt-ecommerce,medzennou__dbt-ecommerce,https://github.com/medzennou/dbt-ecommerce,S3_code,0,,3,,,2024-03-08T14:29:36Z,2024-03-21T16:13:08Z,excluded,not screened in,"P3 3 commits on the default branch, below 40"
meenandm/hospital_billing,meenandm__hospital_billing,https://github.com/meenandm/hospital_billing,S3_code,0,,2,,,2022-06-13T05:28:13Z,2022-07-12T10:46:56Z,excluded,not screened in,"P3 2 commits on the default branch, below 40"
mehdee4/dbt2,mehdee4__dbt2,https://github.com/mehdee4/dbt2,S3_code,0,,9,,,2025-06-17T13:44:19Z,2025-07-08T13:12:57Z,excluded,not screened in,"P3 9 commits on the default branch, below 40"
mehmetzmn/DBT-Airflow-Project,mehmetzmn__DBT-Airflow-Project,https://github.com/mehmetzmn/DBT-Airflow-Project,S2_topic_dbt,1,,1,,,2025-04-25T08:45:53Z,2025-04-25T08:53:30Z,excluded,not screened in,"P3 1 commits on the default branch, below 40"
mehrnuman123/swiftcart-revenue-intelligence-platform,mehrnuman123__swiftcart-revenue-intelligence-platform,https://github.com/mehrnuman123/swiftcart-revenue-intelligence-platform,S2_topic_analytics-engineering;S2_topic_dbt,1,,12,,,2026-07-09T12:57:33Z,2026-07-14T12:44:43Z,excluded,not screened in,"P3 12 commits on the default branch, below 40"
meicanhong/trino-share,meicanhong__trino-share,https://github.com/meicanhong/trino-share,S3_code,5,,4,,,2022-12-01T12:54:20Z,2023-01-02T06:26:39Z,excluded,not screened in,"P3 4 commits on the default branch, below 40"
melisklc0/analytics-copilot,melisklc0__analytics-copilot,https://github.com/melisklc0/analytics-copilot,S2_topic_dbt,1,Apache-2.0,105,26,1,2026-05-24T10:36:40Z,2026-07-24T13:04:24Z,excluded,not screened in,"P4 2.0 months between creation and last push, below 12"
melissa-nicholas/ecommerce-subscription-analytics,melissa-nicholas__ecommerce-subscription-analytics,https://github.com/melissa-nicholas/ecommerce-subscription-analytics,S2_topic_analytics-engineering;S2_topic_dbt,1,MIT,11,,,2025-06-29T18:54:59Z,2025-07-07T05:33:15Z,excluded,not screened in,"P3 11 commits on the default branch, below 40"
melissamagoma/data_analytics_portfolio,melissamagoma__data_analytics_portfolio,https://github.com/melissamagoma/data_analytics_portfolio,S2_topic_dbt,1,,32,,,2026-06-23T13:49:36Z,2026-07-03T13:19:03Z,excluded,not screened in,"P3 32 commits on the default branch, below 40"
meltano/dbt-ext,meltano__dbt-ext,https://github.com/meltano/dbt-ext,S2_topic_dbt,4,Apache-2.0,157,0,1,2022-09-09T19:02:17Z,2026-08-02T02:42:57Z,passed,"extracted, excluded",every sampled commit yielded zero models
mem15381/hudi,mem15381__hudi,https://github.com/mem15381/hudi,S3_code,0,Apache-2.0,4969,8,1,2023-12-16T12:51:50Z,2023-12-16T16:08:27Z,excluded,not screened in,"P4 0.0 months between creation and last push, below 12"
memiiso/opendbt,memiiso__opendbt,https://github.com/memiiso/opendbt,S2_topic_dbt;S2_topic_dbt-core,297,Apache-2.0,106,6,2,2024-07-05T09:54:13Z,2026-07-20T23:43:05Z,passed,"extracted, excluded","only 7 monthly snapshots, below the 12 minimum"
memsql/dbt-singlestore,memsql__dbt-singlestore,https://github.com/memsql/dbt-singlestore,S3_code,11,Apache-2.0,62,11,2,2021-12-13T19:31:47Z,2026-06-23T14:31:06Z,passed,"extracted, excluded","only 2 monthly snapshots, below the 12 minimum"
meoflaxz/data-engineering-zoomcamp,meoflaxz__data-engineering-zoomcamp,https://github.com/meoflaxz/data-engineering-zoomcamp,S3_code,0,,19,,,2023-12-19T14:09:40Z,2023-12-31T15:17:22Z,excluded,not screened in,"P3 19 commits on the default branch, below 40"
merais/formation,merais__formation,https://github.com/merais/formation,S3_code,0,,180,8,2,2025-08-07T07:00:49Z,2026-05-07T14:47:36Z,excluded,not screened in,"P4 9.0 months between creation and last push, below 12"
mergestat/mergestat-git-dbt,mergestat__mergestat-git-dbt,https://github.com/mergestat/mergestat-git-dbt,S3_code,7,,5,,,2022-12-27T17:48:13Z,2023-03-21T18:58:57Z,excluded,not screened in,"P3 5 commits on the default branch, below 40"
metagov/opengrants-platform,metagov__opengrants-platform,https://github.com/metagov/opengrants-platform,S3_code,1,,368,33,1,2025-10-30T23:06:14Z,2026-07-22T02:00:18Z,excluded,not screened in,"P4 8.7 months between creation and last push, below 12"
metaplane/dbt-utils,metaplane__dbt-utils,https://github.com/metaplane/dbt-utils,S3_code,2,Apache-2.0,20,,,2024-11-08T15:16:07Z,2024-12-05T21:30:38Z,excluded,not screened in,"P3 20 commits on the default branch, below 40"
metriql/metriql,metriql__metriql,https://github.com/metriql/metriql,S2_topic_dbt,332,Apache-2.0,364,0,0,2021-05-23T22:29:05Z,2023-03-29T22:11:05Z,passed,"extracted, excluded",no dbt_project.yml found anywhere on the first-parent history
metriql/metriql-lookml,metriql__metriql-lookml,https://github.com/metriql/metriql-lookml,S2_topic_dbt,5,MIT,19,,,2021-06-16T12:29:25Z,2021-07-06T23:38:17Z,excluded,not screened in,"P3 19 commits on the default branch, below 40"
metriql/metriql-tableau,metriql__metriql-tableau,https://github.com/metriql/metriql-tableau,S2_topic_dbt,3,MIT,9,,,2021-07-05T21:57:43Z,2022-10-17T14:47:19Z,excluded,not screened in,"P3 9 commits on the default branch, below 40"
mfajarandikha/DataEngineering_ELT_Airflow,mfajarandikha__DataEngineering_ELT_Airflow,https://github.com/mfajarandikha/DataEngineering_ELT_Airflow,S2_topic_dbt,1,,10,,,2024-12-02T05:40:53Z,2024-12-02T06:13:24Z,excluded,not screened in,"P3 10 commits on the default branch, below 40"
mfleming711/academy-dbt,mfleming711__academy-dbt,https://github.com/mfleming711/academy-dbt,S2_topic_dbt,1,,8,,,2024-04-23T08:16:29Z,2024-04-23T08:20:04Z,excluded,not screened in,"P3 8 commits on the default branch, below 40"
mhaniffajari/Data-Engineer-Project,mhaniffajari__Data-Engineer-Project,https://github.com/mhaniffajari/Data-Engineer-Project,S3_code,1,,59,2061,19,2025-05-31T14:57:54Z,2025-11-29T04:54:41Z,excluded,not screened in,"P4 5.9 months between creation and last push, below 12"
mhdfahmiaziz/test_elt,mhdfahmiaziz__test_elt,https://github.com/mhdfahmiaziz/test_elt,S3_code,0,,1,,,2026-05-10T08:31:12Z,2026-05-10T08:45:30Z,excluded,not screened in,"P3 1 commits on the default branch, below 40"
miaaaalu/dbt_bigquery,miaaaalu__dbt_bigquery,https://github.com/miaaaalu/dbt_bigquery,S3_code,0,,39,,,2024-11-12T22:08:22Z,2024-11-20T01:57:29Z,excluded,not screened in,"P3 39 commits on the default branch, below 40"
miaadnbz/saas-growth-retention-analytics,miaadnbz__saas-growth-retention-analytics,https://github.com/miaadnbz/saas-growth-retention-analytics,S2_topic_dbt,1,MIT,25,,,2026-06-22T21:28:50Z,2026-07-07T05:09:14Z,excluded,not screened in,"P3 25 commits on the default branch, below 40"
mialq/ai-powered-payment-reminder-platform,mialq__ai-powered-payment-reminder-platform,https://github.com/mialq/ai-powered-payment-reminder-platform,S2_topic_analytics-engineering,1,,25,,,2026-06-06T01:47:53Z,2026-06-25T16:21:22Z,excluded,not screened in,"P3 25 commits on the default branch, below 40"
michaelconan/budget-dbt,michaelconan__budget-dbt,https://github.com/michaelconan/budget-dbt,S3_code,0,,75,7,1,2025-05-09T23:27:49Z,2026-08-04T15:44:59Z,passed,"extracted, excluded","only 8 monthly snapshots, below the 12 minimum"
michaelconan/personal-reporting-pipelines,michaelconan__personal-reporting-pipelines,https://github.com/michaelconan/personal-reporting-pipelines,S2_topic_dbt,1,,257,18,1,2024-12-22T15:31:37Z,2026-08-04T11:41:56Z,passed,in corpus,
michaelf108/ecommerce-analytics-dbt,michaelf108__ecommerce-analytics-dbt,https://github.com/michaelf108/ecommerce-analytics-dbt,S2_topic_analytics-engineering;S2_topic_dbt,1,MIT,15,,,2026-06-27T23:36:38Z,2026-07-18T20:43:51Z,excluded,not screened in,"P3 15 commits on the default branch, below 40"
michaelf108/online-retail-clv,michaelf108__online-retail-clv,https://github.com/michaelf108/online-retail-clv,S2_topic_dbt,1,MIT,8,,,2026-07-02T23:35:05Z,2026-07-03T02:00:48Z,excluded,not screened in,"P3 8 commits on the default branch, below 40"
michaelslewis/structifact,michaelslewis__structifact,https://github.com/michaelslewis/structifact,S2_topic_analytics-engineering;S2_topic_dbt,1,MIT,41,0,0,2026-07-04T04:16:48Z,2026-08-03T05:35:41Z,excluded,not screened in,"P4 1.0 months between creation and last push, below 12"
michal-owsiak/bitcoin-investing-tool,michal-owsiak__bitcoin-investing-tool,https://github.com/michal-owsiak/bitcoin-investing-tool,S2_topic_dbt,1,,151,13,1,2026-03-14T20:26:12Z,2026-08-01T23:29:26Z,excluded,not screened in,"P4 4.6 months between creation and last push, below 12"
michelle0927/project3,michelle0927__project3,https://github.com/michelle0927/project3,S3_code,3,,24,,,2015-08-09T05:15:57Z,2025-12-10T18:50:00Z,excluded,not screened in,"P3 24 commits on the default branch, below 40"
michellepellon/nfl-data-stack,michellepellon__nfl-data-stack,https://github.com/michellepellon/nfl-data-stack,S2_topic_dbt,1,,43,47,1,2025-11-09T06:33:33Z,2025-12-18T03:43:03Z,excluded,not screened in,"P4 1.2 months between creation and last push, below 12"
microsoft/dbt-fabric,microsoft__dbt-fabric,https://github.com/microsoft/dbt-fabric,S3_code,143,MIT,1214,0,1,2023-02-23T06:06:51Z,2026-08-04T15:52:44Z,passed,"extracted, excluded","only 1 monthly snapshots, below the 12 minimum"
microsoft/dbt-fabricspark,microsoft__dbt-fabricspark,https://github.com/microsoft/dbt-fabricspark,S2_topic_dbt;S3_code,64,MIT,359,9,3,2024-02-28T22:49:23Z,2026-08-02T20:09:46Z,passed,"extracted, excluded","only 3 monthly snapshots, below the 12 minimum"
microsoft/dbt-scope,microsoft__dbt-scope,https://github.com/microsoft/dbt-scope,S3_code,3,MIT,111,4,2,2026-04-03T12:53:58Z,2026-08-04T23:55:55Z,excluded,not screened in,"P4 4.0 months between creation and last push, below 12"
microsoft/dbt-synapse,microsoft__dbt-synapse,https://github.com/microsoft/dbt-synapse,S3_code,77,MIT,855,0,1,2020-05-26T23:22:37Z,2026-06-04T01:10:01Z,passed,"extracted, excluded",no commits touch any declared model path
midomsft/dbt-tutorial,midomsft__dbt-tutorial,https://github.com/midomsft/dbt-tutorial,S3_code,0,,7,,,2021-04-10T11:09:52Z,2021-04-10T21:07:16Z,excluded,not screened in,"P3 7 commits on the default branch, below 40"
miguelrezende7/prazos_project,miguelrezende7__prazos_project,https://github.com/miguelrezende7/prazos_project,S3_code,0,,6,,,2024-08-07T17:38:54Z,2024-09-01T21:58:47Z,excluded,not screened in,"P3 6 commits on the default branch, below 40"
miguermv/Civica_Software_Course,miguermv__Civica_Software_Course,https://github.com/miguermv/Civica_Software_Course,S3_code,0,,38,,,2024-11-27T13:35:51Z,2024-12-05T10:33:09Z,excluded,not screened in,"P3 38 commits on the default branch, below 40"
miguermv/curso_data_engineering,miguermv__curso_data_engineering,https://github.com/miguermv/curso_data_engineering,S3_code,0,,34,,,2024-11-12T16:11:42Z,2024-12-05T09:53:46Z,excluded,not screened in,"P3 34 commits on the default branch, below 40"
mihir-rahate/TED_Agent_AI,mihir-rahate__TED_Agent_AI,https://github.com/mihir-rahate/TED_Agent_AI,S3_code,0,,32,,,2025-10-18T03:36:24Z,2026-01-14T17:38:25Z,excluded,not screened in,"P3 32 commits on the default branch, below 40"
mihir-robotics/datavault-modeling-dbt,mihir-robotics__datavault-modeling-dbt,https://github.com/mihir-robotics/datavault-modeling-dbt,S2_topic_dbt-core,1,,5,,,2025-09-28T06:07:05Z,2025-12-15T16:42:43Z,excluded,not screened in,"P3 5 commits on the default branch, below 40"
mihuyen/DataEngineerVDT,mihuyen__DataEngineerVDT,https://github.com/mihuyen/DataEngineerVDT,S3_code,0,,33,,,2026-06-16T16:06:47Z,2026-07-13T18:06:05Z,excluded,not screened in,"P3 33 commits on the default branch, below 40"
mikahJay/edi_parsing,mikahJay__edi_parsing,https://github.com/mikahJay/edi_parsing,S3_code,0,,15,,,2026-05-18T15:09:39Z,2026-05-20T03:42:40Z,excluded,not screened in,"P3 15 commits on the default branch, below 40"
mike-paper/pulse,mike-paper__pulse,https://github.com/mike-paper/pulse,S2_topic_dbt,166,MIT,1,,,2021-08-07T11:51:45Z,2021-08-24T12:44:46Z,excluded,not screened in,"P3 1 commits on the default branch, below 40"
mikecolemn/mpls-311-data,mikecolemn__mpls-311-data,https://github.com/mikecolemn/mpls-311-data,S2_topic_dbt,8,,66,12,2,2023-03-03T10:22:24Z,2023-10-08T13:30:12Z,excluded,not screened in,"P4 7.2 months between creation and last push, below 12"
mikiyasegaye/From-Raw-Telegram-Data-to-an-Analytical-API,mikiyasegaye__From-Raw-Telegram-Data-to-an-Analytical-API,https://github.com/mikiyasegaye/From-Raw-Telegram-Data-to-an-Analytical-API,S3_code,0,,15,,,2025-07-09T12:32:49Z,2025-07-15T18:04:40Z,excluded,not screened in,"P3 15 commits on the default branch, below 40"
mindsdb/dbt-mindsdb,mindsdb__dbt-mindsdb,https://github.com/mindsdb/dbt-mindsdb,S2_topic_dbt;S3_code,19,,57,0,1,2022-03-02T13:46:37Z,2024-04-19T01:51:59Z,passed,"extracted, excluded",no commits touch any declared model path
minhaz74692/ecommerce-lakehouse-pipeline,minhaz74692__ecommerce-lakehouse-pipeline,https://github.com/minhaz74692/ecommerce-lakehouse-pipeline,S2_topic_dbt,1,,69,10,1,2026-06-23T16:24:35Z,2026-07-24T13:54:33Z,excluded,not screened in,"P4 1.0 months between creation and last push, below 12"
ministryofjustice/data-and-analytics-engineering,ministryofjustice__data-and-analytics-engineering,https://github.com/ministryofjustice/data-and-analytics-engineering,S2_topic_analytics-engineering,5,MIT,104,0,0,2023-09-05T15:50:11Z,2026-08-04T11:05:39Z,passed,"extracted, excluded",no dbt_project.yml found anywhere on the first-parent history
mintyfizz/telco-regulator-pipeline,mintyfizz__telco-regulator-pipeline,https://github.com/mintyfizz/telco-regulator-pipeline,S2_topic_dbt,1,MIT,32,,,2026-05-02T21:19:49Z,2026-05-09T15:14:02Z,excluded,not screened in,"P3 32 commits on the default branch, below 40"
minyeamer/linkmerce,minyeamer__linkmerce,https://github.com/minyeamer/linkmerce,S2_topic_dbt,3,GPL-3.0,564,122,2,2025-07-22T14:28:54Z,2026-08-05T00:06:08Z,passed,"extracted, excluded","only 2 monthly snapshots, below the 12 minimum"
mirza-ishtiyaq/databricks-medallion-architecture,mirza-ishtiyaq__databricks-medallion-architecture,https://github.com/mirza-ishtiyaq/databricks-medallion-architecture,S2_topic_analytics-engineering,1,MIT,28,,,2026-06-24T19:36:22Z,2026-08-04T15:55:15Z,excluded,not screened in,"P3 28 commits on the default branch, below 40"
mitch-zink/dbt_anomaly_detection,mitch-zink__dbt_anomaly_detection,https://github.com/mitch-zink/dbt_anomaly_detection,S3_code,0,MIT,8,,,2025-11-21T19:57:51Z,2026-04-16T14:57:57Z,excluded,not screened in,"P3 8 commits on the default branch, below 40"
mitchquarfot/gbq_mitchq_dbt_transformations,mitchquarfot__gbq_mitchq_dbt_transformations,https://github.com/mitchquarfot/gbq_mitchq_dbt_transformations,S3_code,0,,7,,,2022-11-16T00:50:27Z,2023-01-25T16:40:55Z,excluded,not screened in,"P3 7 commits on the default branch, below 40"
mithilgala-cmd/crop-weather-pipeline,mithilgala-cmd__crop-weather-pipeline,https://github.com/mithilgala-cmd/crop-weather-pipeline,S2_topic_dbt,1,MIT,55,5,1,2026-05-19T10:11:30Z,2026-06-15T06:45:53Z,excluded,not screened in,"P4 0.9 months between creation and last push, below 12"
mitodl/ol-data-platform,mitodl__ol-data-platform,https://github.com/mitodl/ol-data-platform,S3_code,48,BSD-3-Clause,2892,662,1,2020-04-27T20:31:23Z,2026-08-04T21:24:39Z,passed,in corpus,
mizcausevic-dev/semantic-metrics-catalog,mizcausevic-dev__semantic-metrics-catalog,https://github.com/mizcausevic-dev/semantic-metrics-catalog,S2_topic_analytics-engineering,1,MIT,6,,,2026-05-15T02:46:16Z,2026-08-04T16:31:46Z,excluded,not screened in,"P3 6 commits on the default branch, below 40"
mjaber95/gz-dbt-repository,mjaber95__gz-dbt-repository,https://github.com/mjaber95/gz-dbt-repository,S3_code,0,,7,,,2024-11-06T15:24:07Z,2025-11-08T18:24:54Z,excluded,not screened in,"P3 7 commits on the default branch, below 40"
mjirv/atlas,mjirv__atlas,https://github.com/mjirv/atlas,S2_topic_dbt,28,MIT,30,,,2022-09-06T01:20:07Z,2022-10-27T00:55:43Z,excluded,not screened in,"P3 30 commits on the default branch, below 40"
mjirv/dbt-datamocktool,mjirv__dbt-datamocktool,https://github.com/mjirv/dbt-datamocktool,S3_code,167,Apache-2.0,146,0,1,2021-07-10T01:49:34Z,2023-07-17T20:25:52Z,passed,"extracted, excluded",no commits touch any declared model path
mjirv/dbt_product_analytics,mjirv__dbt_product_analytics,https://github.com/mjirv/dbt_product_analytics,S3_code,89,MIT,68,0,1,2022-06-25T15:16:58Z,2022-10-26T02:36:23Z,excluded,not screened in,"P4 4.0 months between creation and last push, below 12"
mjs1995/data-engineering-zoomcamp,mjs1995__data-engineering-zoomcamp,https://github.com/mjs1995/data-engineering-zoomcamp,S2_topic_dbt,1,,47,5,1,2023-03-02T14:31:01Z,2023-05-12T15:01:42Z,excluded,not screened in,"P4 2.3 months between creation and last push, below 12"
mjsqu/docker-dbt-postgres,mjsqu__docker-dbt-postgres,https://github.com/mjsqu/docker-dbt-postgres,S3_code,0,GPL-3.0,18,,,2024-10-12T22:23:49Z,2025-10-13T05:12:40Z,excluded,not screened in,"P3 18 commits on the default branch, below 40"
mkhamisi2007/ecommerce-analytics-pipeline,mkhamisi2007__ecommerce-analytics-pipeline,https://github.com/mkhamisi2007/ecommerce-analytics-pipeline,S2_topic_dbt,1,,14,,,2026-06-02T14:01:29Z,2026-06-02T15:57:51Z,excluded,not screened in,"P3 14 commits on the default branch, below 40"
mlengineer007/dbt_demo,mlengineer007__dbt_demo,https://github.com/mlengineer007/dbt_demo,S3_code,0,,3,,,2025-05-20T23:11:57Z,2025-05-20T23:46:50Z,excluded,not screened in,"P3 3 commits on the default branch, below 40"
mlnotes2718/dbt-practice,mlnotes2718__dbt-practice,https://github.com/mlnotes2718/dbt-practice,S3_code,3,,22,,,2025-03-08T04:48:40Z,2025-11-25T04:35:15Z,excluded,not screened in,"P3 22 commits on the default branch, below 40"
mmdt-data-engineering/myanmar-weather,mmdt-data-engineering__myanmar-weather,https://github.com/mmdt-data-engineering/myanmar-weather,S3_code,1,MIT,245,8,3,2025-05-03T06:22:17Z,2026-05-12T17:56:18Z,passed,"extracted, excluded","only 1 monthly snapshots, below the 12 minimum"
mnabil/finny_entity_resolution_pipeline,mnabil__finny_entity_resolution_pipeline,https://github.com/mnabil/finny_entity_resolution_pipeline,S3_code,0,,5,,,2025-11-10T01:05:48Z,2025-11-10T05:38:53Z,excluded,not screened in,"P3 5 commits on the default branch, below 40"
moasifk/dbt-cloud,moasifk__dbt-cloud,https://github.com/moasifk/dbt-cloud,S3_code,0,,8,,,2023-06-01T22:09:57Z,2023-06-07T21:10:52Z,excluded,not screened in,"P3 8 commits on the default branch, below 40"
modataconsulting/dbt_ga4_project,modataconsulting__dbt_ga4_project,https://github.com/modataconsulting/dbt_ga4_project,S2_topic_dbt;S3_code,20,,1,,,2022-08-06T23:10:44Z,2022-09-30T20:25:19Z,excluded,not screened in,"P3 1 commits on the default branch, below 40"
modernth3ory/bde-at3-dbt,modernth3ory__bde-at3-dbt,https://github.com/modernth3ory/bde-at3-dbt,S3_code,0,,3,,,2023-10-23T16:29:48Z,2023-10-31T15:57:16Z,excluded,not screened in,"P3 3 commits on the default branch, below 40"
moh1t-do/mht_retail_dbt,moh1t-do__mht_retail_dbt,https://github.com/moh1t-do/mht_retail_dbt,S3_code,0,,13,,,2025-10-29T19:16:47Z,2025-10-29T20:51:35Z,excluded,not screened in,"P3 13 commits on the default branch, below 40"
mohidmakhdoomi/DataPipe,mohidmakhdoomi__DataPipe,https://github.com/mohidmakhdoomi/DataPipe,S2_topic_dbt,2,MIT,368,0,0,2025-07-17T03:44:57Z,2026-07-18T20:43:47Z,passed,"extracted, excluded",every sampled commit yielded zero models
mohilamin/semantic-metrics-trust-layer,mohilamin__semantic-metrics-trust-layer,https://github.com/mohilamin/semantic-metrics-trust-layer,S2_topic_analytics-engineering,1,,7,,,2026-05-20T14:14:12Z,2026-06-03T15:43:45Z,excluded,not screened in,"P3 7 commits on the default branch, below 40"
mohsalih/simple1,mohsalih__simple1,https://github.com/mohsalih/simple1,S3_code,0,,23,,,2024-09-14T10:48:52Z,2024-10-11T18:14:05Z,excluded,not screened in,"P3 23 commits on the default branch, below 40"
mojafa/citi-bike,mojafa__citi-bike,https://github.com/mojafa/citi-bike,S3_code,2,,103,3,1,2023-04-09T19:34:22Z,2023-05-06T16:28:50Z,excluded,not screened in,"P4 0.9 months between creation and last push, below 12"
moneribr/airbyte,moneribr__airbyte,https://github.com/moneribr/airbyte,S3_code,0,NOASSERTION,12299,0,9,2023-09-06T13:25:11Z,2023-09-06T13:26:52Z,excluded,not screened in,"P4 0.0 months between creation and last push, below 12"
monospaceai/evaldata,monospaceai__evaldata,https://github.com/monospaceai/evaldata,S2_topic_analytics-engineering;S2_topic_dbt,2,Apache-2.0,48,43,4,2026-05-23T00:48:00Z,2026-07-22T10:31:59Z,excluded,not screened in,"P4 2.0 months between creation and last push, below 12"
montara-io/dbt-command-center,montara-io__dbt-command-center,https://github.com/montara-io/dbt-command-center,S2_topic_analytics-engineering;S2_topic_dbt,31,MIT,123,0,0,2024-05-13T05:27:44Z,2025-04-20T20:12:37Z,excluded,not screened in,"P4 11.2 months between creation and last push, below 12"
morikaglobal/snowflake-dbt,morikaglobal__snowflake-dbt,https://github.com/morikaglobal/snowflake-dbt,S2_topic_dbt,1,,1,,,2025-09-02T08:13:11Z,2025-09-02T08:19:58Z,excluded,not screened in,"P3 1 commits on the default branch, below 40"
morinousagi/elt-dbt-gx-londonbike,morinousagi__elt-dbt-gx-londonbike,https://github.com/morinousagi/elt-dbt-gx-londonbike,S2_topic_dbt,1,,9,,,2026-03-09T03:11:17Z,2026-04-05T05:16:32Z,excluded,not screened in,"P3 9 commits on the default branch, below 40"
moritzkoerber/local-data-stack,moritzkoerber__local-data-stack,https://github.com/moritzkoerber/local-data-stack,S2_topic_dbt;S3_code,14,,22,,,2025-04-27T13:52:29Z,2026-04-26T01:24:35Z,excluded,not screened in,"P3 22 commits on the default branch, below 40"
mosaleem2/lakehouse,mosaleem2__lakehouse,https://github.com/mosaleem2/lakehouse,S3_code,0,,1,,,2025-06-19T15:43:25Z,2025-06-19T15:50:15Z,excluded,not screened in,"P3 1 commits on the default branch, below 40"
mouldyjon/ra_data_warehouse,mouldyjon__ra_data_warehouse,https://github.com/mouldyjon/ra_data_warehouse,S3_code,0,,117,107,1,2020-05-08T02:45:53Z,2020-05-07T18:17:01Z,excluded,not screened in,"P4 -0.0 months between creation and last push, below 12"
move-coop/dbt-ngpvan,move-coop__dbt-ngpvan,https://github.com/move-coop/dbt-ngpvan,S3_code,4,NOASSERTION,71,41,1,2023-09-12T14:55:37Z,2026-06-05T17:01:46Z,passed,"extracted, excluded","only 4 monthly snapshots, below the 12 minimum"
mowen18/habit-focus-observatory,mowen18__habit-focus-observatory,https://github.com/mowen18/habit-focus-observatory,S3_code,0,,53,5,1,2026-05-20T11:29:55Z,2026-07-25T11:09:50Z,excluded,not screened in,"P4 2.1 months between creation and last push, below 12"
mowen18/running-analytics-pipeline,mowen18__running-analytics-pipeline,https://github.com/mowen18/running-analytics-pipeline,S3_code,0,,107,21,1,2026-07-04T16:41:32Z,2026-07-25T11:03:57Z,excluded,not screened in,"P4 0.7 months between creation and last push, below 12"
moyinajayi/DE-Project2,moyinajayi__DE-Project2,https://github.com/moyinajayi/DE-Project2,S3_code,1,,13,,,2026-04-05T01:26:19Z,2026-04-14T01:22:59Z,excluded,not screened in,"P3 13 commits on the default branch, below 40"
mozilla/dbt-fivetran-transformations,mozilla__dbt-fivetran-transformations,https://github.com/mozilla/dbt-fivetran-transformations,S3_code,6,MPL-2.0,4,,,2023-05-17T13:27:40Z,2025-08-28T12:28:18Z,excluded,not screened in,"P3 4 commits on the default branch, below 40"
mposada97/PersonalPerformancePipelines,mposada97__PersonalPerformancePipelines,https://github.com/mposada97/PersonalPerformancePipelines,S2_topic_dbt,1,,40,0,0,2024-09-16T00:16:51Z,2024-10-05T23:34:36Z,excluded,not screened in,"P4 0.6 months between creation and last push, below 12"
mpospirit-apps/TetherDust,mpospirit-apps__TetherDust,https://github.com/mpospirit-apps/TetherDust,S2_topic_analytics-engineering,6,AGPL-3.0,111,0,0,2026-06-12T09:13:49Z,2026-07-31T23:29:50Z,excluded,not screened in,"P4 1.6 months between creation and last push, below 12"
mr-lops/book_store_project,mr-lops__book_store_project,https://github.com/mr-lops/book_store_project,S3_code,0,,10,,,2024-09-01T22:44:55Z,2024-09-16T01:41:30Z,excluded,not screened in,"P3 10 commits on the default branch, below 40"
mridul-14/dbt_audit_multiple_tables_macro,mridul-14__dbt_audit_multiple_tables_macro,https://github.com/mridul-14/dbt_audit_multiple_tables_macro,S2_topic_dbt-core,1,,4,,,2025-01-20T07:41:14Z,2025-01-20T07:50:19Z,excluded,not screened in,"P3 4 commits on the default branch, below 40"
mrluke269/Amazon_product_analytics_pipeline,mrluke269__Amazon_product_analytics_pipeline,https://github.com/mrluke269/Amazon_product_analytics_pipeline,S2_topic_analytics-engineering;S2_topic_dbt,1,,12,,,2025-11-02T23:34:32Z,2025-12-12T03:59:20Z,excluded,not screened in,"P3 12 commits on the default branch, below 40"
mrluke269/Movie_database_data_modeling,mrluke269__Movie_database_data_modeling,https://github.com/mrluke269/Movie_database_data_modeling,S2_topic_dbt,1,,84,19,1,2025-10-01T20:00:08Z,2025-10-12T21:59:43Z,excluded,not screened in,"P4 0.4 months between creation and last push, below 12"
mrluke269/medtech-sentinel-pipeline,mrluke269__medtech-sentinel-pipeline,https://github.com/mrluke269/medtech-sentinel-pipeline,S2_topic_dbt-core;S3_code,1,,39,,,2025-11-29T22:44:09Z,2026-02-03T17:00:41Z,excluded,not screened in,"P3 39 commits on the default branch, below 40"
mrudula1501/cliniq,mrudula1501__cliniq,https://github.com/mrudula1501/cliniq,S2_topic_dbt,1,MIT,8,,,2026-06-16T03:43:46Z,2026-07-03T23:59:04Z,excluded,not screened in,"P3 8 commits on the default branch, below 40"
mrzzy/providence,mrzzy__providence,https://github.com/mrzzy/providence,S2_topic_dbt,12,MIT,881,28,1,2023-03-15T03:29:07Z,2026-01-08T05:30:33Z,passed,"extracted, excluded","only 5 monthly snapshots, below the 12 minimum"
mta-tech/seeknal,mta-tech__seeknal,https://github.com/mta-tech/seeknal,S2_topic_analytics-engineering,9,Apache-2.0,250,0,0,2024-11-05T10:46:51Z,2026-08-03T08:05:07Z,passed,"extracted, excluded",no dbt_project.yml found anywhere on the first-parent history
mtariqi/nih-clinical-trials-lakehouse-pipeline,mtariqi__nih-clinical-trials-lakehouse-pipeline,https://github.com/mtariqi/nih-clinical-trials-lakehouse-pipeline,S2_topic_dbt,1,MIT,7,,,2026-06-22T20:30:13Z,2026-07-02T16:38:30Z,excluded,not screened in,"P3 7 commits on the default branch, below 40"
muchai322/brazil_analytics_project,muchai322__brazil_analytics_project,https://github.com/muchai322/brazil_analytics_project,S3_code,4,,10,,,2026-07-08T07:11:19Z,2026-07-21T13:14:52Z,excluded,not screened in,"P3 10 commits on the default branch, below 40"
mufazzalshokh/etl-data-pipeline,mufazzalshokh__etl-data-pipeline,https://github.com/mufazzalshokh/etl-data-pipeline,S2_topic_dbt,1,,4,,,2026-03-08T00:31:44Z,2026-05-19T08:17:47Z,excluded,not screened in,"P3 4 commits on the default branch, below 40"
muhammadhrazzaq/dbt-clickhouse-superset,muhammadhrazzaq__dbt-clickhouse-superset,https://github.com/muhammadhrazzaq/dbt-clickhouse-superset,S2_topic_dbt;S2_topic_dbt-core,1,,1,,,2026-01-17T08:33:31Z,2026-01-18T22:00:31Z,excluded,not screened in,"P3 1 commits on the default branch, below 40"
mukulgoyal712/snowflake_dbt_airflow_project,mukulgoyal712__snowflake_dbt_airflow_project,https://github.com/mukulgoyal712/snowflake_dbt_airflow_project,S3_code,0,,13,,,2024-11-30T22:15:15Z,2025-06-23T04:19:49Z,excluded,not screened in,"P3 13 commits on the default branch, below 40"
munna710/dbt-bigQuery,munna710__dbt-bigQuery,https://github.com/munna710/dbt-bigQuery,S3_code,1,,14,,,2024-05-08T10:53:07Z,2024-05-08T11:12:39Z,excluded,not screened in,"P3 14 commits on the default branch, below 40"
muruasimon/DBT_SNOWFLAKE_REAL_SCENARIO,muruasimon__DBT_SNOWFLAKE_REAL_SCENARIO,https://github.com/muruasimon/DBT_SNOWFLAKE_REAL_SCENARIO,S3_code,0,,60,5,1,2024-06-03T22:52:42Z,2024-06-10T01:04:15Z,excluded,not screened in,"P4 0.2 months between creation and last push, below 12"
mushroomsandchai/eia,mushroomsandchai__eia,https://github.com/mushroomsandchai/eia,S2_topic_dbt,12,,68,14,1,2026-03-30T12:47:39Z,2026-04-08T10:47:35Z,excluded,not screened in,"P4 0.3 months between creation and last push, below 12"
mustafa0taru/postgres-dbt-airbyte-looker,mustafa0taru__postgres-dbt-airbyte-looker,https://github.com/mustafa0taru/postgres-dbt-airbyte-looker,S2_topic_dbt;S3_code,9,,18,,,2024-04-23T21:36:35Z,2026-04-04T12:48:13Z,excluded,not screened in,"P3 18 commits on the default branch, below 40"
mutasim77/dbt-analytics,mutasim77__dbt-analytics,https://github.com/mutasim77/dbt-analytics,S2_topic_dbt,4,,30,,,2024-03-27T12:43:24Z,2024-04-05T04:05:08Z,excluded,not screened in,"P3 30 commits on the default branch, below 40"
mwandikikepha/crypto_analytics_dbt,mwandikikepha__crypto_analytics_dbt,https://github.com/mwandikikepha/crypto_analytics_dbt,S3_code,1,,4,,,2026-03-17T11:08:51Z,2026-03-18T10:08:36Z,excluded,not screened in,"P3 4 commits on the default branch, below 40"
mwojtyczka/databricks-dbt-factory,mwojtyczka__databricks-dbt-factory,https://github.com/mwojtyczka/databricks-dbt-factory,S2_topic_dbt;S2_topic_dbt-core,32,MIT,134,0,0,2024-12-05T12:11:28Z,2026-08-04T21:41:20Z,passed,"extracted, excluded",no dbt_project.yml found anywhere on the first-parent history
mxrazzz/gz-dbt-repository,mxrazzz__gz-dbt-repository,https://github.com/mxrazzz/gz-dbt-repository,S3_code,0,,10,,,2024-12-10T13:39:40Z,2024-12-12T15:48:30Z,excluded,not screened in,"P3 10 commits on the default branch, below 40"
mysurakuchuru/nyc-taxi-analytics-platform,mysurakuchuru__nyc-taxi-analytics-platform,https://github.com/mysurakuchuru/nyc-taxi-analytics-platform,S2_topic_analytics-engineering;S2_topic_dbt,1,,16,,,2026-06-10T20:12:28Z,2026-07-01T18:50:48Z,excluded,not screened in,"P3 16 commits on the default branch, below 40"
nadirtaleb/ETL-Weather-Data-Warehouse,nadirtaleb__ETL-Weather-Data-Warehouse,https://github.com/nadirtaleb/ETL-Weather-Data-Warehouse,S3_code,0,MIT,4,,,2025-06-08T08:27:18Z,2025-06-08T08:44:07Z,excluded,not screened in,"P3 4 commits on the default branch, below 40"
nairsunjay/dbt_sunjay,nairsunjay__dbt_sunjay,https://github.com/nairsunjay/dbt_sunjay,S3_code,0,,9,,,2024-08-15T09:19:55Z,2024-08-23T07:38:37Z,excluded,not screened in,"P3 9 commits on the default branch, below 40"
nakashimn/dbt-snowflake-project,nakashimn__dbt-snowflake-project,https://github.com/nakashimn/dbt-snowflake-project,S3_code,0,,22,,,2024-02-08T15:19:55Z,2026-03-20T11:27:22Z,excluded,not screened in,"P3 22 commits on the default branch, below 40"
namansinghal111/Airbnb_snowflake_bdt,namansinghal111__Airbnb_snowflake_bdt,https://github.com/namansinghal111/Airbnb_snowflake_bdt,S2_topic_dbt-core,1,,4,,,2026-03-28T02:49:25Z,2026-03-28T16:04:52Z,excluded,not screened in,"P3 4 commits on the default branch, below 40"
namdnguyen/dbt-tutorial,namdnguyen__dbt-tutorial,https://github.com/namdnguyen/dbt-tutorial,S2_topic_dbt,2,,19,,,2020-03-24T02:15:21Z,2020-04-25T16:02:59Z,excluded,not screened in,"P3 19 commits on the default branch, below 40"
namikimlab/real-time-transaction-pipeline,namikimlab__real-time-transaction-pipeline,https://github.com/namikimlab/real-time-transaction-pipeline,S3_code,0,,16,,,2025-06-04T07:17:03Z,2025-09-28T05:50:03Z,excluded,not screened in,"P3 16 commits on the default branch, below 40"
nardos-tsige/medical-telegram-warehouse,nardos-tsige__medical-telegram-warehouse,https://github.com/nardos-tsige/medical-telegram-warehouse,S2_topic_dbt,7,MIT,28,,,2026-06-26T04:34:45Z,2026-06-29T19:21:56Z,excluded,not screened in,"P3 28 commits on the default branch, below 40"
narratorai/dbt-activity-schema,narratorai__dbt-activity-schema,https://github.com/narratorai/dbt-activity-schema,S3_code,17,Apache-2.0,3,,,2022-12-13T17:06:22Z,2023-11-07T14:38:01Z,excluded,not screened in,"P3 3 commits on the default branch, below 40"
narratorai/dbt-segment-activity-schema,narratorai__dbt-segment-activity-schema,https://github.com/narratorai/dbt-segment-activity-schema,S3_code,0,Apache-2.0,4,,,2022-12-13T17:14:46Z,2023-01-07T00:25:03Z,excluded,not screened in,"P3 4 commits on the default branch, below 40"
nasr1231/Retail-End-to-End-Data-Platform,nasr1231__Retail-End-to-End-Data-Platform,https://github.com/nasr1231/Retail-End-to-End-Data-Platform,S3_code,1,MIT,62,12,1,2025-11-17T12:41:14Z,2025-12-10T13:00:38Z,excluded,not screened in,"P4 0.8 months between creation and last push, below 12"
nathadriele/data-engineering-zoomcamp,nathadriele__data-engineering-zoomcamp,https://github.com/nathadriele/data-engineering-zoomcamp,S2_topic_dbt,6,,129,12,2,2025-01-23T23:46:29Z,2025-04-01T00:12:28Z,excluded,not screened in,"P4 2.2 months between creation and last push, below 12"
nathadriele/spotify-data-pipeline,nathadriele__spotify-data-pipeline,https://github.com/nathadriele/spotify-data-pipeline,S2_topic_dbt,2,MIT,27,,,2025-04-04T18:49:59Z,2026-05-28T22:28:14Z,excluded,not screened in,"P3 27 commits on the default branch, below 40"
nathadriele/youtube-2025-data-pipeline,nathadriele__youtube-2025-data-pipeline,https://github.com/nathadriele/youtube-2025-data-pipeline,S2_topic_dbt,1,MIT,29,,,2025-04-08T20:42:32Z,2026-04-19T17:37:50Z,excluded,not screened in,"P3 29 commits on the default branch, below 40"
nathangalung/II4092-DOpsMOps-18222130,nathangalung__II4092-DOpsMOps-18222130,https://github.com/nathangalung/II4092-DOpsMOps-18222130,S3_code,0,MIT,114,11,1,2026-05-20T02:31:27Z,2026-07-19T16:30:54Z,excluded,not screened in,"P4 2.0 months between creation and last push, below 12"
nathanthorell/snowfall-analytics,nathanthorell__snowfall-analytics,https://github.com/nathanthorell/snowfall-analytics,S2_topic_dbt,3,GPL-3.0,7,,,2025-02-10T18:47:19Z,2025-06-19T15:33:27Z,excluded,not screened in,"P3 7 commits on the default branch, below 40"
nathyBekele/custom-data-warehouse,nathyBekele__custom-data-warehouse,https://github.com/nathyBekele/custom-data-warehouse,S2_topic_dbt,2,,24,,,2023-12-20T06:56:15Z,2023-12-28T13:22:59Z,excluded,not screened in,"P3 24 commits on the default branch, below 40"
naveed-data/healthcare-claims-data-pipeline,naveed-data__healthcare-claims-data-pipeline,https://github.com/naveed-data/healthcare-claims-data-pipeline,S2_topic_dbt,1,MIT,25,,,2026-06-30T20:05:07Z,2026-07-01T16:42:00Z,excluded,not screened in,"P3 25 commits on the default branch, below 40"
navikt/dbt-dvh-macros,navikt__dbt-dvh-macros,https://github.com/navikt/dbt-dvh-macros,S3_code,1,MIT,55,4,2,2026-03-10T09:47:35Z,2026-07-28T11:15:24Z,excluded,not screened in,"P4 4.6 months between creation and last push, below 12"
nazimsanusi-dev/stock-analysis-v1,nazimsanusi-dev__stock-analysis-v1,https://github.com/nazimsanusi-dev/stock-analysis-v1,S3_code,0,,25,,,2026-07-24T07:26:38Z,2026-07-28T06:17:52Z,excluded,not screened in,"P3 25 commits on the default branch, below 40"
nbajpai-code/dbdops,nbajpai-code__dbdops,https://github.com/nbajpai-code/dbdops,S3_code,1,MIT,1,,,2026-06-20T17:06:02Z,2026-06-20T23:47:34Z,excluded,not screened in,"P3 1 commits on the default branch, below 40"
nburkett/ShowPulse_Ticketmaster,nburkett__ShowPulse_Ticketmaster,https://github.com/nburkett/ShowPulse_Ticketmaster,S3_code,12,,20,,,2023-06-24T15:29:12Z,2023-07-06T09:04:32Z,excluded,not screened in,"P3 20 commits on the default branch, below 40"
nclaeys/tpcds-dbt-benchmarks,nclaeys__tpcds-dbt-benchmarks,https://github.com/nclaeys/tpcds-dbt-benchmarks,S3_code,9,,1,,,2023-09-07T17:19:28Z,2023-09-08T06:20:26Z,excluded,not screened in,"P3 1 commits on the default branch, below 40"
nebasam/Migration-to-postgres-and-superset,nebasam__Migration-to-postgres-and-superset,https://github.com/nebasam/Migration-to-postgres-and-superset,S2_topic_dbt,1,MIT,24,,,2021-09-28T19:38:46Z,2021-10-05T20:21:37Z,excluded,not screened in,"P3 24 commits on the default branch, below 40"
nelsonic1/duckdb-dbt,nelsonic1__duckdb-dbt,https://github.com/nelsonic1/duckdb-dbt,S3_code,2,,63,25,1,2023-07-19T15:01:52Z,2023-09-29T09:50:45Z,excluded,not screened in,"P4 2.3 months between creation and last push, below 12"
nelsonljs/gic_assignment_de,nelsonljs__gic_assignment_de,https://github.com/nelsonljs/gic_assignment_de,S3_code,0,,25,,,2024-09-12T15:10:51Z,2024-09-14T02:17:20Z,excluded,not screened in,"P3 25 commits on the default branch, below 40"
netbek/dbt_peerdb,netbek__dbt_peerdb,https://github.com/netbek/dbt_peerdb,S3_code,0,Apache-2.0,9,,,2024-10-22T05:37:49Z,2026-05-22T19:31:46Z,excluded,not screened in,"P3 9 commits on the default branch, below 40"
netspective-labs/sql-aide,netspective-labs__sql-aide,https://github.com/netspective-labs/sql-aide,S2_topic_dbt,24,MIT,937,0,0,2023-03-07T16:08:27Z,2026-04-21T09:25:07Z,passed,"extracted, excluded",no dbt_project.yml found anywhere on the first-parent history
nezarat/dbt-incremental,nezarat__dbt-incremental,https://github.com/nezarat/dbt-incremental,S3_code,0,,3,,,2025-11-05T20:41:13Z,2025-11-05T22:02:04Z,excluded,not screened in,"P3 3 commits on the default branch, below 40"
ng-hiep/airflow-dbt-gcp-datapipeline,ng-hiep__airflow-dbt-gcp-datapipeline,https://github.com/ng-hiep/airflow-dbt-gcp-datapipeline,S2_topic_dbt,4,,16,,,2023-12-23T17:06:08Z,2024-04-01T13:10:02Z,excluded,not screened in,"P3 16 commits on the default branch, below 40"
ng-hiep/snowflake-data-pipeline,ng-hiep__snowflake-data-pipeline,https://github.com/ng-hiep/snowflake-data-pipeline,S2_topic_dbt,1,,11,,,2024-01-14T10:20:24Z,2024-01-16T08:02:44Z,excluded,not screened in,"P3 11 commits on the default branch, below 40"
nghoaibao03/dbt-dwh-models,nghoaibao03__dbt-dwh-models,https://github.com/nghoaibao03/dbt-dwh-models,S2_topic_dbt,2,,3,,,2025-05-10T08:07:32Z,2025-05-13T09:48:17Z,excluded,not screened in,"P3 3 commits on the default branch, below 40"
ngmiduc/py-dbt-cll,ngmiduc__py-dbt-cll,https://github.com/ngmiduc/py-dbt-cll,S2_topic_dbt,1,,14,,,2025-08-01T09:18:28Z,2025-08-21T08:06:16Z,excluded,not screened in,"P3 14 commits on the default branch, below 40"
ngochien2000ht/ecommerce-dbt,ngochien2000ht__ecommerce-dbt,https://github.com/ngochien2000ht/ecommerce-dbt,S3_code,0,,3,,,2025-12-04T11:58:26Z,2025-12-04T12:08:53Z,excluded,not screened in,"P3 3 commits on the default branch, below 40"
ngolombiewski/openalex-pipeline,ngolombiewski__openalex-pipeline,https://github.com/ngolombiewski/openalex-pipeline,S3_code,0,,184,6,1,2026-04-14T09:53:11Z,2026-07-31T15:42:39Z,excluded,not screened in,"P4 3.5 months between creation and last push, below 12"
nguyenthanh222/Agricultural-Price-Monitor,nguyenthanh222__Agricultural-Price-Monitor,https://github.com/nguyenthanh222/Agricultural-Price-Monitor,S2_topic_dbt,2,,8,,,2026-04-23T12:03:11Z,2026-04-23T14:10:11Z,excluded,not screened in,"P3 8 commits on the default branch, below 40"
nialloriordan/dbt_blogs,nialloriordan__dbt_blogs,https://github.com/nialloriordan/dbt_blogs,S2_topic_dbt,1,,8,,,2021-12-27T22:36:20Z,2022-01-21T15:41:11Z,excluded,not screened in,"P3 8 commits on the default branch, below 40"
niccoloalexander/data_platform,niccoloalexander__data_platform,https://github.com/niccoloalexander/data_platform,S2_topic_dbt,1,,37,,,2024-04-02T03:32:34Z,2024-11-01T13:48:29Z,excluded,not screened in,"P3 37 commits on the default branch, below 40"
nicholasanayaputra/Data-Engineering-Zoomcamp-2025,nicholasanayaputra__Data-Engineering-Zoomcamp-2025,https://github.com/nicholasanayaputra/Data-Engineering-Zoomcamp-2025,S3_code,0,,38,,,2025-04-03T05:26:51Z,2025-05-02T07:44:24Z,excluded,not screened in,"P3 38 commits on the default branch, below 40"
nicholasyager/dbt-loom,nicholasyager__dbt-loom,https://github.com/nicholasyager/dbt-loom,S2_topic_dbt;S2_topic_dbt-core,218,Unlicense,339,12,2,2023-07-14T20:39:14Z,2026-06-25T17:25:03Z,passed,"extracted, excluded","only 7 monthly snapshots, below the 12 minimum"
nicholasyager/overgrown-to-thriving,nicholasyager__overgrown-to-thriving,https://github.com/nicholasyager/overgrown-to-thriving,S2_topic_dbt,6,,39,,,2023-04-12T01:08:55Z,2023-09-04T15:35:32Z,excluded,not screened in,"P3 39 commits on the default branch, below 40"
nickjoseph210/learning_dbt,nickjoseph210__learning_dbt,https://github.com/nickjoseph210/learning_dbt,S2_topic_dbt,1,,5,,,2021-02-25T18:29:34Z,2021-03-20T20:44:40Z,excluded,not screened in,"P3 5 commits on the default branch, below 40"
nicodemus-opon/lunapad,nicodemus-opon__lunapad,https://github.com/nicodemus-opon/lunapad,S2_topic_dbt,6,NOASSERTION,103,0,0,2026-06-09T10:01:36Z,2026-07-27T17:43:45Z,excluded,not screened in,"P4 1.6 months between creation and last push, below 12"
nicolaaswanepoel-hue/igaming-demo,nicolaaswanepoel-hue__igaming-demo,https://github.com/nicolaaswanepoel-hue/igaming-demo,S3_code,0,NOASSERTION,25,,,2025-08-26T17:11:21Z,2025-08-27T12:20:42Z,excluded,not screened in,"P3 25 commits on the default branch, below 40"
nicor88/dbt-boilerplate,nicor88__dbt-boilerplate,https://github.com/nicor88/dbt-boilerplate,S2_topic_dbt;S3_code,2,MIT,12,,,2019-01-24T13:12:50Z,2019-09-05T13:34:11Z,excluded,not screened in,"P3 12 commits on the default branch, below 40"
nicor88/dbt-serverless,nicor88__dbt-serverless,https://github.com/nicor88/dbt-serverless,S2_topic_dbt;S3_code,42,MIT,38,,,2019-08-28T10:07:14Z,2020-01-20T17:52:52Z,excluded,not screened in,"P3 38 commits on the default branch, below 40"
nicosuave/sqlctx,nicosuave__sqlctx,https://github.com/nicosuave/sqlctx,S2_topic_analytics-engineering,7,GPL-3.0,10,,,2024-12-24T18:51:09Z,2024-12-26T22:43:52Z,excluded,not screened in,"P3 10 commits on the default branch, below 40"
niko-pietrzak/dbt-workshop-repo,niko-pietrzak__dbt-workshop-repo,https://github.com/niko-pietrzak/dbt-workshop-repo,S3_code,0,,6,,,2025-06-17T09:16:44Z,2025-06-17T16:55:46Z,excluded,not screened in,"P3 6 commits on the default branch, below 40"
niloy37/apple-news-intelligence-platform,niloy37__apple-news-intelligence-platform,https://github.com/niloy37/apple-news-intelligence-platform,S3_code,0,GPL-3.0,3,,,2026-05-19T17:14:21Z,2026-05-19T17:32:41Z,excluded,not screened in,"P3 3 commits on the default branch, below 40"
nimrodfisher/data-context-layer-studio,nimrodfisher__data-context-layer-studio,https://github.com/nimrodfisher/data-context-layer-studio,S2_topic_analytics-engineering,1,MIT,14,,,2026-07-23T09:33:29Z,2026-07-25T10:20:09Z,excluded,not screened in,"P3 14 commits on the default branch, below 40"
nischaybikramthapa/dbt-athena-tpch,nischaybikramthapa__dbt-athena-tpch,https://github.com/nischaybikramthapa/dbt-athena-tpch,S2_topic_dbt;S2_topic_dbt-core,1,,6,,,2022-12-12T09:29:40Z,2022-12-24T23:02:50Z,excluded,not screened in,"P3 6 commits on the default branch, below 40"
nishthapant/dbt-project,nishthapant__dbt-project,https://github.com/nishthapant/dbt-project,S2_topic_dbt,1,,17,,,2025-06-21T07:38:51Z,2025-06-23T04:44:53Z,excluded,not screened in,"P3 17 commits on the default branch, below 40"
nithinvenkatesh-bit/job-market-intelligence,nithinvenkatesh-bit__job-market-intelligence,https://github.com/nithinvenkatesh-bit/job-market-intelligence,S2_topic_analytics-engineering;S2_topic_dbt,1,MIT,33,,,2026-07-24T09:37:48Z,2026-07-30T07:44:50Z,excluded,not screened in,"P3 33 commits on the default branch, below 40"
nits302/DVD_Rental_Pipeline,nits302__DVD_Rental_Pipeline,https://github.com/nits302/DVD_Rental_Pipeline,S2_topic_dbt,3,,21,,,2024-12-31T08:57:03Z,2025-03-17T15:15:33Z,excluded,not screened in,"P3 21 commits on the default branch, below 40"
nits302/Reddit_ETL_Pipilne,nits302__Reddit_ETL_Pipilne,https://github.com/nits302/Reddit_ETL_Pipilne,S2_topic_dbt,1,,16,,,2025-01-03T05:41:57Z,2025-01-12T13:23:43Z,excluded,not screened in,"P3 16 commits on the default branch, below 40"
niyotham/Data-engineer-end-to-end-project-airflow-dbt-soda-bigquery,niyotham__Data-engineer-end-to-end-project-airflow-dbt-soda-bigquery,https://github.com/niyotham/Data-engineer-end-to-end-project-airflow-dbt-soda-bigquery,S2_topic_dbt,1,,7,,,2023-10-17T12:02:34Z,2023-10-17T12:25:45Z,excluded,not screened in,"P3 7 commits on the default branch, below 40"
niyotham/Data-warehouse--Postgres-Dbt-Airflow,niyotham__Data-warehouse--Postgres-Dbt-Airflow,https://github.com/niyotham/Data-warehouse--Postgres-Dbt-Airflow,S2_topic_dbt,1,Apache-2.0,9,,,2022-09-18T21:23:59Z,2022-09-25T00:06:08Z,excluded,not screened in,"P3 9 commits on the default branch, below 40"
nj123-data/time_series_forecasting_pipeline,nj123-data__time_series_forecasting_pipeline,https://github.com/nj123-data/time_series_forecasting_pipeline,S3_code,0,,3,,,2026-05-19T16:27:22Z,2026-06-01T03:12:06Z,excluded,not screened in,"P3 3 commits on the default branch, below 40"
njain006/costly-oss,njain006__costly-oss,https://github.com/njain006/costly-oss,S2_topic_dbt,6,MIT,19,,,2026-03-14T15:40:40Z,2026-04-26T22:59:55Z,excluded,not screened in,"P3 19 commits on the default branch, below 40"
nlarki/Fantasy-League-Pipeline,nlarki__Fantasy-League-Pipeline,https://github.com/nlarki/Fantasy-League-Pipeline,S2_topic_dbt,11,MIT,115,3,1,2023-03-14T11:51:20Z,2023-04-13T07:50:09Z,excluded,not screened in,"P4 1.0 months between creation and last push, below 12"
nmmsousa/lisbon-bike-usage,nmmsousa__lisbon-bike-usage,https://github.com/nmmsousa/lisbon-bike-usage,S3_code,2,,24,,,2025-05-20T20:42:43Z,2025-05-26T14:21:17Z,excluded,not screened in,"P3 24 commits on the default branch, below 40"
noahlearner/data-pipeline,noahlearner__data-pipeline,https://github.com/noahlearner/data-pipeline,S3_code,24,,46,12,1,2020-03-24T12:33:12Z,2020-06-18T23:42:39Z,excluded,not screened in,"P4 2.8 months between creation and last push, below 12"
nodal-data/nodal-context,nodal-data__nodal-context,https://github.com/nodal-data/nodal-context,S2_topic_analytics-engineering,5,Apache-2.0,106,0,0,2026-06-12T21:13:30Z,2026-08-04T13:27:21Z,excluded,not screened in,"P4 1.7 months between creation and last push, below 12"
noelAngelo/dbt-demo,noelAngelo__dbt-demo,https://github.com/noelAngelo/dbt-demo,S3_code,0,,1,,,2023-09-24T09:00:37Z,2023-09-24T09:00:40Z,excluded,not screened in,"P3 1 commits on the default branch, below 40"
nordquant/complete-dbt-bootcamp-zero-to-hero,nordquant__complete-dbt-bootcamp-zero-to-hero,https://github.com/nordquant/complete-dbt-bootcamp-zero-to-hero,S2_topic_analytics-engineering;S2_topic_dbt,818,NOASSERTION,269,9,1,2022-02-24T17:12:51Z,2026-07-23T13:54:12Z,passed,"extracted, excluded","only 11 monthly snapshots, below the 12 minimum"
nordquant/dbtlearn,nordquant__dbtlearn,https://github.com/nordquant/dbtlearn,S3_code,0,,1,,,2024-04-04T09:12:26Z,2024-04-04T09:13:06Z,excluded,not screened in,"P3 1 commits on the default branch, below 40"
northgraindata/dbt-doctor,northgraindata__dbt-doctor,https://github.com/northgraindata/dbt-doctor,S2_topic_analytics-engineering;S2_topic_dbt;S2_topic_dbt-core,21,MIT,72,0,1,2026-05-19T07:53:22Z,2026-07-14T20:40:02Z,excluded,not screened in,"P4 1.8 months between creation and last push, below 12"
northgraindata/dbt-http,northgraindata__dbt-http,https://github.com/northgraindata/dbt-http,S2_topic_analytics-engineering;S2_topic_dbt,1,MIT,4,,,2026-07-09T10:38:13Z,2026-07-30T14:05:59Z,excluded,not screened in,"P3 4 commits on the default branch, below 40"
northgraindata/dbt-resend,northgraindata__dbt-resend,https://github.com/northgraindata/dbt-resend,S2_topic_analytics-engineering;S2_topic_dbt,2,MIT,5,,,2026-07-09T10:37:47Z,2026-07-30T13:14:56Z,excluded,not screened in,"P3 5 commits on the default branch, below 40"
norton120/dbt-azuredatawarehouse,norton120__dbt-azuredatawarehouse,https://github.com/norton120/dbt-azuredatawarehouse,S3_code,0,,6,,,2019-08-23T20:51:08Z,2024-05-28T21:20:15Z,excluded,not screened in,"P3 6 commits on the default branch, below 40"
norton120/kimball_dbt,norton120__kimball_dbt,https://github.com/norton120/kimball_dbt,S3_code,43,MIT,259,0,1,2018-06-15T19:59:47Z,2018-11-06T19:44:50Z,excluded,not screened in,"P4 4.7 months between creation and last push, below 12"
novakurosevic/de-eu-capitals-weather-data,novakurosevic__de-eu-capitals-weather-data,https://github.com/novakurosevic/de-eu-capitals-weather-data,S3_code,0,,5,,,2026-04-22T14:44:51Z,2026-06-20T17:41:12Z,excluded,not screened in,"P3 5 commits on the default branch, below 40"
npgb2505/nyc-taxi-lakehouse,npgb2505__nyc-taxi-lakehouse,https://github.com/npgb2505/nyc-taxi-lakehouse,S3_code,0,MIT,4,,,2026-07-08T10:10:49Z,2026-07-21T14:49:53Z,excluded,not screened in,"P3 4 commits on the default branch, below 40"
npogeant/modern-data-platform,npogeant__modern-data-platform,https://github.com/npogeant/modern-data-platform,S2_topic_analytics-engineering,1,,10,,,2026-05-31T16:11:04Z,2026-06-22T15:29:01Z,excluded,not screened in,"P3 10 commits on the default branch, below 40"
nprasad2077/dbt_sample,nprasad2077__dbt_sample,https://github.com/nprasad2077/dbt_sample,S2_topic_dbt;S2_topic_dbt-core,1,GPL-3.0,109,27,1,2026-05-21T03:20:49Z,2026-08-04T14:06:20Z,excluded,not screened in,"P4 2.5 months between creation and last push, below 12"
nrqrmz/dbt-lecture-1969,nrqrmz__dbt-lecture-1969,https://github.com/nrqrmz/dbt-lecture-1969,S3_code,0,,19,,,2025-05-06T13:34:43Z,2025-05-07T15:36:57Z,excluded,not screened in,"P3 19 commits on the default branch, below 40"
ntrdgs21/projetoRIO,ntrdgs21__projetoRIO,https://github.com/ntrdgs21/projetoRIO,S3_code,0,,2,,,2026-03-03T23:51:18Z,2026-03-06T18:02:58Z,excluded,not screened in,"P3 2 commits on the default branch, below 40"
numb86/dbt-pal,numb86__dbt-pal,https://github.com/numb86/dbt-pal,S3_code,0,Apache-2.0,42,2,2,2026-02-13T10:47:51Z,2026-07-18T06:50:20Z,excluded,not screened in,"P4 5.1 months between creation and last push, below 12"
nuralims/ETL_NY_Taxi_Pipeline,nuralims__ETL_NY_Taxi_Pipeline,https://github.com/nuralims/ETL_NY_Taxi_Pipeline,S3_code,0,,7,,,2025-11-21T15:22:49Z,2025-11-29T07:14:20Z,excluded,not screened in,"P3 7 commits on the default branch, below 40"
nurhanaliyev6/House_Project_DWH_BI,nurhanaliyev6__House_Project_DWH_BI,https://github.com/nurhanaliyev6/House_Project_DWH_BI,S2_topic_dbt,1,,15,,,2024-08-10T06:48:03Z,2024-08-15T19:11:19Z,excluded,not screened in,"P3 15 commits on the default branch, below 40"
nvorafivetran/dbt-test-demo,nvorafivetran__dbt-test-demo,https://github.com/nvorafivetran/dbt-test-demo,S3_code,0,,5,,,2022-08-17T18:00:24Z,2025-12-23T19:36:10Z,excluded,not screened in,"P3 5 commits on the default branch, below 40"
nwyrwas/PulseBoard,nwyrwas__PulseBoard,https://github.com/nwyrwas/PulseBoard,S2_topic_dbt,1,,12,,,2026-03-23T00:11:10Z,2026-04-07T21:37:12Z,excluded,not screened in,"P3 12 commits on the default branch, below 40"
nydasco/dbt_with_duckdb,nydasco__dbt_with_duckdb,https://github.com/nydasco/dbt_with_duckdb,S3_code,6,MIT,15,,,2024-06-09T02:16:09Z,2024-09-07T04:23:15Z,excluded,not screened in,"P3 15 commits on the default branch, below 40"
obar1/dbt-template,obar1__dbt-template,https://github.com/obar1/dbt-template,S2_topic_dbt,1,,15,,,2023-11-23T19:17:56Z,2024-05-01T21:33:47Z,excluded,not screened in,"P3 15 commits on the default branch, below 40"
obrienciaran/dbt-debt,obrienciaran__dbt-debt,https://github.com/obrienciaran/dbt-debt,S2_topic_analytics-engineering;S2_topic_dbt;S2_topic_dbt-core,4,Apache-2.0,76,0,0,2026-06-23T00:33:58Z,2026-07-21T18:14:15Z,excluded,not screened in,"P4 0.9 months between creation and last push, below 12"
obz2n/python_pipeline_aic,obz2n__python_pipeline_aic,https://github.com/obz2n/python_pipeline_aic,S3_code,0,,23,,,2026-03-03T23:41:37Z,2026-07-30T02:02:39Z,excluded,not screened in,"P3 23 commits on the default branch, below 40"
oc-RAM/powerbi-model-docs-framework,oc-RAM__powerbi-model-docs-framework,https://github.com/oc-RAM/powerbi-model-docs-framework,S2_topic_analytics-engineering,1,MIT,3,,,2026-03-08T13:00:32Z,2026-03-08T13:20:22Z,excluded,not screened in,"P3 3 commits on the default branch, below 40"
ocamposfaria/splitwise_dbt,ocamposfaria__splitwise_dbt,https://github.com/ocamposfaria/splitwise_dbt,S2_topic_dbt,1,,103,21,1,2023-07-09T19:35:25Z,2024-06-04T15:40:23Z,excluded,not screened in,"P4 10.8 months between creation and last push, below 12"
oceanbase/dbt-oceanbase,oceanbase__dbt-oceanbase,https://github.com/oceanbase/dbt-oceanbase,S2_topic_dbt,5,Apache-2.0,1,,,2024-05-29T04:01:33Z,2025-04-21T12:24:14Z,excluded,not screened in,"P3 1 commits on the default branch, below 40"
octavioelima/Global-X-Task,octavioelima__Global-X-Task,https://github.com/octavioelima/Global-X-Task,S3_code,0,,3,,,2024-06-10T20:50:46Z,2024-06-10T20:52:54Z,excluded,not screened in,"P3 3 commits on the default branch, below 40"
odikia/rabbit_in_a_dbt,odikia__rabbit_in_a_dbt,https://github.com/odikia/rabbit_in_a_dbt,S3_code,0,,20,,,2024-05-31T17:33:48Z,2024-06-26T12:17:49Z,excluded,not screened in,"P3 20 commits on the default branch, below 40"
odxscholars/dbt-learn,odxscholars__dbt-learn,https://github.com/odxscholars/dbt-learn,S3_code,0,,3,,,2024-07-03T13:08:33Z,2024-07-03T13:38:53Z,excluded,not screened in,"P3 3 commits on the default branch, below 40"
offbi/snowflake-to-slack,offbi__snowflake-to-slack,https://github.com/offbi/snowflake-to-slack,S2_topic_dbt,17,MIT,14,,,2021-04-07T13:59:12Z,2022-01-27T10:34:06Z,excluded,not screened in,"P3 14 commits on the default branch, below 40"
okaforoa/airbnb_data_pipeline,okaforoa__airbnb_data_pipeline,https://github.com/okaforoa/airbnb_data_pipeline,S3_code,0,MIT,8,,,2025-05-05T13:29:06Z,2025-05-08T13:59:47Z,excluded,not screened in,"P3 8 commits on the default branch, below 40"
olatkem2/World-GDP-Estimates,olatkem2__World-GDP-Estimates,https://github.com/olatkem2/World-GDP-Estimates,S3_code,0,,56,2,1,2022-11-15T20:45:28Z,2022-12-19T20:14:29Z,excluded,not screened in,"P4 1.1 months between creation and last push, below 12"
olehomelchenko/econ250_2025,olehomelchenko__econ250_2025,https://github.com/olehomelchenko/econ250_2025,S3_code,0,,2,,,2025-03-13T10:06:50Z,2025-03-13T10:38:07Z,excluded,not screened in,"P3 2 commits on the default branch, below 40"
oli2v/flight-radar-gcp,oli2v__flight-radar-gcp,https://github.com/oli2v/flight-radar-gcp,S2_topic_dbt,1,MIT,25,,,2024-03-11T09:51:58Z,2024-06-04T08:27:04Z,excluded,not screened in,"P3 25 commits on the default branch, below 40"
oliver-norton/aether_energy_analytics,oliver-norton__aether_energy_analytics,https://github.com/oliver-norton/aether_energy_analytics,S3_code,1,,117,6,1,2024-07-01T09:53:01Z,2026-06-29T17:26:43Z,passed,"extracted, excluded","only 1 monthly snapshots, below the 12 minimum"
oliverxchen/sqlean,oliverxchen__sqlean,https://github.com/oliverxchen/sqlean,S2_topic_dbt,10,MIT,103,0,0,2021-03-11T07:03:45Z,2022-08-21T02:06:13Z,passed,"extracted, excluded",no dbt_project.yml found anywhere on the first-parent history
olufisayoa/curriculum_dbt_snowflake,olufisayoa__curriculum_dbt_snowflake,https://github.com/olufisayoa/curriculum_dbt_snowflake,S3_code,0,,159,83,1,2026-03-16T16:22:41Z,2026-07-31T13:31:00Z,excluded,not screened in,"P4 4.5 months between creation and last push, below 12"
omarbinash/ecommerce-analytics-platform,omarbinash__ecommerce-analytics-platform,https://github.com/omarbinash/ecommerce-analytics-platform,S2_topic_analytics-engineering;S2_topic_dbt,1,,11,,,2026-01-22T21:34:41Z,2026-01-23T14:32:14Z,excluded,not screened in,"P3 11 commits on the default branch, below 40"
omarrifaie/AeroFlow,omarrifaie__AeroFlow,https://github.com/omarrifaie/AeroFlow,S2_topic_analytics-engineering;S2_topic_dbt,1,MIT,9,,,2026-07-03T23:41:24Z,2026-08-03T16:22:06Z,excluded,not screened in,"P3 9 commits on the default branch, below 40"
omegasanthoz-web/Retail-Demand-Forecasting-Inventory-Optimization,omegasanthoz-web__Retail-Demand-Forecasting-Inventory-Optimization,https://github.com/omegasanthoz-web/Retail-Demand-Forecasting-Inventory-Optimization,S3_code,0,,2,,,2026-07-28T08:17:31Z,2026-07-28T08:42:50Z,excluded,not screened in,"P3 2 commits on the default branch, below 40"
omnata-labs/dbt-ml-preprocessing,omnata-labs__dbt-ml-preprocessing,https://github.com/omnata-labs/dbt-ml-preprocessing,S2_topic_dbt;S3_code,185,MIT,53,0,1,2021-01-08T09:48:01Z,2023-07-03T21:38:18Z,passed,"extracted, excluded",no commits touch any declared model path
omnata-labs/dbt-omnata-push,omnata-labs__dbt-omnata-push,https://github.com/omnata-labs/dbt-omnata-push,S3_code,2,,17,,,2021-02-04T09:54:29Z,2023-01-19T04:18:57Z,excluded,not screened in,"P3 17 commits on the default branch, below 40"
omnata-labs/dbt-sql-draw-gallery,omnata-labs__dbt-sql-draw-gallery,https://github.com/omnata-labs/dbt-sql-draw-gallery,S3_code,6,,64,29,1,2021-04-10T02:26:54Z,2021-12-08T04:39:54Z,excluded,not screened in,"P4 8.0 months between creation and last push, below 12"
one-data-cookie/mds4all-elt,one-data-cookie__mds4all-elt,https://github.com/one-data-cookie/mds4all-elt,S2_topic_dbt,2,MIT,33,,,2021-12-27T23:26:19Z,2022-04-22T21:09:25Z,excluded,not screened in,"P3 33 commits on the default branch, below 40"
onesixsolutions/dbt_cortex_agent,onesixsolutions__dbt_cortex_agent,https://github.com/onesixsolutions/dbt_cortex_agent,S3_code,0,,65,0,1,2026-05-22T14:29:31Z,2026-07-27T16:22:52Z,excluded,not screened in,"P4 2.2 months between creation and last push, below 12"
ope-spec/Data2Bots,ope-spec__Data2Bots,https://github.com/ope-spec/Data2Bots,S3_code,0,,9,,,2023-07-15T22:50:52Z,2023-07-16T23:59:10Z,excluded,not screened in,"P3 9 commits on the default branch, below 40"
open-craft/dbt-completion-aggregator,open-craft__dbt-completion-aggregator,https://github.com/open-craft/dbt-completion-aggregator,S3_code,0,AGPL-3.0,3,,,2024-06-19T00:57:52Z,2024-07-02T14:21:05Z,excluded,not screened in,"P3 3 commits on the default branch, below 40"
open-metadata/openmetadata-site,open-metadata__openmetadata-site,https://github.com/open-metadata/openmetadata-site,S2_topic_dbt,17,,553,0,0,2021-08-16T02:37:04Z,2026-08-04T16:48:41Z,passed,"extracted, excluded",no dbt_project.yml found anywhere on the first-parent history
open-radiogenomics/knee-sarg,open-radiogenomics__knee-sarg,https://github.com/open-radiogenomics/knee-sarg,S3_code,1,MIT,356,0,1,2024-08-29T14:59:30Z,2024-09-19T23:20:23Z,excluded,not screened in,"P4 0.7 months between creation and last push, below 12"
open-radiogenomics/lung-sarg,open-radiogenomics__lung-sarg,https://github.com/open-radiogenomics/lung-sarg,S3_code,8,MIT,355,0,1,2024-08-19T11:49:49Z,2025-03-06T20:55:20Z,excluded,not screened in,"P4 6.5 months between creation and last push, below 12"
opendera/opendera,opendera__opendera,https://github.com/opendera/opendera,S3_code,0,NOASSERTION,8148,0,1,2025-07-14T21:34:18Z,2026-07-03T16:45:44Z,excluded,not screened in,"P4 11.6 months between creation and last push, below 12"
opensource-together/ost-linker,opensource-together__ost-linker,https://github.com/opensource-together/ost-linker,S3_code,20,AGPL-3.0,665,17,1,2025-06-05T19:32:21Z,2026-06-18T22:59:35Z,passed,"extracted, excluded","only 6 monthly snapshots, below the 12 minimum"
oracle/dbt-oracle,oracle__dbt-oracle,https://github.com/oracle/dbt-oracle,S2_topic_dbt;S3_code,66,Apache-2.0,403,24,2,2022-04-11T07:06:04Z,2026-08-04T21:37:21Z,passed,in corpus,
orchestr-data/Retail_project,orchestr-data__Retail_project,https://github.com/orchestr-data/Retail_project,S3_code,0,,11,,,2025-08-31T20:34:50Z,2025-10-04T20:07:09Z,excluded,not screened in,"P3 11 commits on the default branch, below 40"
oresttokovenko/RetailFlow,oresttokovenko__RetailFlow,https://github.com/oresttokovenko/RetailFlow,S2_topic_dbt,12,,51,1,1,2023-05-19T20:20:11Z,2023-07-13T16:47:53Z,excluded,not screened in,"P4 1.8 months between creation and last push, below 12"
org-not-included/dbt_example,org-not-included__dbt_example,https://github.com/org-not-included/dbt_example,S2_topic_dbt,1,GPL-3.0,6,,,2022-08-11T01:17:36Z,2022-09-11T23:12:11Z,excluded,not screened in,"P3 6 commits on the default branch, below 40"
org-not-included/dbt_table_diff,org-not-included__dbt_table_diff,https://github.com/org-not-included/dbt_table_diff,S2_topic_dbt,9,GPL-3.0,79,0,0,2022-08-10T18:16:18Z,2022-09-12T14:29:46Z,excluded,not screened in,"P4 1.1 months between creation and last push, below 12"
oscar-sinaga/data-storage-pacbook,oscar-sinaga__data-storage-pacbook,https://github.com/oscar-sinaga/data-storage-pacbook,S3_code,0,MIT,27,,,2024-10-27T09:56:37Z,2024-11-25T23:24:48Z,excluded,not screened in,"P3 27 commits on the default branch, below 40"
oseghalepatrick/IMDB-Pipeline,oseghalepatrick__IMDB-Pipeline,https://github.com/oseghalepatrick/IMDB-Pipeline,S2_topic_dbt,2,,7,,,2022-04-04T17:19:39Z,2023-12-14T18:16:06Z,excluded,not screened in,"P3 7 commits on the default branch, below 40"
oshaltaev-1995/satisfaction-prediction-ml,oshaltaev-1995__satisfaction-prediction-ml,https://github.com/oshaltaev-1995/satisfaction-prediction-ml,S3_code,0,,215,7,1,2025-06-11T08:50:47Z,2025-06-11T08:54:03Z,excluded,not screened in,"P4 0.0 months between creation and last push, below 12"
otavio0machado/ancora,otavio0machado__ancora,https://github.com/otavio0machado/ancora,S2_topic_dbt,1,,11,,,2026-03-23T21:21:47Z,2026-03-24T19:34:54Z,excluded,not screened in,"P3 11 commits on the default branch, below 40"
otavio0machado/ancora-mobile,otavio0machado__ancora-mobile,https://github.com/otavio0machado/ancora-mobile,S2_topic_dbt,1,,2,,,2026-03-26T19:31:22Z,2026-03-26T19:34:26Z,excluded,not screened in,"P3 2 commits on the default branch, below 40"
ouverz/governed-arr-semantic-layer,ouverz__governed-arr-semantic-layer,https://github.com/ouverz/governed-arr-semantic-layer,S2_topic_dbt-core,1,,29,,,2026-06-12T10:31:05Z,2026-07-09T17:52:16Z,excluded,not screened in,"P3 29 commits on the default branch, below 40"
overbasellc/overbase-analytics-via-firebase-dbt,overbasellc__overbase-analytics-via-firebase-dbt,https://github.com/overbasellc/overbase-analytics-via-firebase-dbt,S3_code,0,GPL-2.0,203,16,1,2023-10-05T07:56:03Z,2026-06-11T13:23:10Z,passed,"extracted, excluded","only 10 monthly snapshots, below the 12 minimum"
oxy-hq/airform,oxy-hq__airform,https://github.com/oxy-hq/airform,S3_code,3,,40,11142,11,2026-03-31T14:54:40Z,2026-07-06T16:17:29Z,excluded,not screened in,"P4 3.2 months between creation and last push, below 12"
oysterhr/dbt_hubspot_source,oysterhr__dbt_hubspot_source,https://github.com/oysterhr/dbt_hubspot_source,S3_code,0,Apache-2.0,12,,,2023-10-16T20:40:53Z,2023-11-17T15:18:20Z,excluded,not screened in,"P3 12 commits on the default branch, below 40"
oysterhr/dbt_hubspot_transform,oysterhr__dbt_hubspot_transform,https://github.com/oysterhr/dbt_hubspot_transform,S3_code,0,Apache-2.0,5,,,2023-10-16T22:26:06Z,2023-11-17T15:35:42Z,excluded,not screened in,"P3 5 commits on the default branch, below 40"
oysterhr/oyster_dbt_project_evaluator,oysterhr__oyster_dbt_project_evaluator,https://github.com/oysterhr/oyster_dbt_project_evaluator,S3_code,0,Apache-2.0,4,,,2023-10-18T19:50:09Z,2023-11-17T18:20:44Z,excluded,not screened in,"P3 4 commits on the default branch, below 40"
ozkary/data-engineering-mta-turnstile,ozkary__data-engineering-mta-turnstile,https://github.com/ozkary/data-engineering-mta-turnstile,S2_topic_dbt,34,Apache-2.0,127,10,1,2023-03-23T16:05:51Z,2026-07-30T12:59:10Z,passed,"extracted, excluded","only 7 monthly snapshots, below the 12 minimum"
ozkolok12/FAERS-pet-project,ozkolok12__FAERS-pet-project,https://github.com/ozkolok12/FAERS-pet-project,S3_code,1,,33,,,2025-07-29T11:41:00Z,2025-11-13T22:18:46Z,excluded,not screened in,"P3 33 commits on the default branch, below 40"
paddelia/jaffle_shop,paddelia__jaffle_shop,https://github.com/paddelia/jaffle_shop,S3_code,0,GPL-3.0,22,,,2022-10-24T23:42:35Z,2022-11-07T21:56:51Z,excluded,not screened in,"P3 22 commits on the default branch, below 40"
pageuppeople-opensource/pageup-dbt-utils,pageuppeople-opensource__pageup-dbt-utils,https://github.com/pageuppeople-opensource/pageup-dbt-utils,S2_topic_dbt;S3_code,7,MIT,68,0,1,2018-05-09T01:39:08Z,2021-07-23T07:40:36Z,passed,"extracted, excluded",every sampled commit yielded zero models
panasenco/dbt-devcontainer-demo-template,panasenco__dbt-devcontainer-demo-template,https://github.com/panasenco/dbt-devcontainer-demo-template,S2_topic_dbt,9,MIT,13,,,2022-10-31T23:35:39Z,2022-11-06T16:24:51Z,excluded,not screened in,"P3 13 commits on the default branch, below 40"
panditrahulsharma/dbt_databrick_demo,panditrahulsharma__dbt_databrick_demo,https://github.com/panditrahulsharma/dbt_databrick_demo,S2_topic_dbt,2,MIT,17,,,2025-12-09T07:08:28Z,2025-12-11T08:46:54Z,excluded,not screened in,"P3 17 commits on the default branch, below 40"
panoramichq/fdq-templates,panoramichq__fdq-templates,https://github.com/panoramichq/fdq-templates,S3_code,1,,58,0,0,2020-09-18T21:00:28Z,2021-01-13T22:38:22Z,excluded,not screened in,"P4 3.8 months between creation and last push, below 12"
papipapno11/olist-ecommerce-analytics-snowflake-dbt-powerbi,papipapno11__olist-ecommerce-analytics-snowflake-dbt-powerbi,https://github.com/papipapno11/olist-ecommerce-analytics-snowflake-dbt-powerbi,S2_topic_analytics-engineering;S2_topic_dbt,1,,13,,,2026-06-23T16:56:39Z,2026-07-11T22:47:03Z,excluded,not screened in,"P3 13 commits on the default branch, below 40"
papir805/dbt_cloud_repo,papir805__dbt_cloud_repo,https://github.com/papir805/dbt_cloud_repo,S3_code,0,,11,,,2022-02-14T00:23:45Z,2022-02-19T05:21:22Z,excluded,not screened in,"P3 11 commits on the default branch, below 40"
paradime-io/dbt-llm-evals,paradime-io__dbt-llm-evals,https://github.com/paradime-io/dbt-llm-evals,S2_topic_dbt;S2_topic_dbt-core;S3_code,30,NOASSERTION,10,,,2026-01-19T16:01:18Z,2026-02-10T21:32:55Z,excluded,not screened in,"P3 10 commits on the default branch, below 40"
paradime-sandbox/nfl_data_modeling_challenge,paradime-sandbox__nfl_data_modeling_challenge,https://github.com/paradime-sandbox/nfl_data_modeling_challenge,S3_code,10,,18,,,2024-12-11T22:08:13Z,2025-02-24T23:01:06Z,excluded,not screened in,"P3 18 commits on the default branch, below 40"
paradime-sandbox/paradime-dbt-movie-challenge,paradime-sandbox__paradime-dbt-movie-challenge,https://github.com/paradime-sandbox/paradime-dbt-movie-challenge,S3_code,15,,27,,,2024-04-11T18:43:29Z,2024-06-07T17:51:55Z,excluded,not screened in,"P3 27 commits on the default branch, below 40"
paradime-sandbox/paradime-dbt-nba-data-challenge,paradime-sandbox__paradime-dbt-nba-data-challenge,https://github.com/paradime-sandbox/paradime-dbt-nba-data-challenge,S3_code,19,,40,13,1,2024-01-31T20:44:18Z,2024-04-04T15:49:01Z,excluded,not screened in,"P4 2.1 months between creation and last push, below 12"
paradime-sandbox/social-media-data-modeling-challenge,paradime-sandbox__social-media-data-modeling-challenge,https://github.com/paradime-sandbox/social-media-data-modeling-challenge,S3_code,32,,35,,,2024-07-22T21:32:05Z,2024-10-04T00:12:53Z,excluded,not screened in,"P3 35 commits on the default branch, below 40"
paschmaria/altschool-dbt-project,paschmaria__altschool-dbt-project,https://github.com/paschmaria/altschool-dbt-project,S3_code,0,,24,,,2023-03-15T15:09:11Z,2023-08-02T10:14:35Z,excluded,not screened in,"P3 24 commits on the default branch, below 40"
pass-culture/data-gcp,pass-culture__data-gcp,https://github.com/pass-culture/data-gcp,S3_code,7,MPL-2.0,5628,432,1,2020-10-16T08:54:10Z,2026-08-04T15:40:20Z,passed,in corpus,
passat05/end-to-end-data-analysis-project-using-a-modern-data-stack,passat05__end-to-end-data-analysis-project-using-a-modern-data-stack,https://github.com/passat05/end-to-end-data-analysis-project-using-a-modern-data-stack,S3_code,0,,17,,,2023-11-21T16:21:48Z,2025-06-03T05:05:28Z,excluded,not screened in,"P3 17 commits on the default branch, below 40"
patbuczynski/dbt-ga-bq-replicate,patbuczynski__dbt-ga-bq-replicate,https://github.com/patbuczynski/dbt-ga-bq-replicate,S3_code,15,,1,,,2019-09-25T11:51:28Z,2019-09-25T11:54:06Z,excluded,not screened in,"P3 1 commits on the default branch, below 40"
patkearns10/dbt_workspace,patkearns10__dbt_workspace,https://github.com/patkearns10/dbt_workspace,S3_code,8,,820,579,8,2021-09-16T21:05:25Z,2026-06-25T04:59:59Z,passed,in corpus,
patricktrainer/dbt-no-select-star,patricktrainer__dbt-no-select-star,https://github.com/patricktrainer/dbt-no-select-star,S3_code,0,Apache-2.0,5,,,2022-11-04T15:49:02Z,2022-11-04T17:18:37Z,excluded,not screened in,"P3 5 commits on the default branch, below 40"
pattrick12/citypulse,pattrick12__citypulse,https://github.com/pattrick12/citypulse,S3_code,0,,3,,,2025-12-20T22:56:58Z,2025-12-22T13:19:44Z,excluded,not screened in,"P3 3 commits on the default branch, below 40"
paty-oliveira/dbt-playground,paty-oliveira__dbt-playground,https://github.com/paty-oliveira/dbt-playground,S2_topic_analytics-engineering;S2_topic_dbt,2,,129,43,4,2022-10-12T15:30:27Z,2024-12-02T11:00:23Z,passed,"extracted, excluded","only 5 monthly snapshots, below the 12 minimum"
paty-oliveira/snowflake-sephora-analytics,paty-oliveira__snowflake-sephora-analytics,https://github.com/paty-oliveira/snowflake-sephora-analytics,S2_topic_dbt;S3_code,1,,52,6,1,2025-05-14T17:43:07Z,2025-06-06T14:43:08Z,excluded,not screened in,"P4 0.7 months between creation and last push, below 12"
paulbylina/RetailAnalyticsPipeline,paulbylina__RetailAnalyticsPipeline,https://github.com/paulbylina/RetailAnalyticsPipeline,S2_topic_dbt,1,,50,2,1,2026-03-22T01:47:07Z,2026-04-12T04:17:19Z,excluded,not screened in,"P4 0.7 months between creation and last push, below 12"
paulf-999/dbt_code_generation_workflow,paulf-999__dbt_code_generation_workflow,https://github.com/paulf-999/dbt_code_generation_workflow,S2_topic_dbt;S3_code,1,,62,3,1,2022-11-03T19:05:10Z,2023-10-01T08:46:39Z,excluded,not screened in,"P4 10.9 months between creation and last push, below 12"
paulf-999/dbt_projects,paulf-999__dbt_projects,https://github.com/paulf-999/dbt_projects,S2_topic_dbt;S3_code,1,,152,53,16,2022-10-02T23:20:16Z,2024-02-08T18:32:02Z,passed,"extracted, excluded","only 3 monthly snapshots, below the 12 minimum"
paulomnasc/datalake-air-flow-delta,paulomnasc__datalake-air-flow-delta,https://github.com/paulomnasc/datalake-air-flow-delta,S2_topic_dbt,2,AGPL-3.0,737,11,1,2025-10-21T10:14:27Z,2026-08-05T00:33:45Z,excluded,not screened in,"P4 9.4 months between creation and last push, below 12"
paulpascal/bookshop_project,paulpascal__bookshop_project,https://github.com/paulpascal/bookshop_project,S3_code,0,,2,,,2025-04-11T22:39:51Z,2025-04-12T01:19:59Z,excluded,not screened in,"P3 2 commits on the default branch, below 40"
payamoghtanem/Telecom-Cognitive-Platform,payamoghtanem__Telecom-Cognitive-Platform,https://github.com/payamoghtanem/Telecom-Cognitive-Platform,S3_code,0,,29,,,2026-06-02T09:47:02Z,2026-06-03T14:37:45Z,excluded,not screened in,"P3 29 commits on the default branch, below 40"
pbarnes-dbt-projects/penny_snowflake_demo,pbarnes-dbt-projects__penny_snowflake_demo,https://github.com/pbarnes-dbt-projects/penny_snowflake_demo,S3_code,0,,110,41,1,2024-09-27T21:37:33Z,2025-12-12T17:18:59Z,passed,"extracted, excluded","only 7 monthly snapshots, below the 12 minimum"
pedrambadiee/demo_dbt,pedrambadiee__demo_dbt,https://github.com/pedrambadiee/demo_dbt,S3_code,0,,3,,,2021-11-24T22:40:23Z,2021-12-06T09:43:48Z,excluded,not screened in,"P3 3 commits on the default branch, below 40"
pertain99/airflow-zero-to-hero,pertain99__airflow-zero-to-hero,https://github.com/pertain99/airflow-zero-to-hero,S3_code,0,,2,,,2026-02-18T08:45:48Z,2026-02-18T09:01:48Z,excluded,not screened in,"P3 2 commits on the default branch, below 40"
petk1234/ecommerce_dbt,petk1234__ecommerce_dbt,https://github.com/petk1234/ecommerce_dbt,S3_code,0,,1,,,2026-03-25T15:00:25Z,2026-03-27T12:44:51Z,excluded,not screened in,"P3 1 commits on the default branch, below 40"
pgoslatara/dbt-beyond-the-basics,pgoslatara__dbt-beyond-the-basics,https://github.com/pgoslatara/dbt-beyond-the-basics,S2_topic_dbt,105,MIT,354,9,1,2023-05-25T18:52:26Z,2026-07-27T08:18:55Z,passed,"extracted, excluded","only 11 monthly snapshots, below the 12 minimum"
phathutshedzonetshiheni-pixel/de-binance-crypto-market,phathutshedzonetshiheni-pixel__de-binance-crypto-market,https://github.com/phathutshedzonetshiheni-pixel/de-binance-crypto-market,S2_topic_dbt,1,,6,,,2026-04-20T22:27:03Z,2026-04-21T19:28:11Z,excluded,not screened in,"P3 6 commits on the default branch, below 40"
philipp-code/Unified_Product_Lifecycle,philipp-code__Unified_Product_Lifecycle,https://github.com/philipp-code/Unified_Product_Lifecycle,S2_topic_dbt,1,,1,,,2025-11-17T11:20:23Z,2025-11-17T11:36:34Z,excluded,not screened in,"P3 1 commits on the default branch, below 40"
phoenixmjay/finance-team,phoenixmjay__finance-team,https://github.com/phoenixmjay/finance-team,S2_topic_dbt,1,,12,,,2025-02-06T00:51:02Z,2025-08-12T21:46:20Z,excluded,not screened in,"P3 12 commits on the default branch, below 40"
phphoebe/airflow_dbt_snowflake,phphoebe__airflow_dbt_snowflake,https://github.com/phphoebe/airflow_dbt_snowflake,S2_topic_analytics-engineering;S2_topic_dbt-core,2,,6,,,2024-08-30T21:41:43Z,2024-09-01T11:47:49Z,excluded,not screened in,"P3 6 commits on the default branch, below 40"
phphoebe/dbt-fundamentals,phphoebe__dbt-fundamentals,https://github.com/phphoebe/dbt-fundamentals,S2_topic_dbt,2,,26,,,2022-02-20T23:41:12Z,2023-02-26T18:57:18Z,excluded,not screened in,"P3 26 commits on the default branch, below 40"
phsu4014/dbt-data-vault-template,phsu4014__dbt-data-vault-template,https://github.com/phsu4014/dbt-data-vault-template,S3_code,0,Apache-2.0,1,,,2023-08-07T23:15:41Z,2023-08-08T08:04:39Z,excluded,not screened in,"P3 1 commits on the default branch, below 40"
phukijnat/stock-news-semantic-search,phukijnat__stock-news-semantic-search,https://github.com/phukijnat/stock-news-semantic-search,S3_code,0,,4,,,2026-05-20T14:22:56Z,2026-05-22T16:13:30Z,excluded,not screened in,"P3 4 commits on the default branch, below 40"
pietheinstrengholt/dbt-databricks-adventureworks,pietheinstrengholt__dbt-databricks-adventureworks,https://github.com/pietheinstrengholt/dbt-databricks-adventureworks,S3_code,12,,3,,,2022-11-11T09:53:21Z,2022-11-11T09:56:43Z,excluded,not screened in,"P3 3 commits on the default branch, below 40"
pilis/dbt-bigquery-llm-enrichment-example,pilis__dbt-bigquery-llm-enrichment-example,https://github.com/pilis/dbt-bigquery-llm-enrichment-example,S3_code,0,,5,,,2023-07-10T12:39:20Z,2023-07-13T14:25:58Z,excluded,not screened in,"P3 5 commits on the default branch, below 40"
pingcap/dbt-tidb,pingcap__dbt-tidb,https://github.com/pingcap/dbt-tidb,S2_topic_dbt;S3_code,15,Apache-2.0,181,0,1,2022-04-01T03:51:20Z,2023-12-14T05:45:23Z,passed,"extracted, excluded",no commits touch any declared model path
piotr-yuxuan/cte2dbt,piotr-yuxuan__cte2dbt,https://github.com/piotr-yuxuan/cte2dbt,S2_topic_dbt,4,EUPL-1.2,97,0,0,2025-02-15T19:13:41Z,2025-03-04T19:34:43Z,excluded,not screened in,"P4 0.6 months between creation and last push, below 12"
piyush-an/NYC-Restaurant-Inspection,piyush-an__NYC-Restaurant-Inspection,https://github.com/piyush-an/NYC-Restaurant-Inspection,S2_topic_dbt,7,MIT,10,,,2023-04-24T20:02:23Z,2023-04-26T17:55:50Z,excluded,not screened in,"P3 10 commits on the default branch, below 40"
piyushasahni/HEVO_POC_STEPS,piyushasahni__HEVO_POC_STEPS,https://github.com/piyushasahni/HEVO_POC_STEPS,S3_code,0,,17,,,2024-11-17T19:14:46Z,2024-11-18T19:04:03Z,excluded,not screened in,"P3 17 commits on the default branch, below 40"
pizofreude/de-zoomcamp,pizofreude__de-zoomcamp,https://github.com/pizofreude/de-zoomcamp,S2_topic_analytics-engineering,2,Apache-2.0,132,18,2,2025-01-25T14:29:07Z,2025-05-02T13:43:50Z,excluded,not screened in,"P4 3.2 months between creation and last push, below 12"
pizofreude/divvybikes-share-success,pizofreude__divvybikes-share-success,https://github.com/pizofreude/divvybikes-share-success,S2_topic_dbt,1,Apache-2.0,215,7,1,2025-07-09T13:58:08Z,2025-08-28T22:00:47Z,excluded,not screened in,"P4 1.6 months between creation and last push, below 12"
pjsharpe07/kicking_and_screaming,pjsharpe07__kicking_and_screaming,https://github.com/pjsharpe07/kicking_and_screaming,S3_code,1,,75,18,1,2024-06-25T22:23:28Z,2026-03-22T02:00:40Z,passed,"extracted, excluded","only 4 monthly snapshots, below the 12 minimum"
pjtheprogrammer/olist-data-pipeline,pjtheprogrammer__olist-data-pipeline,https://github.com/pjtheprogrammer/olist-data-pipeline,S3_code,1,,42,9,4,2026-06-05T14:54:59Z,2026-07-03T10:39:01Z,excluded,not screened in,"P4 0.9 months between creation and last push, below 12"
plat102/pj-crm-erp-dwh-lab,plat102__pj-crm-erp-dwh-lab,https://github.com/plat102/pj-crm-erp-dwh-lab,S2_topic_dbt,2,,34,,,2025-10-23T11:03:59Z,2025-11-08T11:47:56Z,excluded,not screened in,"P3 34 commits on the default branch, below 40"
pmburden/carmen,pmburden__carmen,https://github.com/pmburden/carmen,S3_code,0,Apache-2.0,32,,,2024-07-12T20:25:05Z,2024-07-23T08:39:14Z,excluded,not screened in,"P3 32 commits on the default branch, below 40"
pneff93/dbt-cc-stream-processing,pneff93__dbt-cc-stream-processing,https://github.com/pneff93/dbt-cc-stream-processing,S2_topic_dbt,3,,19,,,2026-03-30T17:48:10Z,2026-04-02T09:26:42Z,excluded,not screened in,"P3 19 commits on the default branch, below 40"
pol-cc/agentic-data-engineer,pol-cc__agentic-data-engineer,https://github.com/pol-cc/agentic-data-engineer,S2_topic_dbt,1,MIT,22,,,2026-05-28T11:45:50Z,2026-06-17T07:12:35Z,excluded,not screened in,"P3 22 commits on the default branch, below 40"
polarbear333/gl-pipeline,polarbear333__gl-pipeline,https://github.com/polarbear333/gl-pipeline,S2_topic_dbt,4,MIT,18,,,2025-11-03T04:23:16Z,2025-11-05T22:27:30Z,excluded,not screened in,"P3 18 commits on the default branch, below 40"
polat-deniz/Datavault4dbt_fabric,polat-deniz__Datavault4dbt_fabric,https://github.com/polat-deniz/Datavault4dbt_fabric,S3_code,0,,19,,,2024-05-21T13:11:35Z,2024-07-16T11:05:00Z,excluded,not screened in,"P3 19 commits on the default branch, below 40"
polero106/Frozen-Lake,polero106__Frozen-Lake,https://github.com/polero106/Frozen-Lake,S3_code,0,MIT,3,,,2026-01-14T15:07:08Z,2026-02-19T17:10:20Z,excluded,not screened in,"P3 3 commits on the default branch, below 40"
ponderedw/graphify-dbt,ponderedw__graphify-dbt,https://github.com/ponderedw/graphify-dbt,S3_code,10,,8,,,2026-07-22T16:40:49Z,2026-07-26T13:18:12Z,excluded,not screened in,"P3 8 commits on the default branch, below 40"
pondpilot/flowscope,pondpilot__flowscope,https://github.com/pondpilot/flowscope,S2_topic_dbt,88,Apache-2.0,633,0,0,2025-11-25T20:52:01Z,2026-05-11T19:18:53Z,excluded,not screened in,"P4 5.5 months between creation and last push, below 12"
popcornylu/recce-summary-agent,popcornylu__recce-summary-agent,https://github.com/popcornylu/recce-summary-agent,S3_code,0,,2,,,2025-11-10T01:50:50Z,2025-11-10T02:01:30Z,excluded,not screened in,"P3 2 commits on the default branch, below 40"
portovep/dbt-testing-examples,portovep__dbt-testing-examples,https://github.com/portovep/dbt-testing-examples,S2_topic_analytics-engineering;S2_topic_dbt,6,,81,4,1,2023-02-17T11:44:14Z,2025-05-18T14:23:47Z,passed,"extracted, excluded","only 3 monthly snapshots, below the 12 minimum"
poshkaran04/stocks_data_transform,poshkaran04__stocks_data_transform,https://github.com/poshkaran04/stocks_data_transform,S2_topic_dbt,1,,36,,,2023-03-28T21:30:46Z,2023-04-18T22:29:02Z,excluded,not screened in,"P3 36 commits on the default branch, below 40"
potsbo/vscode-dbt-power-user-defer-issue-reproduce,potsbo__vscode-dbt-power-user-defer-issue-reproduce,https://github.com/potsbo/vscode-dbt-power-user-defer-issue-reproduce,S3_code,0,,1,,,2024-05-17T15:18:39Z,2024-07-09T20:34:49Z,excluded,not screened in,"P3 1 commits on the default branch, below 40"
pouriazarr/Spotify-content-project,pouriazarr__Spotify-content-project,https://github.com/pouriazarr/Spotify-content-project,S2_topic_dbt,1,,6,,,2025-11-07T15:05:11Z,2025-11-08T13:43:27Z,excluded,not screened in,"P3 6 commits on the default branch, below 40"
powers-j-floyd/Cyclistic,powers-j-floyd__Cyclistic,https://github.com/powers-j-floyd/Cyclistic,S2_topic_analytics-engineering,1,,13,,,2025-12-27T23:10:48Z,2026-01-03T06:02:13Z,excluded,not screened in,"P3 13 commits on the default branch, below 40"
ppserapiao/ambesa-bench,ppserapiao__ambesa-bench,https://github.com/ppserapiao/ambesa-bench,S2_topic_dbt,1,Apache-2.0,1,,,2026-05-11T21:13:30Z,2026-05-12T02:49:14Z,excluded,not screened in,"P3 1 commits on the default branch, below 40"
prabakaranc98/AnalyticsEngineeringWorkshop2024,prabakaranc98__AnalyticsEngineeringWorkshop2024,https://github.com/prabakaranc98/AnalyticsEngineeringWorkshop2024,S3_code,16,,4,,,2024-01-02T06:30:48Z,2024-01-04T19:16:46Z,excluded,not screened in,"P3 4 commits on the default branch, below 40"
pragmatic-data/sf-admin,pragmatic-data__sf-admin,https://github.com/pragmatic-data/sf-admin,S3_code,1,,65,0,1,2022-06-27T08:33:33Z,2025-05-05T06:42:56Z,passed,"extracted, excluded",every sampled commit yielded zero models
pragunbhutani/dbt-llm-agent,pragunbhutani__dbt-llm-agent,https://github.com/pragunbhutani/dbt-llm-agent,S2_topic_dbt,178,MIT,260,0,0,2024-02-11T09:55:38Z,2026-04-01T17:17:34Z,passed,"extracted, excluded",every sampled commit yielded zero models
prajeesh-chavan/RetailCortex,prajeesh-chavan__RetailCortex,https://github.com/prajeesh-chavan/RetailCortex,S2_topic_dbt,1,,149,24,1,2026-07-02T09:20:56Z,2026-07-29T14:13:25Z,excluded,not screened in,"P4 0.9 months between creation and last push, below 12"
prajeesh-chavan/retail-analytics-data-platform,prajeesh-chavan__retail-analytics-data-platform,https://github.com/prajeesh-chavan/retail-analytics-data-platform,S2_topic_dbt,1,,16,,,2026-02-07T16:18:44Z,2026-02-07T16:37:54Z,excluded,not screened in,"P3 16 commits on the default branch, below 40"
prajwalsanjayshinde/data_db,prajwalsanjayshinde__data_db,https://github.com/prajwalsanjayshinde/data_db,S3_code,0,,9,,,2026-04-24T22:38:07Z,2026-06-03T15:02:51Z,excluded,not screened in,"P3 9 commits on the default branch, below 40"
prasad209/End-to-end-data-engineering-and-DevOps-Project,prasad209__End-to-end-data-engineering-and-DevOps-Project,https://github.com/prasad209/End-to-end-data-engineering-and-DevOps-Project,S2_topic_dbt,2,,21,,,2024-02-12T18:12:52Z,2024-03-19T10:09:56Z,excluded,not screened in,"P3 21 commits on the default branch, below 40"
prasanth3291/Data-Engineering-Home-Assignment,prasanth3291__Data-Engineering-Home-Assignment,https://github.com/prasanth3291/Data-Engineering-Home-Assignment,S3_code,0,,5,,,2024-09-08T21:27:43Z,2024-09-16T22:08:12Z,excluded,not screened in,"P3 5 commits on the default branch, below 40"
prashnatit02/CTS_ANALYTICS_DBT,prashnatit02__CTS_ANALYTICS_DBT,https://github.com/prashnatit02/CTS_ANALYTICS_DBT,S3_code,0,,5,,,2024-11-25T10:53:21Z,2024-12-10T11:02:51Z,excluded,not screened in,"P3 5 commits on the default branch, below 40"
prateek30agrawal/snowflake-dbt,prateek30agrawal__snowflake-dbt,https://github.com/prateek30agrawal/snowflake-dbt,S3_code,0,,1,,,2025-05-22T07:53:30Z,2025-05-22T12:38:21Z,excluded,not screened in,"P3 1 commits on the default branch, below 40"
prathikshaurs/economic-index-analytics,prathikshaurs__economic-index-analytics,https://github.com/prathikshaurs/economic-index-analytics,S3_code,0,,6,,,2026-06-14T19:07:23Z,2026-06-16T09:25:20Z,excluded,not screened in,"P3 6 commits on the default branch, below 40"
praveenkumarsey/git_learn_dbt,praveenkumarsey__git_learn_dbt,https://github.com/praveenkumarsey/git_learn_dbt,S3_code,0,,32,,,2023-11-06T10:19:27Z,2023-11-07T05:20:18Z,excluded,not screened in,"P3 32 commits on the default branch, below 40"
pravinh/dbt-expectations,pravinh__dbt-expectations,https://github.com/pravinh/dbt-expectations,S3_code,0,Apache-2.0,167,0,1,2021-09-28T13:40:20Z,2021-09-28T14:13:54Z,excluded,not screened in,"P4 0.0 months between creation and last push, below 12"
prefect-archive/prefect-dbt,prefect-archive__prefect-dbt,https://github.com/prefect-archive/prefect-dbt,S2_topic_dbt,83,Apache-2.0,172,0,0,2022-05-26T21:05:42Z,2026-03-19T16:48:23Z,passed,"extracted, excluded",no dbt_project.yml found anywhere on the first-parent history
prefeitura-rio-smas/pipelines,prefeitura-rio-smas__pipelines,https://github.com/prefeitura-rio-smas/pipelines,S3_code,0,,640,145,1,2025-06-03T15:29:29Z,2026-08-04T20:29:08Z,passed,in corpus,
prefeitura-rio/pipelines_rj_civitas,prefeitura-rio__pipelines_rj_civitas,https://github.com/prefeitura-rio/pipelines_rj_civitas,S3_code,3,,777,44,1,2024-06-25T21:02:37Z,2026-08-04T19:45:23Z,passed,in corpus,
prefeitura-rio/pipelines_rj_smtr,prefeitura-rio__pipelines_rj_smtr,https://github.com/prefeitura-rio/pipelines_rj_smtr,S2_topic_dbt;S3_code,6,,1210,447,1,2023-11-23T13:22:30Z,2026-06-01T23:45:38Z,passed,in corpus,
prefeitura-rio/queries-datario,prefeitura-rio__queries-datario,https://github.com/prefeitura-rio/queries-datario,S2_topic_dbt;S3_code,5,GPL-3.0,383,53,1,2021-12-06T12:21:29Z,2024-08-26T21:42:31Z,passed,in corpus,
prefeitura-rio/queries-rj-iplanrio,prefeitura-rio__queries-rj-iplanrio,https://github.com/prefeitura-rio/queries-rj-iplanrio,S3_code,2,,1156,538,1,2025-03-25T14:38:04Z,2026-08-04T19:04:35Z,passed,in corpus,
prefeitura-rio/queries-rj-smac,prefeitura-rio__queries-rj-smac,https://github.com/prefeitura-rio/queries-rj-smac,S3_code,0,GPL-3.0,37,,,2023-11-14T14:01:22Z,2023-12-14T19:20:47Z,excluded,not screened in,"P3 37 commits on the default branch, below 40"
prefeitura-rio/queries-rj-sms,prefeitura-rio__queries-rj-sms,https://github.com/prefeitura-rio/queries-rj-sms,S2_topic_dbt;S3_code,8,,3727,823,1,2022-10-18T19:35:57Z,2026-08-04T14:58:09Z,passed,in corpus,
prefeitura-rio/queries-rj-smtr,prefeitura-rio__queries-rj-smtr,https://github.com/prefeitura-rio/queries-rj-smtr,S2_topic_dbt;S3_code,14,GPL-3.0,474,199,1,2022-03-03T11:07:47Z,2026-01-22T15:13:42Z,passed,in corpus,
preset-io/dbt-coalesce-2022,preset-io__dbt-coalesce-2022,https://github.com/preset-io/dbt-coalesce-2022,S3_code,9,,21,,,2022-10-07T16:21:29Z,2022-10-17T19:42:44Z,excluded,not screened in,"P3 21 commits on the default branch, below 40"
preset-io/dbt_github_archive_bigquery,preset-io__dbt_github_archive_bigquery,https://github.com/preset-io/dbt_github_archive_bigquery,S3_code,3,,6,,,2023-06-02T22:39:35Z,2023-06-28T01:12:52Z,excluded,not screened in,"P3 6 commits on the default branch, below 40"
prince-pastakiya/End-to-End-ELT-Data-Pipeline-with-Databricks-Delta-Lake-DLT-dbt-Ready-Gold-Models,prince-pastakiya__End-to-End-ELT-Data-Pipeline-with-Databricks-Delta-Lake-DLT-dbt-Ready-Gold-Models,https://github.com/prince-pastakiya/End-to-End-ELT-Data-Pipeline-with-Databricks-Delta-Lake-DLT-dbt-Ready-Gold-Models,S2_topic_analytics-engineering;S2_topic_dbt,1,Apache-2.0,9,,,2026-01-14T02:40:49Z,2026-01-14T15:47:22Z,excluded,not screened in,"P3 9 commits on the default branch, below 40"
prince-pastakiya/Real-Time-Stocks-Data-Pipelines,prince-pastakiya__Real-Time-Stocks-Data-Pipelines,https://github.com/prince-pastakiya/Real-Time-Stocks-Data-Pipelines,S2_topic_dbt,2,MIT,16,,,2026-01-10T16:32:48Z,2026-01-10T22:32:32Z,excluded,not screened in,"P3 16 commits on the default branch, below 40"
principalwater/clickhouse-energyhub,principalwater__clickhouse-energyhub,https://github.com/principalwater/clickhouse-energyhub,S3_code,2,MIT,26,,,2025-08-04T13:11:15Z,2025-08-14T16:27:28Z,excluded,not screened in,"P3 26 commits on the default branch, below 40"
priyanshubiswas-tech/AWS-MWAA-ELT-Airflow-SQL-DBT-Superset-Project,priyanshubiswas-tech__AWS-MWAA-ELT-Airflow-SQL-DBT-Superset-Project,https://github.com/priyanshubiswas-tech/AWS-MWAA-ELT-Airflow-SQL-DBT-Superset-Project,S2_topic_dbt,3,,31,,,2025-05-18T04:15:44Z,2025-07-01T23:17:39Z,excluded,not screened in,"P3 31 commits on the default branch, below 40"
priyanshubiswas-tech/Airflow_DBT_Superset_Project,priyanshubiswas-tech__Airflow_DBT_Superset_Project,https://github.com/priyanshubiswas-tech/Airflow_DBT_Superset_Project,S2_topic_dbt,1,,50,0,0,2025-04-27T15:27:37Z,2025-05-23T22:22:33Z,excluded,not screened in,"P4 0.9 months between creation and last push, below 12"
problemxl/toronto-crime-dbt,problemxl__toronto-crime-dbt,https://github.com/problemxl/toronto-crime-dbt,S3_code,0,,10,,,2023-12-01T18:01:29Z,2023-12-11T19:10:34Z,excluded,not screened in,"P3 10 commits on the default branch, below 40"
profdiegocbcastro/Postgresql-Environment,profdiegocbcastro__Postgresql-Environment,https://github.com/profdiegocbcastro/Postgresql-Environment,S3_code,24,,7,,,2025-06-30T16:26:47Z,2025-07-09T17:27:46Z,excluded,not screened in,"P3 7 commits on the default branch, below 40"
project-tech4dev/dbt-tech4dev,project-tech4dev__dbt-tech4dev,https://github.com/project-tech4dev/dbt-tech4dev,S3_code,0,AGPL-3.0,69,45,1,2025-05-01T12:44:48Z,2026-06-26T06:33:06Z,passed,"extracted, excluded","only 10 monthly snapshots, below the 12 minimum"
pronabroy360/CancerOmicsLake,pronabroy360__CancerOmicsLake,https://github.com/pronabroy360/CancerOmicsLake,S3_code,0,MIT,76,26,1,2026-05-27T17:11:09Z,2026-07-26T07:05:07Z,excluded,not screened in,"P4 1.9 months between creation and last push, below 12"
prophecy-io/databricks-sql-basics,prophecy-io__databricks-sql-basics,https://github.com/prophecy-io/databricks-sql-basics,S3_code,0,,107,0,1,2025-02-12T04:15:27Z,2025-11-26T04:15:21Z,excluded,not screened in,"P4 9.4 months between creation and last push, below 12"
proyectosdateneo/especializacion-ingenieria-de-datos,proyectosdateneo__especializacion-ingenieria-de-datos,https://github.com/proyectosdateneo/especializacion-ingenieria-de-datos,S2_topic_dbt-core,1,MIT,44,13,1,2025-06-06T13:00:33Z,2025-10-03T14:42:55Z,excluded,not screened in,"P4 3.9 months between creation and last push, below 12"
pshvetsov/movies-pipeline,pshvetsov__movies-pipeline,https://github.com/pshvetsov/movies-pipeline,S3_code,0,,4,,,2024-06-28T18:14:02Z,2024-07-12T21:51:26Z,excluded,not screened in,"P3 4 commits on the default branch, below 40"
pstano1/football_analytics,pstano1__football_analytics,https://github.com/pstano1/football_analytics,S3_code,0,MIT,26,,,2025-06-29T17:47:24Z,2026-01-17T14:54:10Z,excluded,not screened in,"P3 26 commits on the default branch, below 40"
psychoanalyze/psychoanalyze,psychoanalyze__psychoanalyze,https://github.com/psychoanalyze/psychoanalyze,S3_code,5,GPL-3.0,1018,8,1,2022-09-22T02:37:34Z,2026-02-12T00:42:01Z,passed,"extracted, excluded","only 4 monthly snapshots, below the 12 minimum"
pugyy/dq-doctor,pugyy__dq-doctor,https://github.com/pugyy/dq-doctor,S2_topic_dbt,1,MIT,41,0,0,2026-05-21T11:17:47Z,2026-05-23T03:15:21Z,excluded,not screened in,"P4 0.0 months between creation and last push, below 12"
puppq-bddevivar/movie-analytics-poc,puppq-bddevivar__movie-analytics-poc,https://github.com/puppq-bddevivar/movie-analytics-poc,S3_code,0,,1,,,2025-08-11T03:38:29Z,2025-08-11T04:01:17Z,excluded,not screened in,"P3 1 commits on the default branch, below 40"
pushkargrover/fatsecret-semantic-layer,pushkargrover__fatsecret-semantic-layer,https://github.com/pushkargrover/fatsecret-semantic-layer,S3_code,0,NOASSERTION,4,,,2026-07-21T04:09:30Z,2026-07-21T04:29:30Z,excluded,not screened in,"P3 4 commits on the default branch, below 40"
puxti-labs/puxti,puxti-labs__puxti,https://github.com/puxti-labs/puxti,S2_topic_analytics-engineering;S2_topic_dbt,3,Apache-2.0,49,0,0,2026-05-09T19:38:19Z,2026-07-18T04:01:21Z,excluded,not screened in,"P4 2.3 months between creation and last push, below 12"
pvcy/dbt-privacy,pvcy__dbt-privacy,https://github.com/pvcy/dbt-privacy,S3_code,53,Apache-2.0,14,,,2022-03-22T16:55:23Z,2023-02-13T18:14:10Z,excluded,not screened in,"P3 14 commits on the default branch, below 40"
pyladiesams/data-ingestion-modern-stack-apr2025,pyladiesams__data-ingestion-modern-stack-apr2025,https://github.com/pyladiesams/data-ingestion-modern-stack-apr2025,S2_topic_analytics-engineering,3,MIT,3,,,2025-04-16T06:24:35Z,2025-05-05T11:23:36Z,excluded,not screened in,"P3 3 commits on the default branch, below 40"
pyladiesams/data-pipelines-with-dbtcore-snowflake-sep2025,pyladiesams__data-pipelines-with-dbtcore-snowflake-sep2025,https://github.com/pyladiesams/data-pipelines-with-dbtcore-snowflake-sep2025,S2_topic_dbt-core,5,MIT,34,,,2025-05-08T08:24:45Z,2025-10-20T18:45:48Z,excluded,not screened in,"P3 34 commits on the default branch, below 40"
qdinh18/Real_estate_data_engineering_project,qdinh18__Real_estate_data_engineering_project,https://github.com/qdinh18/Real_estate_data_engineering_project,S2_topic_dbt,1,,9,,,2025-02-23T07:20:01Z,2025-02-23T07:49:39Z,excluded,not screened in,"P3 9 commits on the default branch, below 40"
qpsss/End-to-End-Retail-Data-Pipeline,qpsss__End-to-End-Retail-Data-Pipeline,https://github.com/qpsss/End-to-End-Retail-Data-Pipeline,S3_code,0,,1,,,2024-01-13T14:59:34Z,2024-01-13T14:59:42Z,excluded,not screened in,"P3 1 commits on the default branch, below 40"
quannm2k2/DBT-demo,quannm2k2__DBT-demo,https://github.com/quannm2k2/DBT-demo,S3_code,0,,1,,,2024-07-15T14:35:34Z,2024-07-15T14:37:09Z,excluded,not screened in,"P3 1 commits on the default branch, below 40"
qvadler/dbt_dremio,qvadler__dbt_dremio,https://github.com/qvadler/dbt_dremio,S3_code,0,,4,,,2024-04-04T13:01:32Z,2024-04-04T13:39:30Z,excluded,not screened in,"P3 4 commits on the default branch, below 40"
r0sate/covid_insights_pipeline,r0sate__covid_insights_pipeline,https://github.com/r0sate/covid_insights_pipeline,S3_code,0,,17,,,2025-05-25T22:40:10Z,2025-06-23T05:18:28Z,excluded,not screened in,"P3 17 commits on the default branch, below 40"
rabeur/VelibAvailability_DE_Project,rabeur__VelibAvailability_DE_Project,https://github.com/rabeur/VelibAvailability_DE_Project,S3_code,0,MIT,85,7,1,2026-02-06T16:14:10Z,2026-04-29T20:13:04Z,excluded,not screened in,"P4 2.7 months between creation and last push, below 12"
rafadgvc/IPFP_dbt,rafadgvc__IPFP_dbt,https://github.com/rafadgvc/IPFP_dbt,S3_code,0,,24,,,2025-05-06T10:28:43Z,2025-07-15T11:06:42Z,excluded,not screened in,"P3 24 commits on the default branch, below 40"
raghavpatidar028/customer-analytics-sql-powerbi,raghavpatidar028__customer-analytics-sql-powerbi,https://github.com/raghavpatidar028/customer-analytics-sql-powerbi,S3_code,0,,13,,,2026-04-04T18:27:30Z,2026-04-04T18:32:38Z,excluded,not screened in,"P3 13 commits on the default branch, below 40"
ragztigadi/RealTime-Reddit-BigData-ETL-Pipeline-on-AWS-Glue-Redshift,ragztigadi__RealTime-Reddit-BigData-ETL-Pipeline-on-AWS-Glue-Redshift,https://github.com/ragztigadi/RealTime-Reddit-BigData-ETL-Pipeline-on-AWS-Glue-Redshift,S2_topic_analytics-engineering,1,,40,0,0,2025-09-05T19:47:46Z,2025-10-30T18:47:58Z,excluded,not screened in,"P4 1.8 months between creation and last push, below 12"
rahulmanohar14/olist-elt-pipeline-powerbi,rahulmanohar14__olist-elt-pipeline-powerbi,https://github.com/rahulmanohar14/olist-elt-pipeline-powerbi,S2_topic_dbt,1,,4,,,2026-03-30T21:33:23Z,2026-03-30T23:00:04Z,excluded,not screened in,"P3 4 commits on the default branch, below 40"
rahulmehta25/AI-Financial-Planner,rahulmehta25__AI-Financial-Planner,https://github.com/rahulmehta25/AI-Financial-Planner,S3_code,0,,101,0,5,2025-08-22T18:23:41Z,2026-07-20T22:27:03Z,excluded,not screened in,"P4 10.9 months between creation and last push, below 12"
rainhead/beeatlas,rainhead__beeatlas,https://github.com/rainhead/beeatlas,S3_code,0,MIT,4050,46,1,2025-03-27T20:36:33Z,2026-08-04T23:28:32Z,passed,"extracted, excluded","only 3 monthly snapshots, below the 12 minimum"
raintree-technology/policystrata,raintree-technology__policystrata,https://github.com/raintree-technology/policystrata,S2_topic_dbt,1,MIT,61,0,0,2026-06-24T22:15:06Z,2026-07-30T22:28:55Z,excluded,not screened in,"P4 1.2 months between creation and last push, below 12"
raiyashu2004/indian-ecourts-medallion-pipeline,raiyashu2004__indian-ecourts-medallion-pipeline,https://github.com/raiyashu2004/indian-ecourts-medallion-pipeline,S3_code,0,,2,,,2026-06-19T12:09:17Z,2026-06-19T12:09:45Z,excluded,not screened in,"P3 2 commits on the default branch, below 40"
rajendra5811/healthcare-analytics_project,rajendra5811__healthcare-analytics_project,https://github.com/rajendra5811/healthcare-analytics_project,S3_code,0,MIT,3,,,2026-05-08T04:33:54Z,2026-05-08T14:42:53Z,excluded,not screened in,"P3 3 commits on the default branch, below 40"
rajkirangs25/data_engineering_projects,rajkirangs25__data_engineering_projects,https://github.com/rajkirangs25/data_engineering_projects,S3_code,0,,27,,,2026-05-28T07:53:38Z,2026-06-17T07:38:04Z,excluded,not screened in,"P3 27 commits on the default branch, below 40"
rakesh7464/metric-drift,rakesh7464__metric-drift,https://github.com/rakesh7464/metric-drift,S2_topic_analytics-engineering;S2_topic_dbt,2,,18,,,2026-03-11T04:46:52Z,2026-05-29T02:13:30Z,excluded,not screened in,"P3 18 commits on the default branch, below 40"
ramineniadithyaghs/snowflake-dbt-airflow-pipeline-adithyaghs,ramineniadithyaghs__snowflake-dbt-airflow-pipeline-adithyaghs,https://github.com/ramineniadithyaghs/snowflake-dbt-airflow-pipeline-adithyaghs,S2_topic_dbt,1,MIT,6,,,2025-12-08T19:37:55Z,2026-06-15T03:37:48Z,excluded,not screened in,"P3 6 commits on the default branch, below 40"
ramiro85/retailguard-bigquery-ml,ramiro85__retailguard-bigquery-ml,https://github.com/ramiro85/retailguard-bigquery-ml,S2_topic_analytics-engineering,1,,8,,,2026-02-22T17:11:11Z,2026-02-22T18:12:24Z,excluded,not screened in,"P3 8 commits on the default branch, below 40"
ramonvermeulen/dbt-toolkit,ramonvermeulen__dbt-toolkit,https://github.com/ramonvermeulen/dbt-toolkit,S2_topic_dbt;S2_topic_dbt-core,34,GPL-3.0,574,0,0,2024-04-24T07:55:49Z,2026-03-04T19:07:24Z,passed,"extracted, excluded",no dbt_project.yml found anywhere on the first-parent history
ramyashreenmaru/dbt_code,ramyashreenmaru__dbt_code,https://github.com/ramyashreenmaru/dbt_code,S3_code,0,,11,,,2024-09-17T17:29:02Z,2024-09-19T17:40:09Z,excluded,not screened in,"P3 11 commits on the default branch, below 40"
ramyashreeshetty/dbt-snowflake-test-repo,ramyashreeshetty__dbt-snowflake-test-repo,https://github.com/ramyashreeshetty/dbt-snowflake-test-repo,S2_topic_dbt,1,,3,,,2023-10-23T05:17:32Z,2023-10-30T05:06:06Z,excluded,not screened in,"P3 3 commits on the default branch, below 40"
ran-codes/jaffle_shop_duckdb_active,ran-codes__jaffle_shop_duckdb_active,https://github.com/ran-codes/jaffle_shop_duckdb_active,S3_code,0,Apache-2.0,8,,,2025-10-13T15:19:09Z,2025-10-18T02:29:59Z,excluded,not screened in,"P3 8 commits on the default branch, below 40"
randeepraj2003/RiskLake-AI-Credit-Risk-Intelligence-Platform,randeepraj2003__RiskLake-AI-Credit-Risk-Intelligence-Platform,https://github.com/randeepraj2003/RiskLake-AI-Credit-Risk-Intelligence-Platform,S2_topic_dbt,1,,14,,,2026-07-27T18:12:18Z,2026-07-28T08:25:47Z,excluded,not screened in,"P3 14 commits on the default branch, below 40"
randypitcherii/hashmap_randy_pitcher_workspace,randypitcherii__hashmap_randy_pitcher_workspace,https://github.com/randypitcherii/hashmap_randy_pitcher_workspace,S2_topic_dbt;S3_code,3,Apache-2.0,115,15,1,2020-10-27T17:47:28Z,2020-12-01T20:00:09Z,excluded,not screened in,"P4 1.1 months between creation and last push, below 12"
randypitcherii/shareables,randypitcherii__shareables,https://github.com/randypitcherii/shareables,S3_code,7,Apache-2.0,129,10,1,2024-07-11T18:14:41Z,2026-08-04T22:29:13Z,passed,"extracted, excluded","only 5 monthly snapshots, below the 12 minimum"
raomohsin54/governed-snowflake-ai-data-product,raomohsin54__governed-snowflake-ai-data-product,https://github.com/raomohsin54/governed-snowflake-ai-data-product,S2_topic_analytics-engineering,1,,1,,,2026-06-04T07:50:21Z,2026-06-04T07:51:04Z,excluded,not screened in,"P3 1 commits on the default branch, below 40"
raphaph/astro-sdk-airflow-dbt-orchestrate,raphaph__astro-sdk-airflow-dbt-orchestrate,https://github.com/raphaph/astro-sdk-airflow-dbt-orchestrate,S3_code,0,,1,,,2024-08-04T22:42:27Z,2024-08-04T22:45:52Z,excluded,not screened in,"P3 1 commits on the default branch, below 40"
rasgointelligence/PyRasgo,rasgointelligence__PyRasgo,https://github.com/rasgointelligence/PyRasgo,S2_topic_dbt,40,AGPL-3.0,53,0,0,2021-06-03T21:17:55Z,2022-12-13T14:52:06Z,passed,"extracted, excluded",no dbt_project.yml found anywhere on the first-parent history
rashmi-carol-dsouza/gcp-dbt-pipeline,rashmi-carol-dsouza__gcp-dbt-pipeline,https://github.com/rashmi-carol-dsouza/gcp-dbt-pipeline,S3_code,0,,22,,,2025-02-26T14:59:37Z,2025-03-03T18:59:29Z,excluded,not screened in,"P3 22 commits on the default branch, below 40"
rasinmuhammed/misata,rasinmuhammed__misata,https://github.com/rasinmuhammed/misata,S2_topic_dbt,64,MIT,360,2,1,2025-12-16T08:25:53Z,2026-08-03T11:47:22Z,excluded,not screened in,"P4 7.6 months between creation and last push, below 12"
rasridho06/Python,rasridho06__Python,https://github.com/rasridho06/Python,S3_code,0,,101,58,5,2024-03-07T11:08:07Z,2025-10-14T11:54:07Z,passed,"extracted, excluded","only 1 monthly snapshots, below the 12 minimum"
rauenh/certificacaoanalyticsindicium,rauenh__certificacaoanalyticsindicium,https://github.com/rauenh/certificacaoanalyticsindicium,S2_topic_dbt-core,2,,78,30,1,2023-06-29T19:07:47Z,2023-07-08T02:23:40Z,excluded,not screened in,"P4 0.3 months between creation and last push, below 12"
ravidhu/qraft,ravidhu__qraft,https://github.com/ravidhu/qraft,S2_topic_analytics-engineering,2,MIT,3,,,2026-03-06T23:06:30Z,2026-03-31T19:21:30Z,excluded,not screened in,"P3 3 commits on the default branch, below 40"
raw-labs/mxcp,raw-labs__mxcp,https://github.com/raw-labs/mxcp,S2_topic_dbt;S3_code,70,NOASSERTION,446,5,2,2025-05-21T13:31:46Z,2026-06-30T07:59:54Z,passed,"extracted, excluded","only 2 monthly snapshots, below the 12 minimum"
rayan-407/Phishing-Awareness-Analysis,rayan-407__Phishing-Awareness-Analysis,https://github.com/rayan-407/Phishing-Awareness-Analysis,S2_topic_analytics-engineering,2,,3,,,2026-07-10T15:22:48Z,2026-07-10T15:26:15Z,excluded,not screened in,"P3 3 commits on the default branch, below 40"
raybags-dev/portfolio-base,raybags-dev__portfolio-base,https://github.com/raybags-dev/portfolio-base,S2_topic_analytics-engineering,1,,134,0,0,2026-06-07T22:32:18Z,2026-07-27T18:49:44Z,excluded,not screened in,"P4 1.6 months between creation and last push, below 12"
raycdut/AgenticDataEngineering,raycdut__AgenticDataEngineering,https://github.com/raycdut/AgenticDataEngineering,S3_code,0,MIT,6,,,2026-05-18T02:26:21Z,2026-05-18T05:48:27Z,excluded,not screened in,"P3 6 commits on the default branch, below 40"
rayjune2012-uttam/dagster-io,rayjune2012-uttam__dagster-io,https://github.com/rayjune2012-uttam/dagster-io,S3_code,0,Apache-2.0,2,,,2026-02-17T07:20:13Z,2026-02-19T01:55:18Z,excluded,not screened in,"P3 2 commits on the default branch, below 40"
raystack/optimus,raystack__optimus,https://github.com/raystack/optimus,S2_topic_analytics-engineering,761,Apache-2.0,487,0,0,2021-03-22T17:28:04Z,2024-06-08T13:29:09Z,passed,"extracted, excluded",no dbt_project.yml found anywhere on the first-parent history
rberenguel/dbt-sqlite-playground,rberenguel__dbt-sqlite-playground,https://github.com/rberenguel/dbt-sqlite-playground,S2_topic_dbt,12,MIT,4,,,2022-05-22T13:52:00Z,2022-05-22T14:03:25Z,excluded,not screened in,"P3 4 commits on the default branch, below 40"
rbmuller/scherlok,rbmuller__scherlok,https://github.com/rbmuller/scherlok,S2_topic_dbt,7,MIT,79,3,3,2026-04-01T14:51:35Z,2026-07-15T12:34:00Z,excluded,not screened in,"P4 3.4 months between creation and last push, below 12"
rbrtrss/databricks-fintech-lakehouse,rbrtrss__databricks-fintech-lakehouse,https://github.com/rbrtrss/databricks-fintech-lakehouse,S3_code,0,,5,,,2026-04-08T01:19:50Z,2026-04-08T18:12:57Z,excluded,not screened in,"P3 5 commits on the default branch, below 40"
re-data/dbt-re-data,re-data__dbt-re-data,https://github.com/re-data/dbt-re-data,S2_topic_dbt,102,NOASSERTION,298,26,1,2021-05-09T16:34:30Z,2024-05-06T23:00:06Z,passed,in corpus,
re-data/re-data,re-data__re-data,https://github.com/re-data/re-data,S2_topic_dbt;S3_code,1567,NOASSERTION,503,5,2,2020-11-02T20:42:15Z,2024-04-30T02:49:55Z,passed,"extracted, excluded","only 8 monthly snapshots, below the 12 minimum"
reddy63/ecommerce-clickstream-pipeline,reddy63__ecommerce-clickstream-pipeline,https://github.com/reddy63/ecommerce-clickstream-pipeline,S2_topic_dbt,1,,7,,,2026-02-17T14:51:55Z,2026-05-15T05:34:49Z,excluded,not screened in,"P3 7 commits on the default branch, below 40"
reddy63/iceberg_lakehouse,reddy63__iceberg_lakehouse,https://github.com/reddy63/iceberg_lakehouse,S2_topic_dbt,1,,15,,,2026-05-13T07:40:56Z,2026-05-15T02:44:43Z,excluded,not screened in,"P3 15 commits on the default branch, below 40"
redroy44/prefect-dataplatform,redroy44__prefect-dataplatform,https://github.com/redroy44/prefect-dataplatform,S3_code,0,Apache-2.0,1,,,2023-02-09T20:07:50Z,2023-02-09T20:07:53Z,excluded,not screened in,"P3 1 commits on the default branch, below 40"
regkhalil/Data-Lake-Project,regkhalil__Data-Lake-Project,https://github.com/regkhalil/Data-Lake-Project,S3_code,0,,15,,,2026-02-18T15:14:24Z,2026-02-23T13:49:17Z,excluded,not screened in,"P3 15 commits on the default branch, below 40"
rehanhf/crypto-elt-pipeline,rehanhf__crypto-elt-pipeline,https://github.com/rehanhf/crypto-elt-pipeline,S2_topic_dbt,1,,14,,,2026-01-16T04:25:01Z,2026-01-16T08:15:05Z,excluded,not screened in,"P3 14 commits on the default branch, below 40"
renatoaragon/inventario-familiar,renatoaragon__inventario-familiar,https://github.com/renatoaragon/inventario-familiar,S2_topic_analytics-engineering;S2_topic_dbt,1,MIT,8,,,2026-07-16T08:28:47Z,2026-08-04T18:54:24Z,excluded,not screened in,"P3 8 commits on the default branch, below 40"
renatoaragon/meucomboio-pt,renatoaragon__meucomboio-pt,https://github.com/renatoaragon/meucomboio-pt,S2_topic_dbt,1,MIT,6,,,2026-07-16T08:27:51Z,2026-08-04T18:54:29Z,excluded,not screened in,"P3 6 commits on the default branch, below 40"
reshefsharvit/ufc-data-warehouse,reshefsharvit__ufc-data-warehouse,https://github.com/reshefsharvit/ufc-data-warehouse,S3_code,20,GPL-3.0,18,,,2025-11-01T14:28:14Z,2026-03-05T12:03:22Z,excluded,not screened in,"P3 18 commits on the default branch, below 40"
reshmavarghese15/data-pipeline-dbt-aws-demo,reshmavarghese15__data-pipeline-dbt-aws-demo,https://github.com/reshmavarghese15/data-pipeline-dbt-aws-demo,S2_topic_analytics-engineering;S2_topic_dbt,1,MIT,10,,,2025-11-12T11:05:55Z,2025-11-28T21:53:40Z,excluded,not screened in,"P3 10 commits on the default branch, below 40"
rezer-bleede/dbt-Workbench,rezer-bleede__dbt-Workbench,https://github.com/rezer-bleede/dbt-Workbench,S3_code,69,MIT,262,8,1,2025-12-11T05:33:11Z,2026-05-30T18:17:25Z,excluded,not screened in,"P4 5.6 months between creation and last push, below 12"
rgargour/shop_now,rgargour__shop_now,https://github.com/rgargour/shop_now,S3_code,0,,18,,,2025-09-20T12:23:26Z,2025-10-04T09:22:37Z,excluded,not screened in,"P3 18 commits on the default branch, below 40"
rgiosa10/dbt-indpnt-proj,rgiosa10__dbt-indpnt-proj,https://github.com/rgiosa10/dbt-indpnt-proj,S2_topic_dbt,2,,30,,,2023-01-10T23:53:36Z,2023-02-24T17:11:38Z,excluded,not screened in,"P3 30 commits on the default branch, below 40"
ria-jit/ria-jit,ria-jit__ria-jit,https://github.com/ria-jit/ria-jit,S2_topic_dbt,61,GPL-3.0,1145,0,0,2020-11-02T11:42:35Z,2021-03-29T11:19:56Z,excluded,not screened in,"P4 4.8 months between creation and last push, below 12"
ria-llm/spellbook,ria-llm__spellbook,https://github.com/ria-llm/spellbook,S3_code,0,MIT,1411,216,1,2022-10-22T09:33:40Z,2022-10-22T09:47:43Z,excluded,not screened in,"P4 0.0 months between creation and last push, below 12"
riazarbi/antirank,riazarbi__antirank,https://github.com/riazarbi/antirank,S3_code,0,AGPL-3.0,32,,,2022-11-07T12:07:17Z,2024-01-05T08:23:05Z,excluded,not screened in,"P3 32 commits on the default branch, below 40"
richardhe-fundamenta/dbt-container-for-bigquery,richardhe-fundamenta__dbt-container-for-bigquery,https://github.com/richardhe-fundamenta/dbt-container-for-bigquery,S3_code,13,MIT,6,,,2021-04-17T13:29:19Z,2021-04-18T12:04:39Z,excluded,not screened in,"P3 6 commits on the default branch, below 40"
richardhe-fundamenta/dbt-on-cloud-run,richardhe-fundamenta__dbt-on-cloud-run,https://github.com/richardhe-fundamenta/dbt-on-cloud-run,S3_code,22,MIT,4,,,2024-05-05T20:10:18Z,2024-05-06T10:05:25Z,excluded,not screened in,"P3 4 commits on the default branch, below 40"
richban/opendata-stack-platform,richban__opendata-stack-platform,https://github.com/richban/opendata-stack-platform,S2_topic_dbt,22,,452,12,1,2024-11-08T04:11:08Z,2026-07-26T16:21:49Z,passed,"extracted, excluded","only 5 monthly snapshots, below the 12 minimum"
ricklamers/orchest-dbt,ricklamers__orchest-dbt,https://github.com/ricklamers/orchest-dbt,S3_code,6,Apache-2.0,35,,,2022-01-07T13:42:00Z,2022-05-06T10:56:10Z,excluded,not screened in,"P3 35 commits on the default branch, below 40"
rifa8/Membership-Optimization-and-Business-Performance-Analysis-of-XYZ-Firm,rifa8__Membership-Optimization-and-Business-Performance-Analysis-of-XYZ-Firm,https://github.com/rifa8/Membership-Optimization-and-Business-Performance-Analysis-of-XYZ-Firm,S2_topic_dbt,1,,45,7,1,2024-02-02T14:11:43Z,2024-02-20T05:41:02Z,excluded,not screened in,"P4 0.6 months between creation and last push, below 12"
riju18/Dashing-Datawarehouse-dbt,riju18__Dashing-Datawarehouse-dbt,https://github.com/riju18/Dashing-Datawarehouse-dbt,S2_topic_dbt,3,,40,24,1,2023-01-18T06:30:03Z,2025-04-02T09:14:52Z,passed,"extracted, excluded","only 3 monthly snapshots, below the 12 minimum"
rikunisikawa/health-logger,rikunisikawa__health-logger,https://github.com/rikunisikawa/health-logger,S3_code,0,,353,16,1,2026-02-25T13:33:31Z,2026-08-03T10:34:34Z,excluded,not screened in,"P4 5.2 months between creation and last push, below 12"
rishi10rana/ecommerce_dbt_poc,rishi10rana__ecommerce_dbt_poc,https://github.com/rishi10rana/ecommerce_dbt_poc,S3_code,0,,4,,,2026-08-04T11:13:33Z,2026-08-04T13:25:09Z,excluded,not screened in,"P3 4 commits on the default branch, below 40"
risingwavelabs/awesome-stream-processing,risingwavelabs__awesome-stream-processing,https://github.com/risingwavelabs/awesome-stream-processing,S3_code,290,Apache-2.0,749,4,1,2024-01-23T23:56:13Z,2026-06-15T17:07:53Z,passed,"extracted, excluded","only 1 monthly snapshots, below the 12 minimum"
risingwavelabs/dbt-risingwave,risingwavelabs__dbt-risingwave,https://github.com/risingwavelabs/dbt-risingwave,S2_topic_dbt;S3_code,36,Apache-2.0,142,44,15,2023-02-08T05:50:49Z,2026-07-29T06:51:16Z,passed,"extracted, excluded","only 3 monthly snapshots, below the 12 minimum"
risw24/finalProjectDF11_onlinePayment,risw24__finalProjectDF11_onlinePayment,https://github.com/risw24/finalProjectDF11_onlinePayment,S3_code,1,,45,19,1,2023-11-22T01:56:06Z,2024-01-01T03:18:46Z,excluded,not screened in,"P4 1.3 months between creation and last push, below 12"
rittmananalytics/ra_attribution,rittmananalytics__ra_attribution,https://github.com/rittmananalytics/ra_attribution,S3_code,35,Apache-2.0,109,86,1,2022-02-07T08:38:55Z,2024-02-16T10:17:41Z,passed,"extracted, excluded","only 4 monthly snapshots, below the 12 minimum"
rittmananalytics/ra_data_warehouse,rittmananalytics__ra_data_warehouse,https://github.com/rittmananalytics/ra_data_warehouse,S3_code,271,Apache-2.0,504,284,1,2020-03-07T15:05:19Z,2022-10-28T17:15:18Z,passed,in corpus,
rittmananalytics/ra_dbt_to_dataform,rittmananalytics__ra_dbt_to_dataform,https://github.com/rittmananalytics/ra_dbt_to_dataform,S2_topic_dbt;S2_topic_dbt-core,7,,16,,,2024-07-27T13:09:08Z,2024-08-01T11:14:51Z,excluded,not screened in,"P3 16 commits on the default branch, below 40"
rittmananalytics/ra_warehouse_ecommerce,rittmananalytics__ra_warehouse_ecommerce,https://github.com/rittmananalytics/ra_warehouse_ecommerce,S3_code,1,,5,,,2023-12-18T22:10:46Z,2025-07-17T22:30:17Z,excluded,not screened in,"P3 5 commits on the default branch, below 40"
rittmananalytics/ra_warehouse_ecommerce_v2,rittmananalytics__ra_warehouse_ecommerce_v2,https://github.com/rittmananalytics/ra_warehouse_ecommerce_v2,S3_code,2,,25,,,2025-07-19T17:30:12Z,2025-07-30T21:47:00Z,excluded,not screened in,"P3 25 commits on the default branch, below 40"
rittmananalytics/ra_warehouse_internal_clone,rittmananalytics__ra_warehouse_internal_clone,https://github.com/rittmananalytics/ra_warehouse_internal_clone,S3_code,10,Apache-2.0,3,,,2022-05-15T21:55:36Z,2022-05-15T21:56:43Z,excluded,not screened in,"P3 3 commits on the default branch, below 40"
rittmananalytics/wire-demos,rittmananalytics__wire-demos,https://github.com/rittmananalytics/wire-demos,S3_code,0,,10,,,2026-05-31T15:06:46Z,2026-06-13T22:30:25Z,excluded,not screened in,"P3 10 commits on the default branch, below 40"
riyapatel-04/caresignal-ai,riyapatel-04__caresignal-ai,https://github.com/riyapatel-04/caresignal-ai,S3_code,0,,11,,,2026-06-08T23:54:03Z,2026-06-10T03:55:14Z,excluded,not screened in,"P3 11 commits on the default branch, below 40"
rizkipragustono/ecommerce_elt_project,rizkipragustono__ecommerce_elt_project,https://github.com/rizkipragustono/ecommerce_elt_project,S2_topic_dbt,1,,10,,,2024-12-09T09:11:09Z,2024-12-12T03:43:46Z,excluded,not screened in,"P3 10 commits on the default branch, below 40"
rizkyhaksono/mlops-airflow-tutorial,rizkyhaksono__mlops-airflow-tutorial,https://github.com/rizkyhaksono/mlops-airflow-tutorial,S3_code,0,,1,,,2026-06-13T07:59:26Z,2026-06-13T08:06:26Z,excluded,not screened in,"P3 1 commits on the default branch, below 40"
rjh336/dbt-model-usage,rjh336__dbt-model-usage,https://github.com/rjh336/dbt-model-usage,S3_code,22,Apache-2.0,20,,,2022-08-29T04:42:01Z,2023-07-21T13:57:26Z,excluded,not screened in,"P3 20 commits on the default branch, below 40"
rkaushik2007/dbt-databricks-project,rkaushik2007__dbt-databricks-project,https://github.com/rkaushik2007/dbt-databricks-project,S3_code,0,,2,,,2025-12-23T16:19:28Z,2025-12-23T16:22:05Z,excluded,not screened in,"P3 2 commits on the default branch, below 40"
rmeriga444/newday,rmeriga444__newday,https://github.com/rmeriga444/newday,S3_code,0,,50,16,1,2026-04-09T05:11:34Z,2026-04-09T12:40:55Z,excluded,not screened in,"P4 0.0 months between creation and last push, below 12"
robertofernandezmartinez/dbt-retail,robertofernandezmartinez__dbt-retail,https://github.com/robertofernandezmartinez/dbt-retail,S2_topic_analytics-engineering;S2_topic_dbt,1,,5,,,2026-05-26T16:14:24Z,2026-05-29T14:57:29Z,excluded,not screened in,"P3 5 commits on the default branch, below 40"
robertofernandezmartinez/esios-energy-analytics,robertofernandezmartinez__esios-energy-analytics,https://github.com/robertofernandezmartinez/esios-energy-analytics,S2_topic_analytics-engineering;S2_topic_dbt,1,,9,,,2026-06-03T14:58:09Z,2026-06-07T14:17:03Z,excluded,not screened in,"P3 9 commits on the default branch, below 40"
robertofernandezmartinez/logistics-fleet-dbt,robertofernandezmartinez__logistics-fleet-dbt,https://github.com/robertofernandezmartinez/logistics-fleet-dbt,S2_topic_analytics-engineering;S2_topic_dbt,1,,6,,,2026-04-07T09:59:57Z,2026-04-08T16:01:15Z,excluded,not screened in,"P3 6 commits on the default branch, below 40"
robmoore/meltano-postgres-example,robmoore__meltano-postgres-example,https://github.com/robmoore/meltano-postgres-example,S3_code,5,,13,,,2019-05-05T19:43:38Z,2019-05-16T16:10:18Z,excluded,not screened in,"P3 13 commits on the default branch, below 40"
rochaadrielea/dbt_framework,rochaadrielea__dbt_framework,https://github.com/rochaadrielea/dbt_framework,S3_code,0,,2,,,2025-11-27T13:45:37Z,2025-11-28T09:11:11Z,excluded,not screened in,"P3 2 commits on the default branch, below 40"
rockset/dbt-rockset,rockset__dbt-rockset,https://github.com/rockset/dbt-rockset,S3_code,16,,136,0,1,2020-09-26T04:20:17Z,2024-06-18T01:39:22Z,passed,"extracted, excluded",no commits touch any declared model path
rocky-data/rocky,rocky-data__rocky,https://github.com/rocky-data/rocky,S3_code,292,Apache-2.0,1294,9,5,2026-04-13T22:23:28Z,2026-08-05T00:18:22Z,excluded,not screened in,"P4 3.7 months between creation and last push, below 12"
rocs-org/data-pipelines,rocs-org__data-pipelines,https://github.com/rocs-org/data-pipelines,S2_topic_dbt,2,,584,10,1,2021-06-28T09:50:12Z,2026-06-26T10:54:31Z,passed,"extracted, excluded","only 3 monthly snapshots, below the 12 minimum"
rodrigodatadesign/job-market-analytics,rodrigodatadesign__job-market-analytics,https://github.com/rodrigodatadesign/job-market-analytics,S2_topic_dbt,1,,2,,,2026-07-02T18:14:09Z,2026-07-02T19:54:36Z,excluded,not screened in,"P3 2 commits on the default branch, below 40"
rodrigodesouza7/deliveryops-intelligence,rodrigodesouza7__deliveryops-intelligence,https://github.com/rodrigodesouza7/deliveryops-intelligence,S2_topic_analytics-engineering;S2_topic_dbt,2,MIT,21,,,2026-05-17T16:42:36Z,2026-05-25T11:02:14Z,excluded,not screened in,"P3 21 commits on the default branch, below 40"
rodrigovimieiro/OpenCodes,rodrigovimieiro__OpenCodes,https://github.com/rodrigovimieiro/OpenCodes,S2_topic_dbt,8,GPL-3.0,83,0,0,2018-11-13T12:58:52Z,2025-06-18T11:54:33Z,passed,"extracted, excluded",no dbt_project.yml found anywhere on the first-parent history
rohilm/schooldata_dbt,rohilm__schooldata_dbt,https://github.com/rohilm/schooldata_dbt,S3_code,0,,11,,,2025-05-25T07:45:21Z,2025-05-25T11:37:01Z,excluded,not screened in,"P3 11 commits on the default branch, below 40"
rohit-bhowmick2002/us-flights-analytics-platform,rohit-bhowmick2002__us-flights-analytics-platform,https://github.com/rohit-bhowmick2002/us-flights-analytics-platform,S2_topic_dbt,1,MIT,3,,,2026-07-16T13:32:30Z,2026-07-16T13:41:36Z,excluded,not screened in,"P3 3 commits on the default branch, below 40"
rohit-moholkar/data-technology-ecosystem-intelligence,rohit-moholkar__data-technology-ecosystem-intelligence,https://github.com/rohit-moholkar/data-technology-ecosystem-intelligence,S2_topic_analytics-engineering,1,,5,,,2026-07-09T13:58:50Z,2026-07-09T16:33:20Z,excluded,not screened in,"P3 5 commits on the default branch, below 40"
rohith-66/so-compensation-analytics,rohith-66__so-compensation-analytics,https://github.com/rohith-66/so-compensation-analytics,S3_code,0,,7,,,2026-04-12T01:23:41Z,2026-04-12T01:39:48Z,excluded,not screened in,"P3 7 commits on the default branch, below 40"
rohitsanj/superset-dbt-demo,rohitsanj__superset-dbt-demo,https://github.com/rohitsanj/superset-dbt-demo,S2_topic_dbt,1,,12,,,2024-01-20T00:29:24Z,2024-02-22T19:05:36Z,excluded,not screened in,"P3 12 commits on the default branch, below 40"
romanlicursi/nimbushr-revops-dashboard,romanlicursi__nimbushr-revops-dashboard,https://github.com/romanlicursi/nimbushr-revops-dashboard,S2_topic_dbt,1,,17,,,2025-08-09T17:35:09Z,2026-04-04T12:12:46Z,excluded,not screened in,"P3 17 commits on the default branch, below 40"
romanmurzac/DrivenPath,romanmurzac__DrivenPath,https://github.com/romanmurzac/DrivenPath,S3_code,5,,94,9,1,2024-09-01T15:09:29Z,2025-03-07T13:19:55Z,excluded,not screened in,"P4 6.1 months between creation and last push, below 12"
rongfengliang/dbt-demo,rongfengliang__dbt-demo,https://github.com/rongfengliang/dbt-demo,S2_topic_dbt,2,,2,,,2018-10-17T02:07:34Z,2019-01-27T13:44:11Z,excluded,not screened in,"P3 2 commits on the default branch, below 40"
ronyinc/portfolio-tracking-dbt,ronyinc__portfolio-tracking-dbt,https://github.com/ronyinc/portfolio-tracking-dbt,S3_code,1,,71,9,1,2025-03-06T21:56:52Z,2025-08-06T21:56:33Z,excluded,not screened in,"P4 5.0 months between creation and last push, below 12"
roseoflife/dbt-financial-model,roseoflife__dbt-financial-model,https://github.com/roseoflife/dbt-financial-model,S3_code,1,,56,3,1,2025-05-31T19:19:14Z,2025-10-20T18:18:17Z,excluded,not screened in,"P4 4.6 months between creation and last push, below 12"
roshnipal2819/ETL-Snowflake-Airflow-DBT,roshnipal2819__ETL-Snowflake-Airflow-DBT,https://github.com/roshnipal2819/ETL-Snowflake-Airflow-DBT,S3_code,0,,7,,,2025-09-11T00:18:44Z,2025-09-11T01:01:55Z,excluded,not screened in,"P3 7 commits on the default branch, below 40"
ross-bohlander/portfolio,ross-bohlander__portfolio,https://github.com/ross-bohlander/portfolio,S3_code,0,,87,19,3,2026-07-18T14:27:44Z,2026-08-04T18:13:47Z,excluded,not screened in,"P4 0.6 months between creation and last push, below 12"
rpalloni/dlt-ducklake-dbt-metabase,rpalloni__dlt-ducklake-dbt-metabase,https://github.com/rpalloni/dlt-ducklake-dbt-metabase,S2_topic_dbt,1,,42,5,1,2026-04-01T08:59:48Z,2026-05-25T14:17:55Z,excluded,not screened in,"P4 1.8 months between creation and last push, below 12"
rsanjabi/short-term-rentals-warehouse,rsanjabi__short-term-rentals-warehouse,https://github.com/rsanjabi/short-term-rentals-warehouse,S2_topic_dbt;S3_code,15,,68,9,1,2020-06-25T23:11:42Z,2023-06-09T22:55:38Z,passed,"extracted, excluded","only 2 monthly snapshots, below the 12 minimum"
rstml/dbt-external-tables-athena,rstml__dbt-external-tables-athena,https://github.com/rstml/dbt-external-tables-athena,S3_code,0,Apache-2.0,9,,,2024-01-17T22:19:31Z,2024-08-15T13:28:48Z,excluded,not screened in,"P3 9 commits on the default branch, below 40"
rudderlabs/airbyte,rudderlabs__airbyte,https://github.com/rudderlabs/airbyte,S3_code,0,NOASSERTION,11941,0,9,2021-10-29T05:30:08Z,2026-07-17T10:58:06Z,passed,"extracted, excluded",no commits touch any declared model path
rudderlabs/dbt-id-resolution,rudderlabs__dbt-id-resolution,https://github.com/rudderlabs/dbt-id-resolution,S2_topic_dbt,1,MIT,18,,,2020-05-22T04:58:35Z,2024-04-22T13:09:59Z,excluded,not screened in,"P3 18 commits on the default branch, below 40"
runprism/prism,runprism__prism,https://github.com/runprism/prism,S2_topic_dbt,88,Apache-2.0,673,0,0,2022-07-21T12:27:19Z,2024-11-25T16:15:29Z,passed,"extracted, excluded",every sampled commit yielded zero models
rushikeshdhumal/nyc-tlc-analytics,rushikeshdhumal__nyc-tlc-analytics,https://github.com/rushikeshdhumal/nyc-tlc-analytics,S3_code,1,MIT,85,3,1,2026-04-15T23:03:55Z,2026-05-06T02:27:22Z,excluded,not screened in,"P4 0.7 months between creation and last push, below 12"
ryanrozich/snowflake-dbml-generator,ryanrozich__snowflake-dbml-generator,https://github.com/ryanrozich/snowflake-dbml-generator,S2_topic_analytics-engineering,18,MIT,37,,,2024-04-24T06:31:17Z,2026-07-27T03:58:01Z,excluded,not screened in,"P3 37 commits on the default branch, below 40"
s-yadav/sql_test_repo,s-yadav__sql_test_repo,https://github.com/s-yadav/sql_test_repo,S3_code,0,Apache-2.0,4,,,2023-03-20T10:32:27Z,2023-03-20T12:43:13Z,excluded,not screened in,"P3 4 commits on the default branch, below 40"
sabino/dxt,sabino__dxt,https://github.com/sabino/dxt,S3_code,1,,221,88,56,2026-06-15T07:23:53Z,2026-06-21T20:12:03Z,excluded,not screened in,"P4 0.2 months between creation and last push, below 12"
sachinsu/momentumflow,sachinsu__momentumflow,https://github.com/sachinsu/momentumflow,S2_topic_dbt,1,,16,,,2021-02-22T08:28:16Z,2021-03-28T17:12:49Z,excluded,not screened in,"P3 16 commits on the default branch, below 40"
sachinthomas91/ask-your-data,sachinthomas91__ask-your-data,https://github.com/sachinthomas91/ask-your-data,S3_code,0,NOASSERTION,17,,,2025-07-10T03:50:05Z,2025-12-05T06:51:47Z,excluded,not screened in,"P3 17 commits on the default branch, below 40"
sacundim/covid-19-puerto-rico,sacundim__covid-19-puerto-rico,https://github.com/sacundim/covid-19-puerto-rico,S3_code,13,,2742,90,1,2020-05-04T05:13:40Z,2024-09-03T17:28:01Z,passed,in corpus,
saddalaaws/snowflakebdtfivetran,saddalaaws__snowflakebdtfivetran,https://github.com/saddalaaws/snowflakebdtfivetran,S3_code,0,,4,,,2024-10-05T14:30:37Z,2024-10-06T09:09:25Z,excluded,not screened in,"P3 4 commits on the default branch, below 40"
saigolla0320-cmyk/dbt-toolkit,saigolla0320-cmyk__dbt-toolkit,https://github.com/saigolla0320-cmyk/dbt-toolkit,S2_topic_analytics-engineering;S2_topic_dbt,1,,6,,,2026-06-17T23:11:41Z,2026-06-17T23:12:04Z,excluded,not screened in,"P3 6 commits on the default branch, below 40"
saigolla0320-cmyk/enterprise-data-lakehouse-platform,saigolla0320-cmyk__enterprise-data-lakehouse-platform,https://github.com/saigolla0320-cmyk/enterprise-data-lakehouse-platform,S2_topic_dbt,1,,7,,,2026-06-17T22:14:50Z,2026-06-17T22:40:17Z,excluded,not screened in,"P3 7 commits on the default branch, below 40"
saigolla0320-cmyk/nyc-taxi-etl-pipeline,saigolla0320-cmyk__nyc-taxi-etl-pipeline,https://github.com/saigolla0320-cmyk/nyc-taxi-etl-pipeline,S2_topic_dbt,1,,1,,,2026-06-17T21:24:05Z,2026-06-17T22:20:19Z,excluded,not screened in,"P3 1 commits on the default branch, below 40"
saipulrx/airflow_dbt_cosmos_bigquery,saipulrx__airflow_dbt_cosmos_bigquery,https://github.com/saipulrx/airflow_dbt_cosmos_bigquery,S3_code,0,,3,,,2026-01-13T15:35:44Z,2026-01-13T16:06:25Z,excluded,not screened in,"P3 3 commits on the default branch, below 40"
saitejareddy1220/SaaS-GTM-Revenue-Ops-Control-Tower,saitejareddy1220__SaaS-GTM-Revenue-Ops-Control-Tower,https://github.com/saitejareddy1220/SaaS-GTM-Revenue-Ops-Control-Tower,S3_code,0,,4,,,2026-01-01T22:57:11Z,2026-01-01T23:29:16Z,excluded,not screened in,"P3 4 commits on the default branch, below 40"
saitejasrivilli/product-analytics-pipeline,saitejasrivilli__product-analytics-pipeline,https://github.com/saitejasrivilli/product-analytics-pipeline,S3_code,0,,69,11,1,2026-06-15T20:46:26Z,2026-06-16T17:05:46Z,excluded,not screened in,"P4 0.0 months between creation and last push, below 12"
saithrishadaggupati/stock-market-analytics,saithrishadaggupati__stock-market-analytics,https://github.com/saithrishadaggupati/stock-market-analytics,S2_topic_analytics-engineering;S2_topic_dbt,1,,50,4,1,2026-05-27T16:38:20Z,2026-06-18T16:33:49Z,excluded,not screened in,"P4 0.7 months between creation and last push, below 12"
saitzaw/enterprise-data-lakehouse,saitzaw__enterprise-data-lakehouse,https://github.com/saitzaw/enterprise-data-lakehouse,S3_code,3,MIT,201,2,1,2025-05-31T08:06:38Z,2026-01-17T04:29:44Z,excluded,not screened in,"P4 7.6 months between creation and last push, below 12"
sajithamathi19/stadiumPulse,sajithamathi19__stadiumPulse,https://github.com/sajithamathi19/stadiumPulse,S3_code,0,,5,,,2026-07-30T20:03:30Z,2026-07-30T20:19:30Z,excluded,not screened in,"P3 5 commits on the default branch, below 40"
salbifaza/dbt_playground,salbifaza__dbt_playground,https://github.com/salbifaza/dbt_playground,S3_code,0,,8,,,2024-09-10T16:06:55Z,2024-09-15T05:39:25Z,excluded,not screened in,"P3 8 commits on the default branch, below 40"
salimt/Spotify-API-Pipeline,salimt__Spotify-API-Pipeline,https://github.com/salimt/Spotify-API-Pipeline,S2_topic_dbt,9,,23,,,2024-01-26T16:45:04Z,2024-02-03T08:27:03Z,excluded,not screened in,"P3 23 commits on the default branch, below 40"
salimt/Transfermarkt-ETL-and-LIVE-Scores,salimt__Transfermarkt-ETL-and-LIVE-Scores,https://github.com/salimt/Transfermarkt-ETL-and-LIVE-Scores,S2_topic_dbt,6,,1640,5,1,2024-02-27T07:21:16Z,2026-08-04T04:08:15Z,passed,"extracted, excluded","only 1 monthly snapshots, below the 12 minimum"
salimt/football-datasets,salimt__football-datasets,https://github.com/salimt/football-datasets,S2_topic_dbt,127,,2,,,2025-08-20T17:26:56Z,2025-10-18T17:21:12Z,excluded,not screened in,"P3 2 commits on the default branch, below 40"
salmah52/Omni_management,salmah52__Omni_management,https://github.com/salmah52/Omni_management,S3_code,0,,11,,,2024-07-03T15:16:03Z,2024-07-12T17:13:47Z,excluded,not screened in,"P3 11 commits on the default branch, below 40"
sam-hatley/real-estate-data,sam-hatley__real-estate-data,https://github.com/sam-hatley/real-estate-data,S2_topic_dbt;S3_code,6,MIT,21,,,2023-03-17T19:17:34Z,2023-04-06T10:24:59Z,excluded,not screened in,"P3 21 commits on the default branch, below 40"
sam0per/belgian-brewery,sam0per__belgian-brewery,https://github.com/sam0per/belgian-brewery,S2_topic_dbt,1,MIT,35,,,2025-07-30T18:32:21Z,2025-11-07T12:36:06Z,excluded,not screened in,"P3 35 commits on the default branch, below 40"
samhmariam/caritas-cda-service,samhmariam__caritas-cda-service,https://github.com/samhmariam/caritas-cda-service,S3_code,0,,4,,,2025-12-16T20:54:24Z,2025-12-22T11:51:58Z,excluded,not screened in,"P3 4 commits on the default branch, below 40"
samhmariam/portfolio-tracking-dbt,samhmariam__portfolio-tracking-dbt,https://github.com/samhmariam/portfolio-tracking-dbt,S3_code,0,,17,,,2025-02-25T13:20:42Z,2025-02-28T16:12:09Z,excluded,not screened in,"P3 17 commits on the default branch, below 40"
sami855-ux/pyspark-ETL,sami855-ux__pyspark-ETL,https://github.com/sami855-ux/pyspark-ETL,S3_code,0,,67,2,1,2025-12-14T18:11:39Z,2025-12-22T17:55:47Z,excluded,not screened in,"P4 0.2 months between creation and last push, below 12"
samiHEL/dbt_cicd,samiHEL__dbt_cicd,https://github.com/samiHEL/dbt_cicd,S3_code,0,,6,,,2024-10-10T09:08:00Z,2024-10-10T09:39:03Z,excluded,not screened in,"P3 6 commits on the default branch, below 40"
samuelmaia-analytics/Governed-Analytics-Platform,samuelmaia-analytics__Governed-Analytics-Platform,https://github.com/samuelmaia-analytics/Governed-Analytics-Platform,S2_topic_analytics-engineering,1,NOASSERTION,206,14,1,2026-03-21T23:04:56Z,2026-07-27T08:09:54Z,excluded,not screened in,"P4 4.2 months between creation and last push, below 12"
samueloshio/estore-analytics,samueloshio__estore-analytics,https://github.com/samueloshio/estore-analytics,S3_code,1,,17,,,2024-04-19T18:07:51Z,2024-04-20T14:51:48Z,excluded,not screened in,"P3 17 commits on the default branch, below 40"
samuelzhang1201/GA4,samuelzhang1201__GA4,https://github.com/samuelzhang1201/GA4,S3_code,0,,49,12,1,2024-09-09T12:18:45Z,2024-09-15T12:23:35Z,excluded,not screened in,"P4 0.2 months between creation and last push, below 12"
samvbk/tech-job-market-analyzer,samvbk__tech-job-market-analyzer,https://github.com/samvbk/tech-job-market-analyzer,S2_topic_dbt,1,,6,,,2026-03-24T17:46:16Z,2026-03-26T07:19:38Z,excluded,not screened in,"P3 6 commits on the default branch, below 40"
sanchitvj/sports_betting_analytics_engine,sanchitvj__sports_betting_analytics_engine,https://github.com/sanchitvj/sports_betting_analytics_engine,S2_topic_analytics-engineering;S2_topic_dbt;S3_code,54,MIT,236,60,1,2024-11-02T12:20:14Z,2025-03-21T22:53:54Z,excluded,not screened in,"P4 4.6 months between creation and last push, below 12"
sandeepkdeva/hudi,sandeepkdeva__hudi,https://github.com/sandeepkdeva/hudi,S3_code,0,Apache-2.0,4027,5,1,2023-07-12T17:31:55Z,2023-07-12T21:04:18Z,excluded,not screened in,"P4 0.0 months between creation and last push, below 12"
sandraprotsenko/SILVERSCREEN,sandraprotsenko__SILVERSCREEN,https://github.com/sandraprotsenko/SILVERSCREEN,S3_code,1,,6,,,2025-06-10T09:32:38Z,2025-06-13T11:19:31Z,excluded,not screened in,"P3 6 commits on the default branch, below 40"
sanogotech/open-source-data-stack,sanogotech__open-source-data-stack,https://github.com/sanogotech/open-source-data-stack,S2_topic_dbt,1,,7,,,2022-11-10T14:00:25Z,2023-02-02T16:36:53Z,excluded,not screened in,"P3 7 commits on the default branch, below 40"
santhiJyothi/DBT_PROJECT,santhiJyothi__DBT_PROJECT,https://github.com/santhiJyothi/DBT_PROJECT,S3_code,0,,6,,,2024-10-07T04:45:37Z,2024-10-14T01:49:32Z,excluded,not screened in,"P3 6 commits on the default branch, below 40"
saputhebeast/dbt-test,saputhebeast__dbt-test,https://github.com/saputhebeast/dbt-test,S3_code,0,,18,,,2025-09-07T16:53:35Z,2025-09-08T09:06:08Z,excluded,not screened in,"P3 18 commits on the default branch, below 40"
saraechcharqy2022/airbyte,saraechcharqy2022__airbyte,https://github.com/saraechcharqy2022/airbyte,S3_code,0,,4,,,2025-05-15T09:31:51Z,2025-05-16T08:09:24Z,excluded,not screened in,"P3 4 commits on the default branch, below 40"
saras-daton/AmazonAds,saras-daton__AmazonAds,https://github.com/saras-daton/AmazonAds,S3_code,2,Apache-2.0,131,18,1,2022-11-17T06:05:56Z,2023-12-10T04:58:59Z,passed,"extracted, excluded","only 8 monthly snapshots, below the 12 minimum"
saras-daton/AmazonSellerCentral,saras-daton__AmazonSellerCentral,https://github.com/saras-daton/AmazonSellerCentral,S3_code,4,Apache-2.0,115,21,1,2022-11-18T09:40:26Z,2024-01-02T10:54:43Z,passed,"extracted, excluded","only 9 monthly snapshots, below the 12 minimum"
saras-daton/Walmart,saras-daton__Walmart,https://github.com/saras-daton/Walmart,S3_code,0,,2,,,2023-04-26T06:51:11Z,2023-05-15T17:48:02Z,excluded,not screened in,"P3 2 commits on the default branch, below 40"
sarathchandrikak/Data-Projects,sarathchandrikak__Data-Projects,https://github.com/sarathchandrikak/Data-Projects,S2_topic_dbt,5,MIT,79,5,1,2021-11-05T18:25:36Z,2026-03-04T17:07:05Z,passed,"extracted, excluded","only 1 monthly snapshots, below the 12 minimum"
sathishthandhari-collab/Ad_tech,sathishthandhari-collab__Ad_tech,https://github.com/sathishthandhari-collab/Ad_tech,S3_code,1,,75,24,1,2025-09-16T10:38:27Z,2025-12-19T04:46:23Z,excluded,not screened in,"P4 3.1 months between creation and last push, below 12"
sathishthandhari-collab/Ecommerce_project_olist,sathishthandhari-collab__Ecommerce_project_olist,https://github.com/sathishthandhari-collab/Ecommerce_project_olist,S3_code,1,,53,22,1,2025-10-09T17:56:49Z,2025-11-10T05:29:52Z,excluded,not screened in,"P4 1.0 months between creation and last push, below 12"
sathwikbs/automate-dv-kimball,sathwikbs__automate-dv-kimball,https://github.com/sathwikbs/automate-dv-kimball,S3_code,1,NOASSERTION,4,,,2026-04-03T13:29:40Z,2026-04-03T14:39:23Z,excluded,not screened in,"P3 4 commits on the default branch, below 40"
saulhkd/DATA_PROJECT_2,saulhkd__DATA_PROJECT_2,https://github.com/saulhkd/DATA_PROJECT_2,S3_code,2,,57,2,1,2026-03-29T17:39:18Z,2026-04-24T10:56:16Z,excluded,not screened in,"P4 0.8 months between creation and last push, below 12"
saur-w/dbt-analytics,saur-w__dbt-analytics,https://github.com/saur-w/dbt-analytics,S3_code,0,,11,,,2025-05-16T20:04:18Z,2025-05-16T23:09:34Z,excluded,not screened in,"P3 11 commits on the default branch, below 40"
sawon1903210/bonnard-cli,sawon1903210__bonnard-cli,https://github.com/sawon1903210/bonnard-cli,S2_topic_dbt,1,MIT,4,,,2026-03-03T10:07:47Z,2026-07-27T10:29:52Z,excluded,not screened in,"P3 4 commits on the default branch, below 40"
saywurdson/claims_db,saywurdson__claims_db,https://github.com/saywurdson/claims_db,S3_code,0,MIT,25,,,2024-03-24T17:29:28Z,2026-05-05T03:10:12Z,excluded,not screened in,"P3 25 commits on the default branch, below 40"
sbdk-dev/local-ai-analyst,sbdk-dev__local-ai-analyst,https://github.com/sbdk-dev/local-ai-analyst,S2_topic_dbt,1,MIT,5,,,2025-11-07T16:29:48Z,2025-11-23T03:53:54Z,excluded,not screened in,"P3 5 commits on the default branch, below 40"
sbdk-dev/sbdk-dev,sbdk-dev__sbdk-dev,https://github.com/sbdk-dev/sbdk-dev,S2_topic_dbt,3,MIT,61,10,2,2025-08-01T18:42:10Z,2025-11-25T01:55:17Z,excluded,not screened in,"P4 3.8 months between creation and last push, below 12"
sbdk-dev/sbdk.dev,sbdk-dev__sbdk.dev,https://github.com/sbdk-dev/sbdk.dev,S2_topic_dbt,2,MIT,56,0,0,2025-10-25T23:21:26Z,2025-11-25T01:58:50Z,excluded,not screened in,"P4 1.0 months between creation and last push, below 12"
scarblase/spotify_analysis,scarblase__spotify_analysis,https://github.com/scarblase/spotify_analysis,S2_topic_dbt,1,,2,,,2025-04-22T18:20:15Z,2025-04-22T18:37:24Z,excluded,not screened in,"P3 2 commits on the default branch, below 40"
sch-paulo/dbt-deploy,sch-paulo__dbt-deploy,https://github.com/sch-paulo/dbt-deploy,S3_code,0,,6,,,2025-06-07T20:38:28Z,2025-06-07T23:28:32Z,excluded,not screened in,"P3 6 commits on the default branch, below 40"
schubergphilis/sqe,schubergphilis__sqe,https://github.com/schubergphilis/sqe,S3_code,4,Apache-2.0,2279,0,1,2026-05-04T11:05:24Z,2026-07-12T20:30:06Z,excluded,not screened in,"P4 2.3 months between creation and last push, below 12"
sclauguico/ecommerce-modern-data-stack,sclauguico__ecommerce-modern-data-stack,https://github.com/sclauguico/ecommerce-modern-data-stack,S3_code,14,,72,75,4,2024-12-28T04:20:58Z,2025-02-23T07:14:43Z,excluded,not screened in,"P4 1.9 months between creation and last push, below 12"
scoriss/OTUS-DE-IPA,scoriss__OTUS-DE-IPA,https://github.com/scoriss/OTUS-DE-IPA,S2_topic_dbt,1,,20,,,2021-09-14T07:10:40Z,2021-11-23T15:02:16Z,excluded,not screened in,"P3 20 commits on the default branch, below 40"
scottleedavis/dbt-flashcards,scottleedavis__dbt-flashcards,https://github.com/scottleedavis/dbt-flashcards,S2_topic_dbt,3,MIT,81,0,0,2019-11-08T03:10:05Z,2023-03-23T18:24:43Z,passed,"extracted, excluded",no dbt_project.yml found anywhere on the first-parent history
scrambldchannel/dbt-yaml-guardrails,scrambldchannel__dbt-yaml-guardrails,https://github.com/scrambldchannel/dbt-yaml-guardrails,S2_topic_dbt,2,MIT,133,0,1,2026-04-18T21:50:12Z,2026-04-26T21:38:18Z,excluded,not screened in,"P4 0.2 months between creation and last push, below 12"
scriabinfan/exchange-rate-etl-pipeline,scriabinfan__exchange-rate-etl-pipeline,https://github.com/scriabinfan/exchange-rate-etl-pipeline,S2_topic_dbt,1,,7,,,2026-05-20T18:52:36Z,2026-05-20T19:01:03Z,excluded,not screened in,"P3 7 commits on the default branch, below 40"
sdebruyn/dbt-duckdb-utils,sdebruyn__dbt-duckdb-utils,https://github.com/sdebruyn/dbt-duckdb-utils,S2_topic_dbt;S3_code,5,MIT,18,,,2023-02-12T13:00:36Z,2023-02-13T12:56:12Z,excluded,not screened in,"P3 18 commits on the default branch, below 40"
sdebruyn/dbt-timescaledb,sdebruyn__dbt-timescaledb,https://github.com/sdebruyn/dbt-timescaledb,S2_topic_dbt;S3_code,44,MIT,219,0,1,2023-11-07T21:54:46Z,2026-06-19T09:12:32Z,passed,"extracted, excluded",no commits touch any declared model path
sdebruyn/inzight,sdebruyn__inzight,https://github.com/sdebruyn/inzight,S2_topic_dbt,20,MIT,64,7,1,2023-02-10T22:25:50Z,2026-02-12T00:32:02Z,passed,"extracted, excluded","only 1 monthly snapshots, below the 12 minimum"
seacevedo/Solana-Pipeline,seacevedo__Solana-Pipeline,https://github.com/seacevedo/Solana-Pipeline,S2_topic_dbt,40,,101,6,1,2023-03-31T19:41:17Z,2024-02-03T18:07:16Z,excluded,not screened in,"P4 10.1 months between creation and last push, below 12"
seacevedo/texas_claims_billing,seacevedo__texas_claims_billing,https://github.com/seacevedo/texas_claims_billing,S2_topic_dbt,3,,106,17,1,2024-01-12T03:55:18Z,2025-11-01T17:16:24Z,passed,"extracted, excluded","only 1 monthly snapshots, below the 12 minimum"
seadonggyun4/truthound-orchestration,seadonggyun4__truthound-orchestration,https://github.com/seadonggyun4/truthound-orchestration,S2_topic_dbt,2,Apache-2.0,109,0,1,2026-01-02T15:11:41Z,2026-07-14T06:15:41Z,excluded,not screened in,"P4 6.3 months between creation and last push, below 12"
seannguyen-code/comp5339_data_engineering_usyd,seannguyen-code__comp5339_data_engineering_usyd,https://github.com/seannguyen-code/comp5339_data_engineering_usyd,S3_code,1,MIT,4,,,2024-08-20T06:34:00Z,2025-09-20T06:58:56Z,excluded,not screened in,"P3 4 commits on the default branch, below 40"
sebastiancurea01-sketch/ad_spend_scenario,sebastiancurea01-sketch__ad_spend_scenario,https://github.com/sebastiancurea01-sketch/ad_spend_scenario,S3_code,0,,177,7,1,2026-05-08T09:21:11Z,2026-07-14T17:30:10Z,excluded,not screened in,"P4 2.2 months between creation and last push, below 12"
sebsimon8/my_dbt_project,sebsimon8__my_dbt_project,https://github.com/sebsimon8/my_dbt_project,S3_code,0,,46,29,1,2024-11-17T14:26:50Z,2024-11-26T17:53:49Z,excluded,not screened in,"P4 0.3 months between creation and last push, below 12"
seemesolarh/theLookup-ecommerce,seemesolarh__theLookup-ecommerce,https://github.com/seemesolarh/theLookup-ecommerce,S3_code,0,,6,,,2024-07-29T13:23:54Z,2024-10-08T13:24:47Z,excluded,not screened in,"P3 6 commits on the default branch, below 40"
sel6/Datawarehouse,sel6__Datawarehouse,https://github.com/sel6/Datawarehouse,S2_topic_dbt,1,MIT,70,2,1,2022-07-19T14:38:31Z,2022-08-04T14:34:19Z,excluded,not screened in,"P4 0.5 months between creation and last push, below 12"
selectdb/dbt-doris,selectdb__dbt-doris,https://github.com/selectdb/dbt-doris,S3_code,27,,32,,,2022-11-18T03:29:00Z,2023-11-17T10:36:05Z,excluded,not screened in,"P3 32 commits on the default branch, below 40"
senanurcetin/E-commerce,senanurcetin__E-commerce,https://github.com/senanurcetin/E-commerce,S3_code,0,MIT,24,,,2026-04-22T09:04:35Z,2026-06-04T14:01:46Z,excluded,not screened in,"P3 24 commits on the default branch, below 40"
senanurcetin/greenweez-finance-campaign-analytics,senanurcetin__greenweez-finance-campaign-analytics,https://github.com/senanurcetin/greenweez-finance-campaign-analytics,S3_code,0,MIT,30,,,2026-03-26T10:29:58Z,2026-05-31T20:22:08Z,excluded,not screened in,"P3 30 commits on the default branch, below 40"
senanurcetin/ieee-fraud-detection-analytics,senanurcetin__ieee-fraud-detection-analytics,https://github.com/senanurcetin/ieee-fraud-detection-analytics,S2_topic_dbt,1,MIT,64,36,1,2026-05-18T10:35:26Z,2026-06-04T21:48:59Z,excluded,not screened in,"P4 0.6 months between creation and last push, below 12"
senaygui/AiML-ethiopian-medical-biz-datawarehouse,senaygui__AiML-ethiopian-medical-biz-datawarehouse,https://github.com/senaygui/AiML-ethiopian-medical-biz-datawarehouse,S3_code,0,MIT,1,,,2025-02-04T19:35:06Z,2025-02-04T19:36:11Z,excluded,not screened in,"P3 1 commits on the default branch, below 40"
sergebogo/dbt_asthma,sergebogo__dbt_asthma,https://github.com/sergebogo/dbt_asthma,S3_code,0,,13,,,2024-09-27T10:42:30Z,2024-10-02T12:48:16Z,excluded,not screened in,"P3 13 commits on the default branch, below 40"
sergesAdjomo/technical_test,sergesAdjomo__technical_test,https://github.com/sergesAdjomo/technical_test,S3_code,0,,50,7,4,2024-11-24T19:22:47Z,2024-12-06T12:54:22Z,excluded,not screened in,"P4 0.4 months between creation and last push, below 12"
sergio-pestana/Data-Pipeline-using-Airflow-DBT-and-GCP,sergio-pestana__Data-Pipeline-using-Airflow-DBT-and-GCP,https://github.com/sergio-pestana/Data-Pipeline-using-Airflow-DBT-and-GCP,S3_code,21,,7,,,2023-11-03T17:39:58Z,2023-11-04T14:05:05Z,excluded,not screened in,"P3 7 commits on the default branch, below 40"
servian/bigquery-dbt-demo,servian__bigquery-dbt-demo,https://github.com/servian/bigquery-dbt-demo,S3_code,3,,6,,,2020-06-14T08:12:32Z,2020-11-06T01:48:59Z,excluded,not screened in,"P3 6 commits on the default branch, below 40"
several27/prophecy_analytics_dais_2024,several27__prophecy_analytics_dais_2024,https://github.com/several27/prophecy_analytics_dais_2024,S3_code,0,,11,,,2024-06-09T16:51:48Z,2025-02-27T18:26:23Z,excluded,not screened in,"P3 11 commits on the default branch, below 40"
sfc-gh-apanda/poc_dbt_projects_honeywell_ps_india,sfc-gh-apanda__poc_dbt_projects_honeywell_ps_india,https://github.com/sfc-gh-apanda/poc_dbt_projects_honeywell_ps_india,S3_code,0,,185,40,8,2025-11-25T10:28:09Z,2026-04-17T05:20:27Z,excluded,not screened in,"P4 4.7 months between creation and last push, below 12"
sfc-gh-dflippo/snowflake-dbt-demo,sfc-gh-dflippo__snowflake-dbt-demo,https://github.com/sfc-gh-dflippo/snowflake-dbt-demo,S3_code,34,Apache-2.0,303,35,1,2022-02-01T13:00:17Z,2026-07-29T19:55:28Z,passed,in corpus,
sfc-gh-mkovner/dbt-core-tutorial,sfc-gh-mkovner__dbt-core-tutorial,https://github.com/sfc-gh-mkovner/dbt-core-tutorial,S3_code,0,,6,,,2025-05-28T20:24:36Z,2025-05-29T17:02:02Z,excluded,not screened in,"P3 6 commits on the default branch, below 40"
sfeir-open-source/sfeir-school-dbt,sfeir-open-source__sfeir-school-dbt,https://github.com/sfeir-open-source/sfeir-school-dbt,S3_code,2,Apache-2.0,46,1,3,2022-12-23T15:08:46Z,2026-07-09T09:46:39Z,passed,"extracted, excluded","only 1 monthly snapshots, below the 12 minimum"
sgoley/dbt-postgres-utils,sgoley__dbt-postgres-utils,https://github.com/sgoley/dbt-postgres-utils,S3_code,12,Apache-2.0,23,,,2020-07-08T16:40:36Z,2026-04-29T22:19:20Z,excluded,not screened in,"P3 23 commits on the default branch, below 40"
shahidmalik4/analytics-pipeline-fastapi-dbt,shahidmalik4__analytics-pipeline-fastapi-dbt,https://github.com/shahidmalik4/analytics-pipeline-fastapi-dbt,S2_topic_analytics-engineering;S2_topic_dbt;S2_topic_dbt-core,1,,14,,,2025-08-23T06:36:57Z,2025-08-23T08:50:12Z,excluded,not screened in,"P3 14 commits on the default branch, below 40"
shahidmalik4/astro-duckdb-dbt-pipeline,shahidmalik4__astro-duckdb-dbt-pipeline,https://github.com/shahidmalik4/astro-duckdb-dbt-pipeline,S2_topic_dbt,1,,23,,,2025-11-15T05:29:52Z,2025-12-14T17:04:43Z,excluded,not screened in,"P3 23 commits on the default branch, below 40"
shahidmalik4/dbt-airflow-data-pipeline,shahidmalik4__dbt-airflow-data-pipeline,https://github.com/shahidmalik4/dbt-airflow-data-pipeline,S2_topic_dbt,5,,67,26,1,2025-12-03T11:25:20Z,2026-01-06T10:27:47Z,excluded,not screened in,"P4 1.1 months between creation and last push, below 12"
shahidmalik4/dbt-snowflake-data-pipeline,shahidmalik4__dbt-snowflake-data-pipeline,https://github.com/shahidmalik4/dbt-snowflake-data-pipeline,S2_topic_dbt,1,,7,,,2024-10-03T12:35:59Z,2024-10-14T04:53:01Z,excluded,not screened in,"P3 7 commits on the default branch, below 40"
shahidmalik4/pyspark-snowflake-dbt-pipeline,shahidmalik4__pyspark-snowflake-dbt-pipeline,https://github.com/shahidmalik4/pyspark-snowflake-dbt-pipeline,S2_topic_dbt-core,2,,14,,,2024-10-14T04:38:12Z,2024-10-15T12:06:04Z,excluded,not screened in,"P3 14 commits on the default branch, below 40"
shaikfakruddin2018/enterprise-retail-data-mesh-snowflake,shaikfakruddin2018__enterprise-retail-data-mesh-snowflake,https://github.com/shaikfakruddin2018/enterprise-retail-data-mesh-snowflake,S2_topic_analytics-engineering;S2_topic_dbt,1,MIT,3,,,2026-06-27T15:27:18Z,2026-06-27T15:49:39Z,excluded,not screened in,"P3 3 commits on the default branch, below 40"
shaikfakruddin2018/operations-copilot,shaikfakruddin2018__operations-copilot,https://github.com/shaikfakruddin2018/operations-copilot,S2_topic_analytics-engineering,1,MIT,1,,,2026-06-24T13:22:13Z,2026-06-24T13:22:41Z,excluded,not screened in,"P3 1 commits on the default branch, below 40"
shaikmunna-data/modern-sql-dwh-project,shaikmunna-data__modern-sql-dwh-project,https://github.com/shaikmunna-data/modern-sql-dwh-project,S2_topic_analytics-engineering,2,MIT,16,,,2025-11-18T07:03:12Z,2025-12-06T09:43:51Z,excluded,not screened in,"P3 16 commits on the default branch, below 40"
shanazar/data_lakehouse,shanazar__data_lakehouse,https://github.com/shanazar/data_lakehouse,S3_code,1,,4,,,2025-05-04T22:43:16Z,2025-05-04T23:13:55Z,excluded,not screened in,"P3 4 commits on the default branch, below 40"
shankararul/dbt_eda_tools,shankararul__dbt_eda_tools,https://github.com/shankararul/dbt_eda_tools,S3_code,8,Apache-2.0,124,0,1,2024-05-15T08:10:17Z,2026-05-18T15:21:13Z,passed,"extracted, excluded","only 2 monthly snapshots, below the 12 minimum"
shannon-barrow/databricks-tpc-di,shannon-barrow__databricks-tpc-di,https://github.com/shannon-barrow/databricks-tpc-di,S3_code,98,,855,16,2,2023-03-24T18:10:54Z,2026-07-27T20:12:53Z,passed,"extracted, excluded","only 2 monthly snapshots, below the 12 minimum"
sharkawy98/dbt_transform_sales,sharkawy98__dbt_transform_sales,https://github.com/sharkawy98/dbt_transform_sales,S2_topic_dbt,2,,12,,,2021-03-31T05:32:20Z,2021-08-17T14:27:47Z,excluded,not screened in,"P3 12 commits on the default branch, below 40"
shashank-77-77/CDAC-PG-DAC-IET-PUNE-2025,shashank-77-77__CDAC-PG-DAC-IET-PUNE-2025,https://github.com/shashank-77-77/CDAC-PG-DAC-IET-PUNE-2025,S2_topic_dbt,4,,330,0,0,2025-09-26T14:34:15Z,2026-02-16T04:31:28Z,excluded,not screened in,"P4 4.7 months between creation and last push, below 12"
sherman94062/argus,sherman94062__argus,https://github.com/sherman94062/argus,S2_topic_dbt,1,,10,,,2026-04-01T16:10:49Z,2026-04-01T19:48:27Z,excluded,not screened in,"P3 10 commits on the default branch, below 40"
shibaleo/dwhbi,shibaleo__dwhbi,https://github.com/shibaleo/dwhbi,S3_code,0,,270,50,1,2025-11-07T07:30:19Z,2026-01-09T08:34:11Z,excluded,not screened in,"P4 2.1 months between creation and last push, below 12"
shielamms/google-trends-dbt,shielamms__google-trends-dbt,https://github.com/shielamms/google-trends-dbt,S2_topic_analytics-engineering;S2_topic_dbt,4,,17,,,2022-10-01T22:10:51Z,2022-10-04T21:33:30Z,excluded,not screened in,"P3 17 commits on the default branch, below 40"
shifahevo/HevoRepo,shifahevo__HevoRepo,https://github.com/shifahevo/HevoRepo,S3_code,0,,1,,,2024-09-08T17:21:18Z,2024-09-08T18:55:01Z,excluded,not screened in,"P3 1 commits on the default branch, below 40"
shimithq4/snowplow-dbt-demo,shimithq4__snowplow-dbt-demo,https://github.com/shimithq4/snowplow-dbt-demo,S3_code,0,Apache-2.0,50,33,2,2022-03-07T03:05:42Z,2022-03-07T17:54:44Z,excluded,not screened in,"P4 0.0 months between creation and last push, below 12"
shiv-io/austin-bikeshare,shiv-io__austin-bikeshare,https://github.com/shiv-io/austin-bikeshare,S3_code,0,,2,,,2021-01-23T10:08:54Z,2021-01-23T11:37:39Z,excluded,not screened in,"P3 2 commits on the default branch, below 40"
shj37/airflow-dbt-bigquery-healthdata-pipeline,shj37__airflow-dbt-bigquery-healthdata-pipeline,https://github.com/shj37/airflow-dbt-bigquery-healthdata-pipeline,S3_code,1,,5,,,2025-04-06T04:35:09Z,2025-04-06T09:27:45Z,excluded,not screened in,"P3 5 commits on the default branch, below 40"
shr111600/DBT-Cloud-ELT,shr111600__DBT-Cloud-ELT,https://github.com/shr111600/DBT-Cloud-ELT,S3_code,0,,9,,,2024-12-04T15:33:03Z,2024-12-04T17:39:35Z,excluded,not screened in,"P3 9 commits on the default branch, below 40"
shsiddhant/cricket-warehouse,shsiddhant__cricket-warehouse,https://github.com/shsiddhant/cricket-warehouse,S2_topic_dbt,1,MIT,35,,,2026-03-11T10:50:36Z,2026-03-23T07:56:05Z,excluded,not screened in,"P3 35 commits on the default branch, below 40"
shsiddhant/womens-wc,shsiddhant__womens-wc,https://github.com/shsiddhant/womens-wc,S2_topic_dbt,1,MIT,20,,,2025-12-25T14:04:16Z,2026-03-11T04:29:56Z,excluded,not screened in,"P3 20 commits on the default branch, below 40"
shubhamkragrawal/pharmpulse,shubhamkragrawal__pharmpulse,https://github.com/shubhamkragrawal/pharmpulse,S3_code,0,Apache-2.0,33,,,2026-07-17T01:24:49Z,2026-07-28T20:35:59Z,excluded,not screened in,"P3 33 commits on the default branch, below 40"
shubhzpatil/dbt-learning,shubhzpatil__dbt-learning,https://github.com/shubhzpatil/dbt-learning,S3_code,0,,19,,,2025-05-21T13:05:43Z,2025-06-12T10:13:10Z,excluded,not screened in,"P3 19 commits on the default branch, below 40"
shudhanshurp/LA_Crime_Data_Analysis,shudhanshurp__LA_Crime_Data_Analysis,https://github.com/shudhanshurp/LA_Crime_Data_Analysis,S2_topic_dbt,1,,4,,,2024-12-26T22:39:40Z,2024-12-30T05:59:47Z,excluded,not screened in,"P3 4 commits on the default branch, below 40"
sicedia/data_achitecture_infrastructure_test,sicedia__data_achitecture_infrastructure_test,https://github.com/sicedia/data_achitecture_infrastructure_test,S3_code,1,,14,,,2025-08-29T15:36:31Z,2026-03-05T18:30:26Z,excluded,not screened in,"P3 14 commits on the default branch, below 40"
sidataplus/ETL-Synthea-dbt,sidataplus__ETL-Synthea-dbt,https://github.com/sidataplus/ETL-Synthea-dbt,S3_code,1,,23,,,2022-08-26T01:47:49Z,2023-10-01T04:29:42Z,excluded,not screened in,"P3 23 commits on the default branch, below 40"
sidataplus/omop_linkage_dbt,sidataplus__omop_linkage_dbt,https://github.com/sidataplus/omop_linkage_dbt,S3_code,2,Apache-2.0,5,,,2023-09-27T09:06:53Z,2023-09-27T09:36:21Z,excluded,not screened in,"P3 5 commits on the default branch, below 40"
sidequery/sidemantic,sidequery__sidemantic,https://github.com/sidequery/sidemantic,S2_topic_analytics-engineering,110,AGPL-3.0,734,0,0,2025-10-04T20:51:21Z,2026-08-05T01:39:35Z,excluded,not screened in,"P4 10.0 months between creation and last push, below 12"
siege911/data-platform,siege911__data-platform,https://github.com/siege911/data-platform,S3_code,1,,16,,,2026-02-06T15:13:21Z,2026-03-04T19:46:54Z,excluded,not screened in,"P3 16 commits on the default branch, below 40"
silentsokolov/dbt-databend,silentsokolov__dbt-databend,https://github.com/silentsokolov/dbt-databend,S3_code,12,MIT,21,,,2022-07-24T14:14:43Z,2023-03-17T18:21:00Z,excluded,not screened in,"P3 21 commits on the default branch, below 40"
silverstone1903/dbt-duckdb-streamlit,silverstone1903__dbt-duckdb-streamlit,https://github.com/silverstone1903/dbt-duckdb-streamlit,S2_topic_dbt,1,,3,,,2025-12-16T18:58:46Z,2025-12-16T19:39:56Z,excluded,not screened in,"P3 3 commits on the default branch, below 40"
simegnew1213/Big_Data_olist-etl-project,simegnew1213__Big_Data_olist-etl-project,https://github.com/simegnew1213/Big_Data_olist-etl-project,S3_code,0,,5,,,2026-05-11T17:28:41Z,2026-05-13T20:00:38Z,excluded,not screened in,"P3 5 commits on the default branch, below 40"
simoun-asmar/silver-screen-data-pipeline-project,simoun-asmar__silver-screen-data-pipeline-project,https://github.com/simoun-asmar/silver-screen-data-pipeline-project,S2_topic_dbt,1,,119,8,1,2025-02-13T18:20:53Z,2025-02-22T13:35:16Z,excluded,not screened in,"P4 0.3 months between creation and last push, below 12"
simran08udhani/DBT,simran08udhani__DBT,https://github.com/simran08udhani/DBT,S2_topic_dbt,1,MIT,19,,,2025-02-19T06:29:57Z,2025-03-04T14:55:13Z,excluded,not screened in,"P3 19 commits on the default branch, below 40"
sina2002/flightdeck,sina2002__flightdeck,https://github.com/sina2002/flightdeck,S2_topic_analytics-engineering;S2_topic_dbt;S2_topic_dbt-core,1,MIT,6,,,2026-07-15T09:01:20Z,2026-07-22T14:49:54Z,excluded,not screened in,"P3 6 commits on the default branch, below 40"
singhpriyanshu5/us-ev-charging-stations-dashboard,singhpriyanshu5__us-ev-charging-stations-dashboard,https://github.com/singhpriyanshu5/us-ev-charging-stations-dashboard,S3_code,0,,35,,,2026-03-08T01:49:33Z,2026-04-08T06:39:40Z,excluded,not screened in,"P3 35 commits on the default branch, below 40"
sinhasagar507/taxi-fare-prediction,sinhasagar507__taxi-fare-prediction,https://github.com/sinhasagar507/taxi-fare-prediction,S2_topic_dbt,1,MIT,61,0,0,2024-08-02T23:20:55Z,2026-07-30T21:55:07Z,passed,"extracted, excluded",no dbt_project.yml found anywhere on the first-parent history
sipemu/dbt-lineage-viewer,sipemu__dbt-lineage-viewer,https://github.com/sipemu/dbt-lineage-viewer,S2_topic_dbt,19,MIT,45,5,1,2026-02-06T20:04:22Z,2026-06-08T15:04:39Z,excluded,not screened in,"P4 4.0 months between creation and last push, below 12"
sivaphaneendrakalidindi/dbt-demo-trainer,sivaphaneendrakalidindi__dbt-demo-trainer,https://github.com/sivaphaneendrakalidindi/dbt-demo-trainer,S3_code,0,,2,,,2025-06-17T11:37:17Z,2025-06-19T08:56:02Z,excluded,not screened in,"P3 2 commits on the default branch, below 40"
sivchari/snowflake-emulator,sivchari__snowflake-emulator,https://github.com/sivchari/snowflake-emulator,S3_code,30,MIT,83,4,1,2022-09-01T16:01:58Z,2026-07-21T06:46:28Z,passed,"extracted, excluded","only 1 monthly snapshots, below the 12 minimum"
skadel/mocksql,skadel__mocksql,https://github.com/skadel/mocksql,S2_topic_dbt,4,MIT,450,0,0,2026-04-24T21:24:11Z,2026-07-28T10:30:47Z,excluded,not screened in,"P4 3.1 months between creation and last push, below 12"
skevin-dev/Data-Warehouse-Migration,skevin-dev__Data-Warehouse-Migration,https://github.com/skevin-dev/Data-Warehouse-Migration,S2_topic_dbt,1,,11,,,2022-07-26T16:07:37Z,2022-07-31T18:32:22Z,excluded,not screened in,"P3 11 commits on the default branch, below 40"
skevin-dev/Data-warehouse-tech-stack,skevin-dev__Data-warehouse-tech-stack,https://github.com/skevin-dev/Data-warehouse-tech-stack,S2_topic_dbt,1,,24,,,2022-07-19T18:32:00Z,2022-07-27T08:50:17Z,excluded,not screened in,"P3 24 commits on the default branch, below 40"
skghosh95/fivetranjson,skghosh95__fivetranjson,https://github.com/skghosh95/fivetranjson,S3_code,0,,33,,,2023-06-06T14:06:45Z,2023-06-06T18:13:22Z,excluded,not screened in,"P3 33 commits on the default branch, below 40"
skihumba/data-engineering-project,skihumba__data-engineering-project,https://github.com/skihumba/data-engineering-project,S2_topic_analytics-engineering;S2_topic_dbt,1,,14,,,2024-03-26T18:27:21Z,2024-04-30T19:50:33Z,excluded,not screened in,"P3 14 commits on the default branch, below 40"
sknman92/dbt-Tableau-Agentic-Workflow-w.-European-Car-Registration-Data,sknman92__dbt-Tableau-Agentic-Workflow-w.-European-Car-Registration-Data,https://github.com/sknman92/dbt-Tableau-Agentic-Workflow-w.-European-Car-Registration-Data,S3_code,0,,4,,,2026-03-01T19:16:31Z,2026-07-09T00:12:10Z,excluded,not screened in,"P3 4 commits on the default branch, below 40"
sl2902/retail_data_pipeline,sl2902__retail_data_pipeline,https://github.com/sl2902/retail_data_pipeline,S2_topic_dbt,2,,82,4,1,2024-03-24T15:30:02Z,2024-04-14T14:28:23Z,excluded,not screened in,"P4 0.7 months between creation and last push, below 12"
sleekdata/oms_dbt_proj,sleekdata__oms_dbt_proj,https://github.com/sleekdata/oms_dbt_proj,S3_code,8,,2,,,2023-08-27T12:17:09Z,2025-07-05T03:27:51Z,excluded,not screened in,"P3 2 commits on the default branch, below 40"
slide-rule-tech/dbt-nexus,slide-rule-tech__dbt-nexus,https://github.com/slide-rule-tech/dbt-nexus,S3_code,3,,112,100,1,2025-05-14T16:20:15Z,2026-07-28T17:44:54Z,passed,in corpus,
slidoapp/dbt-coverage,slidoapp__dbt-coverage,https://github.com/slidoapp/dbt-coverage,S2_topic_dbt,241,MIT,135,0,0,2021-10-25T12:51:58Z,2026-04-29T08:49:19Z,passed,"extracted, excluded",no dbt_project.yml found anywhere on the first-parent history
slidoapp/dbt-superset-lineage,slidoapp__dbt-superset-lineage,https://github.com/slidoapp/dbt-superset-lineage,S2_topic_dbt,156,MIT,92,0,0,2021-12-03T08:55:32Z,2026-02-12T08:34:36Z,passed,"extracted, excluded",no dbt_project.yml found anywhere on the first-parent history
slothflowlabs/duckle,slothflowlabs__duckle,https://github.com/slothflowlabs/duckle,S2_topic_dbt,908,Apache-2.0,912,0,0,2026-05-21T06:32:39Z,2026-08-04T13:41:46Z,excluded,not screened in,"P4 2.5 months between creation and last push, below 12"
slunsford/coffee-analytics,slunsford__coffee-analytics,https://github.com/slunsford/coffee-analytics,S3_code,1,,176,17,1,2023-08-22T19:13:17Z,2026-07-15T21:09:08Z,passed,in corpus,
slve/dbt-github-workflow,slve__dbt-github-workflow,https://github.com/slve/dbt-github-workflow,S2_topic_dbt;S3_code,17,,1,,,2021-11-12T08:09:32Z,2022-03-27T07:54:49Z,excluded,not screened in,"P3 1 commits on the default branch, below 40"
smakov-data/retail-analytics-warehouse,smakov-data__retail-analytics-warehouse,https://github.com/smakov-data/retail-analytics-warehouse,S2_topic_analytics-engineering;S2_topic_dbt,1,,44,9,1,2026-02-19T16:35:24Z,2026-06-21T19:11:48Z,excluded,not screened in,"P4 4.0 months between creation and last push, below 12"
smalik-25/data-driven-fitness,smalik-25__data-driven-fitness,https://github.com/smalik-25/data-driven-fitness,S2_topic_dbt,1,,11,,,2026-06-20T21:14:17Z,2026-06-28T00:41:30Z,excluded,not screened in,"P3 11 commits on the default branch, below 40"
smalik-25/sneaker-intel,smalik-25__sneaker-intel,https://github.com/smalik-25/sneaker-intel,S2_topic_dbt,1,,18,,,2026-06-19T22:59:51Z,2026-07-12T22:21:08Z,excluded,not screened in,"P3 18 commits on the default branch, below 40"
smanindokhan/crypto-pipeline,smanindokhan__crypto-pipeline,https://github.com/smanindokhan/crypto-pipeline,S2_topic_dbt,38,,18,,,2026-04-17T19:08:39Z,2026-04-20T09:55:17Z,excluded,not screened in,"P3 18 commits on the default branch, below 40"
smithclay/dbt_opentelemetry,smithclay__dbt_opentelemetry,https://github.com/smithclay/dbt_opentelemetry,S3_code,4,Apache-2.0,11,,,2026-01-18T19:17:12Z,2026-02-02T01:45:47Z,excluded,not screened in,"P3 11 commits on the default branch, below 40"
snorkel-marlin-repos/dagster-io_dagster_pr_31619_0ec80b39-4621-4f02-8264-22aa4918f3a6,snorkel-marlin-repos__dagster-io_dagster_pr_31619_0ec80b39-4621-4f02-8264-22aa4918f3a6,https://github.com/snorkel-marlin-repos/dagster-io_dagster_pr_31619_0ec80b39-4621-4f02-8264-22aa4918f3a6,S3_code,0,Apache-2.0,3,,,2025-10-11T05:02:46Z,2025-10-11T05:02:56Z,excluded,not screened in,"P3 3 commits on the default branch, below 40"
snorkel-marlin-repos/dagster-io_dagster_pr_31826_384db417-9eb9-49f7-a7e0-f7adf228fef4,snorkel-marlin-repos__dagster-io_dagster_pr_31826_384db417-9eb9-49f7-a7e0-f7adf228fef4,https://github.com/snorkel-marlin-repos/dagster-io_dagster_pr_31826_384db417-9eb9-49f7-a7e0-f7adf228fef4,S3_code,0,Apache-2.0,3,,,2025-10-11T05:58:44Z,2025-10-11T05:58:54Z,excluded,not screened in,"P3 3 commits on the default branch, below 40"
snorkel-marlin-repos/dagster_pr_31574_full,snorkel-marlin-repos__dagster_pr_31574_full,https://github.com/snorkel-marlin-repos/dagster_pr_31574_full,S3_code,0,Apache-2.0,5,,,2025-09-30T21:20:44Z,2025-09-30T21:20:56Z,excluded,not screened in,"P3 5 commits on the default branch, below 40"
snowplow-incubator/dbt-example-project,snowplow-incubator__dbt-example-project,https://github.com/snowplow-incubator/dbt-example-project,S3_code,0,NOASSERTION,7,,,2023-05-17T17:09:51Z,2024-11-21T17:38:47Z,excluded,not screened in,"P3 7 commits on the default branch, below 40"
snowplow-incubator/dbt-snowplow-identities,snowplow-incubator__dbt-snowplow-identities,https://github.com/snowplow-incubator/dbt-snowplow-identities,S3_code,0,NOASSERTION,20,,,2025-12-16T16:55:06Z,2026-07-28T15:53:38Z,excluded,not screened in,"P3 20 commits on the default branch, below 40"
snowplow-incubator/dbt-template,snowplow-incubator__dbt-template,https://github.com/snowplow-incubator/dbt-template,S3_code,0,NOASSERTION,7,,,2022-11-15T11:23:42Z,2024-02-15T17:24:53Z,excluded,not screened in,"P3 7 commits on the default branch, below 40"
snowplow-incubator/signals-workshop-ecommerce-demo-app,snowplow-incubator__signals-workshop-ecommerce-demo-app,https://github.com/snowplow-incubator/signals-workshop-ecommerce-demo-app,S3_code,1,,16,,,2025-08-28T15:17:11Z,2026-03-03T14:54:20Z,excluded,not screened in,"P3 16 commits on the default branch, below 40"
snowplow-industry-solutions/dbt-snowplow-recsys-accelerators,snowplow-industry-solutions__dbt-snowplow-recsys-accelerators,https://github.com/snowplow-industry-solutions/dbt-snowplow-recsys-accelerators,S3_code,1,NOASSERTION,3,,,2025-09-23T15:01:12Z,2025-10-15T23:43:20Z,excluded,not screened in,"P3 3 commits on the default branch, below 40"
snowplow-industry-solutions/dbt-unified-keyhole-backfill,snowplow-industry-solutions__dbt-unified-keyhole-backfill,https://github.com/snowplow-industry-solutions/dbt-unified-keyhole-backfill,S3_code,0,NOASSERTION,85,46,1,2025-06-13T08:27:36Z,2025-10-14T09:57:39Z,excluded,not screened in,"P4 4.0 months between creation and last push, below 12"
snowplow/dbt-snowplow-attribution,snowplow__dbt-snowplow-attribution,https://github.com/snowplow/dbt-snowplow-attribution,S3_code,13,NOASSERTION,41,7,1,2023-11-20T10:50:14Z,2026-05-07T12:09:34Z,passed,"extracted, excluded","only 9 monthly snapshots, below the 12 minimum"
snowplow/dbt-snowplow-ecommerce,snowplow__dbt-snowplow-ecommerce,https://github.com/snowplow/dbt-snowplow-ecommerce,S3_code,8,NOASSERTION,78,20,1,2022-11-15T12:11:02Z,2026-06-16T11:25:05Z,passed,in corpus,
snowplow/dbt-snowplow-fractribution,snowplow__dbt-snowplow-fractribution,https://github.com/snowplow/dbt-snowplow-fractribution,S3_code,13,Apache-2.0,33,,,2022-11-09T10:20:04Z,2023-11-27T16:56:08Z,excluded,not screened in,"P3 33 commits on the default branch, below 40"
snowplow/dbt-snowplow-media-player,snowplow__dbt-snowplow-media-player,https://github.com/snowplow/dbt-snowplow-media-player,S2_topic_dbt;S3_code,9,NOASSERTION,86,16,1,2022-01-28T09:56:41Z,2026-05-26T11:56:06Z,passed,in corpus,
snowplow/dbt-snowplow-mobile,snowplow__dbt-snowplow-mobile,https://github.com/snowplow/dbt-snowplow-mobile,S2_topic_dbt;S3_code,15,NOASSERTION,65,27,2,2021-11-01T10:46:34Z,2026-04-07T13:31:39Z,passed,in corpus,
snowplow/dbt-snowplow-normalize,snowplow__dbt-snowplow-normalize,https://github.com/snowplow/dbt-snowplow-normalize,S2_topic_dbt;S3_code,3,NOASSERTION,53,3,1,2022-10-21T11:56:15Z,2026-05-07T12:05:26Z,passed,"extracted, excluded","only 6 monthly snapshots, below the 12 minimum"
snowplow/dbt-snowplow-unified,snowplow__dbt-snowplow-unified,https://github.com/snowplow/dbt-snowplow-unified,S3_code,23,NOASSERTION,90,46,1,2023-08-31T08:47:09Z,2026-05-05T12:26:26Z,passed,in corpus,
snowplow/dbt-snowplow-utils,snowplow__dbt-snowplow-utils,https://github.com/snowplow/dbt-snowplow-utils,S2_topic_dbt;S3_code,15,NOASSERTION,182,0,1,2021-06-18T12:20:23Z,2026-07-27T11:50:14Z,passed,"extracted, excluded",no commits touch any declared model path
snowplow/dbt-snowplow-web,snowplow__dbt-snowplow-web,https://github.com/snowplow/dbt-snowplow-web,S2_topic_dbt;S3_code,65,NOASSERTION,171,55,2,2021-06-22T10:38:44Z,2026-04-07T13:35:06Z,passed,in corpus,
sodadata/soda-core,sodadata__soda-core,https://github.com/sodadata/soda-core,S2_topic_dbt,2405,NOASSERTION,207,0,0,2020-12-14T19:59:19Z,2026-08-04T20:14:40Z,passed,"extracted, excluded",no dbt_project.yml found anywhere on the first-parent history
sohamwaghe/weather-pipeline,sohamwaghe__weather-pipeline,https://github.com/sohamwaghe/weather-pipeline,S3_code,1,,14,,,2026-02-06T06:06:00Z,2026-02-10T05:36:44Z,excluded,not screened in,"P3 14 commits on the default branch, below 40"
solid-af11/Urban-Mobility-Data-Pipeline,solid-af11__Urban-Mobility-Data-Pipeline,https://github.com/solid-af11/Urban-Mobility-Data-Pipeline,S2_topic_analytics-engineering;S2_topic_dbt,1,,8,,,2026-02-12T16:23:15Z,2026-03-29T05:49:07Z,excluded,not screened in,"P3 8 commits on the default branch, below 40"
soneeee22000/bcbs239-lakehouse,soneeee22000__bcbs239-lakehouse,https://github.com/soneeee22000/bcbs239-lakehouse,S2_topic_dbt,1,MIT,16,,,2026-05-01T23:02:50Z,2026-05-03T12:53:26Z,excluded,not screened in,"P3 16 commits on the default branch, below 40"
sonypriyadarshini/sql_ext,sonypriyadarshini__sql_ext,https://github.com/sonypriyadarshini/sql_ext,S3_code,0,,34,,,2024-08-30T06:23:53Z,2024-11-28T14:59:01Z,excluded,not screened in,"P3 34 commits on the default branch, below 40"
sonypriyadarshini/sql_protected_branch,sonypriyadarshini__sql_protected_branch,https://github.com/sonypriyadarshini/sql_protected_branch,S3_code,0,,24,,,2024-07-26T04:34:09Z,2024-07-26T05:06:16Z,excluded,not screened in,"P3 24 commits on the default branch, below 40"
soorajpazeekal/Dental-Modern-Data-demo,soorajpazeekal__Dental-Modern-Data-demo,https://github.com/soorajpazeekal/Dental-Modern-Data-demo,S2_topic_dbt,4,,72,3,1,2023-10-26T17:47:17Z,2024-02-05T04:28:33Z,excluded,not screened in,"P4 3.3 months between creation and last push, below 12"
sophatvitou/EcomBI,sophatvitou__EcomBI,https://github.com/sophatvitou/EcomBI,S3_code,1,,4,,,2026-06-03T04:12:07Z,2026-06-11T09:19:49Z,excluded,not screened in,"P3 4 commits on the default branch, below 40"
sotiriskar/packetpulse,sotiriskar__packetpulse,https://github.com/sotiriskar/packetpulse,S2_topic_dbt,2,Apache-2.0,76,5,1,2025-07-19T19:52:16Z,2025-08-17T14:27:31Z,excluded,not screened in,"P4 0.9 months between creation and last push, below 12"
sotyshchenko/PracticalAssignment4,sotyshchenko__PracticalAssignment4,https://github.com/sotyshchenko/PracticalAssignment4,S3_code,1,,11,,,2024-07-10T17:25:56Z,2024-07-24T16:38:04Z,excluded,not screened in,"P3 11 commits on the default branch, below 40"
split56/retail-analytics-pipeline,split56__retail-analytics-pipeline,https://github.com/split56/retail-analytics-pipeline,S2_topic_dbt,1,,3,,,2026-03-31T09:10:14Z,2026-04-07T06:21:27Z,excluded,not screened in,"P3 3 commits on the default branch, below 40"
sreyas-reddy/enterprise-data-platform,sreyas-reddy__enterprise-data-platform,https://github.com/sreyas-reddy/enterprise-data-platform,S2_topic_dbt,1,,42,20,1,2026-02-19T19:48:34Z,2026-04-14T15:11:13Z,excluded,not screened in,"P4 1.7 months between creation and last push, below 12"
srilekhatv/Hospital_Readmission_Analytics,srilekhatv__Hospital_Readmission_Analytics,https://github.com/srilekhatv/Hospital_Readmission_Analytics,S2_topic_dbt,1,,6,,,2025-09-27T02:28:39Z,2025-09-27T03:22:39Z,excluded,not screened in,"P3 6 commits on the default branch, below 40"
srpwnd/dbt-duckdb-s3-demo,srpwnd__dbt-duckdb-s3-demo,https://github.com/srpwnd/dbt-duckdb-s3-demo,S2_topic_dbt,1,,2,,,2023-03-14T10:15:56Z,2023-03-14T10:21:35Z,excluded,not screened in,"P3 2 commits on the default branch, below 40"
sshubh4/MeetingMetric,sshubh4__MeetingMetric,https://github.com/sshubh4/MeetingMetric,S3_code,0,,70,6,1,2026-04-04T23:20:16Z,2026-06-13T16:17:23Z,excluded,not screened in,"P4 2.3 months between creation and last push, below 12"
sshyam67/company-ai-operating-system,sshyam67__company-ai-operating-system,https://github.com/sshyam67/company-ai-operating-system,S2_topic_analytics-engineering,1,MIT,2,,,2026-07-29T18:28:40Z,2026-07-29T18:33:55Z,excluded,not screened in,"P3 2 commits on the default branch, below 40"
stable-data/dbt-snowflake-data-modeling-intro,stable-data__dbt-snowflake-data-modeling-intro,https://github.com/stable-data/dbt-snowflake-data-modeling-intro,S3_code,0,,5,,,2025-10-09T05:07:39Z,2025-10-17T01:52:47Z,excluded,not screened in,"P3 5 commits on the default branch, below 40"
stackabletech/demos,stackabletech__demos,https://github.com/stackabletech/demos,S3_code,3,Apache-2.0,321,1,1,2023-09-12T09:07:22Z,2026-07-24T15:06:13Z,passed,"extracted, excluded","only 1 monthly snapshots, below the 12 minimum"
stacktonic-com/stacktonic-dbt-example-project,stacktonic-com__stacktonic-dbt-example-project,https://github.com/stacktonic-com/stacktonic-dbt-example-project,S2_topic_dbt,41,,10,,,2021-11-24T15:04:52Z,2026-02-09T10:35:48Z,excluded,not screened in,"P3 10 commits on the default branch, below 40"
star3am/hashiqube,star3am__hashiqube,https://github.com/star3am/hashiqube,S2_topic_dbt,137,NOASSERTION,718,0,0,2023-07-06T21:44:54Z,2025-10-09T00:58:38Z,passed,"extracted, excluded",no dbt_project.yml found anywhere on the first-parent history
starburstdata/dbt-trino,starburstdata__dbt-trino,https://github.com/starburstdata/dbt-trino,S2_topic_analytics-engineering;S2_topic_dbt;S3_code,263,Apache-2.0,607,0,1,2021-07-14T19:26:53Z,2026-07-27T10:32:48Z,passed,"extracted, excluded","only 8 monthly snapshots, below the 12 minimum"
starburstdata/dbt-trino-utils,starburstdata__dbt-trino-utils,https://github.com/starburstdata/dbt-trino-utils,S3_code,22,Apache-2.0,60,0,1,2022-02-02T22:35:34Z,2023-12-13T18:45:19Z,passed,"extracted, excluded",no commits touch any declared model path
stasSajin/dbt-example,stasSajin__dbt-example,https://github.com/stasSajin/dbt-example,S3_code,12,,19,,,2020-03-05T18:07:24Z,2020-03-07T07:32:08Z,excluded,not screened in,"P3 19 commits on the default branch, below 40"
steinborndev/SARVault,steinborndev__SARVault,https://github.com/steinborndev/SARVault,S2_topic_dbt,2,MIT,132,27,1,2026-06-30T18:16:15Z,2026-07-19T09:59:42Z,excluded,not screened in,"P4 0.6 months between creation and last push, below 12"
stellar/stellar-dbt-public,stellar__stellar-dbt-public,https://github.com/stellar/stellar-dbt-public,S3_code,12,,354,61,1,2023-02-16T19:01:16Z,2026-08-04T21:42:30Z,passed,in corpus,
stephenprasetyachrismawan/airflow-dbt-example,stephenprasetyachrismawan__airflow-dbt-example,https://github.com/stephenprasetyachrismawan/airflow-dbt-example,S3_code,0,,15,,,2026-04-21T06:59:46Z,2026-04-24T02:59:04Z,excluded,not screened in,"P3 15 commits on the default branch, below 40"
stevenluu98/dbt-fundamentals,stevenluu98__dbt-fundamentals,https://github.com/stevenluu98/dbt-fundamentals,S2_topic_dbt,1,,17,,,2022-03-28T19:20:38Z,2022-04-19T21:56:20Z,excluded,not screened in,"P3 17 commits on the default branch, below 40"
sthciN/ifs-game-theory-decision-strategy,sthciN__ifs-game-theory-decision-strategy,https://github.com/sthciN/ifs-game-theory-decision-strategy,S3_code,1,,32,,,2023-12-19T14:21:21Z,2024-08-29T13:25:59Z,excluded,not screened in,"P3 32 commits on the default branch, below 40"
stkbailey/fivethirtyeight-dbt-data,stkbailey__fivethirtyeight-dbt-data,https://github.com/stkbailey/fivethirtyeight-dbt-data,S3_code,6,CC-BY-4.0,4,,,2020-03-29T17:33:17Z,2020-03-30T09:57:54Z,excluded,not screened in,"P3 4 commits on the default branch, below 40"
storm-software/reaper,storm-software__reaper,https://github.com/storm-software/reaper,S3_code,2,,347,0,1,2024-08-02T08:43:45Z,2026-08-03T20:02:39Z,passed,"extracted, excluded",no commits touch any declared model path
strafe27/malaysia-film-finas-db,strafe27__malaysia-film-finas-db,https://github.com/strafe27/malaysia-film-finas-db,S3_code,0,,7,,,2024-07-31T03:48:03Z,2024-09-05T09:50:41Z,excluded,not screened in,"P3 7 commits on the default branch, below 40"
sudanvannin/data-jobs-pipeline,sudanvannin__data-jobs-pipeline,https://github.com/sudanvannin/data-jobs-pipeline,S3_code,0,,2,,,2025-09-01T01:03:22Z,2025-09-22T16:28:09Z,excluded,not screened in,"P3 2 commits on the default branch, below 40"
suddenabnormalsecrets/fhir-dbt-utils,suddenabnormalsecrets__fhir-dbt-utils,https://github.com/suddenabnormalsecrets/fhir-dbt-utils,S3_code,0,Apache-2.0,25,,,2025-05-15T06:43:14Z,2025-05-15T06:43:17Z,excluded,not screened in,"P3 25 commits on the default branch, below 40"
sudip2607/MedTech-CXM,sudip2607__MedTech-CXM,https://github.com/sudip2607/MedTech-CXM,S3_code,0,,27,,,2026-01-08T18:39:49Z,2026-01-17T02:00:47Z,excluded,not screened in,"P3 27 commits on the default branch, below 40"
sudo-donya/versioned_scd,sudo-donya__versioned_scd,https://github.com/sudo-donya/versioned_scd,S3_code,0,Apache-2.0,8,,,2024-12-03T01:12:53Z,2024-12-09T19:45:44Z,excluded,not screened in,"P3 8 commits on the default branch, below 40"
sudo-pradip/dbt-state-oss,sudo-pradip__dbt-state-oss,https://github.com/sudo-pradip/dbt-state-oss,S2_topic_dbt,9,Apache-2.0,8,,,2026-06-03T18:06:47Z,2026-06-20T07:16:50Z,excluded,not screened in,"P3 8 commits on the default branch, below 40"
sudoku-committer/iot-elt-airflow-mongo-timescaledb,sudoku-committer__iot-elt-airflow-mongo-timescaledb,https://github.com/sudoku-committer/iot-elt-airflow-mongo-timescaledb,S2_topic_dbt,3,,18,,,2024-08-25T22:15:30Z,2024-08-28T10:12:17Z,excluded,not screened in,"P3 18 commits on the default branch, below 40"
sulaiman013/Superstore_FabricApp,sulaiman013__Superstore_FabricApp,https://github.com/sulaiman013/Superstore_FabricApp,S2_topic_analytics-engineering,1,MIT,1,,,2026-06-21T12:38:57Z,2026-06-21T13:41:50Z,excluded,not screened in,"P3 1 commits on the default branch, below 40"
sulfidate/dbt_weather_flights,sulfidate__dbt_weather_flights,https://github.com/sulfidate/dbt_weather_flights,S3_code,0,MIT,23,,,2024-10-14T08:19:25Z,2024-10-15T15:30:39Z,excluded,not screened in,"P3 23 commits on the default branch, below 40"
sumegim/dbt-demo,sumegim__dbt-demo,https://github.com/sumegim/dbt-demo,S3_code,0,,1,,,2023-11-21T21:49:26Z,2023-11-22T00:44:08Z,excluded,not screened in,"P3 1 commits on the default branch, below 40"
sundar139/Pixar_Analytics,sundar139__Pixar_Analytics,https://github.com/sundar139/Pixar_Analytics,S2_topic_analytics-engineering;S2_topic_dbt,1,MIT,5,,,2025-07-30T04:59:29Z,2026-04-10T17:29:52Z,excluded,not screened in,"P3 5 commits on the default branch, below 40"
sungchun12/airbyte-dbt-toolkit,sungchun12__airbyte-dbt-toolkit,https://github.com/sungchun12/airbyte-dbt-toolkit,S2_topic_dbt,5,MIT,107,0,0,2021-04-27T19:49:22Z,2021-05-24T18:55:56Z,excluded,not screened in,"P4 0.9 months between creation and last push, below 12"
sungchun12/airflow-dbt-cloud,sungchun12__airflow-dbt-cloud,https://github.com/sungchun12/airflow-dbt-cloud,S2_topic_dbt,37,Apache-2.0,16,,,2021-12-10T18:09:38Z,2023-10-30T22:31:33Z,excluded,not screened in,"P3 16 commits on the default branch, below 40"
sungchun12/airflow-toolkit,sungchun12__airflow-toolkit,https://github.com/sungchun12/airflow-toolkit,S2_topic_dbt,114,MIT,361,8,1,2020-06-26T01:55:52Z,2023-09-21T20:39:05Z,passed,"extracted, excluded","only 2 monthly snapshots, below the 12 minimum"
sungchun12/datafold_demo,sungchun12__datafold_demo,https://github.com/sungchun12/datafold_demo,S3_code,3,,7,,,2022-03-24T16:24:05Z,2023-07-18T16:44:34Z,excluded,not screened in,"P3 7 commits on the default branch, below 40"
sungchun12/fst,sungchun12__fst,https://github.com/sungchun12/fst,S2_topic_dbt,34,Apache-2.0,49,0,0,2023-03-13T00:30:00Z,2023-06-13T16:27:13Z,excluded,not screened in,"P4 3.0 months between creation and last push, below 12"
sungchun12/prefect-dbt-cloud,sungchun12__prefect-dbt-cloud,https://github.com/sungchun12/prefect-dbt-cloud,S2_topic_dbt,1,Apache-2.0,18,,,2022-05-25T21:53:26Z,2022-07-22T15:04:06Z,excluded,not screened in,"P3 18 commits on the default branch, below 40"
sunilp/dbt-data-vault-starter,sunilp__dbt-data-vault-starter,https://github.com/sunilp/dbt-data-vault-starter,S2_topic_dbt,1,NOASSERTION,36,,,2026-03-09T22:40:43Z,2026-03-09T22:40:47Z,excluded,not screened in,"P3 36 commits on the default branch, below 40"
sunilrathod123/dbt_anowflake_project_2024,sunilrathod123__dbt_anowflake_project_2024,https://github.com/sunilrathod123/dbt_anowflake_project_2024,S3_code,0,,13,,,2024-01-09T11:29:39Z,2024-08-04T06:15:48Z,excluded,not screened in,"P3 13 commits on the default branch, below 40"
sunnyskyess420/dbt-skills-reference,sunnyskyess420__dbt-skills-reference,https://github.com/sunnyskyess420/dbt-skills-reference,S2_topic_dbt,1,NOASSERTION,56,0,0,2026-07-12T06:06:54Z,2026-07-28T03:01:13Z,excluded,not screened in,"P4 0.5 months between creation and last push, below 12"
supakunz/Modern-Data-Platform,supakunz__Modern-Data-Platform,https://github.com/supakunz/Modern-Data-Platform,S2_topic_dbt,1,,11,,,2026-03-16T02:21:27Z,2026-03-16T07:31:39Z,excluded,not screened in,"P3 11 commits on the default branch, below 40"
sureshb208/dbt-demo,sureshb208__dbt-demo,https://github.com/sureshb208/dbt-demo,S3_code,0,,5,,,2022-07-12T05:52:32Z,2022-07-11T19:24:33Z,excluded,not screened in,"P3 5 commits on the default branch, below 40"
sushil6666/dbt_morning,sushil6666__dbt_morning,https://github.com/sushil6666/dbt_morning,S3_code,1,MIT,64,84,1,2026-04-27T02:31:04Z,2026-07-30T02:09:20Z,excluded,not screened in,"P4 3.1 months between creation and last push, below 12"
susmitha-9/dbt_scripts,susmitha-9__dbt_scripts,https://github.com/susmitha-9/dbt_scripts,S3_code,0,,18,,,2025-09-25T07:35:28Z,2026-01-08T22:22:20Z,excluded,not screened in,"P3 18 commits on the default branch, below 40"
sutrolabs/sf-samples,sutrolabs__sf-samples,https://github.com/sutrolabs/sf-samples,S3_code,0,Apache-2.0,152,72,1,2026-03-30T18:10:15Z,2026-03-30T18:12:35Z,excluded,not screened in,"P4 0.0 months between creation and last push, below 12"
suwa-sh/open-process-mining,suwa-sh__open-process-mining,https://github.com/suwa-sh/open-process-mining,S2_topic_dbt-core;S3_code,2,MIT,29,,,2025-10-04T04:17:31Z,2026-07-26T02:52:36Z,excluded,not screened in,"P3 29 commits on the default branch, below 40"
suwa-sh/tbm-template,suwa-sh__tbm-template,https://github.com/suwa-sh/tbm-template,S2_topic_dbt,1,MIT,19,,,2025-03-17T23:49:20Z,2026-04-21T20:15:20Z,excluded,not screened in,"P3 19 commits on the default branch, below 40"
svngoku/Formation_Data_Pipeline_Engineering_CyberSup,svngoku__Formation_Data_Pipeline_Engineering_CyberSup,https://github.com/svngoku/Formation_Data_Pipeline_Engineering_CyberSup,S3_code,1,,9,,,2026-01-11T21:32:49Z,2026-01-16T09:26:11Z,excluded,not screened in,"P3 9 commits on the default branch, below 40"
svobop/example-dbt-project,svobop__example-dbt-project,https://github.com/svobop/example-dbt-project,S3_code,0,,166,13,1,2026-04-17T18:34:10Z,2026-04-17T20:53:37Z,excluded,not screened in,"P4 0.0 months between creation and last push, below 12"
svvsaga/dbt-public,svvsaga__dbt-public,https://github.com/svvsaga/dbt-public,S3_code,0,MIT,73,0,1,2022-05-11T09:18:24Z,2024-03-18T11:02:06Z,passed,"extracted, excluded",no commits touch any declared model path
swang2016/dbt-learn-on-demand,swang2016__dbt-learn-on-demand,https://github.com/swang2016/dbt-learn-on-demand,S3_code,0,,10,,,2021-01-29T22:21:49Z,2021-02-01T05:22:45Z,excluded,not screened in,"P3 10 commits on the default branch, below 40"
swapnil-tambade/ST_PROJECTS,swapnil-tambade__ST_PROJECTS,https://github.com/swapnil-tambade/ST_PROJECTS,S2_topic_dbt;S2_topic_dbt-core,1,,179,13,1,2024-08-09T18:27:53Z,2026-04-13T16:46:10Z,passed,"extracted, excluded","only 2 monthly snapshots, below the 12 minimum"
swaroop-chintha/ecommerce-analysis,swaroop-chintha__ecommerce-analysis,https://github.com/swaroop-chintha/ecommerce-analysis,S3_code,0,,10,,,2026-03-24T05:44:48Z,2026-07-31T08:52:44Z,excluded,not screened in,"P3 10 commits on the default branch, below 40"
synccomputingcode/databricks-tpcdi,synccomputingcode__databricks-tpcdi,https://github.com/synccomputingcode/databricks-tpcdi,S3_code,6,MIT,27,,,2023-09-18T14:56:20Z,2023-10-22T12:51:50Z,excluded,not screened in,"P3 27 commits on the default branch, below 40"
syou6162/dbt-source-importer,syou6162__dbt-source-importer,https://github.com/syou6162/dbt-source-importer,S2_topic_dbt,6,,128,0,0,2022-01-21T12:35:45Z,2026-08-01T20:53:20Z,passed,"extracted, excluded",no dbt_project.yml found anywhere on the first-parent history
sztanko/al-pulse,sztanko__al-pulse,https://github.com/sztanko/al-pulse,S3_code,0,,54,31,1,2025-05-25T07:28:40Z,2026-03-07T15:39:54Z,excluded,not screened in,"P4 9.4 months between creation and last push, below 12"
taborerickson/dbt-ecommerce-analytics,taborerickson__dbt-ecommerce-analytics,https://github.com/taborerickson/dbt-ecommerce-analytics,S2_topic_analytics-engineering;S2_topic_dbt,1,,3,,,2026-07-14T13:27:18Z,2026-07-14T17:53:14Z,excluded,not screened in,"P3 3 commits on the default branch, below 40"
tailsdotcom/dbt-snowflake-dependency-tests,tailsdotcom__dbt-snowflake-dependency-tests,https://github.com/tailsdotcom/dbt-snowflake-dependency-tests,S2_topic_dbt,5,MIT,12,,,2019-07-28T17:07:53Z,2023-06-19T10:01:06Z,excluded,not screened in,"P3 12 commits on the default branch, below 40"
tailsdotcom/dbt-tableau-wrangler,tailsdotcom__dbt-tableau-wrangler,https://github.com/tailsdotcom/dbt-tableau-wrangler,S3_code,6,,7,,,2021-03-21T13:09:29Z,2022-08-18T17:26:50Z,excluded,not screened in,"P3 7 commits on the default branch, below 40"
tanhoang1808/northwind_data_warehouse,tanhoang1808__northwind_data_warehouse,https://github.com/tanhoang1808/northwind_data_warehouse,S2_topic_dbt-core,1,,55,28,1,2024-12-20T09:58:15Z,2025-01-08T02:51:22Z,excluded,not screened in,"P4 0.6 months between creation and last push, below 12"
taovietducofficial/ITLR-Fullstack-Recommender-RAG,taovietducofficial__ITLR-Fullstack-Recommender-RAG,https://github.com/taovietducofficial/ITLR-Fullstack-Recommender-RAG,S2_topic_dbt;S3_code,22,NOASSERTION,15,,,2026-07-21T16:58:26Z,2026-08-04T17:25:08Z,excluded,not screened in,"P3 15 commits on the default branch, below 40"
tapheret2/crypto-stream-pipeline,tapheret2__crypto-stream-pipeline,https://github.com/tapheret2/crypto-stream-pipeline,S3_code,1,,4,,,2026-04-24T16:44:58Z,2026-04-25T04:17:14Z,excluded,not screened in,"P3 4 commits on the default branch, below 40"
taquynhnga2001/proptech-dagster,taquynhnga2001__proptech-dagster,https://github.com/taquynhnga2001/proptech-dagster,S2_topic_dbt,3,,19,,,2025-01-05T11:31:47Z,2025-03-27T07:38:39Z,excluded,not screened in,"P3 19 commits on the default branch, below 40"
tarikmahmutbegovic/dbt_tpch,tarikmahmutbegovic__dbt_tpch,https://github.com/tarikmahmutbegovic/dbt_tpch,S3_code,1,,2,,,2025-06-26T02:33:43Z,2025-06-26T02:48:36Z,excluded,not screened in,"P3 2 commits on the default branch, below 40"
tata-fs4/AWS_Lakehouse_Project,tata-fs4__AWS_Lakehouse_Project,https://github.com/tata-fs4/AWS_Lakehouse_Project,S2_topic_dbt,1,,3,,,2025-12-09T12:38:05Z,2025-12-09T21:44:54Z,excluded,not screened in,"P3 3 commits on the default branch, below 40"
tata-fs4/azure_snowflake_cdc_pipeline,tata-fs4__azure_snowflake_cdc_pipeline,https://github.com/tata-fs4/azure_snowflake_cdc_pipeline,S2_topic_dbt,1,,3,,,2025-12-09T16:13:33Z,2025-12-09T21:41:28Z,excluded,not screened in,"P3 3 commits on the default branch, below 40"
tata-fs4/data_governance,tata-fs4__data_governance,https://github.com/tata-fs4/data_governance,S2_topic_dbt,2,,17,,,2025-10-29T02:59:45Z,2025-12-09T21:54:27Z,excluded,not screened in,"P3 17 commits on the default branch, below 40"
tawounfouet/jules_dbt-dataplateform,tawounfouet__jules_dbt-dataplateform,https://github.com/tawounfouet/jules_dbt-dataplateform,S3_code,0,,1,,,2026-04-22T14:44:26Z,2026-04-22T15:38:47Z,excluded,not screened in,"P3 1 commits on the default branch, below 40"
tconbeer/gitlab-analytics-sqlfmt,tconbeer__gitlab-analytics-sqlfmt,https://github.com/tconbeer/gitlab-analytics-sqlfmt,S3_code,1,NOASSERTION,26858,2167,1,2022-05-04T02:12:54Z,2025-10-17T17:53:08Z,passed,in corpus,
tconbeer/sqlfmt,tconbeer__sqlfmt,https://github.com/tconbeer/sqlfmt,S2_topic_dbt,541,NOASSERTION,569,0,0,2021-07-19T16:40:37Z,2026-08-03T19:11:22Z,passed,"extracted, excluded",no dbt_project.yml found anywhere on the first-parent history
techindicium/airbyte-indicium-training,techindicium__airbyte-indicium-training,https://github.com/techindicium/airbyte-indicium-training,S3_code,0,NOASSERTION,5166,0,6,2022-03-17T22:40:46Z,2022-03-17T22:50:56Z,excluded,not screened in,"P4 0.0 months between creation and last push, below 12"
techindicium/dbt-dag-monitoring,techindicium__dbt-dag-monitoring,https://github.com/techindicium/dbt-dag-monitoring,S3_code,30,Apache-2.0,304,20,1,2023-03-06T21:18:32Z,2025-02-14T04:16:02Z,passed,in corpus,
techindicium/dbt-databricks-billing,techindicium__dbt-databricks-billing,https://github.com/techindicium/dbt-databricks-billing,S3_code,3,Apache-2.0,92,8,1,2024-03-01T15:52:15Z,2024-09-13T20:56:08Z,excluded,not screened in,"P4 6.4 months between creation and last push, below 12"
techindicium/dbt-metalog,techindicium__dbt-metalog,https://github.com/techindicium/dbt-metalog,S3_code,45,MIT,94,0,1,2023-01-27T12:23:31Z,2023-02-16T21:40:29Z,excluded,not screened in,"P4 0.7 months between creation and last push, below 12"
techindicium/elementary-dbt-monitoring,techindicium__elementary-dbt-monitoring,https://github.com/techindicium/elementary-dbt-monitoring,S3_code,16,,80,17,1,2023-03-20T20:31:02Z,2024-11-18T16:43:03Z,passed,"extracted, excluded","only 8 monthly snapshots, below the 12 minimum"
techvaquero/dbtpcdi,techvaquero__dbtpcdi,https://github.com/techvaquero/dbtpcdi,S3_code,13,Apache-2.0,290,0,1,2023-04-18T21:05:08Z,2024-02-22T16:41:23Z,excluded,not screened in,"P4 10.2 months between creation and last push, below 12"
techvaquero/lakehouse_utils,techvaquero__lakehouse_utils,https://github.com/techvaquero/lakehouse_utils,S3_code,18,Apache-2.0,444,5,1,2023-05-08T19:15:19Z,2024-08-06T16:37:38Z,passed,"extracted, excluded","peak lineage size 4 nodes, below the 10 minimum"
tedoaba/KAIM-W7,tedoaba__KAIM-W7,https://github.com/tedoaba/KAIM-W7,S2_topic_dbt,1,,32,,,2024-10-09T09:15:44Z,2024-11-25T05:30:02Z,excluded,not screened in,"P3 32 commits on the default branch, below 40"
tejaswinipradeep88-max/saas-analytics-dbt,tejaswinipradeep88-max__saas-analytics-dbt,https://github.com/tejaswinipradeep88-max/saas-analytics-dbt,S2_topic_analytics-engineering;S2_topic_dbt,1,,2,,,2026-06-24T03:59:30Z,2026-06-24T04:03:54Z,excluded,not screened in,"P3 2 commits on the default branch, below 40"
tellery/tellery,tellery__tellery,https://github.com/tellery/tellery,S2_topic_dbt,361,Apache-2.0,1183,0,0,2021-06-17T03:27:28Z,2026-08-04T23:39:05Z,passed,"extracted, excluded",no dbt_project.yml found anywhere on the first-parent history
teoparis/dbt-analytics-project,teoparis__dbt-analytics-project,https://github.com/teoparis/dbt-analytics-project,S3_code,0,,22,,,2026-04-05T23:28:39Z,2026-04-06T08:11:04Z,excluded,not screened in,"P3 22 commits on the default branch, below 40"
teoria/treinamento-dbt-trino,teoria__treinamento-dbt-trino,https://github.com/teoria/treinamento-dbt-trino,S3_code,5,Apache-2.0,5,,,2023-09-17T01:02:02Z,2024-07-19T01:16:36Z,excluded,not screened in,"P3 5 commits on the default branch, below 40"
testdouble/dbt-lint,testdouble__dbt-lint,https://github.com/testdouble/dbt-lint,S2_topic_dbt,1,MIT,202,0,0,2026-03-10T21:55:33Z,2026-08-04T00:53:52Z,excluded,not screened in,"P4 4.8 months between creation and last push, below 12"
tfayyaz/dbt-cloud-demo,tfayyaz__dbt-cloud-demo,https://github.com/tfayyaz/dbt-cloud-demo,S3_code,0,,4,,,2020-11-24T14:41:08Z,2020-12-02T18:56:08Z,excluded,not screened in,"P3 4 commits on the default branch, below 40"
tgebicke/dbt_test_repo,tgebicke__dbt_test_repo,https://github.com/tgebicke/dbt_test_repo,S3_code,0,,2,,,2024-11-19T01:30:07Z,2024-11-19T15:33:28Z,excluded,not screened in,"P3 2 commits on the default branch, below 40"
tgpmoraes/dbtlearn,tgpmoraes__dbtlearn,https://github.com/tgpmoraes/dbtlearn,S3_code,0,,1,,,2024-12-21T13:29:30Z,2024-12-21T13:32:52Z,excluded,not screened in,"P3 1 commits on the default branch, below 40"
thalisondev/olist-data-pipeline,thalisondev__olist-data-pipeline,https://github.com/thalisondev/olist-data-pipeline,S2_topic_dbt,1,,31,,,2026-05-13T18:12:54Z,2026-05-27T14:20:00Z,excluded,not screened in,"P3 31 commits on the default branch, below 40"
thalleslemos/deel_globepay_project,thalleslemos__deel_globepay_project,https://github.com/thalleslemos/deel_globepay_project,S3_code,0,,10,,,2024-07-28T02:18:54Z,2024-07-28T06:55:27Z,excluded,not screened in,"P3 10 commits on the default branch, below 40"
thangbuiq/pokedexgen,thangbuiq__pokedexgen,https://github.com/thangbuiq/pokedexgen,S2_topic_dbt,2,Apache-2.0,64,19,1,2026-04-18T14:31:33Z,2026-08-01T03:23:50Z,excluded,not screened in,"P4 3.4 months between creation and last push, below 12"
thangmaster37/Bank-ETL-Pipeline,thangmaster37__Bank-ETL-Pipeline,https://github.com/thangmaster37/Bank-ETL-Pipeline,S2_topic_dbt;S3_code,3,,18,,,2024-09-11T03:03:49Z,2024-09-15T16:00:41Z,excluded,not screened in,"P3 18 commits on the default branch, below 40"
thanhENC/e2e-data-platform,thanhENC__e2e-data-platform,https://github.com/thanhENC/e2e-data-platform,S2_topic_dbt,49,MIT,108,42,1,2024-08-08T17:25:24Z,2024-10-14T07:07:32Z,excluded,not screened in,"P4 2.2 months between creation and last push, below 12"
thanhphat2609/dbt-spark-livy,thanhphat2609__dbt-spark-livy,https://github.com/thanhphat2609/dbt-spark-livy,S3_code,0,,23,,,2026-04-08T13:12:26Z,2026-04-11T17:56:50Z,excluded,not screened in,"P3 23 commits on the default branch, below 40"
thanhtrung-afk/de-zoomcamp,thanhtrung-afk__de-zoomcamp,https://github.com/thanhtrung-afk/de-zoomcamp,S3_code,0,,6,,,2026-04-12T06:59:29Z,2026-04-12T10:24:15Z,excluded,not screened in,"P3 6 commits on the default branch, below 40"
thbraet/finops-ai-tools,thbraet__finops-ai-tools,https://github.com/thbraet/finops-ai-tools,S3_code,0,,10,,,2026-07-16T08:57:14Z,2026-07-16T10:26:57Z,excluded,not screened in,"P3 10 commits on the default branch, below 40"
the-data-institute/minimalists-data-stack,the-data-institute__minimalists-data-stack,https://github.com/the-data-institute/minimalists-data-stack,S3_code,2,,8,,,2025-12-19T12:54:11Z,2025-12-19T13:29:29Z,excluded,not screened in,"P3 8 commits on the default branch, below 40"
the-datastrategist/tds-dbt-favorita,the-datastrategist__tds-dbt-favorita,https://github.com/the-datastrategist/tds-dbt-favorita,S3_code,0,MIT,100,44,1,2026-01-12T04:10:22Z,2026-08-04T22:59:23Z,excluded,not screened in,"P4 6.7 months between creation and last push, below 12"
the-prairie/source-alberta-re,the-prairie__source-alberta-re,https://github.com/the-prairie/source-alberta-re,S3_code,0,NOASSERTION,6501,0,7,2022-07-07T22:37:20Z,2022-07-12T06:49:39Z,excluded,not screened in,"P4 0.1 months between creation and last push, below 12"
the-timoye/songstreams,the-timoye__songstreams,https://github.com/the-timoye/songstreams,S2_topic_dbt,4,MIT,77,8,1,2022-05-04T19:46:01Z,2022-07-24T22:54:56Z,excluded,not screened in,"P4 2.7 months between creation and last push, below 12"
thealtoclef/dbt-doris,thealtoclef__dbt-doris,https://github.com/thealtoclef/dbt-doris,S3_code,0,Apache-2.0,3,,,2026-05-10T17:56:35Z,2026-05-10T18:37:41Z,excluded,not screened in,"P3 3 commits on the default branch, below 40"
theammarngp-makes/SQL-Engineering-Handbook,theammarngp-makes__SQL-Engineering-Handbook,https://github.com/theammarngp-makes/SQL-Engineering-Handbook,S2_topic_analytics-engineering,5,MIT,268,0,0,2026-06-16T17:05:15Z,2026-08-04T18:40:22Z,excluded,not screened in,"P4 1.6 months between creation and last push, below 12"
theclue/gabrielebaldassarre.com,theclue__gabrielebaldassarre.com,https://github.com/theclue/gabrielebaldassarre.com,S3_code,0,MIT,205,8,1,2018-06-04T22:23:50Z,2026-07-27T03:00:19Z,passed,"extracted, excluded","only 1 monthly snapshots, below the 12 minimum"
thedatagata/data_swamp,thedatagata__data_swamp,https://github.com/thedatagata/data_swamp,S3_code,0,,1,,,2025-02-17T18:59:57Z,2025-02-17T19:00:24Z,excluded,not screened in,"P3 1 commits on the default branch, below 40"
thegoodparty/gp-data-platform,thegoodparty__gp-data-platform,https://github.com/thegoodparty/gp-data-platform,S3_code,3,NOASSERTION,694,858,1,2025-02-07T18:05:33Z,2026-08-05T00:42:49Z,passed,in corpus,
thejasono/data-pipeline-airflow-api-postgres-dbt-powerbi,thejasono__data-pipeline-airflow-api-postgres-dbt-powerbi,https://github.com/thejasono/data-pipeline-airflow-api-postgres-dbt-powerbi,S3_code,81,,35,,,2025-09-14T19:39:39Z,2025-10-18T04:51:54Z,excluded,not screened in,"P3 35 commits on the default branch, below 40"
thejens/dbt-temporal,thejens__dbt-temporal,https://github.com/thejens/dbt-temporal,S3_code,5,NOASSERTION,125,33,7,2026-02-23T19:06:18Z,2026-08-04T16:23:22Z,excluded,not screened in,"P4 5.3 months between creation and last push, below 12"
thelord82/dbtlearn,thelord82__dbtlearn,https://github.com/thelord82/dbtlearn,S3_code,0,,3,,,2024-08-08T19:40:28Z,2024-08-16T13:39:07Z,excluded,not screened in,"P3 3 commits on the default branch, below 40"
thelua/nd-project,thelua__nd-project,https://github.com/thelua/nd-project,S3_code,0,,9,,,2024-11-20T22:05:51Z,2024-11-27T13:13:14Z,excluded,not screened in,"P3 9 commits on the default branch, below 40"
thenaijacarguy/de_project,thenaijacarguy__de_project,https://github.com/thenaijacarguy/de_project,S2_topic_analytics-engineering;S2_topic_dbt,5,,10,,,2026-02-26T14:05:15Z,2026-02-26T15:24:15Z,excluded,not screened in,"P3 10 commits on the default branch, below 40"
theoddden/Mandala,theoddden__Mandala,https://github.com/theoddden/Mandala,S2_topic_dbt,4,Apache-2.0,131,18,1,2026-05-09T16:47:27Z,2026-07-05T00:37:15Z,excluded,not screened in,"P4 1.8 months between creation and last push, below 12"
theodora-tech/dbt-scd2,theodora-tech__dbt-scd2,https://github.com/theodora-tech/dbt-scd2,S3_code,2,MIT,3,,,2022-01-04T13:49:26Z,2022-01-06T11:54:23Z,excluded,not screened in,"P3 3 commits on the default branch, below 40"
theofanis-tsakanikas/contract-driven-data-pipeline,theofanis-tsakanikas__contract-driven-data-pipeline,https://github.com/theofanis-tsakanikas/contract-driven-data-pipeline,S2_topic_dbt,1,MIT,49,3,1,2026-06-28T06:52:31Z,2026-06-29T23:31:52Z,excluded,not screened in,"P4 0.0 months between creation and last push, below 12"
theotherbrandonsoto/agentic-reporting-pipeline,theotherbrandonsoto__agentic-reporting-pipeline,https://github.com/theotherbrandonsoto/agentic-reporting-pipeline,S2_topic_dbt,1,,8,,,2026-03-10T21:54:29Z,2026-03-15T16:41:20Z,excluded,not screened in,"P3 8 commits on the default branch, below 40"
thesis/mezo-dbt,thesis__mezo-dbt,https://github.com/thesis/mezo-dbt,S3_code,1,,201,57,1,2025-07-22T12:06:54Z,2025-10-27T15:15:16Z,excluded,not screened in,"P4 3.2 months between creation and last push, below 12"
thh6282/dbt-trino-etl,thh6282__dbt-trino-etl,https://github.com/thh6282/dbt-trino-etl,S3_code,1,,13,,,2024-05-21T17:03:34Z,2024-12-27T16:21:58Z,excluded,not screened in,"P3 13 commits on the default branch, below 40"
thierrytrietlam/thierrytrietlam.github.io,thierrytrietlam__thierrytrietlam.github.io,https://github.com/thierrytrietlam/thierrytrietlam.github.io,S2_topic_analytics-engineering,1,,35,,,2026-06-16T23:43:31Z,2026-08-04T01:44:39Z,excluded,not screened in,"P3 35 commits on the default branch, below 40"
thisis-Shitanshu/stayops-data-platform,thisis-Shitanshu__stayops-data-platform,https://github.com/thisis-Shitanshu/stayops-data-platform,S2_topic_analytics-engineering,1,,11,,,2026-06-25T13:25:44Z,2026-07-07T16:36:30Z,excluded,not screened in,"P3 11 commits on the default branch, below 40"
thomas-demagny/dbt_music,thomas-demagny__dbt_music,https://github.com/thomas-demagny/dbt_music,S3_code,0,MIT,17,,,2026-03-20T22:29:24Z,2026-03-21T10:44:46Z,excluded,not screened in,"P3 17 commits on the default branch, below 40"
thomas-vilte/GCPSteamAnalytics,thomas-vilte__GCPSteamAnalytics,https://github.com/thomas-vilte/GCPSteamAnalytics,S2_topic_dbt,2,Apache-2.0,560,14,1,2023-07-17T21:09:38Z,2023-11-30T02:32:51Z,excluded,not screened in,"P4 4.4 months between creation and last push, below 12"
thosangs/dbt_incremental_agg,thosangs__dbt_incremental_agg,https://github.com/thosangs/dbt_incremental_agg,S2_topic_dbt,1,GPL-3.0,28,,,2025-11-29T06:26:00Z,2025-12-13T22:52:43Z,excluded,not screened in,"P3 28 commits on the default branch, below 40"
tiagonpsilva/treinamento-modern-data-stack-01,tiagonpsilva__treinamento-modern-data-stack-01,https://github.com/tiagonpsilva/treinamento-modern-data-stack-01,S2_topic_dbt,1,,9,,,2025-04-30T04:27:33Z,2025-05-10T18:02:35Z,excluded,not screened in,"P3 9 commits on the default branch, below 40"
timandinco/data-zoomcamp,timandinco__data-zoomcamp,https://github.com/timandinco/data-zoomcamp,S3_code,0,,38,,,2026-01-19T18:32:03Z,2026-03-31T23:25:31Z,excluded,not screened in,"P3 38 commits on the default branch, below 40"
timeplus-io/dbt-timeplus,timeplus-io__dbt-timeplus,https://github.com/timeplus-io/dbt-timeplus,S3_code,8,Apache-2.0,8,,,2023-10-17T20:59:34Z,2025-10-21T15:08:42Z,excluded,not screened in,"P3 8 commits on the default branch, below 40"
tinnlo/entity-data-lakehouse,tinnlo__entity-data-lakehouse,https://github.com/tinnlo/entity-data-lakehouse,S3_code,0,,28,,,2026-03-27T17:09:37Z,2026-05-11T20:08:37Z,excluded,not screened in,"P3 28 commits on the default branch, below 40"
tinnluo/entity-data-lakehouse,tinnluo__entity-data-lakehouse,https://github.com/tinnluo/entity-data-lakehouse,S3_code,0,,26,,,2026-04-01T20:08:28Z,2026-05-02T17:07:27Z,excluded,not screened in,"P3 26 commits on the default branch, below 40"
tjaiyen/tj-finance-portfolio,tjaiyen__tj-finance-portfolio,https://github.com/tjaiyen/tj-finance-portfolio,S2_topic_analytics-engineering;S2_topic_dbt,2,,110,65,4,2026-06-04T18:39:50Z,2026-08-04T03:36:09Z,excluded,not screened in,"P4 2.0 months between creation and last push, below 12"
tjg-global/generate-docs,tjg-global__generate-docs,https://github.com/tjg-global/generate-docs,S3_code,0,,17,,,2024-08-08T09:28:51Z,2024-08-12T08:28:45Z,excluded,not screened in,"P3 17 commits on the default branch, below 40"
tjgusshy/snowflake_dbt,tjgusshy__snowflake_dbt,https://github.com/tjgusshy/snowflake_dbt,S3_code,0,,15,,,2025-09-30T11:33:07Z,2025-09-30T16:04:05Z,excluded,not screened in,"P3 15 commits on the default branch, below 40"
tjirab/tff,tjirab__tff,https://github.com/tjirab/tff,S2_topic_dbt,3,MIT,71,0,0,2026-06-24T07:28:39Z,2026-08-03T16:20:22Z,excluded,not screened in,"P4 1.3 months between creation and last push, below 12"
tjohncan/star-schema,tjohncan__star-schema,https://github.com/tjohncan/star-schema,S2_topic_dbt,2,CC0-1.0,22,,,2026-07-18T15:52:43Z,2026-07-22T03:55:43Z,excluded,not screened in,"P3 22 commits on the default branch, below 40"
tjwaterman99/boxofficemojo-scraper,tjwaterman99__boxofficemojo-scraper,https://github.com/tjwaterman99/boxofficemojo-scraper,S2_topic_dbt,19,,1592,1,1,2020-10-14T20:43:34Z,2025-01-07T08:39:08Z,passed,"extracted, excluded","only 1 monthly snapshots, below the 12 minimum"
tjyana/dbt-tutorial,tjyana__dbt-tutorial,https://github.com/tjyana/dbt-tutorial,S3_code,0,,6,,,2025-03-08T16:28:05Z,2025-03-16T08:49:17Z,excluded,not screened in,"P3 6 commits on the default branch, below 40"
tmaferreira/DataEngineeringZoomCampProject,tmaferreira__DataEngineeringZoomCampProject,https://github.com/tmaferreira/DataEngineeringZoomCampProject,S2_topic_dbt,4,,66,2,1,2023-03-03T20:14:24Z,2023-04-22T21:01:14Z,excluded,not screened in,"P4 1.6 months between creation and last push, below 12"
tmcwilliam707/dagsmith,tmcwilliam707__dagsmith,https://github.com/tmcwilliam707/dagsmith,S2_topic_dbt,1,MIT,2,,,2026-07-27T17:52:36Z,2026-08-04T15:27:31Z,excluded,not screened in,"P3 2 commits on the default branch, below 40"
tmoore-prog/stock_market_pipeline,tmoore-prog__stock_market_pipeline,https://github.com/tmoore-prog/stock_market_pipeline,S2_topic_dbt-core,9,MIT,18,,,2025-09-30T16:42:15Z,2025-10-09T17:21:23Z,excluded,not screened in,"P3 18 commits on the default branch, below 40"
tnightengale/dbt-activity-schema,tnightengale__dbt-activity-schema,https://github.com/tnightengale/dbt-activity-schema,S3_code,44,GPL-3.0,38,,,2022-10-26T23:26:26Z,2024-04-11T12:34:52Z,excluded,not screened in,"P3 38 commits on the default branch, below 40"
tnightengale/dbt-meta-testing,tnightengale__dbt-meta-testing,https://github.com/tnightengale/dbt-meta-testing,S2_topic_dbt;S3_code,131,GPL-3.0,38,,,2020-11-23T15:09:09Z,2026-04-16T16:10:13Z,excluded,not screened in,"P3 38 commits on the default branch, below 40"
tobazan/olympic-dbt,tobazan__olympic-dbt,https://github.com/tobazan/olympic-dbt,S2_topic_dbt,1,,29,,,2022-10-26T15:21:57Z,2024-06-24T14:20:07Z,excluded,not screened in,"P3 29 commits on the default branch, below 40"
toilahd/weather-data-pipeline,toilahd__weather-data-pipeline,https://github.com/toilahd/weather-data-pipeline,S2_topic_dbt,2,,11,,,2025-08-26T05:36:35Z,2026-01-05T18:10:57Z,excluded,not screened in,"P3 11 commits on the default branch, below 40"
tomasfarias/airflow-dbt-python,tomasfarias__airflow-dbt-python,https://github.com/tomasfarias/airflow-dbt-python,S2_topic_dbt,215,MIT,432,0,0,2021-05-19T23:05:02Z,2026-05-24T14:11:44Z,passed,"extracted, excluded",no dbt_project.yml found anywhere on the first-parent history
tomerAI/enterprise-data,tomerAI__enterprise-data,https://github.com/tomerAI/enterprise-data,S3_code,0,,3,,,2024-12-28T16:05:02Z,2024-12-28T20:45:27Z,excluded,not screened in,"P3 3 commits on the default branch, below 40"
tomnagengast/dbt,tomnagengast__dbt,https://github.com/tomnagengast/dbt,S3_code,0,Apache-2.0,2357,1,8,2019-07-10T18:41:44Z,2019-07-10T14:42:19Z,excluded,not screened in,"P4 -0.0 months between creation and last push, below 12"
tomnagengast/netlify-dbt-docs-starter,tomnagengast__netlify-dbt-docs-starter,https://github.com/tomnagengast/netlify-dbt-docs-starter,S3_code,0,,15,,,2021-08-11T16:02:27Z,2021-08-19T21:17:12Z,excluded,not screened in,"P3 15 commits on the default branch, below 40"
toniovi/extract-load-transform-visualize,toniovi__extract-load-transform-visualize,https://github.com/toniovi/extract-load-transform-visualize,S3_code,1,MIT,9,,,2025-04-09T01:10:43Z,2025-05-21T13:05:55Z,excluded,not screened in,"P3 9 commits on the default branch, below 40"
tonyfajardo1/Pset2,tonyfajardo1__Pset2,https://github.com/tonyfajardo1/Pset2,S3_code,0,,9,,,2026-03-08T08:40:35Z,2026-03-09T01:31:10Z,excluded,not screened in,"P3 9 commits on the default branch, below 40"
tooploox/dbt-unit-testing-bq,tooploox__dbt-unit-testing-bq,https://github.com/tooploox/dbt-unit-testing-bq,S3_code,1,MIT,129,36,4,2023-03-27T09:19:09Z,2023-03-27T09:34:06Z,excluded,not screened in,"P4 0.0 months between creation and last push, below 12"
topefolorunso/musicaly-project,topefolorunso__musicaly-project,https://github.com/topefolorunso/musicaly-project,S2_topic_dbt,1,,51,7,1,2022-05-05T07:12:00Z,2023-01-24T21:32:28Z,excluded,not screened in,"P4 8.7 months between creation and last push, below 12"
tosh2230/stairlight,tosh2230__stairlight,https://github.com/tosh2230/stairlight,S2_topic_dbt,30,MIT,818,4,2,2021-10-23T11:40:19Z,2026-03-14T03:04:49Z,passed,"extracted, excluded","only 2 monthly snapshots, below the 12 minimum"
tosun-si/world-cup-qatar-elt-airflow-dbt,tosun-si__world-cup-qatar-elt-airflow-dbt,https://github.com/tosun-si/world-cup-qatar-elt-airflow-dbt,S3_code,15,,6,,,2024-12-05T22:33:53Z,2026-04-22T06:15:41Z,excluded,not screened in,"P3 6 commits on the default branch, below 40"
trangdam-de/ods-v3-dbt,trangdam-de__ods-v3-dbt,https://github.com/trangdam-de/ods-v3-dbt,S3_code,0,,3,,,2025-08-04T03:52:12Z,2025-09-11T08:36:48Z,excluded,not screened in,"P3 3 commits on the default branch, below 40"
trangtoan293/spark-on-k8s-shb,trangtoan293__spark-on-k8s-shb,https://github.com/trangtoan293/spark-on-k8s-shb,S3_code,0,,77,35,3,2025-09-29T08:37:23Z,2025-11-03T02:53:58Z,excluded,not screened in,"P4 1.1 months between creation and last push, below 12"
trankhoaan/VN_stocks_quantamental_screener,trankhoaan__VN_stocks_quantamental_screener,https://github.com/trankhoaan/VN_stocks_quantamental_screener,S3_code,22,MIT,183,40,1,2026-01-25T09:24:57Z,2026-05-19T03:18:39Z,excluded,not screened in,"P4 3.7 months between creation and last push, below 12"
trannhatnguyen2/NYC_Taxi_Data_Pipeline,trannhatnguyen2__NYC_Taxi_Data_Pipeline,https://github.com/trannhatnguyen2/NYC_Taxi_Data_Pipeline,S2_topic_dbt,151,,33,,,2024-06-21T16:27:49Z,2024-10-21T17:54:35Z,excluded,not screened in,"P3 33 commits on the default branch, below 40"
transform-data/transform-dbt-sync,transform-data__transform-dbt-sync,https://github.com/transform-data/transform-dbt-sync,S3_code,7,Apache-2.0,98,0,1,2022-04-18T22:54:09Z,2022-04-22T19:24:23Z,excluded,not screened in,"P4 0.1 months between creation and last push, below 12"
treckst/End-to-end-ELT-pipeline,treckst__End-to-end-ELT-pipeline,https://github.com/treckst/End-to-end-ELT-pipeline,S2_topic_dbt,1,MIT,10,,,2026-05-03T08:25:24Z,2026-05-14T17:57:51Z,excluded,not screened in,"P3 10 commits on the default branch, below 40"
treckst/polymarket-data-pipeline,treckst__polymarket-data-pipeline,https://github.com/treckst/polymarket-data-pipeline,S2_topic_dbt-core,1,,9,,,2026-06-07T21:58:14Z,2026-06-14T10:57:02Z,excluded,not screened in,"P3 9 commits on the default branch, below 40"
trentusus/snowplow_unified,trentusus__snowplow_unified,https://github.com/trentusus/snowplow_unified,S3_code,0,,8,,,2023-12-22T13:09:38Z,2025-04-16T08:08:42Z,excluded,not screened in,"P3 8 commits on the default branch, below 40"
treycurtis/murmur-analytics,treycurtis__murmur-analytics,https://github.com/treycurtis/murmur-analytics,S3_code,0,,7,,,2026-03-27T05:12:46Z,2026-04-03T19:46:34Z,excluded,not screened in,"P3 7 commits on the default branch, below 40"
trickle-labs/pg-trickle,trickle-labs__pg-trickle,https://github.com/trickle-labs/pg-trickle,S3_code,131,Apache-2.0,1041,5,2,2026-02-23T15:03:41Z,2026-08-04T20:43:06Z,excluded,not screened in,"P4 5.3 months between creation and last push, below 12"
trinityBI-HQ/dbt_ammodepot,trinityBI-HQ__dbt_ammodepot,https://github.com/trinityBI-HQ/dbt_ammodepot,S3_code,0,,417,199,2,2025-04-08T14:54:26Z,2026-07-27T20:21:31Z,passed,"extracted, excluded","only 7 monthly snapshots, below the 12 minimum"
tritas/dbt-flink,tritas__dbt-flink,https://github.com/tritas/dbt-flink,S3_code,5,Apache-2.0,24,,,2022-08-18T21:13:21Z,2023-03-29T21:03:52Z,excluded,not screened in,"P3 24 commits on the default branch, below 40"
trojrobert/ratepay,trojrobert__ratepay,https://github.com/trojrobert/ratepay,S3_code,0,,5,,,2024-08-21T08:50:54Z,2024-08-28T12:50:29Z,excluded,not screened in,"P3 5 commits on the default branch, below 40"
tropos-io/dbt-snowmask,tropos-io__dbt-snowmask,https://github.com/tropos-io/dbt-snowmask,S2_topic_dbt,2,Apache-2.0,30,,,2020-11-17T08:56:56Z,2021-12-18T14:12:58Z,excluded,not screened in,"P3 30 commits on the default branch, below 40"
trouze/dbt-docs-cicd,trouze__dbt-docs-cicd,https://github.com/trouze/dbt-docs-cicd,S3_code,0,,28,,,2022-05-27T19:33:20Z,2022-06-10T19:27:35Z,excluded,not screened in,"P3 28 commits on the default branch, below 40"
trungtv/IT4931_data_management_and_processing_lab_materials,trungtv__IT4931_data_management_and_processing_lab_materials,https://github.com/trungtv/IT4931_data_management_and_processing_lab_materials,S3_code,35,,16,,,2020-10-29T03:53:29Z,2026-04-16T10:18:13Z,excluded,not screened in,"P3 16 commits on the default branch, below 40"
try8ai/dagster-ecomm-demo-wip,try8ai__dagster-ecomm-demo-wip,https://github.com/try8ai/dagster-ecomm-demo-wip,S3_code,1,,31,,,2024-09-10T19:01:49Z,2024-09-20T21:14:25Z,excluded,not screened in,"P3 31 commits on the default branch, below 40"
tryapitsynandrey-web/ProductPulse,tryapitsynandrey-web__ProductPulse,https://github.com/tryapitsynandrey-web/ProductPulse,S2_topic_analytics-engineering,1,MIT,36,,,2026-05-07T23:21:59Z,2026-05-25T14:17:59Z,excluded,not screened in,"P3 36 commits on the default branch, below 40"
tsffarias/LiftOff_Data,tsffarias__LiftOff_Data,https://github.com/tsffarias/LiftOff_Data,S2_topic_dbt,59,,92,13,1,2024-09-24T00:57:22Z,2025-04-17T02:20:31Z,excluded,not screened in,"P4 6.7 months between creation and last push, below 12"
tswast/bigframes-rtd,tswast__bigframes-rtd,https://github.com/tswast/bigframes-rtd,S3_code,0,NOASSERTION,3,,,2026-06-25T21:03:10Z,2026-06-25T21:20:10Z,excluded,not screened in,"P3 3 commits on the default branch, below 40"
tuanai-vireox/dataplatform-stack,tuanai-vireox__dataplatform-stack,https://github.com/tuanai-vireox/dataplatform-stack,S2_topic_dbt,6,,36,,,2023-09-03T15:11:26Z,2024-07-04T04:12:51Z,excluded,not screened in,"P3 36 commits on the default branch, below 40"
tuanai-vireox/dbt-example,tuanai-vireox__dbt-example,https://github.com/tuanai-vireox/dbt-example,S2_topic_dbt,1,,1,,,2023-09-21T04:05:38Z,2023-09-21T04:14:02Z,excluded,not screened in,"P3 1 commits on the default branch, below 40"
tuantran0910/rainbow,tuantran0910__rainbow,https://github.com/tuantran0910/rainbow,S2_topic_dbt,1,,817,81,2,2025-01-23T13:31:26Z,2025-07-25T16:59:48Z,excluded,not screened in,"P4 6.0 months between creation and last push, below 12"
tunguyenn99/from-tiki-crawler-to-lakehouse,tunguyenn99__from-tiki-crawler-to-lakehouse,https://github.com/tunguyenn99/from-tiki-crawler-to-lakehouse,S2_topic_analytics-engineering;S3_code,22,,12,,,2026-04-16T19:06:31Z,2026-04-26T04:00:18Z,excluded,not screened in,"P3 12 commits on the default branch, below 40"
tunnelview/DBT_Adventure_Works2022,tunnelview__DBT_Adventure_Works2022,https://github.com/tunnelview/DBT_Adventure_Works2022,S3_code,0,,7,,,2025-01-14T09:57:42Z,2025-01-14T10:39:21Z,excluded,not screened in,"P3 7 commits on the default branch, below 40"
turingdata/data_pipeline_demo,turingdata__data_pipeline_demo,https://github.com/turingdata/data_pipeline_demo,S3_code,1,,9,,,2024-04-29T12:59:31Z,2025-03-23T17:26:37Z,excluded,not screened in,"P3 9 commits on the default branch, below 40"
tusharg007/Equipment-Anomaly-Intelligence,tusharg007__Equipment-Anomaly-Intelligence,https://github.com/tusharg007/Equipment-Anomaly-Intelligence,S3_code,0,,14,,,2026-07-09T10:48:40Z,2026-07-09T19:40:35Z,excluded,not screened in,"P3 14 commits on the default branch, below 40"
tusharrrr77/tutorful-dbt-project,tusharrrr77__tutorful-dbt-project,https://github.com/tusharrrr77/tutorful-dbt-project,S3_code,0,,7,,,2026-05-08T11:35:44Z,2026-05-10T20:43:16Z,excluded,not screened in,"P3 7 commits on the default branch, below 40"
tutorialcreation/trafficELT,tutorialcreation__trafficELT,https://github.com/tutorialcreation/trafficELT,S2_topic_dbt,1,MIT,64,8,1,2022-07-18T12:11:04Z,2022-07-26T08:04:04Z,excluded,not screened in,"P4 0.2 months between creation and last push, below 12"
tuva-health/athenahealth_connector,tuva-health__athenahealth_connector,https://github.com/tuva-health/athenahealth_connector,S3_code,2,Apache-2.0,11,,,2025-01-08T17:28:56Z,2025-04-22T23:29:17Z,excluded,not screened in,"P3 11 commits on the default branch, below 40"
tuva-health/bcda_demo,tuva-health__bcda_demo,https://github.com/tuva-health/bcda_demo,S3_code,0,Apache-2.0,8,,,2024-08-12T13:45:39Z,2024-08-21T19:13:27Z,excluded,not screened in,"P3 8 commits on the default branch, below 40"
tuva-health/canvas_connector,tuva-health__canvas_connector,https://github.com/tuva-health/canvas_connector,S3_code,2,Apache-2.0,12,,,2025-05-01T19:08:27Z,2025-10-13T12:19:24Z,excluded,not screened in,"P3 12 commits on the default branch, below 40"
tuva-health/demo,tuva-health__demo,https://github.com/tuva-health/demo,S2_topic_analytics-engineering;S2_topic_dbt;S3_code,34,Apache-2.0,119,8,1,2022-12-07T21:06:13Z,2026-03-15T16:59:14Z,passed,"extracted, excluded","only 11 monthly snapshots, below the 12 minimum"
tuva-health/elation_connector,tuva-health__elation_connector,https://github.com/tuva-health/elation_connector,S3_code,6,Apache-2.0,31,,,2023-08-23T17:37:26Z,2025-02-17T18:13:18Z,excluded,not screened in,"P3 31 commits on the default branch, below 40"
tuva-health/medicare_cclf_connector,tuva-health__medicare_cclf_connector,https://github.com/tuva-health/medicare_cclf_connector,S2_topic_analytics-engineering;S2_topic_dbt,15,Apache-2.0,229,40,1,2022-04-20T12:52:07Z,2026-04-16T18:10:35Z,passed,in corpus,
tuva-health/medicare_lds_connector,tuva-health__medicare_lds_connector,https://github.com/tuva-health/medicare_lds_connector,S2_topic_analytics-engineering;S2_topic_dbt;S3_code,12,,116,26,1,2022-05-16T19:25:58Z,2025-12-15T20:14:24Z,passed,in corpus,
tuva-health/provider,tuva-health__provider,https://github.com/tuva-health/provider,S2_topic_analytics-engineering;S2_topic_dbt;S3_code,9,,22,,,2023-02-02T20:17:01Z,2025-10-16T16:42:08Z,excluded,not screened in,"P3 22 commits on the default branch, below 40"
tuva-health/readmissions,tuva-health__readmissions,https://github.com/tuva-health/readmissions,S3_code,2,Apache-2.0,154,18,1,2022-04-08T23:14:40Z,2026-05-24T21:13:36Z,passed,"extracted, excluded","only 11 monthly snapshots, below the 12 minimum"
tuva-health/tuva-core,tuva-health__tuva-core,https://github.com/tuva-health/tuva-core,S2_topic_analytics-engineering;S2_topic_dbt;S3_code,321,,1275,1182,1,2021-11-12T15:45:39Z,2026-08-01T06:24:48Z,passed,in corpus,
typedef-ai/ade-bench-plugin,typedef-ai__ade-bench-plugin,https://github.com/typedef-ai/ade-bench-plugin,S2_topic_analytics-engineering;S2_topic_dbt,3,MIT,7,,,2026-05-07T19:01:12Z,2026-05-08T18:05:02Z,excluded,not screened in,"P3 7 commits on the default branch, below 40"
tzelleke/nobel-prize-report,tzelleke__nobel-prize-report,https://github.com/tzelleke/nobel-prize-report,S2_topic_dbt,1,,1,,,2023-07-31T10:33:34Z,2023-08-08T19:37:41Z,excluded,not screened in,"P3 1 commits on the default branch, below 40"
uanve/data-engineering-zoomcamp,uanve__data-engineering-zoomcamp,https://github.com/uanve/data-engineering-zoomcamp,S2_topic_analytics-engineering,1,,80,5,1,2022-01-17T15:00:06Z,2022-02-17T12:46:09Z,excluded,not screened in,"P4 1.0 months between creation and last push, below 12"
ubaidrmn/dbt-zulip-testing,ubaidrmn__dbt-zulip-testing,https://github.com/ubaidrmn/dbt-zulip-testing,S3_code,0,,5,,,2025-10-05T18:00:15Z,2025-10-05T19:15:47Z,excluded,not screened in,"P3 5 commits on the default branch, below 40"
ubie-oss/dbt-data-privacy,ubie-oss__dbt-data-privacy,https://github.com/ubie-oss/dbt-data-privacy,S3_code,22,Apache-2.0,98,0,1,2022-06-30T07:43:32Z,2026-07-30T03:34:02Z,passed,"extracted, excluded",no commits touch any declared model path
uday-0408/Streamcart,uday-0408__Streamcart,https://github.com/uday-0408/Streamcart,S3_code,0,,1,,,2026-06-22T13:28:55Z,2026-07-06T08:51:53Z,excluded,not screened in,"P3 1 commits on the default branch, below 40"
udaykiranvisinigiri/uday,udaykiranvisinigiri__uday,https://github.com/udaykiranvisinigiri/uday,S3_code,0,,1,,,2024-06-06T10:48:40Z,2024-06-06T13:19:53Z,excluded,not screened in,"P3 1 commits on the default branch, below 40"
uforodavid/dbt_bootcamp,uforodavid__dbt_bootcamp,https://github.com/uforodavid/dbt_bootcamp,S3_code,5,,15,,,2025-10-21T22:53:21Z,2026-06-03T18:13:24Z,excluded,not screened in,"P3 15 commits on the default branch, below 40"
ukukw59/main,ukukw59__main,https://github.com/ukukw59/main,S3_code,0,,78,3,1,2026-02-20T23:57:55Z,2026-05-06T15:50:52Z,excluded,not screened in,"P4 2.4 months between creation and last push, below 12"
unb-mds/DFemObras,unb-mds__DFemObras,https://github.com/unb-mds/DFemObras,S3_code,4,MIT,663,4,1,2024-10-25T11:57:38Z,2026-03-10T20:27:33Z,passed,"extracted, excluded","only 1 monthly snapshots, below the 12 minimum"
univ-lehavre/atlas,univ-lehavre__atlas,https://github.com/univ-lehavre/atlas,S3_code,1,MIT,1629,22,3,2026-01-19T14:42:34Z,2026-08-04T22:36:15Z,excluded,not screened in,"P4 6.5 months between creation and last push, below 12"
unytics/catalog_builder,unytics__catalog_builder,https://github.com/unytics/catalog_builder,S2_topic_dbt,29,MIT,153,0,0,2024-03-06T08:59:28Z,2025-03-22T19:12:24Z,passed,"extracted, excluded",no dbt_project.yml found anywhere on the first-parent history
uplimit/course-dbt,uplimit__course-dbt,https://github.com/uplimit/course-dbt,S2_topic_dbt,22,,23,,,2021-09-29T02:45:05Z,2024-09-27T17:16:47Z,excluded,not screened in,"P3 23 commits on the default branch, below 40"
urbanclimatefr/de-zoomcamp-2025-project,urbanclimatefr__de-zoomcamp-2025-project,https://github.com/urbanclimatefr/de-zoomcamp-2025-project,S2_topic_dbt,5,GPL-3.0,78,0,1,2025-03-18T11:06:00Z,2025-03-22T06:26:38Z,excluded,not screened in,"P4 0.1 months between creation and last push, below 12"
usha3107/ecommerce-etl-pipeline,usha3107__ecommerce-etl-pipeline,https://github.com/usha3107/ecommerce-etl-pipeline,S3_code,0,,1,,,2026-06-24T09:50:21Z,2026-06-24T09:50:55Z,excluded,not screened in,"P3 1 commits on the default branch, below 40"
utkarsh-iitbhu/dbt-snowflake,utkarsh-iitbhu__dbt-snowflake,https://github.com/utkarsh-iitbhu/dbt-snowflake,S3_code,0,,3,,,2025-10-10T17:29:52Z,2025-10-10T20:13:50Z,excluded,not screened in,"P3 3 commits on the default branch, below 40"
utkarsh4320/dbt_test,utkarsh4320__dbt_test,https://github.com/utkarsh4320/dbt_test,S3_code,0,,3,,,2025-05-30T06:55:25Z,2025-05-30T07:00:59Z,excluded,not screened in,"P3 3 commits on the default branch, below 40"
uuboyscy/taxi_trip_pipeline,uuboyscy__taxi_trip_pipeline,https://github.com/uuboyscy/taxi_trip_pipeline,S3_code,0,,4,,,2025-05-15T05:18:48Z,2025-05-15T05:45:18Z,excluded,not screened in,"P3 4 commits on the default branch, below 40"
uzumstanley/PHIDATA,uzumstanley__PHIDATA,https://github.com/uzumstanley/PHIDATA,S2_topic_dbt,16,,1494,0,0,2025-06-21T18:24:07Z,2026-06-04T12:02:20Z,excluded,not screened in,"P4 11.4 months between creation and last push, below 12"
vahid110/dbt-dqlens,vahid110__dbt-dqlens,https://github.com/vahid110/dbt-dqlens,S2_topic_dbt;S3_code,3,MIT,11,,,2026-05-05T11:49:24Z,2026-05-07T18:07:22Z,excluded,not screened in,"P3 11 commits on the default branch, below 40"
valdasm/dbt-databricks-demo,valdasm__dbt-databricks-demo,https://github.com/valdasm/dbt-databricks-demo,S3_code,14,,29,,,2021-03-11T20:24:56Z,2021-03-13T13:23:05Z,excluded,not screened in,"P3 29 commits on the default branch, below 40"
vansh747392/learn_dbt,vansh747392__learn_dbt,https://github.com/vansh747392/learn_dbt,S3_code,0,,5,,,2026-06-18T17:30:24Z,2026-06-18T21:11:41Z,excluded,not screened in,"P3 5 commits on the default branch, below 40"
vaquarkhan/data-engineering-agent-skills,vaquarkhan__data-engineering-agent-skills,https://github.com/vaquarkhan/data-engineering-agent-skills,S2_topic_dbt,25,MIT,33,,,2026-05-25T18:59:16Z,2026-06-13T23:11:04Z,excluded,not screened in,"P3 33 commits on the default branch, below 40"
varun-h/msk-hr-demo,varun-h__msk-hr-demo,https://github.com/varun-h/msk-hr-demo,S3_code,0,,5,,,2025-06-25T01:38:42Z,2025-06-27T17:19:26Z,excluded,not screened in,"P3 5 commits on the default branch, below 40"
vbalalian/estore-analytics,vbalalian__estore-analytics,https://github.com/vbalalian/estore-analytics,S2_topic_analytics-engineering;S2_topic_dbt,2,MIT,523,8,1,2025-10-10T19:59:06Z,2026-07-19T18:02:09Z,excluded,not screened in,"P4 9.2 months between creation and last push, below 12"
vbalalian/roman_coins_data_pipeline,vbalalian__roman_coins_data_pipeline,https://github.com/vbalalian/roman_coins_data_pipeline,S2_topic_dbt,4,,310,4,1,2023-11-03T03:54:56Z,2025-10-11T03:43:29Z,passed,"extracted, excluded","only 1 monthly snapshots, below the 12 minimum"
vbluuiza/airflow-dbt-weather-pipeline,vbluuiza__airflow-dbt-weather-pipeline,https://github.com/vbluuiza/airflow-dbt-weather-pipeline,S2_topic_dbt,2,,1,,,2025-06-20T23:34:56Z,2025-06-20T23:35:10Z,excluded,not screened in,"P3 1 commits on the default branch, below 40"
vbugaevskii/de-zoomcamp-cycling-2023,vbugaevskii__de-zoomcamp-cycling-2023,https://github.com/vbugaevskii/de-zoomcamp-cycling-2023,S2_topic_dbt,3,GPL-3.0,31,,,2023-04-22T18:47:31Z,2023-04-25T22:37:39Z,excluded,not screened in,"P3 31 commits on the default branch, below 40"
vcherx/dbt-cosmos,vcherx__dbt-cosmos,https://github.com/vcherx/dbt-cosmos,S2_topic_dbt-core,2,,5,,,2023-12-26T00:41:17Z,2023-12-28T04:33:02Z,excluded,not screened in,"P3 5 commits on the default branch, below 40"
vdn-tools/dbt-athena2,vdn-tools__dbt-athena2,https://github.com/vdn-tools/dbt-athena2,S3_code,10,Apache-2.0,61,0,1,2022-02-01T08:34:24Z,2023-03-16T08:24:05Z,passed,"extracted, excluded",no commits touch any declared model path
veho-technologies/data-int-setup,veho-technologies__data-int-setup,https://github.com/veho-technologies/data-int-setup,S3_code,0,,4,,,2026-01-27T14:20:01Z,2026-02-18T21:35:22Z,excluded,not screened in,"P3 4 commits on the default branch, below 40"
venkata-suren/dbt,venkata-suren__dbt,https://github.com/venkata-suren/dbt,S3_code,0,Apache-2.0,2481,1,8,2020-04-26T15:34:06Z,2023-04-21T20:27:48Z,passed,"extracted, excluded","only 1 monthly snapshots, below the 12 minimum"
venkataphanikumara/Phani_DBT_GIT,venkataphanikumara__Phani_DBT_GIT,https://github.com/venkataphanikumara/Phani_DBT_GIT,S3_code,0,,1,,,2025-05-17T17:03:49Z,2025-05-17T18:12:11Z,excluded,not screened in,"P3 1 commits on the default branch, below 40"
venture-tdg-storify/storify-etl,venture-tdg-storify__storify-etl,https://github.com/venture-tdg-storify/storify-etl,S3_code,0,BSD-3-Clause,3,,,2025-02-11T23:52:12Z,2025-02-20T17:46:01Z,excluded,not screened in,"P3 3 commits on the default branch, below 40"
venugopal743/-semantic-metrics-modeling-assistant,venugopal743__-semantic-metrics-modeling-assistant,https://github.com/venugopal743/-semantic-metrics-modeling-assistant,S2_topic_analytics-engineering,1,,15,,,2026-06-12T09:58:15Z,2026-06-12T10:01:56Z,excluded,not screened in,"P3 15 commits on the default branch, below 40"
vergenzt/dirt,vergenzt__dirt,https://github.com/vergenzt/dirt,S3_code,0,,12,,,2023-02-14T05:42:41Z,2023-04-06T01:53:56Z,excluded,not screened in,"P3 12 commits on the default branch, below 40"
vermapragya/open-metric-contracts,vermapragya__open-metric-contracts,https://github.com/vermapragya/open-metric-contracts,S2_topic_analytics-engineering,1,MIT,13,,,2026-02-05T05:51:08Z,2026-02-06T06:56:21Z,excluded,not screened in,"P3 13 commits on the default branch, below 40"
vertica/dbt-vertica,vertica__dbt-vertica,https://github.com/vertica/dbt-vertica,S3_code,28,Apache-2.0,123,8,2,2020-03-07T06:22:10Z,2026-07-07T06:00:35Z,passed,"extracted, excluded","only 1 monthly snapshots, below the 12 minimum"
vhclafar/Spotify-Data-Pipeline,vhclafar__Spotify-Data-Pipeline,https://github.com/vhclafar/Spotify-Data-Pipeline,S3_code,0,,7,,,2025-11-05T13:54:35Z,2025-11-05T15:03:44Z,excluded,not screened in,"P3 7 commits on the default branch, below 40"
vi6120/Supply-Chain-Analytics-Platform,vi6120__Supply-Chain-Analytics-Platform,https://github.com/vi6120/Supply-Chain-Analytics-Platform,S2_topic_dbt,1,,16,,,2026-05-16T17:27:42Z,2026-05-19T20:49:56Z,excluded,not screened in,"P3 16 commits on the default branch, below 40"
victor-cakess/zeus,victor-cakess__zeus,https://github.com/victor-cakess/zeus,S2_topic_dbt,2,MIT,144,27,1,2026-04-30T22:10:57Z,2026-07-13T16:27:25Z,excluded,not screened in,"P4 2.4 months between creation and last push, below 12"
victorantoniassi/jr_analytics_engineer_practical_test,victorantoniassi__jr_analytics_engineer_practical_test,https://github.com/victorantoniassi/jr_analytics_engineer_practical_test,S2_topic_analytics-engineering,1,GPL-3.0,7,,,2024-03-14T00:09:58Z,2024-03-14T20:49:07Z,excluded,not screened in,"P3 7 commits on the default branch, below 40"
victorbertoldo/dbt_postgres_,victorbertoldo__dbt_postgres_,https://github.com/victorbertoldo/dbt_postgres_,S3_code,0,,1,,,2023-02-27T21:46:27Z,2023-02-27T21:46:38Z,excluded,not screened in,"P3 1 commits on the default branch, below 40"
victorcezeh/elt-data-pipeline-project,victorcezeh__elt-data-pipeline-project,https://github.com/victorcezeh/elt-data-pipeline-project,S2_topic_dbt-core,1,MIT,32,,,2024-07-30T09:06:03Z,2026-06-08T23:41:37Z,excluded,not screened in,"P3 32 commits on the default branch, below 40"
victorcouste/google-datacatalog-dbt-tag,victorcouste__google-datacatalog-dbt-tag,https://github.com/victorcouste/google-datacatalog-dbt-tag,S2_topic_dbt,1,,2,,,2021-06-06T08:02:53Z,2021-06-06T08:32:41Z,excluded,not screened in,"P3 2 commits on the default branch, below 40"
victorcouste/trino-dbt-demo,victorcouste__trino-dbt-demo,https://github.com/victorcouste/trino-dbt-demo,S2_topic_dbt;S3_code,76,,37,,,2021-05-23T17:59:12Z,2021-09-08T06:53:55Z,excluded,not screened in,"P3 37 commits on the default branch, below 40"
victorinofdez/MotoGP,victorinofdez__MotoGP,https://github.com/victorinofdez/MotoGP,S3_code,0,,46,22,1,2026-05-10T10:01:04Z,2026-05-21T21:03:28Z,excluded,not screened in,"P4 0.4 months between creation and last push, below 12"
vighneshh/dbt-san_francisco_bikeshare,vighneshh__dbt-san_francisco_bikeshare,https://github.com/vighneshh/dbt-san_francisco_bikeshare,S2_topic_dbt,1,,6,,,2024-03-21T14:22:15Z,2024-04-20T11:23:24Z,excluded,not screened in,"P3 6 commits on the default branch, below 40"
vighneshh/dbt_thelook_ecommerce,vighneshh__dbt_thelook_ecommerce,https://github.com/vighneshh/dbt_thelook_ecommerce,S2_topic_dbt,1,,13,,,2024-05-05T07:11:30Z,2024-08-10T07:05:43Z,excluded,not screened in,"P3 13 commits on the default branch, below 40"
vincentclaes/dbt_showcase,vincentclaes__dbt_showcase,https://github.com/vincentclaes/dbt_showcase,S3_code,0,,12,,,2022-11-12T08:03:03Z,2022-11-16T13:13:58Z,excluded,not screened in,"P3 12 commits on the default branch, below 40"
vincevertulfo/dbt-core-cicd-demo,vincevertulfo__dbt-core-cicd-demo,https://github.com/vincevertulfo/dbt-core-cicd-demo,S3_code,0,,120,13,1,2025-01-21T03:12:21Z,2025-03-04T11:46:26Z,excluded,not screened in,"P4 1.4 months between creation and last push, below 12"
viniciusfrantz/pipeline_project,viniciusfrantz__pipeline_project,https://github.com/viniciusfrantz/pipeline_project,S3_code,0,,29,,,2025-05-02T17:49:23Z,2025-07-24T00:49:56Z,excluded,not screened in,"P3 29 commits on the default branch, below 40"
vinitg96/elt-data-lakehouse,vinitg96__elt-data-lakehouse,https://github.com/vinitg96/elt-data-lakehouse,S2_topic_dbt,13,,78,15,1,2025-09-21T03:18:24Z,2025-11-03T23:25:54Z,excluded,not screened in,"P4 1.4 months between creation and last push, below 12"
vinod176singh/dq_inspector,vinod176singh__dq_inspector,https://github.com/vinod176singh/dq_inspector,S3_code,0,,1,,,2025-05-19T03:10:23Z,2025-05-19T17:23:08Z,excluded,not screened in,"P3 1 commits on the default branch, below 40"
vinsliu/dbt-quickstart-bq,vinsliu__dbt-quickstart-bq,https://github.com/vinsliu/dbt-quickstart-bq,S3_code,0,,6,,,2024-08-07T12:31:52Z,2024-08-08T09:41:05Z,excluded,not screened in,"P3 6 commits on the default branch, below 40"
vishnuvardhanaan/equity-fundamental-analytics,vishnuvardhanaan__equity-fundamental-analytics,https://github.com/vishnuvardhanaan/equity-fundamental-analytics,S2_topic_analytics-engineering,3,MIT,11,,,2026-02-05T11:56:40Z,2026-03-17T09:23:40Z,excluded,not screened in,"P3 11 commits on the default branch, below 40"
vishnuvardhanaan/equity-fundamental-engine,vishnuvardhanaan__equity-fundamental-engine,https://github.com/vishnuvardhanaan/equity-fundamental-engine,S2_topic_analytics-engineering,3,MIT,18,,,2026-01-06T10:59:28Z,2026-03-17T09:14:08Z,excluded,not screened in,"P3 18 commits on the default branch, below 40"
vishu-tyagi/Sales-Dashboard,vishu-tyagi__Sales-Dashboard,https://github.com/vishu-tyagi/Sales-Dashboard,S2_topic_dbt,1,,4,,,2022-12-04T23:47:51Z,2022-12-15T07:18:27Z,excluded,not screened in,"P3 4 commits on the default branch, below 40"
visivo-io/dbt_artifacts,visivo-io__dbt_artifacts,https://github.com/visivo-io/dbt_artifacts,S2_topic_dbt,1,MIT,7,,,2025-05-16T11:03:09Z,2025-05-27T14:40:12Z,excluded,not screened in,"P3 7 commits on the default branch, below 40"
visualbis/dbt-linter,visualbis__dbt-linter,https://github.com/visualbis/dbt-linter,S2_topic_dbt,2,MIT,19,,,2019-06-30T05:10:36Z,2022-12-09T18:52:03Z,excluded,not screened in,"P3 19 commits on the default branch, below 40"
vivo8934/Weather-Data-via-OpenWeather-API-Python-PostgreSQL--ETL,vivo8934__Weather-Data-via-OpenWeather-API-Python-PostgreSQL--ETL,https://github.com/vivo8934/Weather-Data-via-OpenWeather-API-Python-PostgreSQL--ETL,S3_code,0,,5,,,2025-06-07T16:50:36Z,2025-06-19T15:05:13Z,excluded,not screened in,"P3 5 commits on the default branch, below 40"
vkroy/fivetran-dbt-workshop,vkroy__fivetran-dbt-workshop,https://github.com/vkroy/fivetran-dbt-workshop,S3_code,0,,2,,,2022-02-28T22:28:43Z,2022-03-10T23:52:59Z,excluded,not screened in,"P3 2 commits on the default branch, below 40"
vladimir-vvalov/tbmacro,vladimir-vvalov__tbmacro,https://github.com/vladimir-vvalov/tbmacro,S2_topic_dbt,1,Apache-2.0,62,0,1,2024-09-05T08:28:24Z,2026-05-07T12:38:58Z,passed,"extracted, excluded",no commits touch any declared model path
vnpedroso/dbt_postgres_airbnb,vnpedroso__dbt_postgres_airbnb,https://github.com/vnpedroso/dbt_postgres_airbnb,S2_topic_dbt,3,MIT,91,12,1,2022-07-24T14:54:27Z,2023-04-02T17:40:05Z,excluded,not screened in,"P4 8.3 months between creation and last push, below 12"
vpopescu/play-dbsp,vpopescu__play-dbsp,https://github.com/vpopescu/play-dbsp,S3_code,0,NOASSERTION,8274,0,1,2026-07-21T23:19:49Z,2026-07-22T22:27:24Z,excluded,not screened in,"P4 0.0 months between creation and last push, below 12"
vrongmeal/dbt-property-management,vrongmeal__dbt-property-management,https://github.com/vrongmeal/dbt-property-management,S3_code,0,,11,,,2026-05-01T16:43:15Z,2026-05-08T08:53:46Z,excluded,not screened in,"P3 11 commits on the default branch, below 40"
vskaret/yahoo-finance-warehouse,vskaret__yahoo-finance-warehouse,https://github.com/vskaret/yahoo-finance-warehouse,S2_topic_dbt,6,,37,,,2022-10-08T07:36:57Z,2023-08-31T07:24:40Z,excluded,not screened in,"P3 37 commits on the default branch, below 40"
vvaneecloo/dbt-addons,vvaneecloo__dbt-addons,https://github.com/vvaneecloo/dbt-addons,S2_topic_dbt,5,,27,,,2026-06-15T14:14:52Z,2026-06-22T12:05:15Z,excluded,not screened in,"P3 27 commits on the default branch, below 40"
vykuang/dbt-core-service-calls,vykuang__dbt-core-service-calls,https://github.com/vykuang/dbt-core-service-calls,S3_code,0,,6,,,2023-04-29T14:27:26Z,2023-06-30T14:01:00Z,excluded,not screened in,"P3 6 commits on the default branch, below 40"
waaronmorris/mlb-superset-dashboard,waaronmorris__mlb-superset-dashboard,https://github.com/waaronmorris/mlb-superset-dashboard,S2_topic_dbt,2,,20,,,2024-09-03T23:02:17Z,2025-02-28T19:32:42Z,excluded,not screened in,"P3 20 commits on the default branch, below 40"
wahdanz1/OPA24-project-hr-analytics-dashboard,wahdanz1__OPA24-project-hr-analytics-dashboard,https://github.com/wahdanz1/OPA24-project-hr-analytics-dashboard,S3_code,3,,404,15,1,2025-04-23T07:31:59Z,2025-06-04T12:21:17Z,excluded,not screened in,"P4 1.4 months between creation and last push, below 12"
wallacegoulart/analytics-engineer-challenge,wallacegoulart__analytics-engineer-challenge,https://github.com/wallacegoulart/analytics-engineer-challenge,S3_code,0,,4,,,2026-01-12T17:11:55Z,2026-01-12T17:28:09Z,excluded,not screened in,"P3 4 commits on the default branch, below 40"
wardawgmalvicious/claude-config,wardawgmalvicious__claude-config,https://github.com/wardawgmalvicious/claude-config,S2_topic_analytics-engineering,2,MIT,74,0,0,2026-05-05T20:01:17Z,2026-08-04T19:31:53Z,excluded,not screened in,"P4 3.0 months between creation and last push, below 12"
warzinnn/ny-taxi-data,warzinnn__ny-taxi-data,https://github.com/warzinnn/ny-taxi-data,S2_topic_dbt,1,,28,,,2023-05-15T15:06:19Z,2023-05-20T19:16:57Z,excluded,not screened in,"P3 28 commits on the default branch, below 40"
waseemkhalifa/portfolio,waseemkhalifa__portfolio,https://github.com/waseemkhalifa/portfolio,S2_topic_dbt,1,,276,7,1,2022-06-30T20:40:29Z,2025-02-18T12:51:59Z,passed,"extracted, excluded","only 1 monthly snapshots, below the 12 minimum"
wasimranacse/Data-Analytics-Engineering-Project-AWS-Snowflake-dbt-,wasimranacse__Data-Analytics-Engineering-Project-AWS-Snowflake-dbt-,https://github.com/wasimranacse/Data-Analytics-Engineering-Project-AWS-Snowflake-dbt-,S2_topic_dbt,1,MIT,13,,,2026-02-25T11:02:25Z,2026-02-25T20:55:43Z,excluded,not screened in,"P3 13 commits on the default branch, below 40"
wasiqvoid/hospital_pipeline,wasiqvoid__hospital_pipeline,https://github.com/wasiqvoid/hospital_pipeline,S3_code,0,,76,7,1,2026-03-18T17:11:30Z,2026-05-15T20:23:32Z,excluded,not screened in,"P4 1.9 months between creation and last push, below 12"
wayneworkspace/adventureworks-medallion-elt,wayneworkspace__adventureworks-medallion-elt,https://github.com/wayneworkspace/adventureworks-medallion-elt,S3_code,0,,13,,,2026-07-17T04:05:53Z,2026-07-22T10:51:58Z,excluded,not screened in,"P3 13 commits on the default branch, below 40"
wdou95/dbt_workday_finishline,wdou95__dbt_workday_finishline,https://github.com/wdou95/dbt_workday_finishline,S3_code,0,Apache-2.0,79,61,1,2026-06-09T20:21:37Z,2026-06-09T15:13:21Z,excluded,not screened in,"P4 -0.0 months between creation and last push, below 12"
webplusangels/gameboy-pipeline,webplusangels__gameboy-pipeline,https://github.com/webplusangels/gameboy-pipeline,S3_code,0,MIT,70,23,1,2025-10-31T10:56:13Z,2026-02-10T11:10:40Z,excluded,not screened in,"P4 3.4 months between creation and last push, below 12"
weidir/sqlmesh-dbt-demo,weidir__sqlmesh-dbt-demo,https://github.com/weidir/sqlmesh-dbt-demo,S2_topic_dbt;S2_topic_dbt-core,1,,2,,,2024-08-30T17:13:21Z,2024-08-30T17:16:28Z,excluded,not screened in,"P3 2 commits on the default branch, below 40"
wellcometrust/wt-data-siren,wellcometrust__wt-data-siren,https://github.com/wellcometrust/wt-data-siren,S3_code,0,,20,,,2022-01-10T11:13:12Z,2022-02-23T15:50:55Z,excluded,not screened in,"P3 20 commits on the default branch, below 40"
wesassis/data-pipeline-duckdb-dbt-streamlit,wesassis__data-pipeline-duckdb-dbt-streamlit,https://github.com/wesassis/data-pipeline-duckdb-dbt-streamlit,S3_code,0,,4,,,2025-06-27T15:01:56Z,2025-09-05T23:09:55Z,excluded,not screened in,"P3 4 commits on the default branch, below 40"
wey-gu/movie-recommendation-dataset,wey-gu__movie-recommendation-dataset,https://github.com/wey-gu/movie-recommendation-dataset,S2_topic_dbt,17,Apache-2.0,25,,,2022-11-06T04:29:54Z,2024-09-07T22:54:26Z,excluded,not screened in,"P3 25 commits on the default branch, below 40"
wherobots/apache-sedona-book,wherobots__apache-sedona-book,https://github.com/wherobots/apache-sedona-book,S3_code,25,,72,5,1,2024-09-08T19:54:06Z,2025-12-07T19:31:01Z,passed,"extracted, excluded","only 2 monthly snapshots, below the 12 minimum"
wieneralex/SkelloCaseStudy,wieneralex__SkelloCaseStudy,https://github.com/wieneralex/SkelloCaseStudy,S3_code,0,,10,,,2025-06-11T11:29:32Z,2025-06-15T13:08:39Z,excluded,not screened in,"P3 10 commits on the default branch, below 40"
wilfex81/fintech-etl-pipeline,wilfex81__fintech-etl-pipeline,https://github.com/wilfex81/fintech-etl-pipeline,S2_topic_dbt;S2_topic_dbt-core,1,,24,,,2026-06-29T16:53:01Z,2026-07-06T07:41:56Z,excluded,not screened in,"P3 24 commits on the default branch, below 40"
willllow6/low6_dbt_azureuksouth,willllow6__low6_dbt_azureuksouth,https://github.com/willllow6/low6_dbt_azureuksouth,S3_code,0,,34,,,2025-11-05T16:40:02Z,2026-08-04T08:59:55Z,excluded,not screened in,"P3 34 commits on the default branch, below 40"
willowvibe/ObservaKit,willowvibe__ObservaKit,https://github.com/willowvibe/ObservaKit,S2_topic_dbt,1,MIT,90,0,0,2026-03-07T17:28:50Z,2026-05-26T18:56:43Z,excluded,not screened in,"P4 2.6 months between creation and last push, below 12"
willyoung21/Mundial_lakehouse_2026,willyoung21__Mundial_lakehouse_2026,https://github.com/willyoung21/Mundial_lakehouse_2026,S2_topic_dbt,7,,4,,,2026-06-25T14:05:57Z,2026-06-25T14:26:02Z,excluded,not screened in,"P3 4 commits on the default branch, below 40"
wilwaldon/AI-analytics-Platform,wilwaldon__AI-analytics-Platform,https://github.com/wilwaldon/AI-analytics-Platform,S2_topic_dbt,2,NOASSERTION,2,,,2026-03-06T14:55:39Z,2026-03-06T18:34:17Z,excluded,not screened in,"P3 2 commits on the default branch, below 40"
winbalf/tick-vault,winbalf__tick-vault,https://github.com/winbalf/tick-vault,S3_code,0,,9,,,2026-04-16T09:23:51Z,2026-05-10T21:21:07Z,excluded,not screened in,"P3 9 commits on the default branch, below 40"
windsor-ai/dbt-facebook-big_query,windsor-ai__dbt-facebook-big_query,https://github.com/windsor-ai/dbt-facebook-big_query,S2_topic_dbt;S3_code,5,MIT,12,,,2025-07-31T16:41:22Z,2026-07-22T08:33:33Z,excluded,not screened in,"P3 12 commits on the default branch, below 40"
wingtra/dwh,wingtra__dwh,https://github.com/wingtra/dwh,S3_code,0,,95,75,1,2026-05-13T07:00:56Z,2026-08-04T13:50:04Z,excluded,not screened in,"P4 2.7 months between creation and last push, below 12"
winniemutai21/gz-dbt-repository,winniemutai21__gz-dbt-repository,https://github.com/winniemutai21/gz-dbt-repository,S3_code,0,,22,,,2024-08-06T09:16:52Z,2024-08-07T13:05:07Z,excluded,not screened in,"P3 22 commits on the default branch, below 40"
winwin-inc/dbt-hologres,winwin-inc__dbt-hologres,https://github.com/winwin-inc/dbt-hologres,S3_code,6,Apache-2.0,29,,,2024-03-01T01:21:26Z,2025-11-22T07:41:26Z,excluded,not screened in,"P3 29 commits on the default branch, below 40"
winwin-inc/dbt-odps,winwin-inc__dbt-odps,https://github.com/winwin-inc/dbt-odps,S3_code,9,Apache-2.0,86,0,1,2023-12-13T01:02:48Z,2025-12-16T02:45:28Z,passed,"extracted, excluded",no commits touch any declared model path
wisemuffin/data-cicd-tpch,wisemuffin__data-cicd-tpch,https://github.com/wisemuffin/data-cicd-tpch,S2_topic_dbt;S3_code,8,,79,30,1,2021-05-15T02:27:33Z,2022-03-01T00:22:29Z,excluded,not screened in,"P4 9.5 months between creation and last push, below 12"
wisnukuncoro/gcp-retail-data-pipeline,wisnukuncoro__gcp-retail-data-pipeline,https://github.com/wisnukuncoro/gcp-retail-data-pipeline,S3_code,0,,1,,,2025-12-20T16:22:48Z,2025-12-20T17:30:50Z,excluded,not screened in,"P3 1 commits on the default branch, below 40"
wizard7558/dbt-lattara-cortex,wizard7558__dbt-lattara-cortex,https://github.com/wizard7558/dbt-lattara-cortex,S3_code,0,,119,44,1,2026-01-01T01:31:50Z,2026-05-14T18:10:19Z,excluded,not screened in,"P4 4.4 months between creation and last push, below 12"
wjhrdy/dbt-trino-utils-fix,wjhrdy__dbt-trino-utils-fix,https://github.com/wjhrdy/dbt-trino-utils-fix,S3_code,0,Apache-2.0,60,0,1,2023-10-06T19:56:25Z,2023-10-06T19:58:23Z,excluded,not screened in,"P4 0.0 months between creation and last push, below 12"
wjsutton/pkmn_yellow_legacy_dbt,wjsutton__pkmn_yellow_legacy_dbt,https://github.com/wjsutton/pkmn_yellow_legacy_dbt,S3_code,5,MIT,93,61,1,2025-05-02T05:36:35Z,2026-07-10T15:16:36Z,passed,"extracted, excluded","only 9 monthly snapshots, below the 12 minimum"
wnch/selectdb,wnch__selectdb,https://github.com/wnch/selectdb,S3_code,4,Apache-2.0,4700,0,1,2022-06-22T06:52:48Z,2022-05-26T15:06:51Z,excluded,not screened in,"P4 -0.9 months between creation and last push, below 12"
wnl-icb-analytics/dbt-OLIDS,wnl-icb-analytics__dbt-OLIDS,https://github.com/wnl-icb-analytics/dbt-OLIDS,S3_code,3,NOASSERTION,778,166,1,2025-05-06T13:07:17Z,2026-07-20T09:53:22Z,passed,in corpus,
wnl-icb-analytics/dbt-analytics,wnl-icb-analytics__dbt-analytics,https://github.com/wnl-icb-analytics/dbt-analytics,S3_code,1,NOASSERTION,1294,1732,1,2025-08-04T14:28:38Z,2026-08-04T14:59:18Z,excluded,not screened in,"P4 12.0 months between creation and last push, below 12"
worldsocoled/therapeutic-trigger-tracker,worldsocoled__therapeutic-trigger-tracker,https://github.com/worldsocoled/therapeutic-trigger-tracker,S2_topic_dbt,1,MIT,44,0,0,2025-09-20T19:47:41Z,2025-09-25T21:45:51Z,excluded,not screened in,"P4 0.2 months between creation and last push, below 12"
wp1631/dbt-playground,wp1631__dbt-playground,https://github.com/wp1631/dbt-playground,S3_code,0,,5,,,2024-05-02T07:08:29Z,2024-05-10T04:43:45Z,excluded,not screened in,"P3 5 commits on the default branch, below 40"
writersrinivasan/dbt-snowflake,writersrinivasan__dbt-snowflake,https://github.com/writersrinivasan/dbt-snowflake,S3_code,0,,1,,,2025-12-16T09:58:00Z,2025-12-16T09:59:12Z,excluded,not screened in,"P3 1 commits on the default branch, below 40"
wrpereira/df_lh,wrpereira__df_lh,https://github.com/wrpereira/df_lh,S3_code,0,,1,,,2024-12-26T21:42:47Z,2025-01-28T02:04:11Z,excluded,not screened in,"P3 1 commits on the default branch, below 40"
wtbates99/tabletalk,wtbates99__tabletalk,https://github.com/wtbates99/tabletalk,S2_topic_dbt;S3_code,2,NOASSERTION,8,,,2025-02-26T21:45:29Z,2026-08-01T23:41:24Z,excluded,not screened in,"P3 8 commits on the default branch, below 40"
wujiapei/alldata,wujiapei__alldata,https://github.com/wujiapei/alldata,S3_code,6,Apache-2.0,362,0,1,2022-08-23T06:26:04Z,2022-08-23T06:55:48Z,excluded,not screened in,"P4 0.0 months between creation and last push, below 12"
wuldson-franco/eng_dados_projeto1,wuldson-franco__eng_dados_projeto1,https://github.com/wuldson-franco/eng_dados_projeto1,S3_code,12,,9,,,2024-08-20T14:44:38Z,2024-08-23T10:32:38Z,excluded,not screened in,"P3 9 commits on the default branch, below 40"
wuqianyao0804/gz-dbt-repository,wuqianyao0804__gz-dbt-repository,https://github.com/wuqianyao0804/gz-dbt-repository,S3_code,0,,9,,,2026-03-28T21:33:11Z,2026-04-13T20:41:40Z,excluded,not screened in,"P3 9 commits on the default branch, below 40"
wvlet/wvlet,wvlet__wvlet,https://github.com/wvlet/wvlet,S2_topic_dbt,156,Apache-2.0,1901,0,0,2024-08-23T23:21:17Z,2026-08-04T01:57:08Z,passed,"extracted, excluded",no dbt_project.yml found anywhere on the first-parent history
wwwdavid34/marshall_fire_explorer,wwwdavid34__marshall_fire_explorer,https://github.com/wwwdavid34/marshall_fire_explorer,S3_code,0,,54,12,1,2026-03-06T22:46:10Z,2026-03-09T04:15:12Z,excluded,not screened in,"P4 0.1 months between creation and last push, below 12"
wyang10/airflow_dbt_demo,wyang10__airflow_dbt_demo,https://github.com/wyang10/airflow_dbt_demo,S2_topic_dbt-core,1,MIT,43,18,1,2025-11-07T19:53:18Z,2026-01-06T00:21:31Z,excluded,not screened in,"P4 1.9 months between creation and last push, below 12"
xDevagya/dbt-gaming-analytics,xDevagya__dbt-gaming-analytics,https://github.com/xDevagya/dbt-gaming-analytics,S3_code,0,,3,,,2026-03-19T17:00:28Z,2026-03-19T17:08:32Z,excluded,not screened in,"P3 3 commits on the default branch, below 40"
xcong-analytics/Healthcare-Analytics-ELT-Pipeline,xcong-analytics__Healthcare-Analytics-ELT-Pipeline,https://github.com/xcong-analytics/Healthcare-Analytics-ELT-Pipeline,S2_topic_dbt-core,1,,5,,,2026-06-29T05:28:58Z,2026-07-11T04:59:21Z,excluded,not screened in,"P3 5 commits on the default branch, below 40"
xiangivyli/data-science-portfolio,xiangivyli__data-science-portfolio,https://github.com/xiangivyli/data-science-portfolio,S3_code,15,,547,5,1,2022-09-19T16:39:07Z,2024-07-04T08:23:21Z,passed,"extracted, excluded",every sampled commit yielded zero models
xiangivyli/data_engineer_portfolio,xiangivyli__data_engineer_portfolio,https://github.com/xiangivyli/data_engineer_portfolio,S3_code,3,,7,,,2024-07-15T22:18:32Z,2026-02-12T14:11:49Z,excluded,not screened in,"P3 7 commits on the default branch, below 40"
xianyu-bear/bdt-air-demo,xianyu-bear__bdt-air-demo,https://github.com/xianyu-bear/bdt-air-demo,S3_code,0,,1,,,2024-11-18T23:00:53Z,2024-12-13T08:48:57Z,excluded,not screened in,"P3 1 commits on the default branch, below 40"
xlang-ai/Spider2,xlang-ai__Spider2,https://github.com/xlang-ai/Spider2,S3_code,852,MIT,238,1007,69,2024-08-22T04:48:23Z,2026-01-30T04:29:13Z,passed,"extracted, excluded","only 2 monthly snapshots, below the 12 minimum"
xoniks/dbt-test-results,xoniks__dbt-test-results,https://github.com/xoniks/dbt-test-results,S3_code,1,MIT,5,,,2025-06-28T05:23:42Z,2025-07-30T14:21:26Z,excluded,not screened in,"P3 5 commits on the default branch, below 40"
xxxmed/Analyzing-Customer-Reviews-of-Bank-Agencies-in-Morocco,xxxmed__Analyzing-Customer-Reviews-of-Bank-Agencies-in-Morocco,https://github.com/xxxmed/Analyzing-Customer-Reviews-of-Bank-Agencies-in-Morocco,S3_code,0,,25,,,2025-04-24T21:57:18Z,2025-06-23T08:57:30Z,excluded,not screened in,"P3 25 commits on the default branch, below 40"
xylaaaaa/dbt-doris-adapter,xylaaaaa__dbt-doris-adapter,https://github.com/xylaaaaa/dbt-doris-adapter,S3_code,0,Apache-2.0,1,,,2026-07-30T04:30:58Z,2026-08-04T05:17:40Z,excluded,not screened in,"P3 1 commits on the default branch, below 40"
yaelirub/de-zoomcamp-final-project,yaelirub__de-zoomcamp-final-project,https://github.com/yaelirub/de-zoomcamp-final-project,S3_code,0,,1,,,2026-04-10T00:49:42Z,2026-04-10T00:49:45Z,excluded,not screened in,"P3 1 commits on the default branch, below 40"
yamotech/activerecord-dbt,yamotech__activerecord-dbt,https://github.com/yamotech/activerecord-dbt,S2_topic_dbt,2,MIT,278,0,0,2024-07-11T12:01:20Z,2026-01-18T14:09:06Z,passed,"extracted, excluded",no dbt_project.yml found anywhere on the first-parent history
yas-archetype/dbt_starter,yas-archetype__dbt_starter,https://github.com/yas-archetype/dbt_starter,S3_code,0,,5,,,2025-04-02T04:02:24Z,2025-06-07T01:50:32Z,excluded,not screened in,"P3 5 commits on the default branch, below 40"
ydb-platform/dbt-ydb,ydb-platform__dbt-ydb,https://github.com/ydb-platform/dbt-ydb,S3_code,24,,87,5,2,2025-04-21T09:48:56Z,2026-08-04T13:18:40Z,passed,"extracted, excluded","only 2 monthly snapshots, below the 12 minimum"
yeaight7/dbt-semguard,yeaight7__dbt-semguard,https://github.com/yeaight7/dbt-semguard,S2_topic_dbt;S2_topic_dbt-core,2,MIT,199,0,0,2026-04-16T23:03:48Z,2026-04-27T00:04:40Z,excluded,not screened in,"P4 0.3 months between creation and last push, below 12"
yelzha/data-engineering-zoomcamp,yelzha__data-engineering-zoomcamp,https://github.com/yelzha/data-engineering-zoomcamp,S2_topic_dbt,3,,27,,,2024-01-19T08:38:33Z,2024-04-08T19:50:46Z,excluded,not screened in,"P3 27 commits on the default branch, below 40"
yidnekakchew/Ethiopian-Medical-Business-Insights-Data-Warehouse-with-YOLO-and-API-Integration,yidnekakchew__Ethiopian-Medical-Business-Insights-Data-Warehouse-with-YOLO-and-API-Integration,https://github.com/yidnekakchew/Ethiopian-Medical-Business-Insights-Data-Warehouse-with-YOLO-and-API-Integration,S3_code,0,,4,,,2024-10-11T14:45:20Z,2024-10-11T15:41:57Z,excluded,not screened in,"P3 4 commits on the default branch, below 40"
ymoon2nz/learn-dbt,ymoon2nz__learn-dbt,https://github.com/ymoon2nz/learn-dbt,S3_code,0,,39,,,2024-02-27T11:15:49Z,2026-05-17T03:19:36Z,excluded,not screened in,"P3 39 commits on the default branch, below 40"
yo-steven/ktx-ai-data-agents-mcp-context-skills-exploration-20260530,yo-steven__ktx-ai-data-agents-mcp-context-skills-exploration-20260530,https://github.com/yo-steven/ktx-ai-data-agents-mcp-context-skills-exploration-20260530,S3_code,0,Apache-2.0,1,,,2026-05-31T00:32:57Z,2026-05-31T00:33:03Z,excluded,not screened in,"P3 1 commits on the default branch, below 40"
yo-steven/ktx-exploration-20260605,yo-steven__ktx-exploration-20260605,https://github.com/yo-steven/ktx-exploration-20260605,S3_code,0,Apache-2.0,1,,,2026-06-05T04:32:28Z,2026-06-05T04:32:34Z,excluded,not screened in,"P3 1 commits on the default branch, below 40"
yoock/doris,yoock__doris,https://github.com/yoock/doris,S3_code,0,Apache-2.0,22748,0,1,2025-01-10T07:35:17Z,2025-06-11T09:58:11Z,excluded,not screened in,"P4 5.0 months between creation and last push, below 12"
yu-iskw/action-sqlfluff,yu-iskw__action-sqlfluff,https://github.com/yu-iskw/action-sqlfluff,S2_topic_dbt,73,MIT,65,4,1,2021-12-22T05:52:22Z,2026-07-16T17:39:00Z,passed,"extracted, excluded","peak lineage size 4 nodes, below the 10 minimum"
yu-iskw/dbt-airflow-macros,yu-iskw__dbt-airflow-macros,https://github.com/yu-iskw/dbt-airflow-macros,S2_topic_dbt;S3_code,17,Apache-2.0,25,,,2020-11-12T07:52:40Z,2025-12-21T13:32:58Z,excluded,not screened in,"P3 25 commits on the default branch, below 40"
yu-iskw/dbt-artifacts-loader,yu-iskw__dbt-artifacts-loader,https://github.com/yu-iskw/dbt-artifacts-loader,S2_topic_dbt,17,Apache-2.0,62,87,1,2021-07-01T02:20:14Z,2023-10-26T23:26:50Z,passed,"extracted, excluded","only 11 monthly snapshots, below the 12 minimum"
yu-iskw/dbt-artifacts-parser,yu-iskw__dbt-artifacts-parser,https://github.com/yu-iskw/dbt-artifacts-parser,S2_topic_dbt,114,Apache-2.0,177,0,0,2022-03-01T05:15:31Z,2026-07-30T22:46:47Z,passed,"extracted, excluded",no dbt_project.yml found anywhere on the first-parent history
yu-iskw/dbt-gcp-billing,yu-iskw__dbt-gcp-billing,https://github.com/yu-iskw/dbt-gcp-billing,S2_topic_dbt,4,Apache-2.0,7,,,2023-08-08T13:07:02Z,2025-02-10T21:14:47Z,excluded,not screened in,"P3 7 commits on the default branch, below 40"
yu-iskw/dbt-helpers,yu-iskw__dbt-helpers,https://github.com/yu-iskw/dbt-helpers,S3_code,0,Apache-2.0,29,,,2026-02-14T13:54:22Z,2026-08-05T00:26:37Z,excluded,not screened in,"P3 29 commits on the default branch, below 40"
yu-iskw/dbt-ops,yu-iskw__dbt-ops,https://github.com/yu-iskw/dbt-ops,S3_code,5,Apache-2.0,8,,,2023-12-19T06:31:38Z,2026-02-03T00:37:34Z,excluded,not screened in,"P3 8 commits on the default branch, below 40"
yu-iskw/dbt-package-template,yu-iskw__dbt-package-template,https://github.com/yu-iskw/dbt-package-template,S3_code,0,Apache-2.0,6,,,2026-04-04T07:36:12Z,2026-07-25T01:12:27Z,excluded,not screened in,"P3 6 commits on the default branch, below 40"
yu-iskw/dbt-unittest,yu-iskw__dbt-unittest,https://github.com/yu-iskw/dbt-unittest,S2_topic_dbt;S3_code,31,Apache-2.0,43,0,1,2022-07-06T04:55:09Z,2026-08-01T01:53:08Z,passed,"extracted, excluded",no commits touch any declared model path
yu-iskw/lightdash-ai-tools,yu-iskw__lightdash-ai-tools,https://github.com/yu-iskw/lightdash-ai-tools,S2_topic_dbt,3,Apache-2.0,39,,,2025-01-09T00:31:55Z,2026-02-18T00:27:27Z,excluded,not screened in,"P3 39 commits on the default branch, below 40"
yu-iskw/lightdash-ops,yu-iskw__lightdash-ops,https://github.com/yu-iskw/lightdash-ops,S2_topic_dbt,3,Apache-2.0,32,,,2023-06-28T02:10:39Z,2025-12-01T21:30:39Z,excluded,not screened in,"P3 32 commits on the default branch, below 40"
yu-iskw/sqlfluff-complexity,yu-iskw__sqlfluff-complexity,https://github.com/yu-iskw/sqlfluff-complexity,S2_topic_dbt,4,Apache-2.0,60,0,1,2026-05-01T09:50:56Z,2026-08-05T00:36:28Z,excluded,not screened in,"P4 3.1 months between creation and last push, below 12"
yuduu/dbt-bigquery,yuduu__dbt-bigquery,https://github.com/yuduu/dbt-bigquery,S3_code,2,,62,1,1,2022-08-31T12:52:36Z,2022-09-05T08:39:07Z,excluded,not screened in,"P4 0.1 months between creation and last push, below 12"
yufeenyuy/datAnalytics,yufeenyuy__datAnalytics,https://github.com/yufeenyuy/datAnalytics,S3_code,0,,20,,,2024-01-13T13:38:09Z,2025-01-26T13:52:16Z,excluded,not screened in,"P3 20 commits on the default branch, below 40"
yuyatinnefeld/snowflake,yuyatinnefeld__snowflake,https://github.com/yuyatinnefeld/snowflake,S2_topic_dbt,1,,94,17,1,2021-08-19T13:27:41Z,2021-09-21T10:08:50Z,excluded,not screened in,"P4 1.1 months between creation and last push, below 12"
yvnnhong/TurtleTide,yvnnhong__TurtleTide,https://github.com/yvnnhong/TurtleTide,S2_topic_dbt,2,,22,,,2026-03-27T03:26:51Z,2026-03-30T21:37:31Z,excluded,not screened in,"P3 22 commits on the default branch, below 40"
yvnnhong/migrationpulse,yvnnhong__migrationpulse,https://github.com/yvnnhong/migrationpulse,S2_topic_dbt;S2_topic_dbt-core,1,,50,3,1,2026-03-21T22:37:49Z,2026-05-26T21:12:37Z,excluded,not screened in,"P4 2.1 months between creation and last push, below 12"
yyzquwu/marketing-analytics-dbt-warehouse,yyzquwu__marketing-analytics-dbt-warehouse,https://github.com/yyzquwu/marketing-analytics-dbt-warehouse,S2_topic_analytics-engineering;S2_topic_dbt,1,,2,,,2026-05-06T07:33:29Z,2026-07-14T08:13:43Z,excluded,not screened in,"P3 2 commits on the default branch, below 40"
z-ferrum/data_pipeline,z-ferrum__data_pipeline,https://github.com/z-ferrum/data_pipeline,S3_code,0,,11,,,2023-08-25T21:49:11Z,2024-06-18T04:45:01Z,excluded,not screened in,"P3 11 commits on the default branch, below 40"
z-ferrum/dbt_showcase,z-ferrum__dbt_showcase,https://github.com/z-ferrum/dbt_showcase,S3_code,0,,15,,,2023-08-26T03:31:54Z,2024-06-18T05:04:19Z,excluded,not screened in,"P3 15 commits on the default branch, below 40"
z3z1ma/dbt-core-interface,z3z1ma__dbt-core-interface,https://github.com/z3z1ma/dbt-core-interface,S2_topic_dbt;S3_code,46,MIT,155,24,3,2023-01-08T08:54:26Z,2026-02-06T00:23:13Z,passed,"extracted, excluded","only 3 monthly snapshots, below the 12 minimum"
z3z1ma/dbt-osmosis,z3z1ma__dbt-osmosis,https://github.com/z3z1ma/dbt-osmosis,S2_topic_dbt;S3_code,638,Apache-2.0,1073,7,1,2021-09-25T01:19:15Z,2026-08-01T19:33:51Z,passed,"extracted, excluded","only 9 monthly snapshots, below the 12 minimum"
za250120548/ProyectoFinal_BigData,za250120548__ProyectoFinal_BigData,https://github.com/za250120548/ProyectoFinal_BigData,S3_code,0,,7,,,2025-12-13T16:06:05Z,2025-12-17T03:44:49Z,excluded,not screened in,"P3 7 commits on the default branch, below 40"
zach783/gauss-dbt-fixture,zach783__gauss-dbt-fixture,https://github.com/zach783/gauss-dbt-fixture,S3_code,0,,1,,,2026-07-31T18:08:25Z,2026-07-31T18:08:29Z,excluded,not screened in,"P3 1 commits on the default branch, below 40"
zachburke9/work-samples,zachburke9__work-samples,https://github.com/zachburke9/work-samples,S2_topic_analytics-engineering,1,MIT,34,,,2025-03-08T17:17:32Z,2026-07-20T12:54:10Z,excluded,not screened in,"P3 34 commits on the default branch, below 40"
zachfreitas/dbt-bqtest,zachfreitas__dbt-bqtest,https://github.com/zachfreitas/dbt-bqtest,S2_topic_dbt,1,,25,,,2022-02-06T21:34:14Z,2022-02-07T03:17:42Z,excluded,not screened in,"P3 25 commits on the default branch, below 40"
zachfreitas/dbt-fundamentals,zachfreitas__dbt-fundamentals,https://github.com/zachfreitas/dbt-fundamentals,S2_topic_dbt,1,,13,,,2022-02-04T23:16:49Z,2022-02-06T18:42:56Z,excluded,not screened in,"P3 13 commits on the default branch, below 40"
zachpinto/real-time-indicators,zachpinto__real-time-indicators,https://github.com/zachpinto/real-time-indicators,S2_topic_analytics-engineering,1,MIT,84,0,0,2024-01-15T00:14:14Z,2024-05-07T00:41:42Z,excluded,not screened in,"P4 3.7 months between creation and last push, below 12"
zaheerqur/nyc-taxi-platform,zaheerqur__nyc-taxi-platform,https://github.com/zaheerqur/nyc-taxi-platform,S2_topic_dbt,1,,19,,,2026-06-11T04:09:54Z,2026-07-21T09:46:07Z,excluded,not screened in,"P3 19 commits on the default branch, below 40"
zakel912/idf-transport-data-pipeline,zakel912__idf-transport-data-pipeline,https://github.com/zakel912/idf-transport-data-pipeline,S3_code,0,,1,,,2025-10-30T09:29:24Z,2025-11-04T21:08:54Z,excluded,not screened in,"P3 1 commits on the default branch, below 40"
zalihat/e-commerce-data-warehouse-solution,zalihat__e-commerce-data-warehouse-solution,https://github.com/zalihat/e-commerce-data-warehouse-solution,S2_topic_dbt,1,,17,,,2025-11-05T16:51:10Z,2025-11-28T15:04:17Z,excluded,not screened in,"P3 17 commits on the default branch, below 40"
zapanss/End-to-End-ELT-Data-Pipeline-with-Databricks-Delta-Lake-DLT-dbt-Ready-Gold-Models,zapanss__End-to-End-ELT-Data-Pipeline-with-Databricks-Delta-Lake-DLT-dbt-Ready-Gold-Models,https://github.com/zapanss/End-to-End-ELT-Data-Pipeline-with-Databricks-Delta-Lake-DLT-dbt-Ready-Gold-Models,S2_topic_dbt,3,Apache-2.0,14,,,2026-01-26T22:29:28Z,2026-07-27T10:13:29Z,excluded,not screened in,"P3 14 commits on the default branch, below 40"
zeeshan8088/cloud-data-engineer-portfolio,zeeshan8088__cloud-data-engineer-portfolio,https://github.com/zeeshan8088/cloud-data-engineer-portfolio,S3_code,0,,90,10,1,2026-01-28T13:35:23Z,2026-06-13T09:45:43Z,excluded,not screened in,"P4 4.4 months between creation and last push, below 12"
zeineb-eya/retail,zeineb-eya__retail,https://github.com/zeineb-eya/retail,S3_code,1,,21,,,2024-01-15T13:41:03Z,2024-01-22T13:52:03Z,excluded,not screened in,"P3 21 commits on the default branch, below 40"
zenitsu93/weather-alerts-pipeline,zenitsu93__weather-alerts-pipeline,https://github.com/zenitsu93/weather-alerts-pipeline,S3_code,0,MIT,29,,,2024-10-12T19:00:55Z,2024-10-22T15:09:39Z,excluded,not screened in,"P3 29 commits on the default branch, below 40"
zh412/nba-feature-store,zh412__nba-feature-store,https://github.com/zh412/nba-feature-store,S2_topic_analytics-engineering,1,MIT,125,0,0,2026-03-05T01:45:07Z,2026-03-26T18:36:24Z,excluded,not screened in,"P4 0.7 months between creation and last push, below 12"
zhenXing-fr/dbt_sandbox,zhenXing-fr__dbt_sandbox,https://github.com/zhenXing-fr/dbt_sandbox,S3_code,0,,7,,,2025-03-19T16:46:56Z,2025-03-21T14:10:52Z,excluded,not screened in,"P3 7 commits on the default branch, below 40"
zhew9/wap-gcp-analytics-sandbox,zhew9__wap-gcp-analytics-sandbox,https://github.com/zhew9/wap-gcp-analytics-sandbox,S2_topic_dbt;S3_code,1,MIT,10,,,2025-08-26T06:12:29Z,2025-09-10T22:42:21Z,excluded,not screened in,"P3 10 commits on the default branch, below 40"
zigrivers/scaffold,zigrivers__scaffold,https://github.com/zigrivers/scaffold,S3_code,5,MIT,1041,0,1,2026-02-15T12:04:24Z,2026-08-03T01:02:10Z,excluded,not screened in,"P4 5.5 months between creation and last push, below 12"
zkan/dbt-tutorial,zkan__dbt-tutorial,https://github.com/zkan/dbt-tutorial,S2_topic_dbt,1,CC0-1.0,3,,,2024-05-13T01:22:01Z,2024-05-13T01:26:05Z,excluded,not screened in,"P3 3 commits on the default branch, below 40"
zkan/dtc-data-engineering-zoomcamp-project,zkan__dtc-data-engineering-zoomcamp-project,https://github.com/zkan/dtc-data-engineering-zoomcamp-project,S2_topic_dbt,24,CC0-1.0,50,2,1,2022-07-05T00:36:35Z,2022-07-14T02:02:42Z,excluded,not screened in,"P4 0.3 months between creation and last push, below 12"
zkan/getting-started-with-analytics-engineering,zkan__getting-started-with-analytics-engineering,https://github.com/zkan/getting-started-with-analytics-engineering,S2_topic_analytics-engineering;S2_topic_dbt,14,GPL-3.0,75,0,0,2022-10-14T04:36:08Z,2024-07-25T12:52:45Z,passed,"extracted, excluded",no dbt_project.yml found anywhere on the first-parent history
zkan/hello-dbt,zkan__hello-dbt,https://github.com/zkan/hello-dbt,S2_topic_dbt,5,,57,18,4,2021-02-12T09:25:43Z,2024-04-10T01:51:04Z,passed,"extracted, excluded","only 3 monthly snapshots, below the 12 minimum"
zkan/metaplane-dbt,zkan__metaplane-dbt,https://github.com/zkan/metaplane-dbt,S3_code,0,Apache-2.0,15,,,2022-09-01T02:20:25Z,2022-08-30T22:27:17Z,excluded,not screened in,"P3 15 commits on the default branch, below 40"
zkhin/cube,zkhin__cube,https://github.com/zkhin/cube,S3_code,0,NOASSERTION,9220,1,2,2025-01-29T01:06:50Z,2025-06-07T19:21:27Z,excluded,not screened in,"P4 4.2 months between creation and last push, below 12"
zng489/docker_dockercompose_terraform_infra,zng489__docker_dockercompose_terraform_infra,https://github.com/zng489/docker_dockercompose_terraform_infra,S3_code,0,,110,0,3,2021-10-10T11:28:02Z,2026-03-31T05:54:24Z,passed,"extracted, excluded",no commits touch any declared model path
zrlopez/ml-incident-response-playbook,zrlopez__ml-incident-response-playbook,https://github.com/zrlopez/ml-incident-response-playbook,S2_topic_dbt,1,MIT,481,3,1,2026-05-23T02:16:21Z,2026-08-04T08:58:57Z,excluded,not screened in,"P4 2.4 months between creation and last push, below 12"
zsvoboda/covid,zsvoboda__covid,https://github.com/zsvoboda/covid,S3_code,0,MIT,48,20,1,2021-11-25T07:20:08Z,2022-01-20T15:53:56Z,excluded,not screened in,"P4 1.8 months between creation and last push, below 12"
zsvoboda/ngods-stocks,zsvoboda__ngods-stocks,https://github.com/zsvoboda/ngods-stocks,S1_curated;S2_topic_dbt,456,BSD-3-Clause,57,6,3,2022-07-03T12:34:46Z,2023-02-06T08:44:57Z,excluded,not screened in,"P4 7.1 months between creation and last push, below 12"
zxiex/kobo-book-collections-dbt,zxiex__kobo-book-collections-dbt,https://github.com/zxiex/kobo-book-collections-dbt,S2_topic_dbt,1,MIT,11,,,2023-08-24T19:46:50Z,2026-07-31T11:19:25Z,excluded,not screened in,"P3 11 commits on the default branch, below 40"
zzstoatzz/my-prefect-server,zzstoatzz__my-prefect-server,https://github.com/zzstoatzz/my-prefect-server,S3_code,0,MIT,335,13,1,2026-03-18T04:08:00Z,2026-08-04T04:56:41Z,excluded,not screened in,"P4 4.6 months between creation and last push, below 12"
