project_id,date,sha,commit_msg,N,M,too_small,D1_csi,D1_n_comm,D2_max_gini,D3_alg_conn,D3_norm_gap,D3_fiedler_bim,D4_cycle_rank_norm,n_components,giant_component_frac,isolated_frac,n_staging,n_intermediate,n_mart,n_unclassified,n_sql_files,n_dbt_projects
CDPVD__cdpvd_dashboards_store,2022-09-06T09:57:31,819cf5ad3ce05b628d5522e363fc874b05a6d608,feat: add base_spine table,2,1,True,,,,,,,,1,1.0,0.0,2,0,0,0,2,1
CDPVD__cdpvd_dashboards_store,2022-10-05T12:47:05,5a1b94e9cf8cc5544ca7ffc2fb570330b03d2881,refactor: fix the bug introduced earlier,4,5,True,,,,,,,,1,1.0,0.0,1,0,1,2,4,1
CDPVD__cdpvd_dashboards_store,2022-11-21T12:07:38,bbddb4025edb4ee6054bbfab58fd5ab96bc2d320,Merge branch 'develop' into feature/emp_cong_correction,16,14,False,0.7857142857142857,1,0.40808823529411764,1.0,0.2,0.15636983373599508,0.125,4,0.3125,0.0,2,0,1,13,16,1
CDPVD__cdpvd_dashboards_store,2022-12-20T19:39:02,277ad07a2ea2c4ffabba54dc1b5eede52a1c4791,Merged PR 253: transport_scoler_geobus,35,31,False,0.7142857142857143,2,0.5467787114845938,0.6277186767309857,0.09850768427922496,0.2546213882388735,0.11428571428571428,8,0.228571,0.028571,4,0,3,28,35,1
CDPVD__cdpvd_dashboards_store,2023-01-24T13:53:55,c1b08bfa7fe5ad58d4fb02fcc390141989c3ba6c,Changement pour Mohamed,37,35,False,0.7857142857142857,4,0.5679592636114376,0.08494028178592213,0.013016808331396195,0.5202023668262268,0.13513513513513514,7,0.486486,0.027027,4,0,3,30,37,1
CDPVD__cdpvd_dashboards_store,2023-02-23T18:09:26,4626f2406c66b6f92119e6fc25a0a27f32b448b1,feat : add new table to schema,40,36,False,0.7142857142857143,3,0.48928571428571427,0.2506590851470478,0.04689822367572097,0.3277874011388251,0.125,9,0.225,0.025,4,0,3,33,40,1
CDPVD__cdpvd_dashboards_store,2023-03-24T12:17:22,4bd515a35096c016986603c750cba59245c27553,Merged PR 330: refactoring cout de roulement code,65,71,False,0.7142857142857143,4,0.5473110959836623,0.11265269277944734,0.014480385586489992,0.7072130617381959,0.23076923076923078,9,0.353846,0.030769,6,0,4,55,65,1
CDPVD__cdpvd_dashboards_store,2023-04-20T13:55:47,bd5dd72839324d3e6fb22745504c9659c15824c0,Merged PR 339: Tableau de bord emp_actif,64,65,False,0.7142857142857143,5,0.5267231308411215,0.1120552846508518,0.013643132277602875,0.6483204454779485,0.15625,9,0.34375,0.03125,6,0,4,54,64,1
CDPVD__cdpvd_dashboards_store,2023-05-24T14:55:54,b69e865c2afab0d52ea7ee410f4815e480ca33ea,feat: adding sectors and filter-by-sectors to the transport dashboard,64,63,False,0.7142857142857143,5,0.5390625,0.10816264856708452,0.011808778596894214,0.6648913338977437,0.125,9,0.375,0.046875,5,0,8,51,64,1
CDPVD__cdpvd_dashboards_store,2023-06-06T16:42:12,de87bc13bb3b79917d77760f0249b9362358b24d,fix: remove blank results and correct subject evaluation code,67,70,False,0.7142857142857143,5,0.5316858331294348,0.10816264856708452,0.011808778596894214,0.6648913331711865,0.1791044776119403,9,0.358209,0.044776,5,0,8,54,67,1
CDPVD__cdpvd_dashboards_store,2023-07-19T14:37:35,fb94ef9c6b6e0a0f2a959aac3816bb4a12de410a,Merged PR 412: Bugfix pour res_matieres prospectif_cdp,69,72,False,0.7857142857142857,4,0.5346467391304348,0.10358220072010611,0.011281081132344512,0.6161868385026776,0.17391304347826086,9,0.362319,0.043478,6,0,9,54,69,1
CDPVD__cdpvd_dashboards_store,2023-08-23T12:55:37,6d823bd13476eb46c9bf6874bcce0f09f283d695,feat: adding a cookiecutter template to help greenfield CSS bootstraping the cssXX.data.store,92,116,False,0.7142857142857143,5,0.6209707646176912,0.09335288268094703,0.009245320023250713,0.77354281188158,0.358695652173913,9,0.413043,0.032609,9,0,14,69,92,2
CDPVD__cdpvd_dashboards_store,2023-09-14T12:41:32,37f403b93cdeacf9a7316e7020176b480a0adc0f,fix : add filtre to compare with curent day date,92,116,False,0.7142857142857143,5,0.6209707646176912,0.09335288268094703,0.009245320023250713,0.7735426760767142,0.358695652173913,9,0.413043,0.032609,9,0,14,69,92,2
CDPVD__cdpvd_dashboards_store,2023-10-21T12:58:18,a6c4b9971d3b2b0764bfc32fb4d4fc484bb8cfd3,style: applying sqlfmt,109,149,False,0.5,4,0.628814828683767,0.10715665608998132,0.010768498530432656,0.8567808932894793,0.44954128440366975,9,0.40367,0.027523,12,0,20,77,109,2
CDPVD__cdpvd_dashboards_store,2023-10-31T16:02:56,d1c252b071dacae2060c8e2a223e175995879ec4,feat: adding the predictive_view_aggregated dashboard (#11),120,168,False,0.5,4,0.6345982142857143,0.10715665608998132,0.010768498530432656,0.8567810040349015,0.475,9,0.366667,0.025,14,0,21,85,120,1
CDPVD__cdpvd_dashboards_store,2023-12-20T17:06:04,e8ca4227caa02a57a504d9c60ad65340283fd7fc,style: applying sqlfmt,141,216,False,0.6428571428571429,5,0.6595048392070265,0.10746451583272401,0.006553589658110243,0.517412640846248,0.5957446808510638,9,0.41844,0.021277,22,0,23,96,141,1
CDPVD__cdpvd_dashboards_store,2023-12-22T11:39:24,9a3ed3ed4b6fbac8e8ad282524abc9cbbc2ac20b,fix: corrections d'orthographe (#28),141,216,False,0.6428571428571429,5,0.6595048392070265,0.10746451583272401,0.006553589658110243,0.5174129102105448,0.5957446808510638,9,0.41844,0.021277,22,0,23,96,141,1
CDPVD__cdpvd_dashboards_store,2024-02-19T09:07:44,ba62f9304dbc38dc5d29d384d62b277733b13ae1,feat(pevr): creation d'un mvp pour le tdb pevr (#36),149,238,False,0.5714285714285714,8,0.6738793742003546,0.12147733184234236,0.005949585088484565,0.6848316799045486,0.6778523489932886,12,0.483221,0.040268,21,0,27,101,149,1
CDPVD__cdpvd_dashboards_store,2024-03-20T15:51:32,0e7f4879c139f465a58e30d40879aeec9460ec92,refactor: renaming and add columns to interface  (#8),148,237,False,0.5,8,0.6754901354443689,0.1216940997051926,0.006236678247324728,0.6823648395663875,0.6824324324324325,12,0.47973,0.040541,21,0,27,100,148,1
CDPVD__cdpvd_dashboards_store,2024-05-16T15:07:15,5773e8254e7bec7e4969862460a14ebcda0e73c2,fix: correct column en cours (#11),160,260,False,0.5714285714285714,8,0.6909654072620216,0.03921101845672126,0.00168028366785259,0.9511363294733508,0.7125,14,0.53125,0.05625,22,0,30,108,160,1
CDPVD__cdpvd_dashboards_store,2024-06-17T09:27:36,3de681edddb80ec4e2f1141694764174fef0c755,feat: ajout d'une table de staging pour le mapping des adresses au 30/09 et la plus récente pour chaque année (#13),162,261,False,0.5714285714285714,8,0.6937061244250786,0.03921101845672126,0.00168028366785259,0.951136434275811,0.7037037037037037,15,0.524691,0.055556,23,0,30,109,162,1
CDPVD__cdpvd_dashboards_store,2024-07-09T15:28:46,cf0367471a78fa851da80a6fb6e183bf5bed2fb2,"feat: nouvelle version du tableau de bord des épreuves uniques, obligatoires et locales (#15)",164,274,False,0.5714285714285714,7,0.7198665200008462,0.13362746376892431,0.00488930036023184,0.8285000358844016,0.774390243902439,17,0.518293,0.067073,22,0,30,112,164,1
CDPVD__cdpvd_dashboards_store,2024-08-29T09:01:55,d40781e4eb2f102178862836bb8e174c65302b3a,Feature/fix effectif (#16),164,273,False,0.5,6,0.7214644614257302,0.13275973881447561,0.004689520319762504,0.8353000161689608,0.7682926829268293,17,0.518293,0.067073,22,0,30,112,164,1
CDPVD__cdpvd_dashboards_store,2024-10-07T15:22:15,74ff8ee24f8ad784bcf29c4e1f0aac8923b3245b,refactor: restrecturation du dissier dashboard,169,289,False,0.5,6,0.7300567564303828,0.07043760692427783,0.002186284344216609,0.9557965136200498,0.8047337278106509,16,0.579882,0.065089,24,0,31,114,169,1
CDPVD__cdpvd_dashboards_store,2024-10-23T15:08:19,8b9cbe678b7e7b85d841f7a0325a452b7187ed3e,fix(PEVR: add scope to test resolution,20,24,False,0.6428571428571429,4,0.6935897435897436,0.3784886795596692,0.033946309534883645,0.6766749655888192,0.4,4,0.8,0.1,6,0,4,10,20,1
CDPVD__cdpvd_dashboards_store,2024-12-02T08:24:19,76f34d18f8cd765ca8b931501f2a0f9554499958,feat(educ_serv_adultes) : identifier les frequentations en FP/FGA (#4),29,31,False,0.6428571428571429,4,0.6661775495231108,0.3784886795596692,0.033946309534883645,0.6766749594987409,0.27586206896551724,6,0.551724,0.103448,6,0,6,17,29,1
CDPVD__cdpvd_dashboards_store,2025-03-13T14:23:21,6d0be14966f1dda65ac13e82c9cdde2894d3d597,feat : personaliser le filtre annees dans la table fact_yearly_student,54,66,False,0.7857142857142857,4,0.6791005291005291,0.084253635382743,0.007524498220166622,0.6851032956374351,0.3333333333333333,6,0.537037,0.037037,12,0,13,29,54,1
CDPVD__cdpvd_dashboards_store,2025-03-18T15:22:18,6109d1e1c85710314568a0c925a77b8018264e08,fix: update fact_yearly_student to default year_of_data_student,54,66,False,0.7857142857142857,4,0.6791005291005291,0.084253635382743,0.007524498220166622,0.6851032978215778,0.3333333333333333,6,0.537037,0.037037,12,0,13,29,54,1
CDPVD__cdpvd_dashboards_store,2025-05-02T13:23:29,4d1be35ada9b73bf9927e13eba158d4fcbfb296f,Feat: Portrait clientèle FpFga (#9),56,70,False,0.7857142857142857,4,0.648508137432188,0.084253635382743,0.007524498220166622,0.6851033433550049,0.35714285714285715,6,0.517857,0.035714,12,0,13,31,56,1
CDPVD__cdpvd_dashboards_store,2025-06-03T14:34:06,3661af76af6677b3befa54e0b073bffe4c47bf1a,Feat(portrait_css_fpfga): Module réussite dans le Tableau de bord des adultes,60,74,False,0.9285714285714286,4,0.6324074074074074,0.08425363538274053,0.007524498220166404,0.6851032922789756,0.3333333333333333,6,0.483333,0.033333,12,0,13,35,60,1
CDPVD__cdpvd_dashboards_store,2025-07-10T13:22:35,6297bcfc656aaae8133cb44d988cf183ef76d71b,Fix(reussite) : Rendre dynamique la possibilité d'exclure des serv_ens et de preciser le motif formation en cours (#20),52,57,False,0.6428571428571429,4,0.6292642140468228,0.18033503413538496,0.019578031659308076,0.652385780219383,0.23076923076923078,7,0.346154,0.038462,12,0,11,29,52,1
CDPVD__cdpvd_dashboards_store,2025-10-03T12:52:23,80a3b5dcf48f1ccc88129150da82dc80b09167d9,feat(suivi_effectif): Pipeline de calcul des heures rémunérées / ETC (DBT + reporting) (#22),63,68,False,0.7857142857142857,3,0.6079946812931106,0.06919815125013809,0.006899790932363532,0.6624207584032703,0.19047619047619047,7,0.380952,0.031746,12,0,12,39,63,1
CDPVD__cdpvd_dashboards_store,2025-12-09T21:54:00,7de691a73d3bff7cd6217fc94371526f4126b618,Bugfix: ajouter une colonne de plus pour les groupe horaire (#28),69,72,False,0.7142857142857143,4,0.6130653266331658,0.05667600388435096,0.005129803681647776,0.6723533744968251,0.17391304347826086,9,0.405797,0.057971,14,0,12,43,69,1
CDPVD__cdpvd_dashboards_store,2026-01-08T14:13:48,5f3b002e90f504becdda16ae45ba2ad70d504e1a,chore: Remove duplicate copyright notice from SQL file,69,72,False,0.7142857142857143,4,0.6130653266331658,0.05667600388435096,0.005129803681647776,0.6723531800402041,0.17391304347826086,9,0.405797,0.057971,14,0,12,43,69,1
CDPVD__cdpvd_dashboards_store,2026-01-29T09:10:26,0428c08a3cc02931d07bf3957ede6886c80c692c,Fix: Source corps emp changée dans fact plus ajout left join dans la table tb (#34),70,73,False,0.5714285714285714,5,0.6090047393364929,0.043059784352687605,0.004712224994476117,0.6568050073689136,0.17142857142857143,9,0.414286,0.057143,15,0,12,43,70,1
CDPVD__cdpvd_dashboards_store,2026-02-13T08:43:24,944b248bc8d2d66ba0ca93df58c631d9e1c49c8e,Bugfix: des pourcentages des absences par étape  (#36),74,77,False,0.7857142857142857,5,0.6098517872711421,0.033365492717862454,0.003651136286260357,0.5538527498612352,0.16216216216216217,9,0.445946,0.054054,15,0,14,45,74,1
CDPVD__cdpvd_dashboards_store,2026-04-08T09:04:07,850189b1b75bf939dbd8355619f1fb0e6794fd6c,feat: restructuration du tdb des absences et ajout des absences par élève (#37),76,77,False,0.7857142857142857,5,0.6166897506925207,0.033365492717862454,0.003651136286260357,0.5538522266888074,0.14473684210526316,10,0.434211,0.065789,16,0,14,46,76,1
CDPVD__cdpvd_dashboards_store,2026-06-18T13:29:29,3a03883349e17796f1c4d18820002388d917059a,refactor(absenteeism): division cdpvd_stg_absence_daily en 3 modèles intermédiaires  (#41),78,79,False,0.7857142857142857,5,0.6208221091489574,0.033365492717862454,0.003651136286260357,0.5538522631510162,0.14102564102564102,10,0.423077,0.064103,18,0,14,46,78,1
CDPVD__cdpvd_dashboards_store,2026-07-16T14:25:42,f5f367157839a28e1f191b35e0ade440fc0b341d,feat(pevr): ajout du tableau de bord personnalisé (#40),103,121,False,1.0,7,0.5980231606035794,0.006950600542317039,0.0006843953975805373,0.7721735852990175,0.2621359223300971,9,0.92233,0.07767,21,0,18,64,103,1
DITP-pilotage__pilote-2,2023-04-21T17:05:50,45a282b07542e81eee214269ac80068a71e34df6,feat: ajout des taux avancement regions pour les indicateurs (386),33,35,False,0.7142857142857143,5,0.4776579352850539,0.10513862518228179,0.009459164464728843,0.7765660055615349,0.18181818181818182,4,0.848485,0.030303,19,2,3,9,33,1
DITP-pilotage__pilote-2,2023-05-17T17:05:18,2f966ff1be68d405332b3a52a26a657892051656,chore: ajout valeur actuelle comparable dans le pivot (340),51,63,False,0.8571428571428571,5,0.5951394642363987,0.042708557304951905,0.004494760482292695,0.7514653764082121,0.35294117647058826,6,0.764706,0.039216,21,2,11,17,51,1
DITP-pilotage__pilote-2,2023-06-20T10:34:20,9db1d98578485dfd6215c2cb8e438cb34f939bbb,feat: implémente le param from_month pour la vaca et la vacg (444),62,82,False,0.7857142857142857,6,0.5929085577179419,0.015736786989140862,0.00150547850983457,0.8777862916324556,0.3870967741935484,4,0.903226,0.032258,25,3,15,19,62,1
DITP-pilotage__pilote-2,2023-07-13T15:12:55,11fd9089436efc1b076cc6b46a7d9faa7c3b6c00,fix: les valeurs null de mesure indic sont propagés dans les calcul de la DF (000),60,77,False,0.7142857142857143,7,0.5732896652110626,0.014543881706068088,0.0013160849802134286,0.8770554357136012,0.31666666666666665,2,0.983333,0.016667,26,3,15,16,60,1
DITP-pilotage__pilote-2,2023-08-21T09:11:43,fb0bdfcd35785ce9455aa5e0e456d9e85a29118a,ajout valeur cible intermediaire en base (496),60,78,False,0.7142857142857143,7,0.5732896652110626,0.014564182296140017,0.0013179219933449038,0.8764541162999459,0.3333333333333333,2,0.983333,0.016667,26,3,15,16,60,1
DITP-pilotage__pilote-2,2023-09-06T15:41:07,44d2ad79dd05c4751c123796c1f1de835deb8057,fix: fix import csv de mesures_indicateurs,60,78,False,0.7142857142857143,7,0.5732896652110626,0.014564182296140017,0.0013179219933449038,0.8764540530601271,0.3333333333333333,2,0.983333,0.016667,26,3,15,16,60,1
DITP-pilotage__pilote-2,2023-10-19T11:25:07,a3fe7f9b038aed247aeaec14a033429187601528,add pilote_edit_boxType + some fixes,68,96,False,0.7142857142857143,7,0.5886006576543661,0.08683578506505453,0.007115623543491444,0.29828494768550806,0.45588235294117646,3,0.75,0.014706,27,8,15,18,68,1
DITP-pilotage__pilote-2,2023-11-16T15:16:18,090ee4dc6223dfded6b6bbcd120394a5d118156a,feat: date maj indicateur (512),69,89,False,0.7142857142857143,7,0.5820658575305987,0.047498204934601856,0.004227957737812913,0.725480638222575,0.36231884057971014,5,0.724638,0.043478,27,6,4,32,69,1
DITP-pilotage__pilote-2,2023-12-14T15:32:52,d2308bcca2a3c7e5f0d6ee768c4bdcef61a4447b,fix: ignore TA indic si pond=0 dans TA ch,76,103,False,0.6428571428571429,6,0.6331528582221103,0.08763732105766876,0.0076322748045344535,0.3861900604673031,0.47368421052631576,9,0.697368,0.092105,27,6,5,38,76,1
DITP-pilotage__pilote-2,2024-01-17T10:31:39,9bc693c0f8aba6ece82f70856db4df41635bcb7d,doc: chantier applicable,76,103,False,0.6428571428571429,6,0.6331528582221103,0.08763732105766876,0.0076322748045344535,0.3861901000654858,0.47368421052631576,9,0.697368,0.092105,27,6,5,38,76,1
DITP-pilotage__pilote-2,2024-02-14T11:42:16,a8e87daabb79cbc0e7e78c281adff910595a635c,Création TAA_a_date (PIL-90),63,88,False,0.42857142857142855,4,0.6224369945300178,0.15748052708992222,0.01170930860922087,0.6674991835250238,0.5873015873015873,12,0.666667,0.095238,15,7,5,36,63,1
DITP-pilotage__pilote-2,2024-03-15T16:24:04,ea45950fb56968274ca3b0dd388150366831d980,feat: gestion compte pour referents (PIL-134),65,92,False,0.5714285714285714,5,0.6248050160575012,0.15951893667007497,0.011854920054149044,0.6611158059050665,0.6,12,0.676923,0.092308,15,8,5,37,65,1
DITP-pilotage__pilote-2,2024-03-19T14:06:28,ee93a5fe6cb047a866b8e2b5aade39c7ff4f9cfb,fix: metadata indicateur (PIL-190),63,83,False,0.7142857142857143,5,0.6272767964741934,0.12382730409659572,0.009376073679395058,0.3806901509684718,0.5079365079365079,12,0.666667,0.095238,15,9,5,34,63,1
DITP-pilotage__pilote-2,2024-05-17T09:33:42,37cadcf2d12409842e858d3420086c30de3becec,fix: alerte ta departemental (PIL-247),66,89,False,0.7142857142857143,5,0.6401515151515151,0.12605254323087126,0.009511444290983962,0.4664336185226645,0.5303030303030303,12,0.681818,0.090909,15,9,5,37,66,1
DITP-pilotage__pilote-2,2024-06-13T14:45:03,5cb6986253019c33bca9bbe82287786e31555bc0,Revert feat: del front code (PIL-289),69,97,False,0.6428571428571429,6,0.6414264777723497,0.13171910381406346,0.008673502056131491,0.6468189360175788,0.5942028985507246,13,0.681159,0.101449,15,9,5,40,69,1
DITP-pilotage__pilote-2,2024-06-19T11:34:59,6328e64d4640b45f5ca9098f5ef9ce4ca3903d09,Merge branch 'dev' into ajout-zg-022,69,97,False,0.6428571428571429,6,0.6414264777723497,0.13171910381406346,0.008673502056131491,0.6468204416464327,0.5942028985507246,13,0.681159,0.101449,15,9,5,40,69,1
DITP-pilotage__pilote-2,2024-08-12T08:23:56,dce3bb289ee36520e9a23f1fa4820a7a111f75e9,fix: pas d'alerte pour les ppg sans cible (PIL-321),69,96,False,0.7142857142857143,5,0.6419773227832613,0.13171881635326738,0.008673546822206807,0.6469163908039182,0.5797101449275363,13,0.681159,0.101449,15,9,5,40,69,1
DITP-pilotage__pilote-2,2024-09-11T11:34:18,e0194b07a68830736cc28971174e7764e8823adb,fix: correction valeur affichée Operation TA (PIL-370) (#1093),72,101,False,0.42857142857142855,6,0.6295746085644218,0.13223425643202838,0.008171535878083815,0.6982668394924978,0.5833333333333334,13,0.694444,0.097222,15,10,5,42,72,1
DITP-pilotage__pilote-2,2024-10-10T16:17:58,e9315a9f666f5c5fb534962c8c897f2df761fc42,Suppr nom_court DAC (PIL-459),73,107,False,0.5,5,0.6239450358369736,0.19927211486776644,0.012315147605318813,0.894593697190428,0.6438356164383562,13,0.69863,0.09589,15,10,6,42,73,1
DITP-pilotage__pilote-2,2024-11-08T10:51:50,a4a2cbcbc8b9e7fcb413613daa131b1eca827919,fix: stockage id auteur pour les saisies (PIL-351),74,119,False,0.5714285714285714,5,0.6234634328049335,0.3878266068044679,0.02091440740014382,0.3069663976617284,0.7702702702702703,12,0.702703,0.067568,16,10,6,42,74,1
DITP-pilotage__pilote-2,2024-12-05T11:40:53,e24dbf6adc6c290763933a845f60fd66af5029f2,fix: BRAP illegal access raw tables (PIL-000),74,120,False,0.5714285714285714,4,0.621354230943272,0.3726268620341141,0.020098626081505647,0.3538830053094728,0.7702702702702703,11,0.716216,0.054054,16,10,6,42,74,1
DITP-pilotage__pilote-2,2025-01-10T15:35:24,34b022f4191d316fa3c6171678c3e582191b6a50,fix: bug bascule indic et ch (PIL-536),78,127,False,0.6428571428571429,5,0.6211445559271647,0.38423664464292606,0.018948334327999864,0.3528523372697206,0.7692307692307693,11,0.730769,0.051282,16,10,6,46,78,1
DITP-pilotage__pilote-2,2025-02-06T15:37:44,270b1bc1de2cdcb6903f49b0800f4f19d92523d3,fix: table intermediaire meteo (PIL-000),80,139,False,0.42857142857142855,7,0.5968785960874569,0.2911114390697048,0.016497267767608084,0.9082332571712012,0.875,11,0.7375,0.05,16,11,6,47,80,1
DITP-pilotage__pilote-2,2025-03-12T10:15:03,eb5ad5ee65b554b37fa4340f894b5dcdc85ba930,feat: ajout tuile et sous titres (PIL-482) (#1375),80,139,False,0.42857142857142855,7,0.5968785960874569,0.2911114390697048,0.016497267767608084,0.9082332666386576,0.875,11,0.7375,0.05,16,11,6,47,80,1
DITP-pilotage__pilote-2,2025-04-04T17:44:50,f4eeddafc251edf3dbb34619529302dfcfa7b34d,Merge branch 'dev' into PIL-578-projets-structurants-refacto-pour-suppression-du-code-pst,80,142,False,0.42857142857142855,5,0.5926369863013699,0.3065771089661653,0.017025100393405317,0.9095502249461652,0.9,10,0.75,0.0375,15,12,6,47,80,1
DITP-pilotage__pilote-2,2025-05-07T09:45:26,1393f6b2f124840e2d8444a06a792be954658ca5,feat: ajout périodicité Bimestrielle (PIL-715),80,142,False,0.42857142857142855,5,0.5926369863013699,0.3065771089661653,0.017025100393405317,0.9095502243272334,0.9,10,0.75,0.0375,15,12,6,47,80,1
DITP-pilotage__pilote-2,2025-06-11T10:20:11,c457ca205ce0ebbd6ebd9b61c020d8e49baf74d9,fix: rapport pva suppression reg aggregee (PIL-000),80,145,False,0.5,6,0.5810744016649324,0.18449852688255733,0.010184817768099695,0.9244737606202729,0.925,9,0.825,0.0375,15,12,6,47,80,1
DITP-pilotage__pilote-2,2025-06-13T16:24:00,c95d4e261c840c8bb088c78705f303007aae20fc,feat: inscription infolettre avec double opt-in (PIL-655),80,145,False,0.5,6,0.5810744016649324,0.18449852688255733,0.010184817768099695,0.9244737254702354,0.925,9,0.825,0.0375,15,12,6,47,80,1
DITP-pilotage__pilote-2,2025-08-06T10:44:44,e2949a224b5c9546f2aa9e40608df0b4095799ae,fix: retours recette des jalon (PIL-572),87,169,False,0.6428571428571429,5,0.6010622847421054,0.18238928622030615,0.009698248680217176,0.9286162739520869,1.0459770114942528,9,0.83908,0.034483,15,12,6,54,87,1
DITP-pilotage__pilote-2,2025-09-02T12:27:50,999e6b7cfe81ade4bd9df53997413fc2a75b1dc1,feat: instantaneite accepter et accepter avec modification (PIL-824) (#1602),90,174,False,0.5714285714285714,5,0.5978942261038331,0.18404120717039796,0.009659961632062071,0.9343636564659168,1.0444444444444445,10,0.833333,0.044444,15,13,6,56,90,1
DITP-pilotage__pilote-2,2025-10-09T09:12:40,019be8ef8a08933af28e737b41671ee37aef6d0e,fix: cartes et filtres pour une pva dans le futur (PIL-000) (#1685),88,167,False,0.6428571428571429,5,0.6074698894571853,0.18070678468472415,0.009581394511382508,0.9296142517244481,1.0113636363636365,10,0.829545,0.045455,15,12,6,55,88,1
DITP-pilotage__pilote-2,2025-10-24T14:26:14,d23d05d05473e21f790ab0a8d2e6d30ab8b76c70,feat: evaluation prefets calcul de la note A (PIL-878),89,169,False,0.6428571428571429,5,0.6112562000202449,0.18061030370134093,0.009572694288574848,0.9303415017943745,1.0112359550561798,10,0.831461,0.044944,15,12,6,56,89,1
DITP-pilotage__pilote-2,2025-12-02T09:38:35,98bf2656fe9df542ac0d0b190b83025e18950929,[PIL-990] Fix dbt yaml (#1733),90,172,False,0.5714285714285714,6,0.6078324225865209,0.1804351692444783,0.009491574491230847,0.9309868943174731,1.0222222222222221,10,0.833333,0.044444,15,12,6,57,90,1
DITP-pilotage__pilote-2,2025-12-16T08:43:30,59679dc516ca991b6be4948af7c14bf936b98f4f,fix: incremental strategy chantier eval (PIL-000) (#1789),90,172,False,0.5714285714285714,6,0.6078324225865209,0.1804351692444783,0.009491574491230847,0.9309868689749141,1.0222222222222221,10,0.833333,0.044444,15,12,6,57,90,1
DITP-pilotage__pilote-2,2026-01-28T10:29:28,3f2b8f6c9c114ab82aa13f2fc901f62be3bee803,PIL-1188-1189 Ajout ZG-030-031-032,89,169,False,0.6428571428571429,5,0.6112562000202449,0.18061030370134093,0.009572694288574848,0.9303415261266514,1.0112359550561798,10,0.831461,0.044944,15,12,6,56,89,1
DITP-pilotage__pilote-2,2026-03-04T17:00:55,ccd3e2f0a91971b5a9f20bbd43184311015d1b54,[PIL-1289] Host dbt doc on GitHub Pages (#1958),85,166,False,0.5714285714285714,5,0.6075029439802613,0.18148007684954373,0.009623525945497157,0.9284805398870251,1.0588235294117647,9,0.835294,0.035294,15,10,6,54,85,1
DITP-pilotage__pilote-2,2026-04-02T09:55:05,f777098bb14b339f8cb5c296dc7deec204acaeb6,feat: commentaires texte enrichi (PIL-1208) (#2038),85,166,False,0.5714285714285714,5,0.6075029439802613,0.18148007684954373,0.009623525945497157,0.9284806091750055,1.0588235294117647,9,0.835294,0.035294,15,10,6,54,85,1
DITP-pilotage__pilote-2,2026-04-27T14:50:03,0e1c9874c2ba57f8a57aa486329fda13a7dc92d9,[PIL-1005] Fix and refacto existing dbt tests (#2072),85,167,False,0.6428571428571429,5,0.6077983193277311,0.18174522977764784,0.009636219731223968,0.9284638689920868,1.0705882352941176,9,0.835294,0.035294,15,10,6,54,85,1
DITP-pilotage__pilote-2,2026-07-02T10:52:16,9c8b72f7dfea8821be0c32fef1b1a7a0862562f7,[PIL-1633] Add SIG export dependency as exposure (#2235),85,167,False,0.6428571428571429,5,0.6077983193277311,0.18174522977764784,0.009636219731223968,0.9284639476954057,1.0705882352941176,9,0.835294,0.035294,15,10,6,54,85,1
DITP-pilotage__pilote-2,2026-07-29T15:27:46,cf6553bd2480b7e791c7167ec8bb6121d072da2e,fix(chantier): calcule la tendance du TA sur les valeurs entières (#2303),85,167,False,0.6428571428571429,5,0.6077983193277311,0.18174522977764784,0.009636219731223968,0.9284639477857518,1.0705882352941176,9,0.835294,0.035294,15,10,6,54,85,1
DalgoT4D__dbt_shofco,2017-05-20T15:43:47,858ce39fa9de6a5a9c95cccdde65fa6b29ee03fe,add empty dirs,1,0,True,,,,,,,,1,1.0,1.0,0,0,0,1,1,1
DalgoT4D__dbt_shofco,2020-01-13T20:04:53,7147813f96a837e409287358c15c4374a766250a,example with two models,2,1,True,,,,,,,,1,1.0,0.0,0,0,0,2,2,1
DalgoT4D__dbt_shofco,2024-08-26T18:59:29,6dd7fbadaf78842e691b48e2f07bb49c45863462,added dedupe logic for all airbyyte pull tables,9,7,False,0.6428571428571429,3,0.48148148148148145,0.3819660112501056,0.07396353076029767,0.22222222222224072,0.0,2,0.777778,0.0,4,0,5,0,9,1
DalgoT4D__dbt_shofco,2024-11-08T14:03:46,9a887d9511f3a01f9e79529e9d9ad4cde8f18035,.,36,20,False,0.6428571428571429,4,0.725095785440613,0.3030045753994611,0.04864351417732002,0.4520312772174438,0.0,16,0.277778,0.166667,18,0,18,0,36,1
DalgoT4D__dbt_shofco,2024-12-05T12:59:45,40573c5a26fd092ac6595031c73890ee1d78fcb9,education changes + some new models,55,33,False,0.7857142857142857,4,0.6386946386946387,0.5047383364968151,0.08281464312217854,0.2769068074613114,0.03636363636363636,24,0.163636,0.036364,27,0,28,0,55,1
DalgoT4D__dbt_shofco,2025-01-08T12:52:44,7e20c0e9a01bfea712cfd20928a4c74f70d3b7d4,mobi water dbt changes,62,40,False,0.6428571428571429,4,0.6526497695852534,0.4954135325206815,0.07341327459677488,0.3934365653816579,0.03225806451612903,24,0.177419,0.0,29,0,33,0,62,1
DalgoT4D__dbt_shofco,2025-02-07T08:52:34,71a875cd2988dfadb10803e0c0a84c10177c69e9,.,63,41,False,0.6428571428571429,4,0.6628352490421456,0.4954135325206815,0.07341327459677488,0.3934368209733876,0.031746031746031744,24,0.174603,0.0,29,0,34,0,63,1
DalgoT4D__dbt_shofco,2025-02-17T12:28:53,b92ea2d5cecbef7029003523509ac399e8a557b4,Pratiksha dev (#77),63,41,False,0.6428571428571429,4,0.6628352490421456,0.4954135325206815,0.07341327459677488,0.39343684402706997,0.031746031746031744,24,0.174603,0.0,29,0,34,0,63,1
DalgoT4D__dbt_shofco,2025-03-10T18:07:18,cd79c7f68ed4640b0347d9979b6a3100f33f012a,more linting (#83),63,41,False,0.6428571428571429,4,0.6628352490421456,0.4954135325206815,0.07341327459677488,0.39343684350024555,0.031746031746031744,24,0.174603,0.0,29,0,34,0,63,1
DalgoT4D__dbt_shofco,2025-05-07T14:10:12,4e1705d8fb32d8e030c4f1b52141a0bc11cbd257,"Revert ""Rodgers""",63,41,False,0.6428571428571429,4,0.6628352490421456,0.4954135325206815,0.07341327459677488,0.39343658348284893,0.031746031746031744,24,0.174603,0.0,29,0,34,0,63,1
DalgoT4D__dbt_shofco,2025-05-31T02:16:40,f99f9019b584b0ea34902fc741e82811e48cea76,fixed some mistakes the trainee made and taught them their errors,69,41,False,0.6428571428571429,4,0.6921539230384808,0.4954135325206815,0.07341327459677488,0.39343683454580075,0.028985507246376812,30,0.15942,0.086957,35,0,34,0,69,1
DalgoT4D__dbt_shofco,2025-06-24T08:52:56,bf381531f92b5a1340f8021f1447722b372a6e15,more sl changes,94,61,False,0.6428571428571429,4,0.6739238000989609,0.4954135325206815,0.07341327459677488,0.3934365657623197,0.031914893617021274,36,0.117021,0.042553,45,0,49,0,94,1
DalgoT4D__dbt_shofco,2025-08-05T12:12:19,0bf647c3010af6c14ddcf39e002bf1ba6e4cd05e,Merge pull request #135 from DalgoT4D/update_location_in_placement_followup,92,59,False,0.7857142857142857,4,0.6467391304347826,0.5047383364968151,0.08281464312217854,0.27690670770546755,0.03260869565217391,36,0.097826,0.043478,45,0,47,0,92,1
DalgoT4D__dbt_shofco,2025-09-01T18:58:54,3362a444462ece4edd1b104f64dbd00e41bf4262,"updated staging_upskilling_form and downstream models with new JSON schema fields, fixed county logic in life_skills_tra",91,59,False,0.7857142857142857,4,0.6428571428571429,0.5047383364968151,0.08281464312217854,0.2769067117856729,0.03296703296703297,35,0.098901,0.032967,44,0,47,0,91,1
DalgoT4D__dbt_shofco,2025-10-01T14:13:52,01d73f17828ef605dccb33e42359cf3b2180ee44,gender fixes + sl work,78,55,False,0.8571428571428571,1,0.7536057692307693,0.9999999999999986,0.05882352941176462,0.3089868633996889,0.02564102564102564,25,0.217949,0.0,30,0,48,0,78,1
DalgoT4D__dbt_shofco,2025-11-20T12:43:45,158a5a4da99e6beff8cf555cdf75849c51dfc8fc,added site to counselling data,93,70,False,0.8571428571428571,1,0.8280930992241732,0.999999999999998,0.03225806451612897,0.488135960682937,0.03225806451612903,26,0.333333,0.010753,45,0,48,0,93,1
DalgoT4D__dbt_shofco,2025-12-18T10:45:27,6c1355b07e1ea46b28a06c1a9cfba19a65a8748e,Clean up and reorganize dbt models for CIFF dashboard performance improvements,79,55,False,0.8571428571428571,1,0.7401107594936709,0.9999999999999992,0.06666666666666661,0.36265101188307386,0.0379746835443038,27,0.189873,0.012658,33,0,46,0,79,1
DalgoT4D__dbt_shofco,2026-03-03T15:25:29,c9d414ec10fc48528be25874e043df4cfe7176d6,added location and business type in grants marts model,81,56,False,0.8571428571428571,1,0.7373219373219373,0.9999999999999992,0.06666666666666661,0.3756551977285078,0.037037037037037035,28,0.185185,0.012346,34,0,47,0,81,1
DalgoT4D__dbt_shofco,2026-03-27T20:44:28,1d718973558f2f6daf14f97d9399e8769e314fde,Complete fix for all the Apprenticeship and TVET Location,81,57,False,0.7857142857142857,2,0.7280209502431725,0.9999999999999991,0.0666666666666666,0.5427518571651072,0.04938271604938271,28,0.185185,0.012346,34,0,47,0,81,1
DalgoT4D__dbt_shofco,2026-04-22T15:52:18,932a3178b524fa637d991340b76f922022e0e0cd,tvet institution lookup,81,57,False,0.7857142857142857,2,0.7280209502431725,0.9999999999999991,0.0666666666666666,0.4519233185176668,0.04938271604938271,28,0.185185,0.012346,34,0,47,0,81,1
DalgoT4D__dbt_shofco,2026-06-26T11:25:57,1dfd3224de8e1c5c51dbb0fd41f11b4ca0261ebe,updated date police follow up updated,87,62,False,0.7857142857142857,2,0.7241379310344828,0.9999999999999991,0.0666666666666666,0.38800795751308476,0.04597701149425287,29,0.172414,0.011494,35,3,49,0,87,1
DalgoT4D__dbt_shofco,2026-07-15T04:01:02,1a200945a7f6885263fe31bc0e5abd12be05df06,location fix,87,62,False,0.7857142857142857,2,0.7241379310344828,0.9999999999999991,0.0666666666666666,0.29790130513447477,0.04597701149425287,29,0.172414,0.011494,35,3,49,0,87,1
DamienAzzopardi__databird-ae,2024-11-19T17:17:10,c65a9636a8bf9675865ad3b34f67d47d584a44d0,Updating code,2,1,True,,,,,,,,1,1.0,0.0,1,0,1,0,2,1
DamienAzzopardi__databird-ae,2025-02-11T17:19:04,b9cf24dc9c0143a5d5d93e46da21b8292743e4e2,adding-spotify-datasets-and-models,18,13,False,0.7857142857142857,4,0.5987654320987654,0.34482279024957707,0.0535198341553932,0.3817456509058986,0.05555555555555555,6,0.555556,0.166667,11,4,3,0,18,1
DamienAzzopardi__databird-ae,2025-03-03T20:29:02,d2c5aa1931b625f9af5541d8fd96caf3b7d154ad,Adding stg_draw.sql,22,15,False,0.7857142857142857,4,0.6379310344827587,0.3448227902495779,0.053519834155393346,0.3817456487373422,0.045454545454545456,8,0.454545,0.181818,13,5,4,0,22,1
DamienAzzopardi__databird-ae,2025-04-15T21:25:29,e9d8f15b6b91c6136c7e54609746ffb2d42af409,Removing stg__listings.sql,22,15,False,0.7857142857142857,4,0.6379310344827587,0.3448227902495779,0.053519834155393346,0.3817456367988602,0.045454545454545456,8,0.454545,0.181818,13,5,4,0,22,1
DamienAzzopardi__databird-ae,2025-05-21T19:39:53,5b7d88cb02896244e1237ab765f9790103213f2d,Adding an intermediate step to the Airbnb dbt modeling,23,16,False,0.7857142857142857,4,0.6086956521739131,0.3448227902495779,0.053519834155393346,0.38174565291373114,0.043478260869565216,8,0.434783,0.173913,13,6,4,0,23,1
DamienAzzopardi__databird-ae,2025-07-29T15:31:42,da75bb6146a90dc3190a83fbbcf91d395bbb3b47,Enable SQLFluff and lint Spotify models,23,16,False,0.7857142857142857,4,0.6086956521739131,0.3448227902495779,0.053519834155393346,0.3817454853230231,0.043478260869565216,8,0.434783,0.173913,13,6,4,0,23,1
DamienAzzopardi__databird-ae,2025-09-10T15:52:59,0d835278ad4e46344712b59fc1896d0bde0070cf,Merge branch 'main' of https://github.com/DamienAzzopardi/databird_analytics_engineer into adding-mrt-core-models,24,16,False,0.7857142857142857,4,0.625,0.3448227902495779,0.053519834155393346,0.38174551539544305,0.041666666666666664,9,0.416667,0.208333,13,6,5,0,24,1
DamienAzzopardi__databird-ae,2025-09-18T09:55:39,b69377f0d6f57e4c1006317a2a6722b457b158b9,Merge branch 'main' of https://github.com/DamienAzzopardi/databird_analytics_engineer into build-incremental-models,24,16,False,0.7857142857142857,4,0.625,0.3448227902495779,0.053519834155393346,0.38174563396951366,0.041666666666666664,9,0.416667,0.208333,13,6,5,0,24,1
DamienAzzopardi__databird-ae,2025-10-28T18:16:49,b1096ee2d275bc741109e0def71f4722a332c4c8,Fix name on dim_calendar,24,16,False,0.7857142857142857,4,0.625,0.3448227902495779,0.053519834155393346,0.3817454809978941,0.041666666666666664,9,0.416667,0.208333,13,6,5,0,24,1
DamienAzzopardi__databird-ae,2025-12-09T11:41:12,c37cb39067a1689440130e7d107e12585ea8ca97,Updating styling of all Spotify models,24,16,False,0.7857142857142857,4,0.625,0.3448227902495779,0.053519834155393346,0.3817455120019749,0.041666666666666664,9,0.416667,0.208333,13,6,5,0,24,1
DamienAzzopardi__databird-ae,2026-01-06T15:24:05,b4cabf198c9e6e225773d1a4143d4c1808261b8b,Fix config in mrt_airbnb__listings_neighbourhood,24,16,False,0.7857142857142857,4,0.625,0.3448227902495779,0.053519834155393346,0.38174548740459285,0.041666666666666664,9,0.416667,0.208333,13,6,5,0,24,1
DamienAzzopardi__databird-ae,2026-02-12T09:02:18,8c4bd99d4554931a9d89108f5566c8637a85edab,fix,21,14,False,0.7857142857142857,4,0.6095238095238096,0.3448227902495779,0.053519834155393346,0.3817456513915626,0.047619047619047616,8,0.47619,0.238095,12,6,3,0,21,1
EqualExperts__dbt-unit-testing,2021-10-27T05:13:40,002ec26814fb9e554996f2bd1cd3fc8466fcebc2,Refactoring model structure for [staging->transform->product],2,1,True,,,,,,,,1,1.0,0.0,0,0,0,2,2,1
EqualExperts__dbt-unit-testing,2022-02-17T11:17:21,5f9722cae31e0065a1c42c3746da02fd0a818984,Remove data-models folder from root,4,0,True,,,,,,,,4,0.25,1.0,0,0,0,4,4,1
EqualExperts__dbt-unit-testing,2022-03-18T10:23:53,e207cc58b781973ca1a6b055325d283e18a3b181,model that refs a model that refs a seed - fails test (#26),6,0,False,,,0.0,0.0,0.0,0.0,0.0,6,0.166667,1.0,2,0,0,4,6,1
EqualExperts__dbt-unit-testing,2022-04-16T19:22:17,a1bb13530b9d47e4324d7c9beba7fdb548e6d84e,More efficient introspection of column names (#52),20,0,False,,,0.0,0.0,0.0,0.0,0.0,20,0.05,1.0,0,0,0,20,20,1
EqualExperts__dbt-unit-testing,2022-05-17T17:09:15,d9c46363ad4a1087af04d9e9f86f5e923fa1e47e,Add pure mocking strategy (#70),26,0,False,,,0.0,0.0,0.0,0.0,0.0,26,0.038462,1.0,0,0,0,26,26,1
EqualExperts__dbt-unit-testing,2022-05-29T19:17:23,d6cafeaaf1d7b0a7c730f032e702cc5ab319f9eb,Refactor mocking process (deprecate mocking strategies),30,3,False,0.7857142857142857,1,0.9,1.0,0.25,0.0918053153954931,0.0,27,0.133333,0.866667,3,0,0,27,30,2
EqualExperts__dbt-unit-testing,2022-07-07T12:15:57,72cb939f23ebda7836077d0785e8b557d59bbfe4,Add option to use existing database models,31,3,False,0.7857142857142857,1,0.9032258064516129,1.0,0.25,0.08809580392032884,0.0,28,0.129032,0.870968,3,0,0,28,31,2
EqualExperts__dbt-unit-testing,2022-08-05T14:58:32,bbc395988096e53f00c8522eb8efecf33ba2c629,Update README to explain how to use builtin ref,34,3,False,0.7857142857142857,1,0.9117647058823529,1.0,0.25,0.08929786271289566,0.0,31,0.117647,0.882353,3,0,0,31,34,2
EqualExperts__dbt-unit-testing,2023-02-09T17:39:28,7594c1d79fda35b4e6ee2975f5eb55245ec3d7f3,Move model_a such that it'll get materialized as a view for dbt_utils.star,34,3,False,0.7857142857142857,1,0.9117647058823529,1.0,0.25,0.10733473054449147,0.0,31,0.117647,0.882353,3,0,0,31,34,2
EqualExperts__dbt-unit-testing,2023-04-20T14:45:30,2f99d0fdf1c8b91f302bdfa6aa4084db7c200cd7,create model for database test,35,3,False,0.7857142857142857,1,0.9142857142857143,1.0,0.25,0.10788028390526659,0.0,32,0.114286,0.885714,3,0,0,32,35,2
EqualExperts__dbt-unit-testing,2023-06-21T12:04:33,78c6db5fa30f3a677faba293ae64b819a1619630,Cleanup,39,3,False,0.7857142857142857,1,0.9230769230769231,1.0,0.25,0.12823842238051006,0.0,36,0.102564,0.897436,3,0,0,36,39,2
EqualExperts__dbt-unit-testing,2023-08-03T16:47:51,c997099c3c747115e8ec6a2a8d658b2d33e7cb85,Cleanup,45,3,False,0.7857142857142857,1,0.9333333333333333,1.0,0.25,0.11316007629148625,0.0,42,0.088889,0.911111,3,0,0,42,45,2
EqualExperts__dbt-unit-testing,2023-10-20T08:59:14,c7fe019424202c57ef07cd0e4c5b28fe9147d164,Fix README,47,3,False,0.7857142857142857,1,0.9361702127659575,1.0,0.25,0.13224679411469692,0.0,44,0.085106,0.914894,3,0,0,44,47,2
EqualExperts__dbt-unit-testing,2024-01-11T14:02:48,d4bfa655c7e7e2259459a6cd43631266e14158fc,Fix column transformations for Snowflake,50,3,False,0.7857142857142857,1,0.94,1.0,0.25,0.08009140372290527,0.0,47,0.08,0.92,3,0,0,47,50,2
EqualExperts__dbt-unit-testing,2024-04-19T10:32:33,1c0acee7b9975ad5c32df1a763ab0dc19a088f4b,Fix bigquery tests,55,3,False,0.7857142857142857,1,0.9454545454545454,1.0,0.25,0.12703640143905398,0.0,52,0.072727,0.927273,3,0,0,52,55,2
Health-Union__dbt-xdb,2020-03-18T15:42:16,d0be302a76d88573a9cad529410e054f036a1213,added postgres support,5,0,False,,,0.0,0.0,0.0,0.0,0.0,5,0.2,1.0,0,0,0,5,5,1
Health-Union__dbt-xdb,2020-03-31T10:21:50,f6fb16957fd3d47085be67ae843ef6bf3b596323,Merge branch 'master' of https://github.com/Health-Union/dbt-xdb,10,0,False,,,0.0,0.0,0.0,0.0,0.0,10,0.1,1.0,0,0,0,10,10,1
Health-Union__dbt-xdb,2020-05-05T22:12:55,da50c4548e5d0be5c2c09c8ae8b8d071799d398d,added null conversion,14,0,False,,,0.0,0.0,0.0,0.0,0.0,14,0.071429,1.0,0,0,0,14,14,1
Health-Union__dbt-xdb,2020-05-26T22:15:06,8572f48bbeef93bd10ceffc2b35e0c6853029db8,updated strip and added fold,15,0,False,,,0.0,0.0,0.0,0.0,0.0,15,0.066667,1.0,0,0,0,15,15,1
Health-Union__dbt-xdb,2020-07-15T12:15:26,87b609a81c2a5ec374c1a9597e36af4161ea15d7,"WIP: split_to_table was ""split"" out into a split function and an unnest function. split_to_table now relies on these two",16,0,False,,,0.0,0.0,0.0,0.0,0.0,16,0.0625,1.0,0,0,0,16,16,1
Health-Union__dbt-xdb,2020-07-21T13:49:24,9ad77f824631b40d8d67325951135bacac2210a7,Updated to include recrusive_cte macro with tests,17,0,False,,,0.0,0.0,0.0,0.0,0.0,17,0.058824,1.0,0,0,0,17,17,1
Health-Union__dbt-xdb,2020-11-13T17:30:19,a03581ea0cb98295807bbecd70214940871afb1c,consistent behavior of last_value macro between postgres and snowflake,19,0,False,,,0.0,0.0,0.0,0.0,0.0,19,0.052632,1.0,0,0,0,19,19,1
Health-Union__dbt-xdb,2020-12-02T16:14:46,ebf79fa6ff25bcae5f9de874b6179421555f78c1,Update to add an array_index macro that standardizes array_index across database platforms.,23,0,False,,,0.0,0.0,0.0,0.0,0.0,23,0.043478,1.0,0,0,0,23,23,1
Health-Union__dbt-xdb,2021-02-12T14:32:29,414da4eefa54b1d67bd2456f402540eab40a897d,stub for split_to_table,25,0,False,,,0.0,0.0,0.0,0.0,0.0,25,0.04,1.0,0,0,0,25,25,1
Health-Union__dbt-xdb,2021-02-15T13:20:56,4c5e11f95b9655c3761bfc15c85f56e0fde3ee4e,now supports xdb-nocoverage,26,0,False,,,0.0,0.0,0.0,0.0,0.0,26,0.038462,1.0,0,0,0,26,26,1
Health-Union__dbt-xdb,2021-03-31T08:53:06,cf14e56193dca0739d55f6b595b4e895cdc78eaa,Switched postgres json macros to use jsonb instead of json,29,0,False,,,0.0,0.0,0.0,0.0,0.0,29,0.034483,1.0,0,0,0,29,29,1
Health-Union__dbt-xdb,2021-04-29T15:21:30,1f36e23736d7772240f75330d34429b2b23f4e89,Added relative/percent change helper macros,32,0,False,,,0.0,0.0,0.0,0.0,0.0,32,0.03125,1.0,0,0,0,32,32,1
Health-Union__dbt-xdb,2021-05-21T13:58:01,abd8be37fc9ba6ff00d2a8bbaec2128141793ec8,Added failing test for snowflake js 'null' issue,32,0,False,,,0.0,0.0,0.0,0.0,0.0,32,0.03125,1.0,0,0,0,32,32,1
Health-Union__dbt-xdb,2021-07-12T11:00:08,76a9b211a6028c7c761bed79f380956f620343bd,excluding bigquery tests,32,0,False,,,0.0,0.0,0.0,0.0,0.0,32,0.03125,1.0,0,0,0,32,32,1
Health-Union__dbt-xdb,2021-11-04T13:43:25,5277a84a5c56f5e6d33da21cb67a9ce0ba65bd9b,Initial commit for date_part_day_of_week macro.,33,0,False,,,0.0,0.0,0.0,0.0,0.0,33,0.030303,1.0,0,0,0,33,33,1
Health-Union__dbt-xdb,2022-01-17T09:38:33,649e5fbfae6e9d3db20e5a77f7ced87737780ae5,First release.,35,0,False,,,0.0,0.0,0.0,0.0,0.0,35,0.028571,1.0,0,0,0,35,35,1
Health-Union__dbt-xdb,2022-08-03T14:32:41,17dc61843fffc47b30f26867205e3c8ae80cbcfc,fix of timeadd() macro test,35,0,False,,,0.0,0.0,0.0,0.0,0.0,35,0.028571,1.0,0,0,0,35,35,1
Health-Union__dbt-xdb,2022-09-05T18:56:39,3f9e0372181e2921b0759c79be76b15dff8ee1c4,update of swap_schema_test model,36,0,False,,,0.0,0.0,0.0,0.0,0.0,36,0.027778,1.0,0,0,0,36,36,1
Health-Union__dbt-xdb,2022-09-28T12:50:12,f1b8595ee744843da360cee2c0b38b75e55ced9d,Merge pull request #85 from Health-Union/feature/DATA-3408,46,4,False,0.8571428571428571,2,0.9347826086956522,0.5857864376269047,0.17157287525380988,0.0833333333333443,0.0,42,0.086957,0.869565,0,0,0,46,46,1
Health-Union__dbt-xdb,2022-11-07T22:45:04,43d24a4ae07295021d85177faaef2646ceef69d1,fix of the issue with parallel calculation of models,47,5,False,0.8571428571428571,2,0.9202127659574468,0.5857864376269047,0.17157287525380988,0.08333333333340105,0.0,42,0.085106,0.829787,0,0,0,47,47,1
Health-Union__dbt-xdb,2022-12-22T18:36:22,a7b8f5921aa92bb3576ea76bc108619a19338d59,fix of clone_schema_grants macro test failure,48,5,False,0.8571428571428571,2,0.921875,0.5857864376269047,0.17157287525380988,0.08333333333333236,0.0,43,0.083333,0.833333,0,0,0,48,48,1
Health-Union__dbt-xdb,2023-01-13T12:50:47,7f7d3f03cee5fb23b33d5a4e3f0ddc523c217c4e,Remove links for env vars db and role,48,5,False,0.8571428571428571,2,0.921875,0.5857864376269047,0.17157287525380988,0.08333333333335177,0.0,43,0.083333,0.833333,0,0,0,48,48,1
Health-Union__dbt-xdb,2023-05-03T15:58:13,61a1d1054039130453761b7a16e490fba1b41303,DATA-4769: Add Oleg K fix for metadata,49,5,False,0.8571428571428571,2,0.923469387755102,0.5857864376269047,0.17157287525380988,0.08333333333287482,0.0,44,0.081633,0.836735,0,0,0,49,49,1
Health-Union__dbt-xdb,2023-05-12T19:21:30,f9bccb49baf633a71a7449c2b0ef9ef9de1be76d,Update#3 of clone_schema_grants_test tests.,51,5,False,0.8571428571428571,2,0.9264705882352942,0.5857864376269047,0.17157287525380988,0.08333333333352311,0.0,46,0.078431,0.843137,0,0,0,51,51,1
Health-Union__dbt-xdb,2023-06-13T01:15:54,b68452a543cae94da30386d1681e9d0cdb599f71,Update of clone_schema_grants() macro.,51,5,False,0.8571428571428571,2,0.9264705882352942,0.5857864376269047,0.17157287525380988,0.08333333333338751,0.0,46,0.078431,0.843137,0,0,0,51,51,1
Health-Union__dbt-xdb,2023-08-25T11:46:20,56f9daeb9fa2ccd6601711dc1adc71737950b794,Update of clone_schema_tables_data_equality_test model.,51,5,False,0.8571428571428571,2,0.9264705882352942,0.5857864376269047,0.17157287525380988,0.08333333333313388,0.0,46,0.078431,0.843137,0,0,0,51,51,1
Health-Union__dbt-xdb,2023-11-14T17:52:39,ace1be88ae26821e50a6122f35501590b932a2ff,Generalizing of implementation of clone_schema() macro.,51,5,False,0.8571428571428571,2,0.9264705882352942,0.5857864376269047,0.17157287525380988,0.08333333333295267,0.0,46,0.078431,0.843137,0,0,0,51,51,1
Health-Union__dbt-xdb,2025-05-26T16:06:41,81711eb0caef69b23352e082ef7aa524346123e6,Adjustment of clone_schema_grants tests.,51,5,False,0.8571428571428571,2,0.9264705882352942,0.5857864376269047,0.17157287525380988,0.08333333333357713,0.0,46,0.078431,0.843137,0,0,0,51,51,1
ImpulsoGov__saude-mental-indicadores,2022-07-18T19:43:34,1a946ae85ba23410fff037ad001251b50f020b77,feat(referencias): :sparkles: Macros de uso geral + transformações referências ambulatoriais (#1),10,8,False,0.7142857142857143,4,0.6692307692307692,0.5857864376269053,0.12379124008768987,0.43670506516425023,0.1,3,0.8,0.2,0,0,0,10,10,1
ImpulsoGov__saude-mental-indicadores,2022-08-10T20:44:17,76ffecbaa002a57692a6ab45d8d9fc1c07d7146d,feat(caps)!: :sparkles: Adicionar indicadores de usuários ativos (#5),18,16,False,0.7142857142857143,4,0.6254480286738351,0.5857864376269047,0.12379124008768977,0.332423213034134,0.16666666666666666,5,0.444444,0.166667,0,0,0,18,18,1
ImpulsoGov__saude-mental-indicadores,2022-09-14T18:05:08,48f59f21475c92618d532fd438e5679233f3be98,refactor: :recycle: Flexibiliza troca de colunas de códigos por nomes legíveis (#10),19,17,False,0.7142857142857143,3,0.637593984962406,0.41025566059633434,0.06719265486857343,0.37688201618824685,0.15789473684210525,5,0.421053,0.157895,0,0,0,19,19,1
ImpulsoGov__saude-mental-indicadores,2022-10-24T20:28:33,0ef79b54a6381faf5a77bbf00f2e670e3c597191,Calcula subtotal e acrescenta datas legiveis (#17),23,18,False,0.7142857142857143,3,0.6811594202898551,0.41025566059633434,0.06719265486857343,0.37688202011495125,0.13043478260869565,8,0.347826,0.217391,0,0,0,23,23,1
ImpulsoGov__saude-mental-indicadores,2022-11-10T19:13:07,1bb5f09e07fd075a3fa821f6f06be3a5eec2a216,fix(caps): :bug: Desconsidera usuários que só fizeram acolh. inicial como ativos,23,18,False,0.7142857142857143,3,0.6811594202898551,0.41025566059633434,0.06719265486857343,0.3768820261621151,0.13043478260869565,8,0.347826,0.217391,0,0,0,23,23,1
ImpulsoGov__saude-mental-indicadores,2022-12-16T18:58:31,33e4ab20253c1d4481cd5a773858d369fbc25fc9,feat(internacoes): :sparkles: Adicionar modelos de internação (#18),42,34,False,0.7857142857142857,5,0.7611975483262612,0.05655732793584082,0.008727414396210373,0.5953734982393889,0.07142857142857142,11,0.738095,0.214286,0,0,0,42,42,1
ImpulsoGov__saude-mental-indicadores,2023-01-04T17:25:34,95adc046ca1da508a5fd9fe3993747f212a041aa,feat: Adiciona macro para nomear ocupações e adiciona modelos de redução de danos (#21),47,34,False,0.7857142857142857,5,0.7866020644617653,0.05655732793584082,0.008727414396210373,0.5953735967329349,0.06382978723404255,16,0.659574,0.297872,0,0,0,47,47,1
ImpulsoGov__saude-mental-indicadores,2023-02-16T11:11:04,e0cbb22f80743d6d7a63da0dd0ded98d6450b151,feat(adesao): :sparkles: Adicionar modelos de adesão em CAPS (#25),69,60,False,0.7142857142857143,7,0.7917546081328268,0.06619469979898188,0.006491918301744992,0.8349194962976081,0.14492753623188406,19,0.623188,0.202899,0,0,0,69,69,1
ImpulsoGov__saude-mental-indicadores,2023-03-23T11:58:29,692502b015e404543aec2d51d61c0b7220859fd1,feat: :sparkles: Adiciona modelos verticais de encaminhamentos para telas resumo (#27),71,62,False,0.7142857142857143,7,0.7823545043847994,0.06619469979898188,0.006491918301744992,0.834919495362632,0.14084507042253522,19,0.605634,0.197183,0,0,0,71,71,1
ImpulsoGov__saude-mental-indicadores,2023-04-19T07:04:25,206338160e783095023bb2ac0ece860bca2f78f4,fix: :bug: Remove agrupamento pela coluna usuario_idade,98,106,False,0.7142857142857143,6,0.7834059073500865,0.020928654106930834,0.0020392055723152925,0.8300189794125675,0.1836734693877551,10,0.836735,0.061224,0,0,0,98,98,1
ImpulsoGov__saude-mental-indicadores,2023-05-09T13:28:59,c2582104fb2e52489c64beac8df5b09993666873,fix: :bug: Adiciona estabelecimento no id único,99,114,False,0.7142857142857143,6,0.7502596053997923,0.028708957767088452,0.0027971883205906013,0.7521898647576367,0.24242424242424243,9,0.848485,0.050505,0,0,0,99,99,1
ImpulsoGov__saude-mental-indicadores,2023-06-28T18:41:55,ce12da95d26687c056e0ad16eedb48b9d2c34fc8,Adiciona coluna de contagem de usuários com CID predominante em modelo de adesao,99,114,False,0.7142857142857143,6,0.7502596053997923,0.028708957767088452,0.0027971883205906013,0.7521917082348398,0.24242424242424243,9,0.848485,0.050505,0,0,0,99,99,1
ImpulsoGov__saude-mental-indicadores,2023-08-30T13:30:35,ede2ee679214540e8cb52ff26929da4e66c149b7,Acrescenta combinações implícitas para vários modelos e corrige bugs (#29),128,143,False,1.0,9,0.8032091150081566,0.027299250708682436,0.002231697203870549,0.8674038376745424,0.1875,9,0.882812,0.039062,0,0,0,128,128,1
ImpulsoGov__saude-mental-indicadores,2024-01-11T11:39:36,0df77ada2922afdeb3b3a2cc4ff7a25b30ba9cc9,Refatora páginas de outros serviços (#30),126,141,False,0.7857142857142857,9,0.8007200672763587,0.027512621313209515,0.0022491851691070434,0.8816216526294227,0.19047619047619047,9,0.880952,0.039683,0,0,0,126,126,1
ImpulsoGov__saude-mental-indicadores,2024-01-29T16:36:54,7d8eb572e5b7d4a300e8445939eb34a9be2597fa,Limita competências das tabelas de indicadores para os últimos 72 meses (#31),128,147,False,0.7857142857142857,9,0.7954188614262561,0.027512621313209515,0.0022491851691070434,0.8816224749428071,0.1875,5,0.867188,0.015625,0,0,0,128,128,1
ImpulsoGov__saude-mental-indicadores,2024-04-05T14:54:53,4bd0f4c37914e58988c8c56b573d57c420a73f7f,Altera faixas etarias (#32),128,147,False,0.7857142857142857,9,0.7954188614262561,0.027512621313209515,0.0022491851691070434,0.8816225637617453,0.1875,5,0.867188,0.015625,0,0,0,128,128,1
ImpulsoGov__saude-mental-indicadores,2024-09-03T12:08:16,892954f75a6093795f0b28c7854bb656812f43a7,docs: :card_file_box: Altera fontes de dados para novas tabelas do GCS,128,147,False,0.7857142857142857,9,0.7954188614262561,0.027512621313209515,0.0022491851691070434,0.8816217131149122,0.1875,5,0.867188,0.015625,0,0,0,128,128,1
ImpulsoGov__saude-mental-indicadores,2024-11-14T13:18:45,c26a69af770d190534bb1f719b6ca41a7c2be8df,fix: :bug: Altera bases do SISAB,128,147,False,0.7857142857142857,9,0.7954188614262561,0.027512621313209515,0.0022491851691070434,0.8816224846084039,0.1875,5,0.867188,0.015625,0,0,0,128,128,1
Jam516__BundleBear,2023-08-14T10:08:19,9944f3bbe9abefe3b9bdfdda241ce2ecea67da71,commit,16,21,False,0.7857142857142857,6,0.7708333333333334,0.5857864376269041,0.05658928882791539,0.5068094978436093,0.375,1,1.0,0.0,0,0,0,16,16,1
Jam516__BundleBear,2023-09-26T17:54:44,9b862f53069e756baad1a42e60b2dc9f8ae91272,commit,19,32,False,0.7142857142857143,5,0.7236842105263158,0.6227971460270415,0.04692136108060986,0.4591651181589238,0.7368421052631579,1,1.0,0.0,0,0,0,19,19,1
Jam516__BundleBear,2023-10-23T14:22:33,58ae18cf30d679e6f2d213c1d740ebd9166057a4,commit,23,40,False,0.7857142857142857,5,0.75,0.6227971460270417,0.03841399686201601,0.560508398400934,0.782608695652174,1,1.0,0.0,4,0,0,19,23,1
Jam516__BundleBear,2023-11-24T19:01:20,9b43a43f916b25d128b95ca0a95d3796d13d0a95,commit,25,40,False,0.7857142857142857,5,0.77,0.6227971460270417,0.03841399686201601,0.17869646002040224,0.72,3,0.92,0.08,4,0,0,21,25,1
Jam516__BundleBear,2023-12-21T14:53:11,235f39cc82ff3c8802207629eca324417b949a38,commit,25,40,False,0.7857142857142857,5,0.77,0.6227971460270417,0.03841399686201601,0.3010958958255488,0.72,3,0.92,0.08,4,0,0,21,25,1
Jam516__BundleBear,2024-01-24T13:41:19,8542c4c5bb8a99619b9d0f863b6f767b102f56c4,commit,29,48,False,0.7142857142857143,6,0.7844827586206896,0.6227971460270406,0.03248129859257432,0.25848832228334023,0.7586206896551724,3,0.931034,0.068966,4,0,0,25,29,1
Jam516__BundleBear,2024-02-23T16:36:32,278a886941f323019fe31c47ef0b25b471188010,commit,39,56,False,0.7142857142857143,7,0.8305860805860806,0.6227971460270388,0.024841443937259292,0.46509631108643107,0.5641025641025641,5,0.846154,0.051282,5,0,0,34,39,1
Jam516__BundleBear,2024-03-21T17:20:58,074a610e7f201cdde5855d1b2284717146955e95,commit,44,54,False,0.7142857142857143,7,0.8712121212121212,0.6227971460270388,0.024841443937259292,0.4818655149752195,0.5,12,0.75,0.25,5,0,0,39,44,1
Jam516__BundleBear,2024-04-18T13:16:37,b8400616986a7451cd7315e85d767c85ab3864fc,commit,41,54,False,0.7142857142857143,7,0.8617886178861789,0.6227971460270388,0.024841443937259292,0.17786289214429632,0.5365853658536586,9,0.804878,0.195122,5,0,0,36,41,1
Jam516__BundleBear,2024-05-17T13:45:28,c1b73e21f9cac70adaef4110273a5d1dc2b3d6c7,commit,41,54,False,0.7142857142857143,7,0.8617886178861789,0.6227971460270388,0.024841443937259292,0.27034314509107965,0.5365853658536586,9,0.804878,0.195122,5,0,0,36,41,1
Jam516__BundleBear,2024-06-03T16:15:41,b74553199c43e4ad2c07075169c7b89f24377029,commit,41,54,False,0.7142857142857143,7,0.8617886178861789,0.6227971460270388,0.024841443937259292,0.4488082685582199,0.5365853658536586,9,0.804878,0.195122,5,0,0,36,41,1
Jam516__BundleBear,2024-07-17T13:33:17,2040aec1405c718436afe92a7ce8be26e0b79261,commit,41,54,False,0.7142857142857143,7,0.8617886178861789,0.6227971460270388,0.024841443937259292,0.12158226369101678,0.5365853658536586,9,0.804878,0.195122,5,0,0,36,41,1
Jam516__BundleBear,2024-09-20T16:08:00,097b126e0ee24b222063e7c8ab6cd03f59e00b4b,commit,42,55,False,0.7857142857142857,7,0.8645021645021645,0.5003750421503643,0.01995651827895343,0.8613051830153104,0.5238095238095238,9,0.809524,0.190476,5,0,0,37,42,1
Jam516__BundleBear,2024-10-15T11:58:12,f4659fb55682b625b466390a8dae1c87119534c7,commit,89,151,False,0.7142857142857143,9,0.8068140630663284,0.5377957838669875,0.021196731912328105,0.3294840199432228,0.7752808988764045,7,0.932584,0.067416,12,0,0,77,89,1
Jam516__BundleBear,2024-11-08T15:04:34,6c1d05d6e2f59e3a99719e2e9aae668107ef0eaf,commit,89,151,False,0.7142857142857143,9,0.8068140630663284,0.5377957838669875,0.021196731912328105,0.32947757519244547,0.7752808988764045,7,0.932584,0.067416,12,0,0,77,89,1
Jam516__BundleBear,2024-12-18T06:35:58,e838ee4f1cdd4dec605198b02249419455bce301,commit,95,175,False,0.7857142857142857,10,0.7820052925610115,0.43739354128633706,0.0106377552285228,0.5558948992575858,0.8842105263157894,4,0.968421,0.031579,0,0,0,95,95,1
Jam516__BundleBear,2025-01-01T13:18:44,9bbd32272541e5bd1f6acb3a72404df748f9a1e7,commit,95,175,False,0.7857142857142857,10,0.7820052925610115,0.43739354128633706,0.0106377552285228,0.5558948994914027,0.8842105263157894,4,0.968421,0.031579,0,0,0,95,95,1
Jam516__BundleBear,2025-02-17T17:52:19,fbcc8766bef60a8fe8f6bf232e2f893feffe0730,commit,94,175,False,0.7857142857142857,10,0.7796861999286818,0.43739354128633706,0.0106377552285228,0.5558948991337658,0.8936170212765957,3,0.978723,0.021277,0,0,0,94,94,1
Jam516__BundleBear,2025-03-20T20:20:49,a15d7f1201327adf8e8bf1f53ee837cdd7bfbe67,Update erc4337_labels_factories.sql,95,175,False,0.7857142857142857,10,0.7820052925610115,0.43739354128633706,0.0106377552285228,0.5558948997662242,0.8842105263157894,4,0.968421,0.031579,0,0,0,95,95,1
Jam516__BundleBear,2025-04-05T07:46:02,a9363dbb36d077db32da901f7e0d274f5c50b515,chore(alchemy): add more alchemy bundler keys,111,197,False,0.7857142857142857,14,0.7847275847275847,0.44190075214096,0.009002879548188765,0.21309925201302182,0.8108108108108109,4,0.972973,0.027027,0,0,0,111,111,1
Jam516__BundleBear,2025-05-17T09:14:12,89473466882471cedeb4d0872f27ee2239b77a03,Include revert txns,123,208,False,0.7857142857142857,14,0.7678727776288752,0.44190075214096,0.009002879548188765,0.2138096472334417,0.7398373983739838,6,0.878049,0.03252,0,0,0,123,123,1
Jam516__BundleBear,2025-06-16T08:05:55,328b31c29b00e0a3ea7998114362faf0664409c9,update labels,85,171,False,0.7857142857142857,10,0.5893360853113175,0.04026601411634697,0.0008206833829532885,0.9576616482787336,1.0705882352941176,5,0.952941,0.047059,0,0,0,85,85,1
Jam516__BundleBear,2025-07-18T11:04:26,68bdcd33485249e1d1f401bed70255bc46e66254,Fix Infinity,96,195,False,0.7857142857142857,12,0.63531223893066,0.09663975726323065,0.001969645362348513,0.9081466879518587,1.09375,6,0.947917,0.052083,0,0,0,96,96,1
Jam516__BundleBear,2025-08-16T09:27:45,e1f26ab1f79dc5c398a300eefb033f51009f7a6c,Add NFTs2Me 4337,96,195,False,0.7857142857142857,12,0.63531223893066,0.09663975726323065,0.001969645362348513,0.9081466651477109,1.09375,6,0.947917,0.052083,0,0,0,96,96,1
Jam516__BundleBear,2025-09-17T07:58:23,114d48ad51e40a9f2f98cdbda761246529ee73c6,update-key,126,195,False,0.8571428571428571,12,0.7305828183690779,0.08571323354107367,0.001746929218354716,0.9362239083125171,0.8333333333333334,36,0.722222,0.277778,0,0,0,126,126,1
Jam516__BundleBear,2025-10-13T07:14:45,dd8c96a79819b3a81d18e60078a5a5f0211fa6a1,edit-activations,142,207,False,0.8571428571428571,12,0.7308815858111632,0.08571323354107367,0.001746929218354716,0.9362238204620065,0.7394366197183099,40,0.640845,0.267606,0,0,0,142,142,1
Jam516__BundleBear,2025-11-09T11:46:37,bf1929e2a29d0ee859a23c869f2fbf3f6f5378a1,add-overlap-metrics,145,208,False,0.8571428571428571,12,0.7338542551384406,0.08571323354107367,0.001746929218354716,0.9362237921371029,0.7241379310344828,42,0.627586,0.268966,0,0,0,145,145,1
Jam516__BundleBear,2025-12-09T18:11:43,8e54559c6833831c646b9e05917c53c038711159,Add new entries for TokenPocket in SQL labels,145,208,False,0.8571428571428571,12,0.7338542551384406,0.08571323354107367,0.001746929218354716,0.9362239030077274,0.7241379310344828,42,0.627586,0.268966,0,0,0,145,145,1
Jam516__BundleBear,2026-01-11T22:54:52,56ee54ff201689348ffe2c1fc61bfa447e66a3cd,reduce-depth,148,211,False,0.7857142857142857,12,0.7358602504943969,0.08525492198178024,0.0017375883286528725,0.9209703696155562,0.7162162162162162,43,0.628378,0.27027,0,0,0,148,148,1
Jam516__BundleBear,2026-02-09T08:58:35,d608a920009fd503d88ec00aad9de16586d00094,update_index,148,210,False,0.8571428571428571,12,0.7351218213287178,0.08524011470879658,0.0017373056449618478,0.9207622316540808,0.7094594594594594,43,0.628378,0.27027,0,0,0,148,148,1
Jam516__BundleBear,2026-02-27T18:21:31,09d257b8a9a4c59f235e5f7f40c46920a5d62bf9,group_innerhandle,149,217,False,0.7857142857142857,9,0.7364674911029137,0.08508224335494426,0.0017340879529393815,0.9214335184939189,0.7449664429530202,43,0.630872,0.268456,0,0,0,149,149,1
Jam516__BundleBear,2026-04-09T09:08:52,15b1735d7faa0f855ae41f205aada08f3db2e709,optmise tables,156,248,False,0.5714285714285714,6,0.7331939799331104,0.08363717811444085,0.0015189060549989344,0.9244442319510459,0.8589743589743589,42,0.660256,0.25641,0,0,0,156,156,1
Jam516__BundleBear,2026-04-27T15:53:51,e55bd4de9c44e0c13c5e8e881871469205871053,dupe-patch,156,248,False,0.5714285714285714,6,0.7331939799331104,0.08363717811444085,0.0015189060549989344,0.9244444635940093,0.8589743589743589,42,0.660256,0.25641,0,0,0,156,156,1
Jam516__BundleBear,2026-07-03T11:42:17,e7d8022dea8ed197719d3bea283ec4ccc7cb18b5,add tokenpocket 7702 v2 contract,156,248,False,0.5714285714285714,6,0.7331939799331104,0.08363717811444085,0.0015189060549989344,0.9244441950522688,0.8589743589743589,42,0.660256,0.25641,0,0,0,156,156,1
Jam516__BundleBear,2026-08-02T22:46:46,2a581b9d3ce528128670830a32c40eb09971b982,Change materialization strategy to incremental for eip7702_actions.sql and add incremental logic to filter records based,156,248,False,0.5714285714285714,6,0.7331939799331104,0.08363717811444085,0.0015189060549989344,0.924444149569743,0.8589743589743589,42,0.660256,0.25641,0,0,0,156,156,1
MTES-MCT__dossierfacile-data,2024-12-17T17:24:45,c5e19d396b46810126c9d19573cd1174b7bbb395,feat: init CI and SQL Linter,1,0,True,,,,,,,,1,1.0,1.0,0,0,1,0,1,1
MTES-MCT__dossierfacile-data,2025-02-14T16:35:00,9a9e386f4e9243ff444db16ae9b5aed3b9061bad,fix: remove constraint created_date must be unique in analytics model (#9),18,14,False,0.7142857142857143,3,0.5579710144927537,0.13103510631058524,0.018527796934017005,0.4349939346537758,0.0,4,0.722222,0.111111,9,0,5,4,18,1
MTES-MCT__dossierfacile-data,2025-02-18T10:08:43,542e3ef8027015030c7645c669e6759de3a25c56,fix: analytics_daily_tenant_account model (#11),18,14,False,0.7142857142857143,3,0.5579710144927537,0.13103510631058524,0.018527796934017005,0.4349941572563177,0.0,4,0.722222,0.111111,9,0,5,4,18,1
MTES-MCT__dossierfacile-data,2025-04-15T17:53:02,93993e9a0561894f39db242f22d357b623afb855,rework: rework core_document_denied_reasons (#24),24,22,False,0.7142857142857143,5,0.4583333333333333,0.061117292869660285,0.007568172064935497,0.6554181174354243,0.0,2,0.875,0.0,13,0,6,5,24,1
MTES-MCT__dossierfacile-data,2025-05-14T16:04:20,c9eab949c76c2ef710d1ddb9536120ecf8bae119,"feat: ajout des modèles application, application_link et application_link_log pour le suivi du partage d'un dossier de c",35,34,False,0.5714285714285714,5,0.5043478260869565,0.10269398606897799,0.00928497494867549,0.6599309089463089,0.05714285714285714,3,0.742857,0.0,19,0,9,7,35,1
MTES-MCT__dossierfacile-data,2025-06-10T13:18:38,dc46e80f0a5a84e0d22592aaf164cb42e51aeea6,"fix: remove column denial_code, rename column owner_type (#37)",35,32,False,0.5714285714285714,5,0.5514950166112956,0.10269398606897799,0.00928497494867549,0.6599368742817154,0.05714285714285714,5,0.742857,0.028571,18,0,10,7,35,1
MTES-MCT__dossierfacile-data,2025-08-06T12:46:28,e1c36247b3470f58b789ab4daba948cb2d903f05,fix: revert previous changes (#41),35,32,False,0.5714285714285714,5,0.5514950166112956,0.10269398606897799,0.00928497494867549,0.6599312110305389,0.05714285714285714,5,0.742857,0.028571,18,0,10,7,35,1
MTES-MCT__dossierfacile-data,2025-09-08T12:09:38,20676c66c494e2ae232b4fcf8f170c376c05a995,feat: add models for blur evaluation (#42),39,36,False,0.5714285714285714,5,0.5558312655086849,0.10269398606897799,0.00928497494867549,0.6599368312437864,0.05128205128205128,5,0.666667,0.051282,20,0,11,8,39,1
MTES-MCT__dossierfacile-data,2025-10-03T14:12:45,ef422415dded067366e771eeaca99eeca6310cae,feat: add laplacian variance result to core_document_blurry_evaluation model (#46),42,40,False,0.5714285714285714,5,0.5562770562770563,0.10237902631688094,0.009244439929024632,0.7194581529039001,0.047619047619047616,4,0.642857,0.02381,21,0,13,8,42,1
MTES-MCT__dossierfacile-data,2025-11-06T09:41:25,c41ab0fc2621042a6b1cac73ed615a9acb15ab8c,feat: change laplacianVariance by OCR results (#50),42,40,False,0.5714285714285714,5,0.5562770562770563,0.10237902631688094,0.009244439929024632,0.7194529284172778,0.047619047619047616,4,0.642857,0.02381,21,0,13,8,42,1
MTES-MCT__dossierfacile-data,2025-11-12T16:51:09,12a39eb67bdcf2c2a78127ac1e3ca36480f11b4d,feat(filigrane-facile): add watermark models (#51),45,42,False,0.5714285714285714,5,0.5625272331154684,0.10237902631688094,0.009244439929024632,0.7194529639493006,0.044444444444444446,5,0.6,0.022222,22,0,14,9,45,1
MTES-MCT__dossierfacile-data,2026-01-06T17:11:32,bc4730e365e7e77fe86d62f0bd68b2e198cda53d,"feat: add tenant funnel, origin, and status to weekly-operations-per-validation (#54)",46,44,False,0.7857142857142857,5,0.577376565954311,0.10311106688710221,0.008540614368922126,0.5419363605386531,0.06521739130434782,5,0.608696,0.021739,22,0,14,10,46,1
MTES-MCT__dossierfacile-data,2026-02-09T19:10:59,c3287537871c4f12974be7b4dec1e209712ad4b1,feat: update application_link models to match the new database schema (#59),45,43,False,0.6428571428571429,5,0.5628282828282828,0.106842805120653,0.008849820141126764,0.7261858671754501,0.044444444444444446,4,0.6,0.0,21,0,14,10,45,1
MTES-MCT__dossierfacile-data,2026-03-02T16:50:57,592fb1595224ead154311f823dadc180f827d599,feat: enhance operator comment model with operator details (#61),46,45,False,0.6428571428571429,5,0.5891089108910891,0.10679756785024412,0.008177556530249633,0.7295773981166903,0.06521739130434782,4,0.608696,0.0,21,0,14,11,46,1
MTES-MCT__dossierfacile-data,2026-03-17T15:01:31,c7ed448d7996b9a9cf2039e1dcf459eb6b8f5fcc,feat(tenant): add sharing attributes to daily tenant validation model (#63),46,45,False,0.6428571428571429,5,0.5891089108910891,0.10679756785024412,0.008177556530249633,0.729577460843128,0.06521739130434782,4,0.608696,0.0,21,0,14,11,46,1
MTES-MCT__dossierfacile-data,2026-04-30T11:18:11,3d763a9f675b05c59604c26ae0b24678dde948a1,feat: rework documents model (#67),49,44,False,0.5714285714285714,5,0.6274245235284196,0.06419624175275794,0.005314760440469592,0.6480967222994584,0.04081632653061224,7,0.653061,0.0,22,0,17,10,49,1
MTES-MCT__dossierfacile-data,2026-05-13T18:12:47,f28e02e0098c338a54ae42488129409954012365,fix(guarantor-document): remove unique constraint on guarantor_id (#70),49,44,False,0.5714285714285714,5,0.6274245235284196,0.06419624175275794,0.005314760440469592,0.6480967681813727,0.04081632653061224,7,0.653061,0.0,22,0,17,10,49,1
MTES-MCT__dossierfacile-data,2026-06-26T18:45:48,62c4051ec3ff4a2a68b5fae0e21d369fa57a9409,fix(operation): allow null tenant_id when action_type is APPLICATION_SEARCHED (#72),49,43,False,0.5,6,0.621505745155205,0.062058245581036314,0.005145810757845278,0.7106601142756336,0.02040816326530612,7,0.653061,0.0,22,0,17,10,49,1
MTES-MCT__dossierfacile-data,2026-07-15T14:00:06,d4aeeb6ec1af9b9044fe650f0a8994f27f42e29b,fix : analytics_yml new_label (#77),49,43,False,0.5,6,0.621505745155205,0.062058245581036314,0.005145810757845278,0.710660063741358,0.02040816326530612,7,0.653061,0.0,22,0,17,10,49,1
MTES-MCT__trackdechets-meltano-workspace,2022-09-28T09:55:10,b971ad1121a1de79514a538e503b9554cece94fd,Adds company enriched,7,4,False,0.8571428571428571,1,0.5142857142857142,1.0,0.3333333333333333,0.0,0.0,3,0.428571,0.142857,0,0,0,7,7,1
MTES-MCT__trackdechets-meltano-workspace,2022-11-07T17:31:38,43454f394275e5988aa72199ce9473781d3d8eea,Deletes freshness check for insee sources,23,4,False,0.8571428571428571,1,0.8521739130434782,1.0,0.3333333333333333,0.0,0.0,19,0.130435,0.73913,0,0,0,23,23,1
MTES-MCT__trackdechets-meltano-workspace,2022-11-30T14:37:15,6f089b41e0bc3e3fd215eeefa9a88a27cf0f0afa,Updates meterialization of icpe_siretise model,27,13,False,0.7857142857142857,2,0.6861598440545809,0.35132055654423305,0.04354286840117831,0.4679919700725387,0.037037037037037035,15,0.407407,0.481481,0,0,0,27,27,1
MTES-MCT__trackdechets-meltano-workspace,2022-12-15T17:17:52,f40a1ce2d5dd2631a5e925a1993a3c07d2810ebe,Harmonizes all quantities to put them in tons,27,13,False,0.7857142857142857,2,0.6861598440545809,0.35132055654423305,0.04354286840117831,0.4679919700533386,0.037037037037037035,15,0.407407,0.481481,0,0,0,27,27,1
MTES-MCT__trackdechets-meltano-workspace,2023-02-05T17:30:38,10a7c80b95625db1cc6c9519d057f918db2df2b3,Fixes overlapping column names in company_enriched,35,22,False,0.5714285714285714,4,0.7167346938775511,0.4058282994555342,0.04432413243265319,0.4526828989028744,0.14285714285714285,18,0.457143,0.457143,0,0,0,35,35,1
MTES-MCT__trackdechets-meltano-workspace,2023-03-06T15:52:44,1e9a1c25fb5622cb99aabfe6aad192b195a41fa3,Adds collectivites model,61,33,False,0.6428571428571429,5,0.6957488191164213,0.09138191570012995,0.01001555758830924,0.5555334501153474,0.04918032786885246,31,0.409836,0.459016,1,0,0,60,61,1
MTES-MCT__trackdechets-meltano-workspace,2023-04-05T11:55:46,8217102f1174778f4acd498908aafaec2a35762b,Linting,94,72,False,0.6428571428571429,5,0.6730977280923188,0.21028459619522283,0.018979102003708354,0.7612994106610286,0.1276595744680851,34,0.361702,0.287234,1,0,0,93,94,1
MTES-MCT__trackdechets-meltano-workspace,2023-05-03T08:14:25,8aa67a6179687f42f1224c80c934bf33ff575daf,Adds new columns to bordereaux_enriched,99,80,False,0.7142857142857143,5,0.7050648327244072,0.1641023959841225,0.012566799762568538,0.7521429111355491,0.13131313131313133,32,0.414141,0.252525,1,0,0,98,99,1
MTES-MCT__trackdechets-meltano-workspace,2023-05-31T15:01:13,b0fb578fe0399b62d08668d0bfa65067a486e358,Adds two field to admins model,97,83,False,0.7142857142857143,6,0.699885452462772,0.1629728010135491,0.012480294009646184,0.7766787622487223,0.15463917525773196,29,0.43299,0.226804,1,0,0,96,97,1
MTES-MCT__trackdechets-meltano-workspace,2023-07-05T15:36:20,cc6be0e724b52299d1427fbef0a5170f4797088d,Updates ICPE models,94,69,False,0.6428571428571429,5,0.6820749388062511,0.12446329392519441,0.010320225766305322,0.5242053531462826,0.07446808510638298,32,0.340426,0.255319,1,0,0,93,94,1
MTES-MCT__trackdechets-meltano-workspace,2023-07-21T09:44:43,a3e000c7f9a0154911dfea4b0cdf6784e74b4d1b,Updates quantity unit for bsdd revisions requests,99,79,False,0.6428571428571429,6,0.7028778349533067,0.07693214604570148,0.005106801219077771,0.6398274818086841,0.10101010101010101,30,0.434343,0.232323,1,0,0,98,99,1
MTES-MCT__trackdechets-meltano-workspace,2023-09-01T13:37:42,f33b26401d34d9739d7843a593e7e53499443e3d,Fixes typo,102,85,False,0.7142857142857143,6,0.7359068627450981,0.09132037998607447,0.005056976482749116,0.4696763661476696,0.12745098039215685,30,0.45098,0.22549,1,0,0,101,102,1
MTES-MCT__trackdechets-meltano-workspace,2023-10-03T15:39:52,17edcbaedcf44bf84b723f0af1d6d72a8e91da16,Updates naf sats model with new filter,103,89,False,0.7857142857142857,6,0.738191338496782,0.08874551990913115,0.004657401094339303,0.4576201769629592,0.14563106796116504,29,0.466019,0.213592,1,0,0,102,103,1
MTES-MCT__trackdechets-meltano-workspace,2023-10-31T15:59:28,432681f9405e194f41947db4dbb50d959aa6b6bf,Adds bsdd transporter model,104,92,False,0.8571428571428571,7,0.7352353930222782,0.05773683629663498,0.0030293280714345466,0.8621711943120147,0.15384615384615385,28,0.528846,0.211538,1,0,0,103,104,1
MTES-MCT__trackdechets-meltano-workspace,2023-12-01T10:38:15,be87067af8e16c5be52d1068eee2ce3dac93e711,Modifies bsdd to match transporters data model,109,111,False,0.9285714285714286,6,0.7602652647493385,0.05914452281045312,0.002562812447914324,0.9185721709233293,0.25688073394495414,26,0.568807,0.183486,1,0,0,108,109,1
MTES-MCT__trackdechets-meltano-workspace,2023-12-22T15:25:18,028d9c8851f291a289da975e5b8da9881fe08041,Deletes spaces in next_destination_processing_operation,114,113,False,0.9285714285714286,6,0.7642666144916194,0.05914452281045312,0.002562812447914324,0.9185721599074903,0.24561403508771928,29,0.54386,0.192982,1,0,0,113,114,1
MTES-MCT__trackdechets-meltano-workspace,2024-01-31T11:38:02,67426817ed34e88b0da3ecbcb34699b6863ff26d,Updates icpe model,121,128,False,0.5714285714285714,7,0.7706671112487199,0.05805809815151474,0.002315784287622117,0.9138959263926537,0.2809917355371901,27,0.570248,0.165289,1,0,0,120,121,1
MTES-MCT__trackdechets-meltano-workspace,2024-02-22T16:57:15,3bc15ae4cd153f53cf0040bcc985a70e8d25cfbf,Updates ICPE models,127,138,False,0.5714285714285714,7,0.7780754678392474,0.057313680577039894,0.0021987753821660965,0.9089619703189552,0.2992125984251969,27,0.590551,0.15748,1,0,0,126,127,1
MTES-MCT__trackdechets-meltano-workspace,2024-03-29T16:26:28,f761aab85d257539d92afddbafdc35de778e7a25,Converts RNDTS quantity to float,139,149,False,0.7142857142857143,8,0.7831615788450321,0.06595970268482634,0.002437131715971048,0.8136189135865185,0.302158273381295,32,0.553957,0.172662,1,0,0,138,139,1
MTES-MCT__trackdechets-meltano-workspace,2024-04-12T14:53:31,4d11c0c2deb3ecbac38ba100b407ebaeb0db27d2,Updates tra 14189 to add adresses,140,153,False,0.5714285714285714,8,0.7875424048247267,0.06629844424826402,0.002362329329931692,0.8395750089868559,0.32142857142857145,32,0.557143,0.171429,1,0,0,139,140,1
MTES-MCT__trackdechets-meltano-workspace,2024-05-27T09:14:19,1529352ba66dce2a0f21eff89dab80f40babb6ee,Adds packagings weight to bsff_enriched,139,155,False,0.2857142857142857,7,0.7911144768395809,0.06914335611806273,0.0024636040279902003,0.8111951789046997,0.33093525179856115,30,0.561151,0.158273,1,0,0,138,139,1
MTES-MCT__trackdechets-meltano-workspace,2024-06-28T08:46:46,cc59c8de5d81344699b6ffd29844df0813b5880f,Adds GERICO pipeline,151,174,False,0.42857142857142855,7,0.8031923925963661,0.08673659966607258,0.0027928133628242107,0.920742070447955,0.36423841059602646,32,0.602649,0.165563,1,0,0,150,151,1
MTES-MCT__trackdechets-meltano-workspace,2024-07-26T08:27:41,06d183d3d92fb349b35d9c7f4bb54f22b9b7d6e2,Adds sub profiles to compnay model,154,174,False,0.42857142857142855,7,0.8070263070263071,0.08673659966607258,0.0027928133628242107,0.9207417768376239,0.35714285714285715,35,0.590909,0.181818,1,0,0,153,154,1
MTES-MCT__trackdechets-meltano-workspace,2024-08-21T13:26:05,c4cc85ce4c0c1165fb5f2fc103d2cf01f47dca4c,Updates icpe models to take into account rubriques with alinea,154,177,False,0.42857142857142855,7,0.8044641133813109,0.0884202198000089,0.002758260584484771,0.9242003039220319,0.37012987012987014,34,0.597403,0.175325,1,0,0,153,154,1
MTES-MCT__trackdechets-meltano-workspace,2024-09-06T12:18:36,045a33f0740d2ef4fd662e65e1c9f088c16bfb05,Updates ICPE model,156,186,False,0.5714285714285714,7,0.8093724152191895,0.0896159671367147,0.002631401228846116,0.9284938709476598,0.41025641025641024,34,0.602564,0.173077,1,0,0,155,156,1
MTES-MCT__trackdechets-meltano-workspace,2024-10-18T10:23:46,03bd852fad06c476a4ae80c08fd0fb945e53792f,Updates gistrid notifications for incremental load,158,193,False,0.5,7,0.7996495744833012,0.09365896605010644,0.0026717306539924307,0.9329618316323521,0.43670886075949367,34,0.607595,0.170886,1,0,0,157,158,1
MTES-MCT__trackdechets-meltano-workspace,2024-11-25T13:42:21,2bb62d5f74438ee959529ca04e8cc4f60943d58a,Fixes bad coordinates for cartographie model,173,231,False,0.5714285714285714,9,0.7756280010946999,0.06588580200948149,0.0017313506117611027,0.8957235092887642,0.5028901734104047,29,0.693642,0.132948,1,0,0,172,173,1
MTES-MCT__trackdechets-meltano-workspace,2024-12-17T10:50:22,a9a8cca78319f591981e97c3add1dd2c0b9cca10,Adds form_id index on bsdd_transporter_enriched,174,233,False,0.35714285714285715,10,0.7791298834316929,0.06616135541448133,0.001694179364294715,0.9114548683402781,0.5057471264367817,29,0.695402,0.132184,1,0,0,173,174,1
MTES-MCT__trackdechets-meltano-workspace,2025-01-24T08:36:51,c9f3a761a124928c618d866207dd92fda037ecb6,Fixes broken models sin installations_rubriuqes changes,171,227,False,0.5,9,0.7971985436597934,0.06640308994209114,0.001700308044235299,0.9059734528165303,0.5146198830409356,32,0.672515,0.152047,1,0,0,170,171,1
MTES-MCT__trackdechets-meltano-workspace,2025-02-20T17:47:11,50bebf84f82025c28a9486033dc1e8dc1ec134f6,Linting,176,235,False,0.2857142857142857,8,0.8043355105305252,0.0661953977802469,0.001694833643775318,0.9089120744798701,0.5170454545454546,32,0.681818,0.147727,1,0,0,175,176,1
MTES-MCT__trackdechets-meltano-workspace,2025-03-13T18:02:13,f6869369467a5e6a0e73355db510d6fd607a05cd,Fixes problem with types in cartogrpahie_des_etablissements,178,235,False,0.2857142857142857,8,0.8065339879402946,0.0661953977802469,0.001694833643775318,0.9089123085855126,0.5112359550561798,34,0.674157,0.157303,1,0,0,177,178,1
MattTriano__analytics_data_where_house,2022-12-08T00:53:19,2250d9e137a9681478560f92042157c363de742b,"Adds system goals and images to README, and fixes a bug in the parcel_locations dbt script.",11,0,False,,,0.0,0.0,0.0,0.0,0.0,11,0.090909,1.0,11,0,0,0,11,1
MattTriano__analytics_data_where_house,2023-01-03T21:22:37,8382f760bae442d4d6666ab2e0ec0d27630ed426,Adds new table and expectation raw suite for development of DAG integration.,26,10,False,0.7142857142857143,2,0.742914979757085,0.5188056959079843,0.12441125563507045,0.19142259772412754,0.038461538461538464,17,0.192308,0.538462,17,6,0,3,26,1
MattTriano__analytics_data_where_house,2023-02-07T08:30:36,34e3d724da3ccfca7d2dad78c81630c180e7191c,Adds intermediate models for another table and cleans up existing intermediate models.,56,36,False,0.7142857142857143,2,0.5086206896551724,0.5188056959079843,0.12441125563507045,0.1914225976076062,0.017857142857142856,21,0.089286,0.089286,21,32,0,3,56,1
MattTriano__analytics_data_where_house,2023-02-18T15:20:45,f003cb4bf254b1c016fca963d69ab4e2a391ad67,Standardizes chicago_crimes data.,86,80,False,0.7857142857142857,5,0.7178294573643411,0.15662619061642657,0.009137563496067968,0.7355746675779431,0.1511627906976744,19,0.395349,0.011628,23,44,0,19,86,1
MattTriano__analytics_data_where_house,2023-04-06T23:06:27,31aa4168c1edb7b4edde843be169afe641af0673,Generated clean model for Chicago vacant buildings data set.,97,90,False,0.7142857142857143,5,0.7272898191959389,0.17354282558523534,0.009561104774155877,0.8154357568835011,0.15463917525773196,22,0.360825,0.010309,0,0,0,97,97,1
MattTriano__analytics_data_where_house,2023-05-05T19:21:32,49e8ecab57a6f014d9f4e261855a950419b9a7dd,Removes tasks that generate the report schema as well as report schema models.,89,70,False,0.6428571428571429,5,0.5430473055177844,0.19410145938404025,0.023474455258450645,0.48068299309233387,0.056179775280898875,24,0.235955,0.011236,0,0,0,89,89,1
MattTriano__analytics_data_where_house,2023-05-17T06:57:05,0419ba9469ec9bea3ec9a7bb17b81369bc3d279f,Finishes std and clean models for final SAO table.,101,78,False,0.6428571428571429,5,0.5425039545374656,0.19410145938404025,0.023474455258450645,0.48068299307191686,0.04950495049504951,28,0.207921,0.009901,0,0,0,101,101,1
MattTriano__analytics_data_where_house,2023-06-21T17:39:21,b54b43d574e27a66dbb63efa954b4c939b9fdacf,Adds generated data_raw models for existing Census API dataset DAGs.,111,78,False,0.6428571428571429,5,0.5837198144890453,0.19410145938404025,0.023474455258450645,0.480682993043404,0.04504504504504504,38,0.189189,0.099099,0,0,0,111,111,1
MattTriano__analytics_data_where_house,2023-10-22T15:51:34,1c97025874de25bc2c9f7e861fe7d629d31c1485,Fixes the problem described in issue 188.,112,78,False,0.6428571428571429,5,0.5874366018596788,0.19410145938404025,0.023474455258450645,0.4806829930851724,0.044642857142857144,39,0.1875,0.107143,0,0,0,112,112,1
MattTriano__analytics_data_where_house,2024-08-19T20:28:38,48c24b5177f73ae7b2449e5834ab61fc5338219f,Plumbs in Chicago murals data.,115,80,False,0.6428571428571429,5,0.5859453993933266,0.19410145938404025,0.023474455258450645,0.4806829930806386,0.043478260869565216,40,0.182609,0.104348,0,0,0,115,115,1
MattTriano__analytics_data_where_house,2024-11-15T13:45:33,b9b1cbcf755dd2c9467696191282b19a01bd94ef,Imputes value for depracated column before first attempted access.,115,80,False,0.6428571428571429,5,0.5859453993933266,0.19410145938404025,0.023474455258450645,0.48068299308688733,0.043478260869565216,40,0.182609,0.104348,0,0,0,115,115,1
MattTriano__analytics_data_where_house,2024-12-28T22:11:49,3b622d3b5972e709e966955c1ce582af484a9bf4,Adds std and clean models for housing census variables.,131,53,False,0.6428571428571429,3,0.7355588469864418,0.5955443589381065,0.07336949946885034,0.4064424650904613,0.03816793893129771,83,0.083969,0.335878,0,0,0,131,131,1
MattTriano__analytics_data_where_house,2025-01-04T23:25:43,ba0722aafd1dd4d45e86e58297506fb909fdf78f,Adds clean stage for chicago parks and improves some dtypes in parcel proximity.,178,73,False,0.6428571428571429,3,0.7028929355546946,0.5955443589381065,0.07336949946885034,0.4064424766729806,0.028089887640449437,110,0.061798,0.286517,0,0,0,178,178,1
MattTriano__analytics_data_where_house,2025-03-19T19:08:26,82468d1edeb8698cc5b1dc6c025ac8dfaf158583,Adds congestion dataset and required dbt models.,181,74,False,0.6428571428571429,3,0.7026619789050729,0.5955443589381065,0.07336949946885034,0.4064425230481976,0.027624309392265192,112,0.060773,0.287293,0,0,0,181,181,1
NYCPlanning__data-engineering,2024-03-29T15:56:39,303a9edc5b45a71bcba80d24de836563d3d01a46,change `int_flags__all_variable_type_set` to warn,51,42,False,0.6428571428571429,5,0.7142857142857143,0.15136255729258374,0.01611207134653366,0.5418046542544546,0.0392156862745098,11,0.54902,0.039216,13,18,0,20,51,1
NYCPlanning__data-engineering,2024-04-26T13:57:58,d12476ddd7346681e43b984c3c70678f6bff1803,fix typo in `int__zoning_districts`,118,92,False,0.7857142857142857,8,0.7050847457627119,0.15136255729258205,0.011443225909377588,0.22995426406739158,0.03389830508474576,30,0.364407,0.008475,33,25,0,60,118,1
NYCPlanning__data-engineering,2024-05-28T11:40:42,1e99fc69871532ae59ec96fb75005513bf32caf4,add GFT source models,93,60,False,0.7142857142857143,5,0.8059940517044155,0.1533828795146681,0.013546013204486722,0.6999169468866631,0.043010752688172046,37,0.322581,0.258065,33,22,0,38,93,1
NYCPlanning__data-engineering,2024-06-07T15:01:56,bf02bd6926a3b2644a80295bee8a65dee8cde038,fix non-multi geoms in gft source exports (#892),99,68,False,0.9285714285714286,8,0.8269898989898989,0.07324311204145727,0.005523751445603429,0.3373505668365285,0.050505050505050504,36,0.474747,0.262626,35,23,0,41,99,1
NYCPlanning__data-engineering,2024-08-12T15:46:54,3eec74dcb94143f84097f89a2d480d69c07e2b04,GFT: update wrp sources,99,68,False,0.9285714285714286,8,0.8269898989898989,0.07324311204145727,0.005523751445603429,0.3373533768698323,0.050505050505050504,36,0.474747,0.262626,35,23,0,41,99,1
NYCPlanning__data-engineering,2024-10-22T16:46:01,550d1e09b883f839ce3d82dc2b970403bafd5cc3,GFT tweaks for 24v3 draft 1 review (#1196),99,68,False,0.9285714285714286,8,0.8269898989898989,0.07324311204145727,0.005523751445603429,0.3373506886123131,0.050505050505050504,36,0.474747,0.262626,35,23,0,41,99,1
NYCPlanning__data-engineering,2024-11-18T11:12:25,43c2e7393ce92600ed150bceb9a22a9c64151774,adjust source column name to reflect changed data (#1252),99,68,False,0.9285714285714286,8,0.8269898989898989,0.07324311204145727,0.005523751445603429,0.33735325080488404,0.050505050505050504,36,0.474747,0.262626,35,23,0,41,99,1
NYCPlanning__data-engineering,2024-12-18T15:45:49,a041b06bf69d44ed11e288a1a1ab7de273395c66,Library to Ingest: weekly OpenData templates (#1289),99,68,False,0.9285714285714286,8,0.8269898989898989,0.07324311204145727,0.005523751445603429,0.3373506819484404,0.050505050505050504,36,0.474747,0.262626,35,23,0,41,99,1
NYCPlanning__data-engineering,2024-12-27T13:53:45,13366ee456cd4c49196d11dc76b81dff81392de9,update text repr of edes bools (#1346),99,68,False,0.9285714285714286,8,0.8269898989898989,0.07324311204145727,0.005523751445603429,0.3373505460421676,0.050505050505050504,36,0.474747,0.262626,35,23,0,41,99,1
NYCPlanning__data-engineering,2025-03-04T15:59:08,29863a6ab4a04b7361937cb7959fe15414c27e81,gft: alter unique pl constraint (#1493),99,68,False,0.9285714285714286,8,0.8269898989898989,0.07324311204145727,0.005523751445603429,0.33735052866366355,0.050505050505050504,36,0.474747,0.262626,35,23,0,41,99,1
NYCPlanning__data-engineering,2025-03-25T18:24:54,9de9f889f442856a4421b542ff3da10a58da5032,2025 PFF Enhancements (#1457),101,68,False,0.9285714285714286,8,0.8304158415841584,0.07324311204145727,0.005523751445603429,0.3373507258105875,0.04950495049504951,38,0.465347,0.277228,35,23,0,43,101,2
NYCPlanning__data-engineering,2025-07-23T16:15:38,2a48ab21ffdea9a8a41138eeedb9ea51dd5b9146,raise severity level of pilot projects test to error,101,68,False,0.9285714285714286,8,0.8304158415841584,0.07324311204145727,0.005523751445603429,0.3373506187676242,0.04950495049504951,38,0.465347,0.277228,35,23,0,43,101,2
NYCPlanning__data-engineering,2025-08-27T17:23:55,41809c182f9851141ed5290510ed2cd66ce0ff2c,Fix GFT nysparks_parks column (#1919),101,68,False,0.9285714285714286,8,0.8304158415841584,0.07324311204145727,0.005523751445603429,0.3373532227535987,0.04950495049504951,38,0.465347,0.277228,35,23,0,43,101,2
NYCPlanning__data-engineering,2025-09-23T17:48:57,4b7f1450eab2ee0c40126ed3a66a32dc93bdbc7f,fix a few gft source issues (#1962),101,68,False,0.9285714285714286,8,0.8304158415841584,0.07324311204145727,0.005523751445603429,0.33735340868260755,0.04950495049504951,38,0.465347,0.277228,35,23,0,43,101,2
NYCPlanning__data-engineering,2025-11-12T15:46:33,2a0be98a7238ca6b99316ba08341c0d7b56da6b1,fix dbt deprecation warnings (#2047),101,68,False,0.9285714285714286,8,0.8304158415841584,0.07324311204145727,0.005523751445603429,0.33735356781893694,0.04950495049504951,38,0.465347,0.277228,35,23,0,43,101,3
NYCPlanning__data-engineering,2025-12-17T12:10:14,2518989f23eb0801f33b8eaefb3f134953284214,move zoning district group by,101,68,False,0.9285714285714286,8,0.8304158415841584,0.07324311204145727,0.005523751445603429,0.3373505587226216,0.04950495049504951,38,0.465347,0.277228,35,23,0,43,101,3
NYCPlanning__data-engineering,2026-01-08T11:29:15,b82f40db44be13fd6f702852a06f6e38b56e977c,try dagster + dbt,106,73,False,0.9285714285714286,8,0.8229317851959361,0.07324311204145727,0.005523751445603429,0.33735323741202417,0.05660377358490566,39,0.443396,0.264151,38,23,0,45,121,7
NYCPlanning__data-engineering,2026-07-27T15:01:10,61c52a088ed10b3cb71688fc54873136759d8473,fix mislabeled srid on lpc geojson sources in gft,106,73,False,0.9285714285714286,8,0.8229317851959361,0.07324311204145727,0.005523751445603429,0.33735320293047594,0.05660377358490566,39,0.443396,0.264151,38,23,0,45,121,7
OHDSI__dbt-synthea,2024-02-17T20:23:07,a650d9e0184707ea74efe5c6c00bb0df05ce101f,Fix wrong table alias,57,46,False,0.42857142857142855,4,0.7321111768184506,0.28742120908252017,0.026711481261869247,0.25882123779712274,0.2631578947368421,26,0.473684,0.403509,11,0,0,46,57,1
OHDSI__dbt-synthea,2024-03-30T21:15:55,3533163b3eff925f7df4c3fa92d4ee181cab23c7,SQLFluff formattign,63,51,False,0.42857142857142855,4,0.7240797028031071,0.28742120908252017,0.026711481261869247,0.2588212193061627,0.23809523809523808,27,0.428571,0.349206,17,0,0,46,63,1
OHDSI__dbt-synthea,2024-06-14T18:24:49,76c6f972652ce876a185902edee9316273e6eb91,"put seeds in separate schema, materialize seed vocab",72,58,False,0.5714285714285714,4,0.7268518518518519,0.2403762683873443,0.022362428439342993,0.5408602350628817,0.19444444444444445,28,0.388889,0.236111,27,19,0,26,72,1
OHDSI__dbt-synthea,2024-07-04T17:52:21,e498ac81983c351ef5707a8ff06f59ad55cf7450,add 3 missing tables,76,61,False,0.5714285714285714,4,0.7298761609907121,0.11956565935190079,0.01112329885236061,0.876268358273677,0.18421052631578946,29,0.394737,0.223684,29,19,0,28,76,1
OHDSI__dbt-synthea,2024-07-27T15:18:17,4b958b2669f0976f383d3c1a670b37abb1b399fe,fixes from dqd run,92,69,False,0.5714285714285714,4,0.7282608695652174,0.11956565935190079,0.01112329885236061,0.8762683684244926,0.15217391304347827,37,0.326087,0.184783,37,19,0,36,92,1
OHDSI__dbt-synthea,2024-09-08T19:40:44,f2d7623f3d84b1e1c39703903597e3617c2c8ee8,update hardcoded cdm_source entries,92,69,False,0.5714285714285714,4,0.7282608695652174,0.11956565935190079,0.01112329885236061,0.876268318973011,0.15217391304347827,37,0.326087,0.184783,37,19,0,36,92,1
OHDSI__dbt-synthea,2024-10-13T20:46:11,48e261a9cddead23e129369ab9195307d6e899c4,refactor: create and use a macro for safe hashing of columns,86,67,False,0.5714285714285714,5,0.7538205980066445,0.10812492407425668,0.010057696891111387,0.8481103057439451,0.19767441860465115,36,0.383721,0.27907,29,20,0,37,86,1
OHDSI__dbt-synthea,2024-11-04T07:50:48,e65d1f4f9139f7086c99e42d7c6c0eb706d68277,fix: remove orphaned model definitions,85,66,False,0.5714285714285714,5,0.7558188743123149,0.10812492407425668,0.010057696891111387,0.8481102357411063,0.2,36,0.388235,0.294118,28,20,0,37,85,1
OHDSI__dbt-synthea,2024-12-11T00:35:34,5fdf5d35b251846fcaf8ba409112046db6abc910,refactor: use new regexp_like adapter within measurement model,85,66,False,0.5714285714285714,5,0.7558188743123149,0.10812492407425668,0.010057696891111387,0.8481102496817257,0.2,36,0.388235,0.294118,28,20,0,37,85,1
OHDSI__dbt-synthea,2025-01-09T19:45:51,12bda01f6030dda0e6e7724d81d386b5c701456c,add new regex func,87,59,False,0.7857142857142857,5,0.7588075880758808,0.08990710324817297,0.009825169903337387,0.8130914058930848,0.11494252873563218,38,0.367816,0.298851,28,22,0,37,87,1
OHDSI__dbt-synthea,2025-02-01T07:11:36,296bc14c008a84d1fe275be30b08efc2a06402c6,Merge pull request #117 from OHDSI/115-feat-utilise-imaging-studies,85,56,False,0.7142857142857143,4,0.7628303495311168,0.12135032657025023,0.015083206646528752,0.3698818061170147,0.10588235294117647,38,0.388235,0.305882,28,20,0,37,85,1
OHDSI__dbt-synthea,2025-04-19T17:33:29,d2a21bc7c8e476a9a588703763645f3475dbc1e1,fix issue causing duplicate PKs in procedure_occurrence,86,56,False,0.7857142857142857,5,0.7583801122694467,0.08239271712723895,0.010733205563853267,0.6903431889074939,0.09302325581395349,38,0.395349,0.302326,28,21,0,37,86,1
OHDSI__dbt-synthea,2025-06-02T21:20:36,e119df64bb3f99394b8d124e2f72a3798b343820,add tests on vocab stg models (#127),86,56,False,0.7857142857142857,5,0.7583801122694467,0.08239271712723895,0.010733205563853267,0.6903427904570976,0.09302325581395349,38,0.395349,0.302326,28,21,0,37,86,1
OHDSI__dbt-synthea,2025-09-28T19:48:40,89188d139638a3c6fdffe02d5d178300d92b8671,Adjust unit thresh. and fix concept check (#150),87,58,False,0.6428571428571429,4,0.7520742939788384,0.0818452796615319,0.010498084865623206,0.7139367825728982,0.09195402298850575,37,0.413793,0.287356,29,21,0,37,87,1
OHDSI__dbt-synthea,2026-01-08T14:58:28,b9486865d6c2f95e6bda34187391244131243585,fix unit threshold,87,58,False,0.6428571428571429,4,0.7520742939788384,0.0818452796615319,0.010498084865623206,0.7139368165439643,0.09195402298850575,37,0.413793,0.287356,29,21,0,37,87,1
Opetushallitus__ovara,2024-04-02T11:55:57,e2114bc457ec605052b2f56aa476f53d5c20ed0a,OK-467 hakujen ja koulutusten lataaminen lisätty,6,0,False,,,0.0,0.0,0.0,0.0,0.0,6,0.166667,1.0,3,0,0,3,6,1
Opetushallitus__ovara,2024-05-02T13:30:01,8e8015cf55ccefee04db55e76323862663fbbb48,LIsätty valintalaskennan tulos-taulut,73,30,False,0.7857142857142857,4,0.8079006052883084,0.12886049672047786,0.015781481801271077,0.7006758907849251,0.0547945205479452,47,0.273973,0.589041,14,45,0,14,73,1
Opetushallitus__ovara,2024-05-31T15:00:01,d12506add20da14ccc7f3f2747d7b90af3833a52,sqlfluff'd mallit,89,45,False,0.7857142857142857,3,0.7887924903996587,0.047687519577112446,0.005839477179059109,0.644668756327459,0.07865168539325842,51,0.325843,0.494382,17,53,0,19,89,1
Opetushallitus__ovara,2024-06-27T12:36:20,5a596b6a6215929db072495b9af53e3705baa19b,Lisätty lataus valintarekisteri_valinnantulos,119,54,False,0.7857142857142857,3,0.791970121381886,0.047687519577112446,0.005839477179059109,0.6446686193545599,0.058823529411764705,72,0.243697,0.504202,30,57,0,32,119,1
Opetushallitus__ovara,2024-07-09T10:52:56,4119ea5396e873977b41e58a928066ef08732a2a,"Korjattu dw-makro, muita virheenkorjauksia",123,54,False,0.7857142857142857,3,0.8048780487804879,0.047687519577112446,0.005839477179059109,0.6446686420987066,0.056910569105691054,76,0.235772,0.528455,32,57,0,34,123,1
Opetushallitus__ovara,2024-08-30T16:08:45,169eff6e06cde2541cd97c2417fafabf5a71a864,luotu pub_dim_koulutus,154,67,False,0.7857142857142857,4,0.7895104895104895,0.04581260458024903,0.005280064710663132,0.6420373045630519,0.05194805194805195,95,0.207792,0.545455,32,59,0,63,154,1
Opetushallitus__ovara,2024-09-06T13:16:38,89399166b68bc6b60cf2b5f85ad67d8cba6172d9,LIsätty lataaminen asiasana ja ammattinimike,164,77,False,0.7857142857142857,4,0.7667682926829268,0.02287866084736705,0.002636839032832224,0.6621460836245019,0.06097560975609756,97,0.280488,0.530488,35,60,0,69,164,1
Opetushallitus__ovara,2024-10-31T10:29:59,f239ce0062775b357249a151f03d37e0a394e688,LIsätty toteutukselle alkamiskausityyppi,176,90,False,0.8571428571428571,7,0.7348184223184223,0.01447663679195414,0.0014969227564494124,0.7051579365944493,0.0625,97,0.363636,0.494318,35,69,0,72,176,1
Opetushallitus__ovara,2024-11-27T12:00:52,1ad4e74f46d1fe9ce8c1cf54d455a5e608e5b551,sqlfluff,185,94,False,0.9285714285714286,6,0.7509803921568627,0.013853901371970099,0.0014325301895028932,0.6785302475275811,0.05945945945945946,102,0.356757,0.486486,37,72,0,76,185,1
Opetushallitus__ovara,2024-12-18T15:57:51,15542b21573c110a639719fc5dd5cdd4549926c2,Korjattu stg-mallien bugi jos stg-taulu on tyhjä,185,94,False,0.9285714285714286,6,0.7509803921568627,0.013853901371970099,0.0014325301895028932,0.6785300783335713,0.05945945945945946,102,0.356757,0.486486,37,72,0,76,185,1
Opetushallitus__ovara,2025-01-29T13:13:37,5352236f74b793c5ebcea9cac00f7aa74ef87421,Lisätty hakuun koulutuksen_alkamisajankohdat hakukohteilta,203,125,False,0.9285714285714286,7,0.747432052337959,0.011442297989017575,0.0010226180691832074,0.6952300863334436,0.10837438423645321,100,0.428571,0.433498,38,81,0,84,203,1
Opetushallitus__ovara,2025-02-27T13:34:11,3b5f8d52c9344ad731b043973ed38f0032e1a1a1,OK-602 bugikorjaus int_sure_ensikertalainen,222,157,False,0.7857142857142857,9,0.741992943513856,0.02939908755668344,0.0024823824536280258,0.7733602809972151,0.17117117117117117,103,0.490991,0.427928,40,88,0,94,222,1
Opetushallitus__ovara,2025-03-27T10:16:17,b207aa653f0b753218837448b546a2d416f19a8a,OK-602 Korjattu opintojen laajuusarvo,232,181,False,0.7857142857142857,11,0.7216837751644409,0.031202527540856475,0.0023089188800269928,0.8770565372113565,0.20689655172413793,99,0.530172,0.396552,40,95,0,97,232,1
Opetushallitus__ovara,2025-04-29T11:49:55,1aeb998fb68d5f10648eae9f78313c286a19e41d,OK-862 ovara_henkilo-taulu,234,187,False,0.7857142857142857,12,0.7172127255460589,0.031541687012280335,0.0023091243993876753,0.8845389966756176,0.21367521367521367,97,0.564103,0.388889,40,96,0,98,234,1
Opetushallitus__ovara,2025-05-28T12:05:14,3d94e7d8669ad6938d7eeed7a4396e5d49ab7984,OK-979 korjattu hakujen kontrollitaulussa löydetty bugi,249,207,False,0.7142857142857143,12,0.71169468292331,0.030968533804054812,0.00221559480379735,0.8811684610551518,0.21686746987951808,96,0.562249,0.333333,40,110,0,99,249,1
Opetushallitus__ovara,2025-06-27T13:56:16,08ac5802de8eef80246cd15861d18dde86c5ad54,OK-1032 lomake-taulujen parannuksia,252,208,False,0.7857142857142857,12,0.7121661998132587,0.03022366960242834,0.0021636248040592153,0.7238983021394005,0.21428571428571427,98,0.559524,0.337302,40,112,0,100,252,1
Opetushallitus__ovara,2025-07-10T14:34:00,7f5beec80e06622141a2e248be27400bfc1989d7,OK-979 Valintatapajonon pioriteetti-kentän korjaus,254,221,False,0.8571428571428571,12,0.7093162703359475,0.03062085138343231,0.0021744244469057822,0.7405943949981582,0.25196850393700787,97,0.566929,0.330709,40,112,0,102,254,1
Opetushallitus__ovara,2025-08-27T11:01:38,d6a9cac4e821de156cef47f13b65dece8ca206d8,OY-5238 oletusnimi ja -prioritetti jos valintatapajono puuttuu,254,221,False,0.8571428571428571,12,0.7093162703359475,0.03062085138343231,0.0021744244469057822,0.7405999045140367,0.25196850393700787,97,0.566929,0.330709,40,112,0,102,254,1
Opetushallitus__ovara,2025-09-26T10:19:20,e3a88b49f1ba947c3fccb11de903a59bde888be9,Merge pull request #154 from Opetushallitus/OY_5282__Yhdistyneet_kuningaskunnat,254,221,False,0.8571428571428571,12,0.7093162703359475,0.03062085138343231,0.0021744244469057822,0.7405990212554842,0.25196850393700787,97,0.566929,0.330709,40,112,0,102,254,1
Opetushallitus__ovara,2025-10-24T10:45:48,0ce435022a87fe9b891591f44d58704212b6d021,Korjattu hakutoivenumeroiden dokumentaatio,254,221,False,0.8571428571428571,12,0.7093162703359475,0.03062085138343231,0.0021744244469057822,0.7405992164467659,0.25196850393700787,97,0.566929,0.330709,40,112,0,102,254,1
Opetushallitus__ovara,2025-11-13T12:38:21,65ab6a471a4e289eb8c7717ce9532c7f22e25321,Korjattu urheilija- ja kaksoistutkintomallit,254,222,False,0.7857142857142857,12,0.7093162703359475,0.030633056173506958,0.002175250227938034,0.7396011818112967,0.2559055118110236,97,0.566929,0.330709,40,112,0,102,254,1
Opetushallitus__ovara,2025-12-16T12:58:17,88a29d9f10b296c579bd03342c3f42d122a223b8,Lisätty tieto hakukohteiden priorisoinnista,254,223,False,0.7857142857142857,12,0.7057514549811709,0.03070188543961283,0.0021796924916452267,0.7365626837214421,0.25984251968503935,97,0.566929,0.330709,40,112,0,102,254,1
Opetushallitus__ovara,2026-01-23T10:38:17,29e1e99d4ab1a577fb0d1f9f4a4fa06e7d1569e9,Muokattu ONR-taulut niin että ne automaattisesti käsittelevät kahden edellisen päivän aikana tulleet uudet henkilöt,254,223,False,0.7857142857142857,12,0.7057514549811709,0.03070188543961283,0.0021796924916452267,0.7365621924595868,0.25984251968503935,97,0.566929,0.330709,40,112,0,102,254,1
Opetushallitus__ovara,2026-02-16T15:15:08,a396e3c8ae84c762f56b47c487d15d050f2724ad,Lisätty valintalaskenta_valintapiste-taulut,260,225,False,0.7857142857142857,12,0.7110150204824761,0.03070188543961283,0.0021796924916452267,0.7365570265954654,0.25384615384615383,101,0.553846,0.330769,42,114,0,104,260,1
Opetushallitus__ovara,2026-03-24T12:17:13,1cbe4cccb9c87fb76cc6f17f653492d5113f3d69,Poistettu kommentoitu koodi,259,224,False,0.8571428571428571,11,0.7058367077879273,0.030707129908349246,0.002179891454483371,0.7372294035637889,0.2548262548262548,101,0.552124,0.332046,42,113,0,104,259,1
Opetushallitus__ovara,2026-04-22T12:47:30,b6d50a7c359bfd7758d3575f7fb12a87a7c0a095,suorituskykyparannus int_onr_kansalaisuus,279,253,False,0.7857142857142857,11,0.726148409893993,0.030362553268514378,0.0019379589791932252,0.8488578595786621,0.26523297491039427,100,0.587814,0.308244,42,116,0,121,279,1
Opetushallitus__ovara,2026-05-20T10:50:39,9269811731877aa1fcb4322e700cb9aa2e6595b4,suorituskykuyparannuksia tilastoraportille,295,269,False,0.7857142857142857,14,0.7204980087803949,0.030141130934964774,0.0015667983335399152,0.8625456135572525,0.26440677966101694,104,0.589831,0.301695,46,123,0,126,295,1
Opetushallitus__ovara,2026-06-16T10:14:40,99695defc879f2990c1725d173c0f14bc52987d4,Poistettu vanhat tilastoraportin malleja,300,262,False,0.7142857142857143,13,0.7241911764705883,0.02969700062804949,0.0015460566934961798,0.8494764947672013,0.22666666666666666,106,0.586667,0.303333,47,128,0,125,300,1
Opetushallitus__ovara,2026-07-10T07:48:56,85604ee6fe078f38f3ff75d02aa66c1f2b8c29f9,lisätty pvm-logiikka hakukohde_yos,332,318,False,0.8571428571428571,15,0.7100636448553742,0.05355562523387834,0.0026505801677509616,0.7768609527038641,0.28012048192771083,107,0.60241,0.28012,48,148,0,136,332,1
Opetushallitus__ovara,2026-08-03T12:46:18,a65474b46de48bd75c2b77d81ee59a6f22d67690,Lisätty ehto jos vuosi on 0,332,318,False,0.8571428571428571,15,0.7100636448553742,0.05355562523387834,0.0026505801677509616,0.7768348944379744,0.28012048192771083,107,0.60241,0.28012,48,148,0,136,332,1
PedramNavid__dagster,2021-07-29T15:20:05,08918daf3375e0af98d52c68af23f531db2a1069,Adding hacker_news_dbt folder,3,2,True,,,,,,,,1,1.0,0.0,0,0,0,3,3,1
PedramNavid__dagster,2021-10-20T14:41:25,333a96fb020074d50b459f2b56f62b53983f173b,fix errors related to column names in hacker news demo (#5230),3,2,True,,,,,,,,1,1.0,0.0,0,0,0,3,3,1
PedramNavid__dagster,2022-05-09T13:11:01,8cfa136964e87bd0cf0f967b1c59a9c365c11a57,Add namespaces / prefixes to the hacker news assets demo (#7782),6,4,False,0.8571428571428571,1,0.3333333333333333,1.0,0.3333333333333333,0.0,0.0,2,0.5,0.0,0,0,0,6,6,2
PedramNavid__dagster,2022-06-07T12:54:29,b34f04d32614361b04379769307d366e5facc164,[assets] cycle resolution (#8222),11,7,False,0.8571428571428571,1,0.5194805194805194,1.0,0.3333333333333333,0.0,0.0,4,0.272727,0.0,0,0,0,11,11,3
PedramNavid__dagster,2022-07-20T14:12:03,e15ecd89b9cece49d8435b91c4d15a8852a365ea,[dagster-dbt] fix tagged source asset loading (#8943),5,3,False,0.8571428571428571,1,0.6666666666666666,0.9999999999999997,0.3333333333333332,0.0,0.0,2,0.6,0.0,0,0,0,5,5,1
PedramNavid__dagster,2022-08-03T20:58:26,2c821b4fa77f03b419af4552d73c6645e0d4d55b,3.14/n example overhaul: hacker_news_assets -> project_fully_featured  + recommended project layout (#9191),19,16,False,0.7857142857142857,3,0.6736842105263158,0.4023728380236242,0.056116075929443975,0.4161718663565624,0.10526315789473684,5,0.526316,0.052632,0,0,0,19,21,4
PedramNavid__dagster,2022-10-10T15:11:25,0035ebc50e1c19db3c16b0a9c81c32f507625763,Data pipeline smoke test example (#9945),21,17,False,0.7857142857142857,3,0.6789554531490015,0.40237283802362434,0.05611607592944401,0.4161718769113869,0.09523809523809523,6,0.47619,0.047619,0,0,0,21,23,5
PedramNavid__dagster,2023-04-04T10:25:48,3bb815935f5dfa0ed5dd3dc734f55047a6be1af4,test(dbt): use `dbt-duckdb` adapter (#13198),21,17,False,0.7857142857142857,3,0.6789554531490015,0.40237283802362434,0.05611607592944401,0.4161719725283464,0.09523809523809523,6,0.47619,0.047619,0,0,0,21,23,5
PedramNavid__dagster,2023-05-09T09:45:53,91b12934e6a767d955e5b481b9deb971119df3fe,example: rename project_pypi_github to project_analytics (#14170),27,22,False,0.7857142857142857,3,0.671957671957672,0.40237283802362434,0.05611607592944401,0.41617186994981,0.07407407407407407,7,0.37037,0.037037,3,0,0,24,29,6
PedramNavid__dagster,2023-06-15T12:16:26,30b497cb1dc58de86fa415d1764fcbe2edd73a6e,feat(dbt): parse asset key from `+meta` (#14794),32,27,False,0.7857142857142857,3,0.6628989361702128,0.40237283802362434,0.05611607592944401,0.4161718652120793,0.09375,8,0.3125,0.03125,6,0,0,26,34,7
PedramNavid__dagster,2023-07-13T16:50:01,fa5641583e4f2598049ae8ad10e44e7d34d54260,fix(dbt): ensure scaffold tests successfully run on clean build (#15281),32,27,False,0.7857142857142857,3,0.6628989361702128,0.40237283802362434,0.05611607592944401,0.41617196033361475,0.09375,8,0.3125,0.03125,6,0,0,26,34,7
PedramNavid__dagster,2023-10-31T16:50:13,6fb1e8be26751fa22b7a65446be60b68531f690a,feat(dbt): allow self-dependencies to be specified in `+meta` (#17490),32,27,False,0.7857142857142857,3,0.6628989361702128,0.40237283802362434,0.05611607592944401,0.41617188073829364,0.09375,8,0.3125,0.03125,6,0,0,26,34,7
PedramNavid__dagster,2023-11-29T21:15:21,d24a9ecb92a850fcc406899a6a3da9ca84d68f87,turn on prettier for .md files (other than docs) (#18342),32,27,False,0.7857142857142857,3,0.6628989361702128,0.40237283802362434,0.05611607592944401,0.41617195254914496,0.09375,8,0.3125,0.03125,6,0,0,26,34,7
PedramNavid__dagster,2024-02-12T11:49:12,dcab639618ea5d76bf84b4b3930af8c99f043d31,test(dbt): add jaffle shop project to test Dagster metadata (#19547),32,27,False,0.7857142857142857,3,0.6628989361702128,0.40237283802362434,0.05611607592944401,0.4161718745228901,0.09375,8,0.3125,0.03125,6,0,0,26,34,7
PedramNavid__dagster,2024-02-16T12:40:58,a118f1ab14fc7131955b62c425aad35f6453bfd9,test(dbt): move tests into `core/` and `legacy/` (#19849),27,24,False,0.7857142857142857,3,0.6464646464646465,0.40237283802362434,0.05611607592944401,0.416171881154078,0.1111111111111111,6,0.37037,0.037037,6,0,0,21,29,6
PedramNavid__dagster,2024-04-08T10:18:25,9ba265b3db07d29a0fc87306c46716b6db8fbe49,fix(dbt): mark implicitly aliased columns with an empty set of column dependencies (#21048),32,29,False,0.7857142857142857,3,0.6481854838709677,0.40237283802362434,0.05611607592944401,0.4161719495583734,0.09375,6,0.3125,0.03125,6,0,0,26,34,6
PedramNavid__dagster,2024-06-13T13:59:06,70ac5e333c1bd70f280acf55832b30334dd219a9,add jaffle project clone to test profile vars (#22533),32,29,False,0.7857142857142857,3,0.6481854838709677,0.40237283802362434,0.05611607592944401,0.4161718644963182,0.09375,6,0.3125,0.03125,6,0,0,26,39,7
PedramNavid__dagster,2024-07-02T17:34:04,58ad7b0ffb7640c02a09b77067b3eb9acd9a0436,fix(dbt): use correct relation identifier when creating `BaseRelation` (#22823),32,29,False,0.7857142857142857,3,0.6481854838709677,0.40237283802362434,0.05611607592944401,0.4161719584528573,0.09375,6,0.3125,0.03125,6,0,0,26,39,7
PedramNavid__dagster,2024-07-16T11:20:27,c76651baad2f24a8f7ba2bcdbfa465bab59af8a2,feat(dbt): support column lineage for self-referential incremental models (#23024),32,29,False,0.7857142857142857,3,0.6481854838709677,0.40237283802362434,0.05611607592944401,0.41617186390003297,0.09375,6,0.3125,0.03125,6,0,0,26,39,7
PedramNavid__dagster,2024-09-04T15:13:47,ead286321c3a41ac2bdc7419d618f8819f88e1c5,[dagster-airlift] fix unit test directory structure (#24167),34,30,False,0.7857142857142857,3,0.6568627450980392,0.40237283802362434,0.05611607592944401,0.41617185605830925,0.08823529411764706,7,0.294118,0.029412,6,0,0,28,52,10
PedramNavid__dagster,2024-10-10T10:37:08,0fc8dbb7830ed0730956b34af22deb77764a47f6,[dagster-dbt] Fix generating column metadata for models installed through dbt dependencies (#25185),35,30,False,0.7857142857142857,3,0.6666666666666666,0.40237283802362434,0.05611607592944401,0.41617187108467113,0.08571428571428572,8,0.285714,0.057143,6,0,0,29,53,11
PedramNavid__dagster,2024-11-20T17:18:02,ca745c6d1f1a5342bb9096c2888663afa3a5b646,[dagster-airlift][cleanup] Move airlift to python_modules (#26021),36,30,False,0.7857142857142857,3,0.6759259259259259,0.40237283802362434,0.05611607592944401,0.41617186654145105,0.08333333333333333,9,0.277778,0.083333,6,0,0,30,54,11
PedramNavid__dagster,2025-02-21T12:01:54,3a4ecbeb7c0f86387d0e6c2ca3b601147cd060cc,[dagster-dbt] Fix profiles_dir with packaged_project_dir (#27970),44,37,False,0.7857142857142857,3,0.6893939393939394,0.40237283802362434,0.05611607592944401,0.41617194950020614,0.06818181818181818,10,0.227273,0.068182,8,0,0,36,67,13
PedramNavid__dagster,2025-04-02T15:52:49,6d8a6b39f81221be360f9d5ca0ff5899892d1e42,[dg] Merge dagster_components into dagster (#28938),44,37,False,0.7857142857142857,3,0.6893939393939394,0.40237283802362434,0.05611607592944401,0.4161718769442749,0.06818181818181818,10,0.227273,0.068182,8,0,0,36,82,16
PedramNavid__dagster,2025-08-04T10:09:33,2ad3839d0031d06fd86b2825e9135f7e87c80f3e,[dagster-dbt] dbtf compat (#31337),44,37,False,0.7857142857142857,3,0.6893939393939394,0.40237283802362434,0.05611607592944401,0.41617185462303785,0.06818181818181818,10,0.227273,0.068182,8,0,0,36,87,17
PedramNavid__dagster,2025-09-03T08:08:37,01d93e3ba16687a07e27b8f9c8e822afe16d84a0,[dagster-dbt] Add `dbt-core` dependency back in (#31994),48,40,False,0.7857142857142857,3,0.6939102564102564,0.40237283802362434,0.05611607592944401,0.4161718550353507,0.0625,11,0.208333,0.0625,10,0,2,36,96,19
PedramNavid__dagster,2025-12-19T16:16:51,bef14f2e3c8c4f1b50703bc79977b828ad29b585,Noonan/data platfrom blog (#33083),51,42,False,0.7857142857142857,3,0.6908738804163641,0.40237283802362434,0.05611607592944401,0.41617187589985744,0.058823529411764705,12,0.196078,0.058824,10,0,2,39,99,20
Porte-Bleue__mongo-to-postgres-etl,2022-03-15T23:10:45,0baaf9467aceb55ae91d77052f3b3e98ec4eb303,Merge pull request #12 from marielestavel/expose_operations_dbt,15,17,False,0.5714285714285714,3,0.5111111111111111,0.5102671325805219,0.08080304109717246,0.44872080880586007,0.26666666666666666,2,0.733333,0.0,10,0,2,3,15,1
Porte-Bleue__mongo-to-postgres-etl,2022-04-07T07:49:37,88acbcb379249f6386a8a18b9a7318a76b73e4eb,Merge pull request #17 from marielestavel/extend_food_bank_report,15,17,False,0.5714285714285714,3,0.5111111111111111,0.5102671325805219,0.08080304109717246,0.44872052424388537,0.26666666666666666,2,0.733333,0.0,10,0,2,3,15,1
Porte-Bleue__mongo-to-postgres-etl,2022-04-25T12:14:30,873a7db255143a7226896b0e9b8703135d6cfd5f,Add date_latest_collection to viz_operations__stock_entries_collection_dates,16,18,False,0.5714285714285714,3,0.5069444444444444,0.5102671325805219,0.08080304109717246,0.4487207899004254,0.25,2,0.6875,0.0,10,0,2,4,16,1
Porte-Bleue__mongo-to-postgres-etl,2022-09-09T13:25:58,93cbb66fb276eabf460761d27552d122014b35d2,Add column batch_quantity to stg_operations__product_operations,16,18,False,0.5714285714285714,3,0.5069444444444444,0.5102671325805219,0.08080304109717246,0.4487208045685531,0.25,2,0.6875,0.0,10,0,2,4,16,1
Porte-Bleue__mongo-to-postgres-etl,2023-02-03T13:30:02,905da9514f9d48d5b2e3bab45cc27983d02d1b8d,Fix age calculation,19,21,False,0.6428571428571429,3,0.5914786967418546,0.42147317269885276,0.0640849443435275,0.44277227470552655,0.21052631578947367,2,0.684211,0.0,10,0,2,7,19,1
Porte-Bleue__mongo-to-postgres-etl,2023-03-10T15:14:45,eea789b647735cc2bdf45c8e7ac4363b32443eb5,Track grocery shopping stock entries,23,27,False,0.6428571428571429,6,0.6086956521739131,0.08900384676698393,0.012531096562298673,0.5696913156175002,0.21739130434782608,1,1.0,0.0,11,0,2,10,23,1
Porte-Bleue__mongo-to-postgres-etl,2023-03-31T16:31:50,853f71ab0388377f7963bdcf1ee81cba2d9d7603,Add max_weekly_visits to viz_food_bank_report__families__quarterly,23,27,False,0.6428571428571429,6,0.6086956521739131,0.08900384676698393,0.012531096562298673,0.5696913188493552,0.21739130434782608,1,1.0,0.0,11,0,2,10,23,1
Porte-Bleue__mongo-to-postgres-etl,2023-04-23T15:05:15,7dfea00f0944282ff24e18433d0920770a0788b1,Add date_latest_distribution to viz_products__stocks_availability,24,30,False,0.7142857142857143,6,0.6200396825396826,0.15485659856174433,0.020675702237861974,0.5516458609969405,0.2916666666666667,1,1.0,0.0,12,0,2,10,24,1
Porte-Bleue__mongo-to-postgres-etl,2023-06-16T12:20:57,fbfa307f604cec13b2a67bb76f48ea81165c47c4,Introduce viz_food_bank_report__count_members__quarterly,25,32,False,0.7857142857142857,5,0.6418181818181818,0.1571907550311792,0.018977182715074793,0.5375115755595498,0.32,1,1.0,0.0,12,0,2,11,25,1
Porte-Bleue__mongo-to-postgres-etl,2023-07-07T19:33:59,849b94c622d0216adf87ae794432f29ea8d89b0e,Expose new table in dbt + stg model,26,32,False,0.7857142857142857,5,0.6555944055944056,0.1571907550311792,0.018977182715074793,0.5375115641892171,0.3076923076923077,2,0.961538,0.038462,13,0,2,11,26,1
Porte-Bleue__mongo-to-postgres-etl,2023-10-02T11:22:13,ad551b03d488a08b09486ff4798eb3c71d3ffbf3,Docs,27,34,False,0.8571428571428571,6,0.6406186406186406,0.12250245482507316,0.014788499534438206,0.4490240490554135,0.2962962962962963,1,1.0,0.0,14,0,2,11,27,1
Porte-Bleue__mongo-to-postgres-etl,2023-10-21T20:31:03,a33426a29a495301371fcb9f45a5636044f75a09,Fix join issue in new model,28,36,False,0.7857142857142857,6,0.6414285714285715,0.16453533649861715,0.017859956960962892,0.4637353100642673,0.32142857142857145,1,1.0,0.0,14,0,2,12,28,1
Porte-Bleue__mongo-to-postgres-etl,2024-02-26T12:12:08,42f1833efa44b58bb25d544dae775f3ce006b756,Fix source_name in stg_supply_sources,28,36,False,0.7857142857142857,6,0.6414285714285715,0.16453533649861715,0.017859956960962892,0.46373574746883867,0.32142857142857145,1,1.0,0.0,14,0,2,12,28,1
Porte-Bleue__mongo-to-postgres-etl,2025-01-27T12:11:21,b56febff72f135c6cdacddcf6d1d6e94062d7089,add incremental window to stg_operations__product_operations,28,36,False,0.7857142857142857,6,0.6414285714285715,0.16453533649861715,0.017859956960962892,0.46373528039660855,0.32142857142857145,1,1.0,0.0,14,0,2,12,28,1
Porte-Bleue__mongo-to-postgres-etl,2025-03-26T11:44:11,25d9374ae396a119e5d1acf403dfb30b01e4a2bc,Fix incremental window stg_operations__product_operations,28,36,False,0.7857142857142857,6,0.6414285714285715,0.16453533649861715,0.017859956960962892,0.4637352812593697,0.32142857142857145,1,1.0,0.0,14,0,2,12,28,1
SQLMesh__sqlmesh,2023-04-03T20:11:40,ecded9d991486e7aa4044beb24c8217c8bf46b32,Move sushi_dbt to test and replace with a self-contained sushi dbt project (#646),4,2,True,,,,,,,,2,0.5,0.0,0,0,0,4,4,2
SQLMesh__sqlmesh,2023-06-05T16:33:28,e15dceee46b2505fcc8a48afebae43c5051ca10c,"Fix: select * from external models for dbt, skip private variables when deep copying JinjaMacroRegistry, and properly pa",4,2,True,,,,,,,,2,0.5,0.0,0,0,0,4,4,2
SQLMesh__sqlmesh,2023-06-26T13:29:44,412a9f201ef73052cef16eee5ecef860e2aa1902,Fix: Skip dbt tests that reference disabled models (#1037),5,2,False,0.9285714285714286,1,0.6,2.0,1.0,0.0,0.0,3,0.4,0.2,0,0,0,5,5,2
SQLMesh__sqlmesh,2023-07-12T22:50:00,3a03c51776dd517be22918627c9bafb296cb0132,Refactor!: Make sqlmesh incremental blocks more clear (#1140),5,2,False,0.9285714285714286,1,0.6,2.0,1.0,0.0,0.0,3,0.4,0.2,0,0,0,5,5,2
SQLMesh__sqlmesh,2023-12-01T11:28:50,6c0bfbc1441be2a957e518340bc32ac3f281ce10,"Fix: Take into account dbt vars, sources, and refs when computing snapshot fingerprint (#1780)",5,2,False,0.9285714285714286,1,0.6,2.0,1.0,0.0,0.0,3,0.4,0.2,0,0,0,5,5,2
SQLMesh__sqlmesh,2024-02-29T08:43:42,8803c776c8481a20d12c3773e5324752aca34024,feat: dbt multi repo (#2168),11,5,False,0.9285714285714286,1,0.5454545454545454,2.0,1.0,0.0,0.0,6,0.181818,0.090909,0,0,0,11,11,4
SQLMesh__sqlmesh,2024-06-24T16:47:19,e0f5dcc9f530f327be892ff5b1d5d9afdc45ad74,Feat: enable dbt transpilation (#2806),11,5,False,0.9285714285714286,1,0.5454545454545454,2.0,1.0,0.0,0.0,6,0.181818,0.090909,0,0,0,11,11,4
SQLMesh__sqlmesh,2024-07-08T09:57:32,b206c2d9b2a3c1e0a5dc94320d97a0bdf4577450,Feat: Support dbt model versioning (#2874),12,5,False,0.9285714285714286,1,0.5833333333333334,2.0,1.0,0.0,0.0,7,0.166667,0.166667,0,0,0,12,12,4
SQLMesh__sqlmesh,2024-08-16T14:02:51,aa7f7e42005c7f3a699c9647c99422b99a92a033,Feat: Add support for dbt external location in sources meta (#2999),12,5,False,0.9285714285714286,1,0.5833333333333334,2.0,1.0,0.0,0.0,7,0.166667,0.166667,0,0,0,12,12,4
SQLMesh__sqlmesh,2024-09-20T19:45:23,df0ec3cca2cfba01e316527d3eedf00df208d334,fix: support all model methods in dbt projects (#3161),13,5,False,0.9285714285714286,1,0.6153846153846154,2.0,1.0,0.0,0.0,8,0.153846,0.230769,0,0,0,13,15,5
SQLMesh__sqlmesh,2025-05-30T00:35:10,7877b064a488f168924a316f702b788f5dc1bc2d,Fix: dbt-core 1.9.5 freshness error (#4586),13,5,False,0.9285714285714286,1,0.6153846153846154,2.0,1.0,0.0,0.0,8,0.153846,0.230769,0,0,0,13,15,5
SQLMesh__sqlmesh,2025-08-25T09:22:53,46f20d7a68355851ff0ab5564cf499e66100c02d,Fix: Check if the target table exists when determining the value of the is_incremental flag (#5215),13,5,False,0.9285714285714286,1,0.6153846153846154,2.0,1.0,0.0,0.0,8,0.153846,0.230769,0,0,0,13,15,5
SQLMesh__sqlmesh,2025-09-23T15:23:13,34dc9fde5214b20f22a0dd6dbeab1a693293aeee,Feat!: bring dbt node information through to SQLMesh (#5412),22,11,False,0.6428571428571429,3,0.6948051948051948,0.4330490338002851,0.08169734561666782,0.4013824323272861,0.045454545454545456,12,0.318182,0.318182,3,0,0,19,24,6
SQLMesh__sqlmesh,2025-10-07T10:18:12,5ffed107fca598816073d4f916da67db78cf7aae,Feat(dbt): Add support for transaction in dbt pre and post hooks (#5480),25,11,False,0.6428571428571429,3,0.7314285714285714,0.4330490338002851,0.08169734561666782,0.4013823845367659,0.04,15,0.28,0.4,3,0,0,22,27,6
SQLMesh__sqlmesh,2025-11-17T12:24:34,b9d0f9147c161897878d13d4d849aa3e442a4507,Fix: Support of the null meta config in dbt model / source definitions (#5598),25,11,False,0.6428571428571429,3,0.7314285714285714,0.4330490338002851,0.08169734561666782,0.40138242593873197,0.04,15,0.28,0.4,3,0,0,22,27,6
SQLMesh__sqlmesh,2026-07-22T20:30:23,d3559f98018bbecf1711bb97134ecabf0d1fcfce,fix(dbt): align sushi_test packages.yml with dbt_packages for dbt 1.12 (#5911),26,11,False,0.6428571428571429,3,0.7417582417582418,0.4330490338002851,0.08169734561666782,0.40138243148352537,0.038461538461538464,16,0.269231,0.423077,3,0,0,23,28,7
Sciance-Inc__core.dashboards_store,2022-09-06T09:57:31,819cf5ad3ce05b628d5522e363fc874b05a6d608,feat: add base_spine table,2,1,True,,,,,,,,1,1.0,0.0,2,0,0,0,2,4
Sciance-Inc__core.dashboards_store,2022-10-05T12:47:05,5a1b94e9cf8cc5544ca7ffc2fb570330b03d2881,refactor: fix the bug introduced earlier,4,5,True,,,,,,,,1,1.0,0.0,1,0,1,2,4,4
Sciance-Inc__core.dashboards_store,2022-11-21T12:07:38,bbddb4025edb4ee6054bbfab58fd5ab96bc2d320,Merge branch 'develop' into feature/emp_cong_correction,16,14,False,0.7857142857142857,1,0.40808823529411764,1.0,0.2,0.13642016250535677,0.125,4,0.3125,0.0,2,0,1,13,16,4
Sciance-Inc__core.dashboards_store,2022-12-20T19:39:02,277ad07a2ea2c4ffabba54dc1b5eede52a1c4791,Merged PR 253: transport_scoler_geobus,35,31,False,0.7142857142857143,2,0.5467787114845938,0.6277186767309857,0.09850768427922496,0.25462138833336617,0.11428571428571428,8,0.228571,0.028571,4,0,3,28,35,4
Sciance-Inc__core.dashboards_store,2023-01-24T13:53:55,c1b08bfa7fe5ad58d4fb02fcc390141989c3ba6c,Changement pour Mohamed,37,35,False,0.7857142857142857,4,0.5679592636114376,0.08494028178592213,0.013016808331396195,0.5202023359972481,0.13513513513513514,7,0.486486,0.027027,4,0,3,30,37,4
Sciance-Inc__core.dashboards_store,2023-02-23T18:09:26,4626f2406c66b6f92119e6fc25a0a27f32b448b1,feat : add new table to schema,40,36,False,0.7142857142857143,3,0.48928571428571427,0.2506590851470478,0.04689822367572097,0.3277873981816504,0.125,9,0.225,0.025,4,0,3,33,40,4
Sciance-Inc__core.dashboards_store,2023-03-24T12:17:22,4bd515a35096c016986603c750cba59245c27553,Merged PR 330: refactoring cout de roulement code,65,71,False,0.7142857142857143,4,0.5473110959836623,0.11265269277944734,0.014480385586489992,0.7072128632292776,0.23076923076923078,9,0.353846,0.030769,6,0,4,55,65,4
Sciance-Inc__core.dashboards_store,2023-04-20T13:55:47,bd5dd72839324d3e6fb22745504c9659c15824c0,Merged PR 339: Tableau de bord emp_actif,64,65,False,0.7142857142857143,5,0.5267231308411215,0.1120552846508518,0.013643132277602875,0.6483203831000961,0.15625,9,0.34375,0.03125,6,0,4,54,64,4
Sciance-Inc__core.dashboards_store,2023-05-24T14:55:54,b69e865c2afab0d52ea7ee410f4815e480ca33ea,feat: adding sectors and filter-by-sectors to the transport dashboard,64,63,False,0.7142857142857143,5,0.5390625,0.10816264856708452,0.011808778596894214,0.6648916747108948,0.125,9,0.375,0.046875,5,0,8,51,64,4
Sciance-Inc__core.dashboards_store,2023-06-06T16:42:12,de87bc13bb3b79917d77760f0249b9362358b24d,fix: remove blank results and correct subject evaluation code,67,70,False,0.7142857142857143,5,0.5316858331294348,0.10816264856708452,0.011808778596894214,0.6648917205181785,0.1791044776119403,9,0.358209,0.044776,5,0,8,54,67,4
Sciance-Inc__core.dashboards_store,2023-07-19T14:37:35,fb94ef9c6b6e0a0f2a959aac3816bb4a12de410a,Merged PR 412: Bugfix pour res_matieres prospectif_cdp,69,72,False,0.7857142857142857,4,0.5346467391304348,0.10358220072010611,0.011281081132344512,0.6161869726794751,0.17391304347826086,9,0.362319,0.043478,6,0,9,54,69,4
Sciance-Inc__core.dashboards_store,2023-08-23T12:48:26,07a4d25e2b07a76422123407f27c0b96f10989da,Merged PR 423: Ajout des tags pour les tableaux de bord prospectif_cdp,92,116,False,0.7142857142857143,5,0.6209707646176912,0.09335288268094703,0.009245320023250713,0.7735428524267514,0.358695652173913,9,0.413043,0.032609,9,0,14,69,92,4
Sciance-Inc__core.dashboards_store,2023-09-14T12:41:32,37f403b93cdeacf9a7316e7020176b480a0adc0f,fix : add filtre to compare with curent day date,92,116,False,0.7142857142857143,5,0.6209707646176912,0.09335288268094703,0.009245320023250713,0.773542718728684,0.358695652173913,9,0.413043,0.032609,9,0,14,69,92,4
Sciance-Inc__core.dashboards_store,2023-10-21T12:58:18,a6c4b9971d3b2b0764bfc32fb4d4fc484bb8cfd3,style: applying sqlfmt,109,149,False,0.5,4,0.628814828683767,0.10715665608998132,0.010768498530432656,0.8567809989224059,0.44954128440366975,9,0.40367,0.027523,12,0,20,77,109,4
Sciance-Inc__core.dashboards_store,2023-10-31T16:02:56,d1c252b071dacae2060c8e2a223e175995879ec4,feat: adding the predictive_view_aggregated dashboard (#11),120,168,False,0.5,4,0.6345982142857143,0.10715665608998132,0.010768498530432656,0.8567810156980478,0.475,9,0.366667,0.025,14,0,21,85,120,4
Sciance-Inc__core.dashboards_store,2023-12-20T17:06:04,e8ca4227caa02a57a504d9c60ad65340283fd7fc,style: applying sqlfmt,141,216,False,0.6428571428571429,5,0.6595048392070265,0.10746451583272401,0.006553589658110243,0.5174126252729488,0.5957446808510638,9,0.41844,0.021277,22,0,23,96,141,4
Sciance-Inc__core.dashboards_store,2023-12-22T11:39:24,9a3ed3ed4b6fbac8e8ad282524abc9cbbc2ac20b,fix: corrections d'orthographe (#28),141,216,False,0.6428571428571429,5,0.6595048392070265,0.10746451583272401,0.006553589658110243,0.5174126616361768,0.5957446808510638,9,0.41844,0.021277,22,0,23,96,141,4
Sciance-Inc__core.dashboards_store,2024-02-19T09:07:44,ba62f9304dbc38dc5d29d384d62b277733b13ae1,feat(pevr): creation d'un mvp pour le tdb pevr (#36),149,238,False,0.5714285714285714,8,0.6738793742003546,0.12147733184234236,0.005949585088484565,0.6848317713046809,0.6778523489932886,12,0.483221,0.040268,21,0,27,101,149,4
Sciance-Inc__core.dashboards_store,2024-02-22T11:13:06,a6b450675768d70ef8811d0fdedc9ffba95fb76c,fix(suivi_resultats): remove css specific table (#39),148,237,False,0.5,8,0.6754901354443689,0.1216940997051926,0.006236678247324728,0.6823648528448604,0.6824324324324325,12,0.47973,0.040541,21,0,27,100,148,4
Sciance-Inc__core.dashboards_store,2024-04-19T17:34:12,42df0afb299ff302b8c75ed586021b96de0f122b,chore: removing deprecated dashboards transport and prospectif,135,239,False,0.35714285714285715,7,0.6578104684423641,0.19993681819292453,0.01018606130068979,0.47770445554520025,0.8666666666666667,13,0.607407,0.074074,24,0,26,85,135,4
Sciance-Inc__core.dashboards_store,2024-05-03T12:49:48,682fead8417b2dc8e249536868ccb2f35015acea,chore(educ_serv): moving grades related tables to a dedicated folder to avoid cluttering the mart,135,242,False,0.21428571428571427,6,0.6591482591482591,0.2299129438945371,0.011711269226740994,0.34088301829956724,0.8888888888888888,13,0.607407,0.074074,24,0,26,85,135,4
Sciance-Inc__core.dashboards_store,2024-06-25T15:55:14,d628f340394b92ec3720f2255f97727a584d4a4a,fix(suivi_resultats): the dashboard is not dependant of the RLS table anymore.,136,243,False,0.21428571428571427,6,0.6612803804156393,0.2299129438945371,0.011711269226740994,0.3408827178186932,0.8823529411764706,13,0.602941,0.073529,24,0,26,86,136,4
Sciance-Inc__core.dashboards_store,2024-10-19T13:07:34,ae3cab956a8c0411a4e00e071d506ba907df36f2,refactor(mart_educ_serv): staging grades will now output results for all competencies (including null ones) as filtering,139,256,False,0.42857142857142855,5,0.6800601855518126,0.2631054680626848,0.010755444888661193,0.28662264374640195,0.9496402877697842,15,0.647482,0.093525,25,0,23,91,139,4
Sciance-Inc__core.dashboards_store,2024-11-27T11:11:22,beced70a728526d3386eb8a461b630a944f3b473,chore(nighlty): adding missing variables to the dbt project,140,257,False,0.5,8,0.6766602962255136,0.25793347169805253,0.01054401968831589,0.3062268328099348,0.9428571428571428,15,0.65,0.092857,25,0,24,91,140,4
Sciance-Inc__core.dashboards_store,2025-02-11T15:51:47,25cb01fc2ba55aa942e1034d686a761363a22722,"Revert ""feat: ajouté les tables de rls enseignants et tuteurs"" (#72)",140,257,False,0.5,8,0.6766602962255136,0.25793347169805253,0.01054401968831589,0.3062269400673112,0.9428571428571428,15,0.65,0.092857,25,0,24,91,140,4
Sciance-Inc__core.dashboards_store,2025-02-14T17:14:00,96de830bf078e29f79841c45030187e1ad9b3df1,fix(rh): renaming interface from i_paie_hemp to i_pai_hemp as the name of an interface schould be the name of the table ,140,257,False,0.5,8,0.6766602962255136,0.25793347169805253,0.01054401968831589,0.3062249533278559,0.9428571428571428,15,0.65,0.092857,25,0,24,91,140,4
Sciance-Inc__core.dashboards_store,2025-04-14T17:53:25,9f3a5ce9cfe36f0cb54801032c5272eba7fba0c8,feat(diplome): adding new course CCQ to diploma tracking (#81),157,278,False,0.2857142857142857,7,0.7053183948432632,0.18333790792724336,0.007134546707929771,0.9099115749273415,0.8598726114649682,14,0.66879,0.070064,26,0,25,106,157,4
Sciance-Inc__core.dashboards_store,2025-05-14T13:23:04,1e0b57a0d0edf32efb5294445d8eedfcd43e34f3,fix: Correction des cas de res_etape_num à null dans res_epreuves (#87),157,278,False,0.2857142857142857,7,0.7053183948432632,0.18333790792724336,0.007134546707929771,0.9099117029856649,0.8598726114649682,14,0.66879,0.070064,26,0,25,106,157,4
Sciance-Inc__core.dashboards_store,2025-06-04T17:08:40,48c7568f2636bb93610f6ac5535e85ad0c1b2b9f,chore(res_epreuves): modification des schema.yml de tdb res_epreuves,164,294,False,0.42857142857142855,7,0.7188533781889543,0.18210216544223695,0.006371819808350543,0.8952701805337006,0.8780487804878049,14,0.682927,0.067073,26,0,28,110,164,4
Sciance-Inc__core.dashboards_store,2025-06-17T10:46:18,24e2ff17cb809691f2d513d6de64dbb860b5c996,fix(educ_serv): stg_descr_mat is now properly computed at a school level. Propagating the eco_id to the tables joining o,164,294,False,0.42857142857142855,7,0.7188533781889543,0.18210216544223695,0.006371819808350543,0.8952683155395403,0.8780487804878049,14,0.682927,0.067073,26,0,28,110,164,4
Sciance-Inc__core.dashboards_store,2025-10-01T13:29:00,41b484f5f1b9a1631e6caa9f6f0bf5c4fe49a57a,docs: improving comment,165,296,False,0.5714285714285714,7,0.7190890945381964,0.1823430460378013,0.006380099358175988,0.9144789248124133,0.8787878787878788,14,0.684848,0.066667,26,0,28,111,165,4
Sciance-Inc__core.dashboards_store,2025-11-10T16:26:48,b33fc6a3f5b17de65591e2d3cce47f8f9b3970d7,feat: Changement du terme pour genre,166,297,False,0.42857142857142855,9,0.7199633085783839,0.18203628083860943,0.00637182269788393,0.909862095923686,0.8734939759036144,14,0.686747,0.066265,27,0,28,111,166,4
Sciance-Inc__core.dashboards_store,2025-12-05T11:16:30,d16d5769a38c44972b3526e684652121e41f82dc,refactor(pevr): renomer la seed pevr_indicateurs_css vers pevr_indicateurs_meq (#106),166,296,False,0.5714285714285714,7,0.720774753479511,0.18031437182015864,0.0063112319093792755,0.8891899670560697,0.8674698795180723,14,0.698795,0.066265,27,0,28,111,166,4
Sciance-Inc__core.dashboards_store,2026-01-07T11:49:05,261d08aafa14616c72cba53c3df7dc1d9ec96da1,fix(suivi_resultats): corriger le problème des doublons causé par l'historique de la table i_gpm_t_eco (#109),166,296,False,0.5714285714285714,7,0.720774753479511,0.18031437182015864,0.0063112319093792755,0.8891899926720713,0.8674698795180723,14,0.698795,0.066265,27,0,28,111,166,4
Sciance-Inc__core.dashboards_store,2026-01-12T14:34:18,0cee32bec665544f7a2725a8869bf4a019d18204,chore: sqlfmt,167,297,False,0.5,8,0.722260350359453,0.1800969547124698,0.006303193782646712,0.8876335578465583,0.8622754491017964,14,0.700599,0.065868,27,0,28,112,167,4
Sciance-Inc__core.dashboards_store,2026-02-10T10:32:36,cf0344b42fe416efeafbf67041f3d99cf6e626db,fix(absenteism): the css tablw was not properly refered,198,341,False,0.6428571428571429,9,0.7357835678965386,0.029268063174045417,0.0009943372267805861,0.8926317896450642,0.8080808080808081,17,0.89899,0.075758,33,0,30,135,198,4
Sciance-Inc__core.dashboards_store,2026-05-08T14:30:53,783d23927b13cd43346343b9f13b18b019aa31a3,feat(résignation): ajout du tableau de bord démissions,197,358,False,0.5,7,0.7263194633352666,0.026979301706707186,0.0009165800920954922,0.8935680535838921,0.8730964467005076,11,0.928934,0.045685,33,0,32,132,197,4
Sciance-Inc__core.dashboards_store,2026-05-31T12:11:49,1df0f55410557aa3094e55c17cac7c43b4cb6627,chores: updating typos,206,375,False,0.5714285714285714,7,0.727354272995894,0.02350194905206882,0.0007984424162400549,0.893568808115654,0.8737864077669902,11,0.932039,0.043689,35,0,34,137,206,4
Sciance-Inc__core.dashboards_store,2026-08-04T12:22:51,2204900b268236771fbef82dfac812654c1c10cc,chore(efficacite): align unmapped workplace schema,208,374,False,0.5714285714285714,10,0.7172575210811208,0.022112646295816683,0.0007512415535105234,0.8932929447063921,0.8509615384615384,11,0.932692,0.043269,36,0,36,136,208,4
Som-Energia__somenergia-jardiner,2022-11-09T17:23:14,14ed87cd992c86e71537d4739f97ab75f09a1f57,WIP alerts inverters all done but one,54,53,False,0.7142857142857143,7,0.556626874808693,0.0695885198053765,0.007540048247789643,0.5918461798813387,0.1111111111111111,7,0.777778,0.074074,0,0,0,54,55,1
Som-Energia__somenergia-jardiner,2022-11-22T12:29:22,38da6507ee4040ccbcccc594d15ab10049b465c5,alert_meter_zero_energy only checks daylight readings,62,70,False,0.5714285714285714,6,0.5684012243936897,0.10107100633827254,0.010826158246983558,0.4041126393199639,0.25806451612903225,8,0.790323,0.080645,0,0,0,62,63,1
Som-Energia__somenergia-jardiner,2023-02-03T12:12:50,58abb596f8362f2281f4ee5b2152448878ad7b10,Merge branch 'main' into novu_tecnics,93,101,False,0.7857142857142857,6,0.67753927329416,0.03269145335096956,0.002931858582052408,0.7182646947749364,0.1935483870967742,10,0.83871,0.075269,10,0,0,83,95,1
Som-Energia__somenergia-jardiner,2023-03-08T15:35:23,1e1ce755f7f4190acab81ff1f0d4b0cebae9f9d2,change inverter_intensity to stringregistry_multisource,98,107,False,0.5714285714285714,8,0.6826222496103237,0.031983850537870166,0.0028684425065905847,0.6417698754365139,0.19387755102040816,10,0.846939,0.071429,10,0,0,88,99,1
Som-Energia__somenergia-jardiner,2023-03-14T14:15:48,1d280e7aa603f1c5a6ec9857a803ff84ca01175a,add legacy view_clean_irradiation for compatibility with some redash queries,99,107,False,0.5714285714285714,8,0.6858280854728457,0.031983850537870166,0.0028684425065905847,0.6417691451831501,0.1919191919191919,11,0.838384,0.080808,10,0,0,89,100,1
Som-Energia__somenergia-jardiner,2023-07-01T12:10:16,a7d702fde9829b201835e4ed3eaaf36e84a18829,feature: add missing view_plant_export_energy_monthly to dbt models (#1),100,107,False,0.5714285714285714,8,0.6889698046181172,0.031983850537870166,0.0028684425065905847,0.6417697369434121,0.19,12,0.83,0.09,10,0,0,90,101,1
Som-Energia__somenergia-jardiner,2023-09-01T12:47:07,608fd7be18581010a3feaf6fb8ab9a20e0f8cb4a,add dset basics raw + signals receiver check (et/somenergia-jardiner!5),119,128,False,0.7142857142857143,9,0.6998169697131635,0.030533714546681374,0.002738244894032417,0.6639088875157529,0.20168067226890757,15,0.831933,0.10084,10,0,0,109,120,1
Som-Energia__somenergia-jardiner,2023-09-21T12:50:39,b2be3b8b97e1e770f4eb863162eb95585d343a2c,lower severity of values range to warning (et/somenergia-jardiner!11),124,131,False,0.7857142857142857,10,0.6990570719602978,0.025266479885746925,0.00226573081308998,0.2628260771230762,0.1774193548387097,15,0.83871,0.096774,10,10,6,98,125,1
Som-Energia__somenergia-jardiner,2023-10-26T14:33:37,7491a1bb6c9ef2ee5b819cb862e45adfdd3aa89f,hotfix: fix latitut typo,139,145,False,0.5,11,0.6832375038691342,0.02122803702394599,0.0019036036724962026,0.37678926471838753,0.16546762589928057,17,0.834532,0.093525,10,16,11,102,140,1
Som-Energia__somenergia-jardiner,2023-12-03T14:01:14,2fbb4575984eaa24ef755c261486906a30c59303,feature: add gap and missing uuids observation dbt tests (et/somenergia-jardiner!40),150,165,False,0.9285714285714286,10,0.6498148148148148,0.015803141877085477,0.001417195887373043,0.5712575107325298,0.2,15,0.866667,0.08,10,23,11,106,151,1
Som-Energia__somenergia-jardiner,2023-12-22T12:17:07,a9f801e28c3458374c77e7e067b4a624a8f9b976,fix: inverter monthly agg (et/somenergia-jardiner!60),157,175,False,0.5714285714285714,10,0.6604206029204568,0.015228897708846773,0.001365698755352625,0.589661402015851,0.21019108280254778,15,0.872611,0.076433,10,27,13,107,158,1
Som-Energia__somenergia-jardiner,2024-02-02T17:08:35,53028e87784f5bc7eb7ad681201dde146826a419,"fix: delete old models, change dag cron (et/somenergia-jardiner!98)",160,178,False,0.9285714285714286,10,0.6734790640394088,0.014534554850169508,0.00130343140046934,0.6090088966577583,0.20625,15,0.875,0.075,10,27,14,109,161,1
Som-Energia__somenergia-jardiner,2024-03-04T10:59:56,158c0691b0a9f03769f59fd602aa553e06eb74f9,fix: future plants failing tests (et/somenergia-jardiner!131),160,175,False,0.7142857142857143,9,0.6444159836065574,0.03089280424152613,0.0027705388474611524,0.6278182000515967,0.19375,16,0.55,0.075,10,26,12,112,161,1
Som-Energia__somenergia-jardiner,2024-04-02T09:58:10,578eb9ffa3a8ce2031685af819f249f6ce6bc60f,Chore/sqlfluffing (et/somenergia-jardiner!141),164,182,False,0.7142857142857143,9,0.6524148517005487,0.03089280424152613,0.0027705388474611524,0.6278177169293907,0.2073170731707317,16,0.536585,0.073171,10,27,12,115,165,1
Som-Energia__somenergia-jardiner,2024-05-13T15:14:18,4b99a3a501d1221f1708b47157a6aa5a88c3dfac,new: add elementary monitor test for percentage and count nulls (et/somenergia-jardiner!148),167,185,False,0.7142857142857143,9,0.6536444352673962,0.03089280424152613,0.0027705388474611524,0.6278177356319693,0.20359281437125748,16,0.526946,0.065868,10,29,12,116,168,1
Som-Energia__somenergia-jardiner,2024-07-29T19:15:20,33177d6c523ba4c583710cb0368501f6dd56ab44,fix: allow Hedensted and Svendborg plants in solargis pipe (et/somenergia-jardiner!151),167,185,False,0.7142857142857143,9,0.6536444352673962,0.03089280424152613,0.0027705388474611524,0.6278181726919787,0.20359281437125748,16,0.526946,0.065868,10,29,12,116,168,1
Som-Energia__somenergia-jardiner,2024-09-10T16:59:08,dfab8b8c156c8b82d0d6d34f49bcf7640e9b5d61,chore: housekeeping in dbt project (et/somenergia-jardiner!156),167,185,False,0.7142857142857143,9,0.6536444352673962,0.03089280424152613,0.0027705388474611524,0.627818203631645,0.20359281437125748,16,0.526946,0.065868,10,29,12,116,168,1
Som-Energia__somenergia-jardiner,2024-10-24T22:24:50,0364c13c43983bdc0bd931f8cd33100ebfb3eee3,new: implement timescale and indexes on 5min incremental model (et/somenergia-jardiner!165),167,185,False,0.7142857142857143,9,0.6536444352673962,0.03089280424152613,0.0027705388474611524,0.6278182919933789,0.20359281437125748,16,0.526946,0.065868,10,29,12,116,168,1
Stevedow99__dbt_snowflake_demo_sandbox,2022-09-13T21:15:20,a28485e8883f97912e74d6eaa7ed4a1e061013ee,Update snowflake_query_logging_instructions.md,21,20,False,0.6428571428571429,4,0.48552754435107376,0.18747757453645408,0.02776325279269631,0.5586041284974878,0.14285714285714285,4,0.809524,0.095238,8,2,7,4,21,1
Stevedow99__dbt_snowflake_demo_sandbox,2022-10-24T21:55:22,0f356e61ea3194588460c641c2359877fc0c8214,updates,23,21,False,0.6428571428571429,4,0.546583850931677,0.1870866110350767,0.025013051001639735,0.5372301043845468,0.13043478260869565,5,0.782609,0.130435,8,2,8,5,23,1
Stevedow99__dbt_snowflake_demo_sandbox,2023-01-11T03:02:36,2c96ce0c160d38043a265e70cbfc0c1d40c69b53,updates,29,23,False,0.5714285714285714,4,0.6431784107946027,0.1543915767123688,0.018548951924242663,0.598914020822686,0.10344827586206896,9,0.689655,0.241379,8,2,9,10,29,1
Stevedow99__dbt_snowflake_demo_sandbox,2023-01-23T00:24:07,d3cdf668b548b0bcca53578f7cff48d09d53bb5b,updates,33,23,False,0.5714285714285714,4,0.686429512516469,0.1543915767123688,0.018548951924242663,0.5989140169760102,0.09090909090909091,13,0.606061,0.333333,8,2,9,14,33,1
Stevedow99__dbt_snowflake_demo_sandbox,2023-03-22T18:25:27,0f8cfb4a700a9c353aeeae91a2f690e86c90992f,Update sample_file.json,37,25,False,0.5714285714285714,4,0.6981981981981982,0.1543915767123688,0.018548951924242663,0.5989137207213974,0.08108108108108109,15,0.540541,0.297297,8,2,9,18,37,1
Stevedow99__dbt_snowflake_demo_sandbox,2023-05-01T18:32:10,fba73ead64bffa016aa42a0a6924d80e527b0f56,updates,43,28,False,0.6428571428571429,4,0.7064295485636115,0.1543915767123698,0.018548951924242777,0.5989137385675122,0.06976744186046512,18,0.465116,0.27907,8,2,9,24,43,1
Stevedow99__dbt_snowflake_demo_sandbox,2023-08-09T11:55:51,094bfa6d1ddf5f703fdef141420acee335c3cc2b,update sandbox,41,28,False,0.6428571428571429,4,0.6921090387374462,0.1543915767123698,0.018548951924242777,0.5989136537857076,0.07317073170731707,16,0.487805,0.243902,8,2,9,22,41,1
Stevedow99__dbt_snowflake_demo_sandbox,2023-08-22T15:44:15,f76eaeb9c895a924043e798d12acce17fc746201,updates,41,28,False,0.6428571428571429,4,0.6921090387374462,0.1543915767123698,0.018548951924242777,0.5989137438103953,0.07317073170731707,16,0.487805,0.243902,8,2,9,22,41,1
Stevedow99__dbt_snowflake_demo_sandbox,2023-11-01T17:56:00,7385770c6b49b42812c6724fe01ee92e366aaefb,seqs in sf,47,31,False,0.6428571428571429,4,0.7108317214700194,0.1543915767123698,0.018548951924242777,0.598914082499602,0.06382978723404255,19,0.425532,0.255319,8,2,10,27,47,1
Stevedow99__dbt_snowflake_demo_sandbox,2023-11-14T22:29:49,1461503c1cced89e195593ba42f936727b07dabb,updates,49,32,False,0.6428571428571429,4,0.715432240311855,0.1543915767123698,0.018548951924242777,0.5989140794458369,0.061224489795918366,20,0.408163,0.244898,8,2,10,29,49,1
Stevedow99__dbt_snowflake_demo_sandbox,2023-12-19T21:49:38,8b1f599c5dd6157c7e6d834802566dba4228cf80,updates,62,42,False,0.6428571428571429,4,0.6991857187597871,0.1543915767123698,0.018548951924242777,0.5989141006843418,0.04838709677419355,23,0.322581,0.193548,11,2,10,39,62,1
Stevedow99__dbt_snowflake_demo_sandbox,2024-01-29T20:25:58,3a7b31134c9550a92ce2bf2b4ae727cdf6e2ee15,updates,72,49,False,0.6428571428571429,4,0.7038690476190477,0.1543915767123698,0.018548951924242777,0.5989136864057961,0.041666666666666664,26,0.277778,0.166667,11,2,10,49,72,1
Stevedow99__dbt_snowflake_demo_sandbox,2024-02-23T15:08:37,a47fbc0cd69553571f9548e9069cc123dfd83b38,updates,80,51,False,0.6428571428571429,4,0.7194565217391304,0.1543915767123698,0.018548951924242777,0.5989137115573335,0.0375,32,0.25,0.2125,15,2,11,52,80,1
Stevedow99__dbt_snowflake_demo_sandbox,2024-03-12T00:29:42,b7edd80d098a3b7186e9dcb7029c4c349a8fc734,updates,86,53,False,0.6428571428571429,4,0.7315643013317432,0.1543915767123698,0.018548951924242777,0.5989140736811049,0.03488372093023256,36,0.232558,0.232558,16,2,11,57,86,1
Stevedow99__dbt_snowflake_demo_sandbox,2024-04-28T20:49:05,698415bd70f3aeca2c1d942ddbb32a1e0315acd8,updates,88,54,False,0.6428571428571429,4,0.7318952234206472,0.1543915767123698,0.018548951924242777,0.5989140679557312,0.03409090909090909,37,0.227273,0.227273,17,2,11,58,88,1
Stevedow99__dbt_snowflake_demo_sandbox,2024-05-28T19:16:35,5dc582044e88d419b95bbe61f8cd648cc87e7d2d,updates,90,55,False,0.6428571428571429,4,0.7321195144724556,0.1543915767123698,0.018548951924242777,0.5989140571847068,0.03333333333333333,38,0.222222,0.222222,17,2,11,60,90,1
Stevedow99__dbt_snowflake_demo_sandbox,2025-01-17T04:35:20,f25311bdb79b1b8f1694c8cb0dccaf20d99a8f69,made changes,96,55,False,0.6428571428571429,4,0.7488620448179272,0.1543915767123698,0.018548951924242777,0.5989136790150127,0.03125,44,0.208333,0.270833,17,2,11,66,96,1
Stevedow99__dbt_snowflake_demo_sandbox,2026-02-19T03:13:43,8ddb38b2145c4dda32fcb1695a8cd034f89ae91a,updates,96,55,False,0.6428571428571429,4,0.7488620448179272,0.1543915767123698,0.018548951924242777,0.5989140731455654,0.03125,44,0.208333,0.270833,17,2,11,66,96,1
T-Dunlap__dbt_demo_project,2022-06-09T00:06:11,abf4abe3d0b352c5e8d7834bfd51146cc900cb3f,Edited stg_tpch_customers file,21,19,False,0.5714285714285714,4,0.6004140786749482,0.08236792205683224,0.012560024502781902,0.5237835564099648,0.09523809523809523,4,0.857143,0.142857,8,2,7,4,21,1
T-Dunlap__dbt_demo_project,2022-07-18T19:12:28,fa6b82a11b858c2441721b55af68aa35687519ea,inconsequential change to test CI,23,20,False,0.5714285714285714,4,0.6216466234967623,0.08236792205683224,0.012560024502781902,0.5237835906701247,0.08695652173913043,5,0.782609,0.130435,8,2,7,6,23,1
T-Dunlap__dbt_demo_project,2022-08-19T00:21:55,c72de7bb3c075038c1f930f143b1e0d9f2166f9c,DEMO STARTING PLACE,23,20,False,0.5714285714285714,4,0.6216466234967623,0.08236792205683224,0.012560024502781902,0.5237835742342591,0.08695652173913043,5,0.782609,0.130435,8,2,7,6,23,1
T-Dunlap__dbt_demo_project,2022-09-19T21:32:22,10b37ad4f3da0297c83dd2e20b7dfb0239d6bb96,Removed Clerk_name from fct_orders.sql,25,21,False,0.5714285714285714,4,0.6383333333333333,0.08236792205683224,0.012560024502781902,0.5237835886073164,0.08,6,0.72,0.12,9,2,7,7,25,1
T-Dunlap__dbt_demo_project,2022-11-15T01:29:17,d2b74bc4248400f231b0fa0f6107f8cf28a0fdb6,removed clerk_name,25,21,False,0.5714285714285714,4,0.6383333333333333,0.08236792205683224,0.012560024502781902,0.5237834407777183,0.08,6,0.72,0.12,9,2,7,7,25,1
T-Dunlap__dbt_demo_project,2022-12-08T23:46:47,72c4c49379cb8646f0ce5210687529a330b48786,removing column,25,21,False,0.5714285714285714,4,0.6383333333333333,0.08236792205683224,0.012560024502781902,0.5237836092427044,0.08,6,0.72,0.12,9,2,7,7,25,1
T-Dunlap__dbt_demo_project,2022-12-19T21:04:55,c2c406edc9e29601cb03d546977574353bdcd522,removing clerk name,25,21,False,0.5714285714285714,4,0.6383333333333333,0.08236792205683224,0.012560024502781902,0.5237833748373064,0.08,6,0.72,0.12,9,2,7,7,25,1
T-Dunlap__dbt_demo_project,2023-02-03T22:25:24,8e02b2eecf44285a20f081fd1800c3d1d2692f23,commenting out fields,25,21,False,0.5714285714285714,4,0.6383333333333333,0.08236792205683224,0.012560024502781902,0.5237834319187451,0.08,6,0.72,0.12,9,2,7,7,25,1
T-Dunlap__dbt_demo_project,2023-03-15T21:02:01,46a3930dbaea98b30f613154c845b76f72e41d97,Adding metrics to my project,26,21,False,0.5714285714285714,4,0.6522435897435898,0.08236792205683224,0.012560024502781902,0.5237835651119551,0.07692307692307693,7,0.692308,0.153846,9,2,7,8,26,1
T-Dunlap__dbt_demo_project,2023-04-03T19:53:50,53b7eb344d864b45a61c90840f4f024b1afb30d0,undoing changes to fct_orders,26,21,False,0.5714285714285714,4,0.6522435897435898,0.08236792205683224,0.012560024502781902,0.5237835996612071,0.07692307692307693,7,0.692308,0.153846,9,2,7,8,26,1
T-Dunlap__dbt_demo_project,2023-05-12T18:47:27,114ce2396de81ac6aa12deca8119d932ebee9569,Adding files for thoughtspot demo,27,23,False,0.6428571428571429,4,0.6077441077441077,0.18669198489341368,0.022433163199067,0.5147793428900465,0.1111111111111111,7,0.703704,0.148148,9,2,8,8,27,1
T-Dunlap__dbt_demo_project,2023-06-14T20:07:25,33b308081703c5357cd32dfaaf92d2e87b17b8d0,adding change,29,25,False,0.7142857142857143,4,0.6427586206896552,0.18545401246127718,0.02006115093434396,0.4564790033141782,0.10344827586206896,7,0.724138,0.137931,9,2,9,9,29,1
T-Dunlap__dbt_demo_project,2023-08-30T18:15:03,219a5cfd8d8a46e5692995948bfe9f0583c77786,adding models,29,25,False,0.7142857142857143,4,0.6427586206896552,0.18545401246127718,0.02006115093434396,0.45647960128014464,0.10344827586206896,7,0.724138,0.137931,9,2,9,9,29,1
T-Dunlap__dbt_demo_project,2023-10-10T22:04:56,50a1415e29d27e843a6406581f45701201f8c34f,fixing fct_orders,29,25,False,0.7142857142857143,4,0.6427586206896552,0.18545401246127718,0.02006115093434396,0.4564796361637616,0.10344827586206896,7,0.724138,0.137931,9,2,9,9,29,1
T-Dunlap__dbt_demo_project,2023-10-23T22:42:38,61ab902382bfeb8708c18f660e9f37c0b3cb1ab5,added column,29,25,False,0.7142857142857143,4,0.6427586206896552,0.18545401246127718,0.02006115093434396,0.45647962326505415,0.10344827586206896,7,0.724138,0.137931,9,2,9,9,29,1
T-Dunlap__dbt_demo_project,2024-01-17T15:53:14,a60760639a256b6858d617f63fd5fc2abdf322a1,installing packages and fixing old versions,29,25,False,0.7142857142857143,4,0.6427586206896552,0.18545401246127718,0.02006115093434396,0.45647959191871307,0.10344827586206896,7,0.724138,0.137931,9,2,9,9,29,1
T-Dunlap__dbt_demo_project,2024-04-10T20:21:43,137359002eec36998fed5ab25961fc00fdf18d04,change,29,25,False,0.7142857142857143,4,0.6427586206896552,0.18545401246127718,0.02006115093434396,0.45647964922804074,0.10344827586206896,7,0.724138,0.137931,9,2,9,9,29,1
T-Dunlap__dbt_demo_project,2024-04-24T15:45:57,26f5dcdbf8185fa7ebc367e1e305143346f8e4d5,removing column,29,25,False,0.7142857142857143,4,0.6427586206896552,0.18545401246127718,0.02006115093434396,0.4564789952438903,0.10344827586206896,7,0.724138,0.137931,9,2,9,9,29,1
T-Dunlap__dbt_demo_project,2024-06-27T17:14:58,89bd7306e89641fce0618ff57eb6aa08f9584f0f,making change,29,25,False,0.7142857142857143,4,0.6427586206896552,0.18545401246127718,0.02006115093434396,0.45647897676019833,0.10344827586206896,7,0.724138,0.137931,9,2,9,9,29,1
T-Dunlap__dbt_demo_project,2024-08-13T23:18:23,982ccb6e341862472e7823a87538b966f05ffd23,changes incoming,29,25,False,0.7142857142857143,4,0.6427586206896552,0.18545401246127718,0.02006115093434396,0.45647967033065834,0.10344827586206896,7,0.724138,0.137931,9,2,9,9,29,1
TEAMSchools__teamster,2023-08-12T18:36:10,f07d44fe40341f17970d8006cef1894312f75c3c,updates for dashboard,276,272,False,0.7142857142857143,11,0.813567103434584,0.07907614707317465,0.0026839868237071678,0.36827848132832713,0.2971014492753623,86,0.663043,0.297101,180,37,58,1,276,18
TEAMSchools__teamster,2023-09-12T02:42:29,c2f2e23c05773db00e25a58390239b9167f2eb71,act test prep,307,321,False,0.6428571428571429,13,0.8239585119149666,0.08173372508657971,0.0024552864788990178,0.7258742279017079,0.33876221498371334,90,0.693811,0.283388,192,43,71,1,307,18
TEAMSchools__teamster,2023-10-11T19:31:59,40c775205f5519d911113ec2fd3462b00b430c45,assessment entry audit,738,416,False,0.6428571428571429,13,0.9180969587473653,0.08347640955373903,0.001934716831543125,0.8469285483071577,0.21138211382113822,478,0.345528,0.642276,599,48,88,3,738,18
TEAMSchools__teamster,2023-11-09T22:12:48,5c704fdcc478c6557622064dd9e95db8c48cef8b,ran format,769,448,False,0.8571428571428571,13,0.9195667475220846,0.08316136116662542,0.0018422039457316644,0.816249824897414,0.22756827048114434,496,0.348505,0.639792,623,51,92,3,769,18
TEAMSchools__teamster,2023-12-11T01:23:08,d863f65b9306750ccf19eaef03ec2be64e369bd3,added additional attendance columns,783,501,False,0.7142857142857143,11,0.9189106289551854,0.08508129184836355,0.0017673858690735,0.9222226272457558,0.2720306513409962,495,0.36143,0.627075,627,53,100,3,783,18
TEAMSchools__teamster,2024-01-10T01:23:50,6875d3bff8760bfa0611d602f2b8a463d5f8c817,fixed view aliasing,797,518,False,0.7142857142857143,14,0.9184310101280851,0.08111894368446836,0.0016508862356166905,0.09335494565290005,0.2797992471769134,502,0.363864,0.624843,635,57,102,3,797,18
TEAMSchools__teamster,2024-02-09T09:44:55,968d7b7f2d52a5695fa5c5b9a282dd28b356bcc3,Merge branch 'main' into adding_rn_tableau,812,543,False,0.35714285714285715,11,0.9175399947391075,0.08235358650757799,0.0016426987261338678,0.20662129239764443,0.2894088669950739,504,0.371921,0.614532,643,59,107,3,812,18
TEAMSchools__teamster,2024-03-08T22:45:11,ff612d0a28e418036036ea80c9fe8fd601b79a06,"add region, update column names",829,588,False,0.5714285714285714,11,0.9117474115126027,0.0850251464972043,0.0016006226741491656,0.9170786567158785,0.316043425814234,503,0.386007,0.600724,647,67,112,3,829,18
TEAMSchools__teamster,2024-04-09T11:27:47,82b5ae5a0953a3770f09f38a08191dd988bcfb65,Merge branch 'main' into performance_management_lockbox,843,633,False,0.6428571428571429,11,0.9100259171433549,0.08504256460168462,0.0013695962915179687,0.9208013924166187,0.34400948991696323,500,0.400949,0.588375,651,68,121,3,843,18
TEAMSchools__teamster,2024-05-08T19:49:43,77feece8de79ce1d398d98a6887de205010369be,fluff trunk shit,852,650,False,0.42857142857142855,12,0.908900741099684,0.08495240605343025,0.001305246253414241,0.9177631415898103,0.35093896713615025,501,0.406103,0.583333,655,70,124,3,852,18
TEAMSchools__teamster,2024-06-07T18:43:19,41321830b8accbc08774867474c20d16a4632007,"added assign_final_score_percent,",881,720,False,0.35714285714285715,15,0.9047239126055312,0.08538138789439807,0.0012182599878858276,0.9239502610301492,0.3859250851305335,501,0.423383,0.562997,672,75,130,4,881,18
TEAMSchools__teamster,2024-07-07T18:05:07,14fcff108a287432f8cba0038bc47facdb69bb1d,trunk 1,890,730,False,0.7142857142857143,13,0.9066497941929025,0.10353485475901533,0.00147730752605509,0.5160816874174785,0.3887640449438202,506,0.420225,0.560674,680,77,130,3,890,18
TEAMSchools__teamster,2024-08-07T13:49:00,501e7e0db2935299be5eaea5bd74bd9c37ce72f0,?,860,771,False,0.2857142857142857,12,0.9012329358441699,0.10452950794373951,0.0014110616302370057,0.5806364683468372,0.4325581395348837,461,0.451163,0.526744,645,72,140,3,860,18
TEAMSchools__teamster,2024-09-06T13:59:50,c3903aba7acf11e8c599b66c75d92ed152e03bfc,more fixes,912,848,False,0.5,15,0.922162975045193,0.09854855109916709,0.0013672066314205243,0.7400325126197878,0.45614035087719296,480,0.458333,0.515351,661,100,148,3,912,18
TEAMSchools__teamster,2024-10-04T18:13:33,0fde135b2af682ca768e9c364008194b3ab95a1d,trunk,933,883,False,0.35714285714285715,14,0.9234214778199037,0.09842291851829561,0.0015119553551283334,0.7137827792840427,0.4715969989281886,490,0.459807,0.514469,673,102,155,3,933,18
TEAMSchools__teamster,2024-11-04T21:30:16,cb1d289cb8e10c671c011d9d2a81d663bfe20011,trunkf fix,953,905,False,0.5,15,0.923451937148969,0.09549956265548369,0.0013823397884706527,0.6674448145791966,0.4732423924449108,499,0.4617,0.513116,688,106,156,3,953,18
TEAMSchools__teamster,2024-12-04T21:20:33,fdd690c90fd06073f15ce97d9a01289207f00fb7,"feat: add incidents_attachments, dbt dev schema",956,904,False,0.5,16,0.9237858491919465,0.09610276363395787,0.0013910823299507064,0.660536534388331,0.47384937238493724,505,0.457113,0.517782,689,106,158,3,956,18
TEAMSchools__teamster,2025-01-03T22:28:16,11539e89f158e606fc4a22db40574766fb3b1d5f,update STAR dash source,1003,911,False,0.42857142857142855,12,0.927269956482424,0.09523739101368989,0.0013589178933180958,0.6664562280391538,0.452642073778664,546,0.441675,0.534397,726,112,160,5,1003,18
TEAMSchools__teamster,2025-02-03T01:38:41,7b3d5b494726d449d60bf0dac58570619e02188d,neded to refactor last cte,1031,948,False,0.5714285714285714,17,0.9252540819304286,0.040232879043881946,0.0005660121102395525,0.9859092731982168,0.44907856450048494,546,0.456838,0.519884,743,122,161,5,1031,18
TEAMSchools__teamster,2025-03-04T20:00:39,cac11dd92473c965c953d18541e0001ac7c34cd1,more grad eligible options,1101,1017,False,0.5,19,0.9262223058954313,0.0401201182667013,0.0005642630328751505,0.9833997857579276,0.44868301544050865,578,0.462307,0.515895,804,129,163,5,1110,18
TEAMSchools__teamster,2025-04-04T13:23:39,b57936fb35d84f7156bcbb1afa4faec252a36060,Merge branch 'main' of https://github.com/TEAMSchools/teamster into og-finaid-report,1116,1020,False,0.5714285714285714,19,0.9268835920903638,0.04004782727227506,0.0005333466519648767,0.9787884600182886,0.43100358422939067,577,0.46595,0.506272,810,133,168,5,1125,18
TEAMSchools__teamster,2025-05-02T18:16:15,c5cfe78eaf558227a5c683d4ad364563845f91c2,ccr info added,1128,1028,False,0.5714285714285714,17,0.9285375814252024,0.03901181060904115,0.0005195333608825292,0.9807630812765069,0.43439716312056736,590,0.45922,0.511525,816,135,172,5,1137,18
TEAMSchools__teamster,2025-06-02T19:43:52,0271e67e742651c533f3d63d0d7e820723acdca4,Merge branch 'main' into 2637-zendesk-user-provisioning,1136,1048,False,0.6428571428571429,16,0.9274423693371592,0.040351757501910716,0.0005446109801230419,0.9812947070642933,0.44014084507042256,588,0.465669,0.507042,822,136,173,5,1145,18
TEAMSchools__teamster,2025-07-02T21:16:11,7228b323474094f2bb8f3e4713ab417166e0b01d,too tired for this,1154,1071,False,0.6428571428571429,19,0.9224138447683031,0.04035252895755984,0.0005446077166889166,0.9817523715396801,0.4410745233968804,592,0.468804,0.501733,831,143,175,5,1164,18
TEAMSchools__teamster,2025-08-02T14:05:12,0cb897876033c2cfc1b2f589e53600ae2e9f4362,simplifying exceptions,1167,1102,False,0.6428571428571429,20,0.9231466474485737,0.04159276816131238,0.000592997487252843,0.9807576774132325,0.45158526135389887,592,0.474722,0.496144,834,146,181,6,1177,18
TEAMSchools__teamster,2025-08-29T21:26:42,89bd75f4d1285eee0abec4434a53bd0edfc94ccc,Merge branch 'main' of https://github.com/TEAMSchools/teamster into topline-contd,1176,1134,False,0.6428571428571429,15,0.9239888379212747,0.04165647361120995,0.0007127656873636071,0.98282898590434,0.44727891156462585,568,0.50085,0.472789,800,181,189,6,1186,18
TEAMSchools__teamster,2025-10-01T14:30:07,673ca887e20f32f7cf786dfc919e3705638442e5,Merge remote-tracking branch 'origin/main' into cb2-boy-adjustment,1215,1238,False,0.5,17,0.9185090455012395,0.041219726488842846,0.0006838700483230509,0.9290410340216531,0.4674897119341564,545,0.534979,0.43786,821,193,195,6,1225,18
TEAMSchools__teamster,2025-10-31T14:12:42,68e026132f4490df96b064f537f8e7343b266151,Merge branch 'main' of https://github.com/TEAMSchools/teamster into cb2-semantic-layer,1173,1223,False,0.5,16,0.9186328076512076,0.0473944355347796,0.0004935152461241763,0.8967986886554956,0.47485080988917305,507,0.543052,0.418585,756,209,202,6,1182,18
TEAMSchools__teamster,2025-11-25T21:45:43,f4f0f4e67af282d68a206807603314574dfc8a6a,perf,1185,1237,False,0.5,18,0.9207766296889435,0.04730539222075975,0.00048253580990134724,0.8973931072289516,0.4742616033755274,510,0.545148,0.416878,758,213,209,5,1194,18
TEAMSchools__teamster,2025-12-29T18:53:44,a25c83f16d5d7a809a0eabaf762d223e732dbac6,leave only fs data,1196,1255,False,0.5714285714285714,15,0.9220953491655406,0.04682358482099671,0.0004589050279968155,0.9004673982721634,0.4774247491638796,512,0.546823,0.41388,760,214,217,5,1205,18
TEAMSchools__teamster,2026-01-28T19:34:09,dacd955423f0ae97fff88a2854384c64a1dfcedc,fix obs year,1204,1268,False,0.5,18,0.9214725808701846,0.04679697567871594,0.00045419363516140484,0.9021089513207791,0.4792358803986711,513,0.549834,0.412791,763,215,221,5,1213,18
TEAMSchools__teamster,2026-02-27T21:55:15,53e16e5a012f7e692b9df18243cab033dcf4c571,Merge branch 'main' of https://github.com/TEAMSchools/teamster into claude/study-nj-roster-lineage-aIkSF,1210,1284,False,0.5714285714285714,16,0.9202039739757342,0.04668033182256924,0.00044024902429761696,0.9046612865120697,0.4834710743801653,511,0.554545,0.409917,765,217,223,5,1219,18
TEAMSchools__teamster,2026-03-28T18:37:17,bf8087a9736f18848a1693d51779e3c1eb905076,fix: cast performance_bands bignumeric columns to numeric in staging SQL,1235,1293,False,0.35714285714285715,14,0.9255442386676496,0.054928824798081796,0.0005229646772426269,0.8490458515783028,0.4979757085020243,557,0.526316,0.438866,772,225,233,5,1244,18
TEAMSchools__teamster,2026-04-29T14:11:13,f0f2ef6561c8bc4c2ddffb8088e21b15df6b9369,fix(dbt): restore location_region semantics in int_people__location_crosswalk,1293,1442,False,0.5714285714285714,15,0.9294843852122074,0.05782360458706646,0.0005254980574435111,0.8689260044658534,0.5498839907192575,562,0.54447,0.423821,775,226,287,5,1302,18
TEAMSchools__teamster,2026-05-28T20:51:10,cbebc84b95ee28767e87499fae7064648b907229,refactor(scripts): live GET-then-PATCH externalIds backfill + rate-limit retry,1306,1501,False,0.42857142857142855,14,0.9271546303187516,0.07006240882515245,0.0006310024683925153,0.9781900931807492,0.5727411944869831,553,0.555896,0.412711,777,230,295,4,1315,18
TEAMSchools__teamster,2026-06-27T02:04:30,7ee37700714ec852d98be4368b178a363464e637,chore(dbt): gradebook audit AY 2026-2027 revamp WIP,1334,1579,False,0.42857142857142855,16,0.9276062002816651,0.058160202386122316,0.0005100241236901835,0.9789938536744432,0.5974512743628186,552,0.566717,0.403298,783,241,306,4,1343,18
TEAMSchools__teamster,2026-07-28T13:40:49,02f29205ce93b7fe27e9180f182c8925f1a574de,Merge remote-tracking branch 'origin/grangel/feat/claude-fresh-scaffold-swap' into grangel/feat/claude-fresh-scaffold-sw,1352,1644,False,0.5714285714285714,17,0.9253205973662317,0.07039615118155883,0.0006015055517539545,0.9844891723709001,0.625,553,0.571746,0.398669,791,248,313,0,1361,18
TEAMSchools__teamster,2026-08-04T21:09:12,6d984fadd5731cb59ff3004779d1f4d7e2164d35,feat(dbt): identify Grow teachers by job_function and exclude Paterson,1370,1692,False,0.2857142857142857,16,0.9270003079170379,0.07070263713033366,0.0005793717045391749,0.9872216241581888,0.6445255474452555,561,0.571533,0.39927,789,259,322,0,1379,18
Velir__dbt-ga4,2022-04-18T19:00:15,87f19c687a52d9fb86e2e3dd511ab47c1d05ec89,adding fields for is_exit and is_entrance for page views,15,18,False,0.5714285714285714,4,0.7802469135802469,0.3770797440424814,0.03405372408149362,0.5588607606179156,0.26666666666666666,1,1.0,0.0,11,0,4,0,15,1
Velir__dbt-ga4,2022-05-22T16:26:19,e1020f7aa6922db62a1c03faed4a2af1c1134c02,moved var defaults to project.yml to make them more obvious,21,23,False,0.7142857142857143,3,0.8364389233954451,0.4030312553647274,0.021200718611088784,0.9042456458229297,0.14285714285714285,1,1.0,0.0,18,0,3,0,21,1
Velir__dbt-ga4,2022-06-20T06:34:46,76180d7a0ef268b666ec9220cd05f3c051dc90f3,include google's source category mapping file,23,27,False,0.7142857142857143,4,0.8200483091787439,0.6107183240095061,0.0290663820861287,0.8502714973272724,0.21739130434782608,1,1.0,0.0,20,0,3,0,23,1
Velir__dbt-ga4,2022-07-19T15:06:24,b520937812e2ff379819200e4e42827e05ad9e4b,Update static incremental load to use table suffix (#37),38,43,False,0.7857142857142857,4,0.9063647490820074,0.6023082791316059,0.016729173950624305,0.9270606335752154,0.15789473684210525,1,1.0,0.0,35,0,3,0,38,1
Velir__dbt-ga4,2022-08-17T09:42:52,0b69da4d3f0ae2e54fda58bb99b150b3613e48e1,"login, sign_up, and search recommended events (#45)",46,54,False,0.7857142857142857,5,0.9087548062703342,0.5975082610556424,0.013894168001370031,0.9266522279960115,0.1956521739130435,1,1.0,0.0,42,0,4,0,46,1
Velir__dbt-ga4,2022-09-20T13:59:08,598821ef64e04b7ceb069fd244ac42c0614df642,move detect_gclid ahead of page_location manipulations,47,55,False,0.7857142857142857,5,0.9130120133159647,0.5959906288133426,0.013543996306034829,0.9014296249738973,0.19148936170212766,1,1.0,0.0,43,0,4,0,47,1
Velir__dbt-ga4,2022-10-19T10:24:41,6a2fe15c7dab2e491f0e7a29c3d0f68d52442824,use the first session_start event to build dim_sessions,48,56,False,0.7857142857142857,5,0.9111842105263158,0.4001823136684552,0.009094222031465132,0.9349629445403826,0.1875,1,1.0,0.0,44,0,4,0,48,1
Velir__dbt-ga4,2022-11-18T11:08:33,0d227d36902a28a0c9e4d1305a1cdf15b94735f8,Incremental session fact table that includes conversion metrics (#64),49,57,False,0.7857142857142857,5,0.9091381775640193,0.47331039364810146,0.010755794589922877,0.7299153079335876,0.1836734693877551,1,1.0,0.0,44,0,5,0,49,1
Velir__dbt-ga4,2022-12-12T08:55:57,6607c046df8c22c52fe7c324dec79078fc123b2e,user_id mapping table that enables distinct user_id and user_pseudo_id marts (#99),52,60,False,0.7142857142857143,5,0.902077807250221,0.31343539370653734,0.00712241942978179,0.9074004831503989,0.17307692307692307,1,1.0,0.0,45,0,7,0,52,1
Velir__dbt-ga4,2023-02-17T06:07:07,acbc4e522c1ad3901c0ade13eda9149f34111696,Add event_date_dt to stg_ga4__event_items to allow date partitioning of associated data marts (#133),51,59,False,0.7857142857142857,5,0.907796451914099,0.3152771231313137,0.007005388894495578,0.9108053505470997,0.17647058823529413,1,1.0,0.0,44,0,7,0,51,1
Velir__dbt-ga4,2023-03-18T04:17:42,ff2d183481486ac37f529b64d07dbf8d4dd209b0,delete tab (#155),51,59,False,0.7857142857142857,5,0.907796451914099,0.3152771231313137,0.007005388894495578,0.9108053146816182,0.17647058823529413,1,1.0,0.0,44,0,7,0,51,1
Velir__dbt-ga4,2023-04-15T15:08:35,9cd11d6671f639d5ae3866a9cab9b5d68bd7d551,Update user_pseudo_id to client_key (#181),55,66,False,0.7857142857142857,6,0.9069051167411823,0.3139708069572643,0.006406961262246292,0.9167200917371015,0.21818181818181817,1,1.0,0.0,47,0,8,0,55,1
Velir__dbt-ga4,2023-05-16T12:57:04,4e983f163f9beaa46807fb0726fc82ebb6aa5948,Fix test on user_id_or_client_key in fct_ga4__user_ids model (#195),56,67,False,0.7857142857142857,6,0.9048252279635258,0.31324648478636624,0.006392062394859283,0.9174741719047558,0.21428571428571427,1,1.0,0.0,48,0,8,0,56,1
Velir__dbt-ga4,2023-05-30T06:13:33,c924dc7978b469777543cfab59229a9e5e7a1ae1,remove default purchase aggregations (#206),56,67,False,0.7857142857142857,6,0.9048252279635258,0.31324648478636624,0.006392062394859283,0.9174741130069111,0.21428571428571427,1,1.0,0.0,48,0,8,0,56,1
Velir__dbt-ga4,2023-06-23T14:26:39,b126eb51502d223806362b477558b6427ffe5b58,Remove all references to dynamic incremental load strategy (#240),55,66,False,0.7857142857142857,6,0.9077340569877883,0.3135685876486444,0.006531891162090281,0.9164395362053913,0.21818181818181817,1,1.0,0.0,47,0,8,0,55,1
Velir__dbt-ga4,2023-08-02T19:43:17,a9219967414367f8be760b4e20cdfe35539fd09f,Fix streaming support for multi property configurations (#257),55,66,False,0.7857142857142857,6,0.9077340569877883,0.3135685876486444,0.006531891162090281,0.9164395221271173,0.21818181818181817,1,1.0,0.0,47,0,8,0,55,1
Velir__dbt-ga4,2023-10-10T10:25:41,f2f03a2475b3e567a452510e04e01a3464ca59c2,Update core.yml,55,66,False,0.7857142857142857,6,0.9077340569877883,0.3135685876486444,0.006531891162090281,0.9164394819931262,0.21818181818181817,1,1.0,0.0,47,0,8,0,55,1
Velir__dbt-ga4,2023-11-04T18:26:37,9dfdbd4fd24f4785cb3763bac91ba5004002a31e,Align default channel groupings with GA4 docs (#282),56,67,False,0.7857142857142857,7,0.9055005213764338,0.31174174687157435,0.00649377400507352,0.8919016991095307,0.21428571428571427,1,1.0,0.0,48,0,8,0,56,1
Velir__dbt-ga4,2023-11-23T13:28:05,d9e87ffc225c03cd9a608eb52687fce169548cae,"Set ""Direct"" instead ""(none)"" as default value (#265)",56,67,False,0.7857142857142857,7,0.9055005213764338,0.31174174687157435,0.00649377400507352,0.8919014584309723,0.21428571428571427,1,1.0,0.0,48,0,8,0,56,1
Velir__dbt-ga4,2024-01-04T14:29:28,6c6d756f7e8946c2df695869615b45c0d89ed7fd,Allow distinct source and target projects (#294),56,67,False,0.7857142857142857,7,0.9055005213764338,0.31174174687157435,0.00649377400507352,0.8918982376391735,0.21428571428571427,1,1.0,0.0,48,0,8,0,56,1
Velir__dbt-ga4,2024-01-22T15:22:56,e21ceec20e0a5f427b65b3ad4419c093c1cd5b97,fix fct_ga4__pages model and add tests to catch similar issues (#295),56,67,False,0.7857142857142857,7,0.9055005213764338,0.31174174687157435,0.00649377400507352,0.8918983903382376,0.21428571428571427,1,1.0,0.0,48,0,8,0,56,1
Velir__dbt-ga4,2024-02-29T10:59:02,f9558ac56e99739cae7abc273cacc48b99eba71d,Update default channel grouping label to Direct (#301),56,67,False,0.7857142857142857,7,0.9055005213764338,0.31174174687157435,0.00649377400507352,0.8918983909982213,0.21428571428571427,1,1.0,0.0,48,0,8,0,56,1
Velir__dbt-ga4,2024-03-31T05:02:51,d97fbf640373c6bab2c113833a16ae8f5fc5e660,Update stg_ga4__events.sql to consider campaign name (organic) (#315),56,67,False,0.7857142857142857,7,0.9055005213764338,0.31174174687157435,0.00649377400507352,0.8918985111364796,0.21428571428571427,1,1.0,0.0,48,0,8,0,56,1
Velir__dbt-ga4,2024-06-05T16:39:29,df85449977509e4d224111db3d4b58b04249f09b,Fix invalid generated column names in conversion events (#327),56,67,False,0.7857142857142857,7,0.9055005213764338,0.31174174687157435,0.00649377400507352,0.8918985700148107,0.21428571428571427,1,1.0,0.0,48,0,8,0,56,1
Velir__dbt-ga4,2024-08-06T05:46:29,8962a256e98f9e445aacbe5d7313ab6771ee0a09,Query string all (#338),56,67,False,0.7857142857142857,7,0.9055005213764338,0.31174174687157435,0.00649377400507352,0.8918983603850704,0.21428571428571427,1,1.0,0.0,48,0,8,0,56,1
Velir__dbt-ga4,2024-08-26T08:23:09,1a606a515806e6711606a3a1ca8c928155806f84,Issue #340 fill null event key (#341),56,67,False,0.7857142857142857,7,0.9055005213764338,0.31174174687157435,0.00649377400507352,0.8919014208080761,0.21428571428571427,1,1.0,0.0,48,0,8,0,56,1
Velir__dbt-ga4,2025-01-29T04:15:30,d14736b0adbbe363fd3c8a574df5f2f84be891a6,User single site (#355),60,69,False,0.7857142857142857,7,0.9025179856115108,0.31174174687157435,0.00649377400507352,0.8918985561447927,0.2,3,0.933333,0.0,52,0,8,0,60,1
Velir__dbt-ga4,2025-05-08T12:49:22,1bc50e9366cfc5c433444dde1c2aa948efbbc7fb,fix: reduce compute by limiting the test `unique_stg_ga4__events_event_key` to the last 7 days (`event_timestamp` is alr,56,67,False,0.7857142857142857,7,0.9055005213764338,0.31174174687157435,0.00649377400507352,0.8918984046895231,0.21428571428571427,1,1.0,0.0,48,0,8,0,56,1
Velir__dbt-ga4,2024-08-22T14:24:47,70b113d28f6e57896cf0c5b4929d0b3a607b9986,generate event_key even when session_key is null,60,69,False,0.7857142857142857,7,0.9025179856115108,0.31174174687157435,0.00649377400507352,0.8918982868397521,0.2,3,0.933333,0.0,52,0,8,0,60,1
Velir__dbt-ga4,2025-10-22T14:47:25,00025eb355b142a6cd219d2b4112f899805c8b32,rebase,60,69,False,0.7857142857142857,7,0.9025179856115108,0.31174174687157435,0.00649377400507352,0.8919015514767753,0.2,3,0.933333,0.0,52,0,8,0,60,1
Velir__dbt-ga4,2025-11-13T11:19:51,e3366fc8aa6043e7cade2042176ac20ca936f308,Update stg event_page_view test severity syntax to use config block,60,69,False,0.7857142857142857,7,0.9025179856115108,0.31174174687157435,0.00649377400507352,0.8919016860619655,0.2,3,0.933333,0.0,52,0,8,0,60,1
Velir__dbt-ga4,2026-01-28T09:51:54,61b013eb94ae9519881a5cf4bdf566f96eac79f6,Merge pull request #365 from adviso/main,60,69,False,0.7857142857142857,7,0.9025179856115108,0.31174174687157435,0.00649377400507352,0.8919017190281723,0.2,3,0.933333,0.0,52,0,8,0,60,1
astronomer__astronomer-cosmos,2023-04-13T09:48:22,ed5c79b28d585b9f8f97c48c70cffbb30616ecd3,Start using tilt for local dev (#230),5,5,False,0.7142857142857143,2,0.48,0.8299135133739665,0.18519918063274526,0.2542669514740037,0.2,1,1.0,0.0,3,0,0,2,5,1
astronomer__astronomer-cosmos,2023-07-25T15:53:53,e1ff9629a784ead2a7e4f5ef86d7a84e4f5abdf7,Initial implementation of simplifying config interfaces (#389),5,5,False,0.7142857142857143,2,0.48,0.8299135133739665,0.18519918063274526,0.2542669515658146,0.2,1,1.0,0.0,3,0,0,2,8,3
astronomer__astronomer-cosmos,2023-09-27T14:45:02,4c8d6b04590db112a904cea0260a4997b36542c4,Fix `DbtTestLocalOperator` when using `on_warning_callback` (#558),5,5,False,0.7142857142857143,2,0.48,0.8299135133739665,0.18519918063274526,0.25426695150726103,0.2,1,1.0,0.0,3,0,0,2,8,4
astronomer__astronomer-cosmos,2024-07-19T11:04:02,b25d5ea23806daa94a0ae45592ab488d4107f0f6,Fix empty tag in case of custom parser (#1100),5,5,False,0.7142857142857143,2,0.48,0.8299135133739665,0.18519918063274526,0.2542669510954492,0.2,1,1.0,0.0,3,0,0,2,8,4
astronomer__astronomer-cosmos,2024-08-14T03:53:16,a89389de32fd3fc140722ca925d5a28526fd8172,Add default source nodes rendering (#1107),5,5,False,0.7142857142857143,2,0.48,0.8299135133739665,0.18519918063274526,0.2542669520895076,0.2,1,1.0,0.0,3,0,0,2,8,4
astronomer__astronomer-cosmos,2024-12-30T13:59:05,7dc9411701bdbbdc580a34f59a7ea77a5b03668a,Fix rendering dbt tests with multiple parents (#1433),8,7,False,0.7142857142857143,2,0.48214285714285715,0.8299135133739665,0.18519918063274526,0.2542669515173143,0.125,2,0.625,0.0,3,0,0,5,11,5
astronomer__astronomer-cosmos,2025-09-15T14:30:22,f63cba6307bc5592e6598f5eda506bd40c8dbd21,Fix running tests with dbt Fusion 2.0.0 preview versions (#1948),8,7,False,0.7142857142857143,2,0.48214285714285715,0.8299135133739665,0.18519918063274526,0.25426695151573486,0.125,2,0.625,0.0,3,0,0,5,11,5
astronomer__astronomer-cosmos,2025-10-22T09:30:57,a9fca6a74d287d4e62f6146ed55ab371d6189d08,Support Airflow 3.1 (#1980),8,7,False,0.7142857142857143,2,0.48214285714285715,0.8299135133739665,0.18519918063274526,0.25426695165556357,0.125,2,0.625,0.0,3,0,0,5,11,5
astronomer__astronomer-cosmos,2026-01-26T14:06:18,4134018f4a5deeed82f9a74e01828e4daed1d82a,Fix running empty models or ephemeral nodes in `ExecutionMode.WATCHER` (#2279),10,7,False,0.7142857142857143,2,0.5857142857142857,0.8299135133739665,0.18519918063274526,0.25426695150838835,0.1,4,0.5,0.2,3,0,0,7,13,6
astronomer__astronomer-cosmos,2026-01-29T16:39:34,0ce99549691716d1dbf9a03aa1ce7e21b4ad0bdd,Support cross-referencing models across dbt projects using dbt-loom (#2271),18,13,False,0.7142857142857143,2,0.6333333333333333,0.550881168040632,0.11046168506457323,0.3265508388300529,0.1111111111111111,7,0.444444,0.222222,5,2,4,7,23,8
astronomer__astronomer-cosmos,2026-03-19T11:30:12,1d33b5512c55c6cf6cadd031f99662569fcf0824,Add integration test for creating a `TaskGroup` by dbt project folder (#2420),20,14,False,0.7142857142857143,2,0.63125,0.550881168040632,0.11046168506457323,0.326550798631489,0.1,8,0.4,0.2,6,2,5,7,26,9
astronomer__astronomer-cosmos,2026-04-23T11:35:41,3a138fde92e6c4422b6b64b70ad2e09d4495477a,Prevent watcher producer skip propagating to downstream tasks via gateway task (#2597),23,17,False,0.7142857142857143,2,0.6544622425629291,0.550881168040632,0.11046168506457323,0.3265507999944739,0.08695652173913043,8,0.347826,0.130435,6,2,6,9,34,12
astronomer__astronomer-cosmos,2026-05-19T13:16:32,9029fb0f607360cb7792a647705332fa2973a100,Retry watcher downstream models on upstream-failure recovery (#2684),26,20,False,0.7142857142857143,3,0.6692307692307692,0.2537868118726475,0.04905801395649353,0.34686908825675566,0.07692307692307693,8,0.307692,0.115385,6,2,6,12,38,13
astronomer__astronomer-cosmos,2026-07-15T19:37:37,8ce76e5e43cb90ff0c0e3e625f9adf41bbdb4ccd,Add bidirectional cross-project dbt-loom example (#2883),30,22,False,0.7142857142857143,3,0.6654320987654321,0.2537868118726475,0.04905801395649353,0.34686909899773394,0.06666666666666667,10,0.266667,0.1,8,2,8,12,42,15
autotraderuk__dbt-dry-run,2022-07-04T20:25:27,b913c122d6b6b3e400943832e55153adeb48ab87,Add snapshot support (#8),3,1,True,,,,,,,,2,0.666667,0.333333,0,0,0,3,4,2
autotraderuk__dbt-dry-run,2022-08-09T17:00:59,cf00c7177ba61911f79b0c047da6a6459a59886a,Add integration test for performance of large projects,103,1,False,0.9285714285714286,1,0.9902912621359223,2.0,1.0,0.0,0.0,102,0.019417,0.980583,0,0,0,103,104,3
autotraderuk__dbt-dry-run,2022-10-27T09:43:16,ebd88b1b41ed77d7302b3b5f8b003bb8912b0836,Fix using _dbt_max_partition and SQL header causes failure,105,1,False,0.9285714285714286,1,0.9904761904761905,2.0,1.0,0.0,0.0,104,0.019048,0.980952,0,0,0,105,106,4
autotraderuk__dbt-dry-run,2022-11-24T12:17:39,34874fe30233c52c46dfe8543d888fd07a0b7347,Move external source columns to dry_run_columns,105,1,False,0.9285714285714286,1,0.9904761904761905,2.0,1.0,0.0,0.0,104,0.019048,0.980952,0,0,0,105,107,5
autotraderuk__dbt-dry-run,2023-02-09T09:27:32,f8d3438c6f746925f00bdc69e663cb319fb3e1a1,Add --skip-not-compiled flag (#32),109,3,False,0.9285714285714286,1,0.9724770642201835,2.0,1.0,0.0,0.0,106,0.018349,0.944954,0,0,0,109,111,6
autotraderuk__dbt-dry-run,2023-03-10T16:59:37,13938eb1ec5f68742dfc7133e8d54c381f5b6ae7,Integration tests for incremental models,111,3,False,0.9285714285714286,1,0.972972972972973,2.0,1.0,0.0,0.0,108,0.018018,0.945946,0,0,0,111,113,7
autotraderuk__dbt-dry-run,2023-10-16T12:24:08,9d308d7602272e4c958515200163a94807da477e,Check incremental data types are compatible (#45),115,3,False,0.9285714285714286,1,0.9739130434782609,2.0,1.0,0.0,0.0,112,0.017391,0.947826,0,0,0,115,117,7
autotraderuk__dbt-dry-run,2023-12-19T13:30:16,72fb22c0a6c64243a18462ebdbcec51f846d5319,Don't run merge if incremental has recursive CTES (#51),118,3,False,0.9285714285714286,1,0.9745762711864406,2.0,1.0,0.0,0.0,115,0.016949,0.949153,0,0,0,118,120,7
autotraderuk__dbt-dry-run,2024-01-10T13:46:54,f1e7e18f2784634f015a45d82aa53f2bb849cb4b,Fix problem where sql_header interacts with merge,120,3,False,0.9285714285714286,1,0.975,2.0,1.0,0.0,0.0,117,0.016667,0.95,0,0,0,120,122,7
autotraderuk__dbt-dry-run,2024-06-23T23:36:14,20189bc5a0c3103dadce189467d910fad2cfebae,fix: unrecognized _partitiontime for time ingestion partitioned models,121,3,False,0.9285714285714286,1,0.9752066115702479,2.0,1.0,0.0,0.0,118,0.016529,0.950413,0,0,0,121,123,7
autotraderuk__dbt-dry-run,2026-05-12T13:01:30,1637382028b2c3fa81d35e530389ced45b9a3b82,Release v0.9.0,125,3,False,0.9285714285714286,1,0.976,2.0,1.0,0.0,0.0,122,0.016,0.952,0,0,0,125,127,7
autotraderuk__dbt-dry-run,2026-06-29T23:25:59,071a027955d22add47890ab35666ca7f4045a19d,Don't add _PARTITIONTIME column when node config partition field is _PARTITIONTIME (#101),126,3,False,0.9285714285714286,1,0.9761904761904762,2.0,1.0,0.0,0.0,123,0.015873,0.952381,0,0,0,126,128,7
basedosdados__archived-queries-basedosdados,2022-05-09T21:08:04,2e86da42e82a74a55824cfbcdd2e587ce1c172f5,Update twitter_metrics.sql,4,1,True,,,,,,,,3,0.5,0.5,0,0,0,4,4,1
basedosdados__archived-queries-basedosdados,2022-06-07T20:01:36,5f640e07b01a4703214c29fbdedeaf99d5aa9507,feat(data): up teste,24,1,False,0.9285714285714286,1,0.9583333333333334,2.0,1.0,0.0,0.0,23,0.083333,0.916667,0,0,0,24,24,1
basedosdados__archived-queries-basedosdados,2022-06-30T15:04:49,57a1e819c4cda7ce0ed1b543725634e09fd519fa,[ínfra] add schema to br_tse model,25,1,False,0.9285714285714286,1,0.96,2.0,1.0,0.0,0.0,24,0.08,0.92,0,0,0,25,25,1
basedosdados__archived-queries-basedosdados,2022-07-25T14:50:33,1895ed8dab15cc6b3e1826b9c53d8dc278e9a976,[infra] remove zona votacao model,24,1,False,0.9285714285714286,1,0.9583333333333334,2.0,1.0,0.0,0.0,23,0.083333,0.916667,0,0,0,24,24,1
basedosdados__archived-queries-basedosdados,2022-09-09T00:14:40,42302f4ffb81877ea230fc63b9dece0930f64f42,adding igp_di monthly,32,1,False,0.9285714285714286,1,0.96875,2.0,1.0,0.0,0.0,31,0.0625,0.9375,0,0,0,32,32,1
basedosdados__archived-queries-basedosdados,2022-10-08T20:30:25,12e74819c0de804c70f01676ca44b8d2703525f4,feat: add local_votacao,50,1,False,0.9285714285714286,1,0.98,2.0,1.0,0.0,0.0,49,0.04,0.96,0,0,0,50,50,1
basedosdados__archived-queries-basedosdados,2022-10-31T03:44:45,829ea45381dd626f36c9ab333ea87ca26c18d1a8,creting table contabilidade (accounting) in br_bd_indicadores,51,1,False,0.9285714285714286,1,0.9803921568627451,2.0,1.0,0.0,0.0,50,0.039216,0.960784,0,0,0,51,51,1
basedosdados__archived-queries-basedosdados,2022-11-22T22:19:27,d8d71e18143c7fb09f6cff7852e89217cb2265d3,adding equipes (teams) and pessoas (people),54,1,False,0.9285714285714286,1,0.9814814814814815,2.0,1.0,0.0,0.0,53,0.037037,0.962963,0,0,0,54,54,1
basedosdados__archived-queries-basedosdados,2023-04-05T15:26:04,e1ec93e5304108234e14692feecfdfdecac65c9b,[dados] br_bcb_estban,56,1,False,0.9285714285714286,1,0.9821428571428571,2.0,1.0,0.0,0.0,55,0.035714,0.964286,0,0,0,56,56,1
basedosdados__archived-queries-basedosdados,2023-05-02T14:05:56,e05b744e98d4033da774529af08d4251a51f9410,Update schema.yml,62,1,False,0.9285714285714286,1,0.9838709677419355,2.0,1.0,0.0,0.0,61,0.032258,0.967742,0,0,0,62,62,1
basedosdados__archived-queries-basedosdados,2023-05-29T13:35:32,e4fd409c18c65b578a8294a55db5d09a07641d5b,feat: model dbt br_b3_cotacoes prod,67,1,False,0.9285714285714286,1,0.9850746268656716,2.0,1.0,0.0,0.0,66,0.029851,0.970149,0,0,0,67,67,1
basedosdados__archived-queries-basedosdados,2023-07-11T21:11:05,303de1e33b9397c2ca1461f0fcf0e5b73b0b3876,Update vendedor.sql,69,1,False,0.9285714285714286,1,0.9855072463768116,2.0,1.0,0.0,0.0,68,0.028986,0.971014,0,0,0,69,69,1
basedosdados__pipelines,2025-06-04T10:53:11,5fa8c51a7afa412f69f5837227e3ed391c9092cf,[data]: add br_anatel_indice_brasileiro_conectividade_municipio (#1112),620,1,False,0.9285714285714286,1,0.9983870967741936,2.0,1.0,0.0,0.0,619,0.003226,0.996774,0,0,0,620,620,1
basedosdados__pipelines,2025-07-24T16:43:06,b2bfdabac32b32adda5a69e131db4913d4e82d14,[Data] world_iea_timss (#1100),642,1,False,0.9285714285714286,1,0.9984423676012462,2.0,1.0,0.0,0.0,641,0.003115,0.996885,0,0,0,642,642,1
basedosdados__pipelines,2025-09-11T12:38:05,3fd8b1b92167d02db39bc511344fd4e22675b268,"[fix] Adicionando ano, mes nas tabelas br_me_cnpj empresas, estabelecimentos, socios (#1183)",642,1,False,0.9285714285714286,1,0.9984423676012462,2.0,1.0,0.0,0.0,641,0.003115,0.996885,0,0,0,642,642,1
basedosdados__pipelines,2025-10-08T15:46:46,1d13b492a3772348df7d1974ee8cb7d96f735ea4,Fix/br ibge pnad (#1268),642,1,False,0.9285714285714286,1,0.9984423676012462,2.0,1.0,0.0,0.0,641,0.003115,0.996885,0,0,0,642,642,1
basedosdados__pipelines,2025-11-07T16:52:52,f8d0b6eb0bd8cb9f71449d14cafa476e17026345,Acrescenta os códigos de tratamento da atualização do censo de educação superior - 2024,642,1,False,0.9285714285714286,1,0.9984423676012462,2.0,1.0,0.0,0.0,641,0.003115,0.996885,0,0,0,642,642,1
basedosdados__pipelines,2025-12-08T14:14:20,e61eafe5a67d6f31435cc00cbf9d1ba079f0f860,Merge branch 'main' into fix/mides_MG2021,642,1,False,0.9285714285714286,1,0.9984423676012462,2.0,1.0,0.0,0.0,641,0.003115,0.996885,0,0,0,642,642,1
basedosdados__pipelines,2026-01-09T04:02:04,88869b501e6ed5dea3ddb7277abe923d08ba58f5,Merge branch 'main' into update/SEEG,647,1,False,0.9285714285714286,1,0.9984544049459042,2.0,1.0,0.0,0.0,646,0.003091,0.996909,0,0,0,647,647,1
basedosdados__pipelines,2026-02-06T15:17:17,e19e52544ca1ce06ac1104343e79ade9cee1dc1b,[bugfix] br_ms_sia (#1422),660,1,False,0.9285714285714286,1,0.9984848484848485,2.0,1.0,0.0,0.0,659,0.00303,0.99697,0,0,0,660,660,1
basedosdados__pipelines,2026-03-05T09:19:42,71ffc5e24e09869d429ec63424c509c67e77af86,[Chore] br_me_rais (#1446),661,1,False,0.9285714285714286,1,0.9984871406959153,2.0,1.0,0.0,0.0,660,0.003026,0.996974,0,0,0,661,661,1
basedosdados__pipelines,2026-04-01T10:57:00,4c17f4b90cb9e9bc1768d73f48919c3e6277dabe,[data] Update br_tse_filiacao_partidaria__microdados - 2026 (#1490),674,2,False,0.9285714285714286,1,0.9970326409495549,2.0,1.0,0.0,0.0,672,0.002967,0.994065,0,0,0,674,674,1
basedosdados__pipelines,2026-05-07T15:39:31,653feaaf34f0e0e53ab69d6f2d3fd26f767e432a,[Bugfix] br_ inmet_ bdmep (#1515),675,2,False,0.9285714285714286,1,0.997037037037037,2.0,1.0,0.0,0.0,673,0.002963,0.994074,0,0,0,675,675,1
basedosdados__pipelines,2026-06-01T15:20:08,2b5003cd91dff49c74d4fbdb935815e97d94c475,br_inep_avaliacao_alfabetizacao (#1485),676,2,False,0.9285714285714286,1,0.9970414201183432,2.0,1.0,0.0,0.0,674,0.002959,0.994083,0,0,0,676,676,1
basedosdados__pipelines,2026-07-06T13:23:13,5591fb34938e462e3f5d518a9bb6919a88957519,fix(br_anatel_banda_larga_fixa): destrava atualização com poll deferido,681,2,False,0.9285714285714286,1,0.9970631424375918,2.0,1.0,0.0,0.0,679,0.002937,0.994126,0,0,0,681,681,1
basedosdados__pipelines,2026-08-04T16:28:10,0438b497fcb05823beb7b00d5e8e4a19119cf71d,fix(br_bcb_sicor): adequação de teste à coluna nova (#1744),906,2,False,0.9285714285714286,1,0.9977924944812362,2.0,1.0,0.0,0.0,904,0.002208,0.995585,0,0,0,906,906,1
beyondessential__tamanu-source-dbt,2024-09-18T16:53:23,61fe899ac24aa4e0952a9d9f528b20d1f297dc08,Update reference data icd10 to diagnosis,55,0,False,,,0.0,0.0,0.0,0.0,0.0,55,0.018182,1.0,0,0,55,0,55,1
beyondessential__tamanu-source-dbt,2024-12-13T12:06:04,ee2d717e9bc1ce848d1528b5056be66ed46aaf9e,v2.20 (#3),58,6,False,0.7142857142857143,2,0.9114942528735632,0.4659298032772681,0.07699570125148725,0.45310724650330503,0.0,52,0.12069,0.87931,0,0,0,58,58,1
beyondessential__tamanu-source-dbt,2025-02-11T09:35:58,e216105575cbf8840000251f0f0941fb82d7a9d8,Automated View and Reports Scripts  (#4),58,6,False,0.7142857142857143,2,0.9114942528735632,0.4659298032772681,0.07699570125148725,0.45310724650330575,0.0,52,0.12069,0.87931,0,0,0,58,58,1
beyondessential__tamanu-source-dbt,2025-03-18T09:56:23,f0a119539620b3fb67cac2ef29af77fecbb8d7e7,Reporting Schema v2.25 (#21),77,155,False,0.5714285714285714,8,0.7386677838290742,0.4212455285018389,0.01887829938533313,0.8019981727006362,1.1818181818181819,13,0.844156,0.155844,0,2,0,75,77,1
beyondessential__tamanu-source-dbt,2025-04-15T10:57:38,10878b01255c84bb6502d2f50309fefc682dc609,Source Refresh & Build Scripts [Python] (#59),77,155,False,0.5714285714285714,8,0.7386677838290742,0.4212455285018389,0.01887829938533313,0.8020045538805527,1.1818181818181819,13,0.844156,0.155844,0,2,0,75,77,1
beyondessential__tamanu-source-dbt,2025-05-16T11:33:07,57339215e70bf0eb0564e07eff29a6d2e517ec4b,Update to v2.31 (#79),105,196,False,0.7857142857142857,8,0.7546951490876724,0.3352023013626663,0.014013474216487016,0.9093475502209061,0.9904761904761905,13,0.885714,0.114286,0,2,0,103,105,1
beyondessential__tamanu-source-dbt,2025-06-16T17:37:46,1ef3099467eeca259baae9b2b2672b185817cb50,Tidy up repo for tamanu-dbt-template (#115),115,221,False,0.7142857142857143,8,0.7641796385757739,0.3349184481211307,0.013107400988483004,0.9198630393110676,1.017391304347826,11,0.913043,0.086957,0,3,0,112,115,1
beyondessential__tamanu-source-dbt,2025-07-15T16:22:33,c4f19b674ce9a680be89bc22cedd9f82b1d2482b,Update parameter in encounter summary (#172),134,293,False,0.7142857142857143,9,0.7747348164836196,0.378720905741911,0.012012569094383037,0.9451683939924997,1.2686567164179106,11,0.925373,0.074627,0,3,0,131,134,1
beyondessential__tamanu-source-dbt,2025-08-11T21:00:47,d3db747ed127fa46185ba23186349768b1c0cd7d,Update to v2.37 (#191),136,288,False,0.7857142857142857,8,0.7702090270070292,0.3204162719630703,0.010348055464131567,0.9544558038660355,1.1985294117647058,11,0.926471,0.073529,0,3,0,133,136,1
beyondessential__tamanu-source-dbt,2025-09-12T19:34:26,fbad13b31a6c57b1ab36a30267133f19ec67a759,Update Tamanu v2.39 (#227),138,263,False,0.7857142857142857,9,0.7652613087395697,0.3638203750873671,0.012248211930019563,0.22701778802737732,1.0144927536231885,15,0.869565,0.072464,0,3,0,135,138,1
beyondessential__tamanu-source-dbt,2025-10-13T22:43:55,0e1cf7482e778e31455deb070c8b0aa7af5a3c77,Update to Tamanu v2.42 (#252),146,276,False,0.7857142857142857,8,0.7718380559204353,0.36417165598206824,0.011968339208970181,0.2720040401211153,1.0,16,0.869863,0.075342,0,3,0,143,146,1
beyondessential__tamanu-source-dbt,2025-11-13T18:29:20,6d7cf011dfb7afe34d50ac8d8f4c4b60efbc0f37,Update Tamanu v2.44 (#290),155,262,False,0.7857142857142857,9,0.800117089163398,0.33506033301532423,0.01143733526951026,0.8799559755166548,0.864516129032258,27,0.774194,0.116129,0,4,0,151,155,1
beyondessential__tamanu-source-dbt,2025-12-08T15:22:08,96c3962aaf5f197525a14f64593e6b1e55e2a9be,Change to left join for patient_additional_data (#312),143,227,False,0.6428571428571429,9,0.8042413118335027,0.3688097883169464,0.014099590622819987,0.7463309901282085,0.8041958041958042,31,0.727273,0.153846,0,4,0,139,143,1
beyondessential__tamanu-source-dbt,2026-01-12T16:21:45,7a10ebe2ec31b546484ad070791931955d2cdd4d,Shift to use metadata from public models (#324),143,223,False,0.7142857142857143,9,0.8144759896422867,0.37325071789645087,0.01427534279705584,0.9490980459634518,0.7972027972027972,34,0.706294,0.174825,0,4,0,139,143,1
beyondessential__tamanu-source-dbt,2026-02-11T11:39:51,8723875ba0a50257e2049db0fd2c50d39cc72a6d,Upgrade Tamanu version to 2.48.0 (#336),148,230,False,0.7142857142857143,10,0.8187907735321528,0.3730838381360353,0.01381806325527286,0.9504482181127102,0.7972972972972973,36,0.702703,0.182432,0,4,0,144,148,1
beyondessential__tamanu-source-dbt,2026-03-13T11:34:50,8ddea408ba406f6e0e3a9d16a5aea5079dd34e6c,fix(reports): update drug parameter to AutocompleteField in sensitive medication dispensed summary (#371),149,230,False,0.7857142857142857,11,0.8188208747975005,0.3739721060418073,0.013851040767347214,0.9541908748502349,0.7919463087248322,37,0.691275,0.187919,0,3,0,146,149,1
beyondessential__tamanu-source-dbt,2026-04-10T23:10:35,53b4de2b853f1f40dd9d54dc60328335077d7e62,feature(reports): add user-selected timezone support (#408),190,139,False,0.7857142857142857,7,0.7981731187472815,0.3384371471821529,0.02150507695946149,0.8222921340067678,0.19473684210526315,88,0.310526,0.284211,0,3,0,187,190,1
beyondessential__tamanu-source-dbt,2026-05-11T09:19:13,28de0d7b054142fce2b431fe07c5d236475eae01,refactor(reports): remove unnecessary null checks on fromDate and toDate parameters (#441),197,139,False,0.7857142857142857,7,0.8053446322943323,0.3384371471821529,0.02150507695946149,0.8222904854323302,0.18781725888324874,95,0.299492,0.309645,0,3,0,194,197,1
beyondessential__tamanu-source-dbt,2026-06-10T06:39:57,ae4618f78c6accf3fc1e2c20535bd70c33049419,feat(reports): add user access audit report for government auditing (#457),201,145,False,0.7857142857142857,8,0.8067505609208858,0.18615623394404854,0.011593354590921583,0.9547333726612791,0.19402985074626866,95,0.363184,0.318408,0,3,0,198,201,1
beyondessential__tamanu-source-dbt,2026-07-12T07:56:55,c6d4facab9834f2652461a16e2fd0c5dbc3af83c,feat: Upgrade Tamanu version to 2.59.0 (#498),205,164,False,0.6428571428571429,7,0.7911696635214527,0.25185207212872185,0.012404579050525274,0.38547333266863165,0.23414634146341465,89,0.404878,0.282927,0,3,0,202,205,1
beyondessential__tamanu-source-dbt,2026-08-02T07:47:50,d873d31daa492e424f65a91ea3c240c3b6029b63,"chore: remove msf_oca_dhis2 var, keep maps/msf_oca disabled (#645)",224,220,False,0.7142857142857143,6,0.7609418767507002,0.2621699097400423,0.012765330217432175,0.6374809040349696,0.33482142857142855,79,0.5,0.214286,0,5,0,219,224,1
brooklyn-data__dbt_artifacts,2021-03-05T14:00:28,63550bd00a7558a451e86e2e9ac573efa11b5c85,Add `sources` staging model (#5),13,15,False,0.7142857142857143,4,0.5230769230769231,0.3322354770181254,0.05281722883642939,0.6524428201749967,0.23076923076923078,1,1.0,0.0,6,1,6,0,13,2
brooklyn-data__dbt_artifacts,2021-03-29T13:12:12,51ad2094db15db7c5e21951b4b09f300668a318b,Branch for CI testing,13,15,False,0.7142857142857143,4,0.5230769230769231,0.3322354770181254,0.05281722883642939,0.6524428035043728,0.23076923076923078,1,1.0,0.0,6,1,6,0,13,2
brooklyn-data__dbt_artifacts,2021-05-02T20:50:13,c39c7d64ea059b17120b1ab765302840f6548815,Merge pull request #27 from kon-mal/document_exposures,16,19,False,0.6428571428571429,4,0.5679347826086957,0.3388265721279007,0.04693202129399343,0.7466613745126841,0.25,1,1.0,0.0,7,1,8,0,16,2
brooklyn-data__dbt_artifacts,2021-05-04T18:49:01,ef3ca66dbc34b6444ac08a75f5587c031e1d3061,Merge tag '0.4.4' into ac/testing,18,21,False,0.6428571428571429,4,0.608843537414966,0.3152762297686524,0.03855727188155634,0.6262582865645233,0.2222222222222222,1,1.0,0.0,8,1,9,0,18,2
brooklyn-data__dbt_artifacts,2021-06-17T14:48:21,928ae0faca191d5348d1fc4c2f88c6cee6284983,Add default for run result env keys column values,18,21,False,0.6428571428571429,4,0.608843537414966,0.3152762297686524,0.03855727188155634,0.6262582865667243,0.2222222222222222,1,1.0,0.0,8,1,9,0,18,2
brooklyn-data__dbt_artifacts,2021-07-07T13:59:56,3b24316bea07f8986439ca43d47a443f03a052b5,Add dbt cloud compatibility (#38),18,21,False,0.6428571428571429,4,0.608843537414966,0.3152762297686524,0.03855727188155634,0.6262582865671966,0.2222222222222222,1,1.0,0.0,8,1,9,0,18,2
brooklyn-data__dbt_artifacts,2021-09-16T16:28:37,85c61120ceceab23640a5ac1ec8129fea45c55c1,Fix null run times for ephemeral models,18,21,False,0.6428571428571429,4,0.608843537414966,0.3152762297686524,0.03855727188155634,0.626258286574277,0.2222222222222222,1,1.0,0.0,8,1,9,0,18,2
brooklyn-data__dbt_artifacts,2022-01-28T11:02:58,dd5e64fe28270fbb1634ca85e41a922a8c37c742,Fix empty fct_dbt__latest_full_model_executions bug by filtering for 'run' execution_commands,28,33,False,0.5714285714285714,6,0.6712184873949579,0.2688193231424012,0.020532871333135885,0.6430400052440445,0.21428571428571427,1,1.0,0.0,13,1,14,0,28,2
brooklyn-data__dbt_artifacts,2022-02-22T09:18:55,f4351142ae73c98ce690816b462adba37c382d2c,Flatten artifacts on load (#84),21,29,False,0.6428571428571429,4,0.7149564050972501,0.39063090579279103,0.04192965016798085,0.47228516351357797,0.42857142857142855,1,1.0,0.0,5,1,15,0,21,2
brooklyn-data__dbt_artifacts,2022-03-20T20:57:24,a664b114fabf22e4bc343dc440cf89754b7046fa,Back to the layout which *should* work,21,29,False,0.6428571428571429,4,0.7149564050972501,0.39063090579279103,0.04192965016798085,0.4722850748266576,0.42857142857142855,1,1.0,0.0,5,1,15,0,21,2
brooklyn-data__dbt_artifacts,2022-04-28T17:27:48,c0cf6879d837f0c247704a646df5a0d92f4274f1,added failures column to fct_dbt__test_executions and stg_dbt__node_execution models indicating the number of failures f,21,29,False,0.6428571428571429,4,0.7149564050972501,0.39063090579279103,0.04192965016798085,0.47228516435483614,0.42857142857142855,1,1.0,0.0,5,1,15,0,21,2
brooklyn-data__dbt_artifacts,2022-07-28T10:26:39,62cb8143092410297fda1a6499ec289bbd3c9f1a,documentation for variables and environment variables into fct_dbt__invocations,22,11,False,0.9285714285714286,1,0.5,2.0,1.0,0.0,0.0,11,0.090909,0.0,11,0,11,0,22,2
brooklyn-data__dbt_artifacts,2022-08-04T13:09:53,4caf69bc57d0e9c924d5aabca1a0b9cc041a8370,"Fixing bug, updating current_models naming",23,13,False,0.7857142857142857,2,0.5819397993311036,0.3819660112501052,0.10557280900008412,0.1538461538460391,0.0,10,0.217391,0.0,11,0,12,0,23,2
brooklyn-data__dbt_artifacts,2022-09-13T13:02:47,f9fe8ecfa1a1de6946e3197cf0b8acade17f8af1,Rework sources to be dbt models rather than manually created (#188),34,24,False,0.7142857142857143,2,0.47774244833068363,0.2679491924311228,0.0607014564757652,0.2743620830592736,0.0,10,0.205882,0.0,11,0,12,11,34,2
brooklyn-data__dbt_artifacts,2022-10-17T14:28:14,2e9b1628a942e9206410511a9facf7bc0aac783c,Remove trailing whitespace,34,24,False,0.7142857142857143,2,0.47774244833068363,0.2679491924311228,0.0607014564757652,0.2743620830592726,0.0,10,0.205882,0.0,11,0,12,11,34,2
brooklyn-data__dbt_artifacts,2022-11-02T15:17:01,20eab4bed6ef84d7273a6f5c34d4d25a0ab1da9c,Add alias column to artifact uploads (#238),34,24,False,0.7142857142857143,2,0.47774244833068363,0.2679491924311228,0.0607014564757652,0.2743620830592736,0.0,10,0.205882,0.0,11,0,12,11,34,2
brooklyn-data__dbt_artifacts,2023-03-31T09:47:46,25f8555cc7ace6c8a0dfc6f5dddeae22014c50c9,Update sqlfluff to 2.0.2 & freeze version,34,24,False,0.7142857142857143,2,0.47774244833068363,0.2679491924311228,0.0607014564757652,0.2743620830592735,0.0,10,0.205882,0.0,11,0,12,11,34,2
brooklyn-data__dbt_artifacts,2023-05-12T16:18:46,9d510ad1389dc67061062d90efcf3ed0de3f52c4,Provide source data as json blob (#280),34,24,False,0.7142857142857143,2,0.47774244833068363,0.2679491924311228,0.0607014564757652,0.27436208305927273,0.0,10,0.205882,0.0,11,0,12,11,34,2
brooklyn-data__dbt_artifacts,2023-09-21T09:34:09,3bde04677b9bf8d41b1c9c63bf05d670fc2130b4,Fix bug with calculation of last_run stats for incremental models (#384),34,24,False,0.7142857142857143,2,0.47774244833068363,0.2679491924311228,0.0607014564757652,0.2743620830592732,0.0,10,0.205882,0.0,11,0,12,11,34,2
brooklyn-data__dbt_artifacts,2023-10-04T13:31:43,bf46483302f3d069f799aef17e5f88913dc2f64c,SQL Fluff changes,34,24,False,0.7142857142857143,2,0.47774244833068363,0.2679491924311228,0.0607014564757652,0.2743620830592736,0.0,10,0.205882,0.0,11,0,12,11,34,2
brooklyn-data__dbt_artifacts,2024-08-30T14:21:45,e94b400541daa48a1656ea88f0bf7c1eb1427cd9,Changed single select lines,34,24,False,0.7142857142857143,2,0.47774244833068363,0.2679491924311228,0.0607014564757652,0.2743620830592736,0.0,10,0.205882,0.0,11,0,12,11,34,2
brooklyn-data__dbt_artifacts,2024-09-20T13:45:42,d189c98b20508a230c2d2c0bcf8adce688f1ee1e,More fixes for Bigquery,34,24,False,0.7142857142857143,2,0.47774244833068363,0.2679491924311228,0.0607014564757652,0.27436208305927345,0.0,10,0.205882,0.0,11,0,12,11,34,2
brooklyn-data__dbt_artifacts,2025-09-23T16:41:46,c0582557b7e4af8d2240b36fdcf7b6028dd7c63e,replace SQL syntax comments with Jinja comments,34,24,False,0.7142857142857143,2,0.47774244833068363,0.2679491924311228,0.0607014564757652,0.2743620830592734,0.0,10,0.205882,0.0,11,0,12,11,34,2
brooklyn-data__dbt_artifacts,2026-05-18T17:25:30,e6cedee37199a1327630fdff07b442831eeade86,Fix lint violations in dim_dbt__current_models and stg_dbt__* Surfaced by the new Tier 2 lint job — the prior CI was eit,34,24,False,0.7142857142857143,2,0.47774244833068363,0.2679491924311228,0.0607014564757652,0.2743620830592735,0.0,10,0.205882,0.0,11,0,12,11,34,2
brooklyn-data__dbt_artifacts,2026-07-31T15:16:22,469bd697858e2baac70c2dbb65f912dafed37769,Remove internal planning references from code comments,46,55,False,0.7857142857142857,6,0.649407114624506,0.1391329747411072,0.012000845146253294,0.6828032605853127,0.2826086956521739,4,0.804348,0.0,11,0,24,11,46,2
cagov__caldata-mdsa-caltrans-pems,2023-10-12T15:57:04,11a8c12479f5d3c60331e6aac740c28a29de8ba8,Initial commit,1,0,True,,,,,,,,1,1.0,1.0,0,0,0,1,1,1
cagov__caldata-mdsa-caltrans-pems,2024-02-06T17:53:55,0bc35853301c19ea648fef623700ef2611195f37,Rename int_pems__station_flow_by_date.sql to int_pems__stations_per_county_counted.sql,2,0,True,,,,,,,,2,0.5,1.0,1,1,0,0,2,1
cagov__caldata-mdsa-caltrans-pems,2024-03-08T22:15:51,b3bece534fe1da0fa30d9220cecf13d5d4f2c7e5,"added a group by to two CTES, when performing aggregations [like with COUNTIF()] we have to either group or aggregate th",11,7,False,0.6428571428571429,2,0.6303030303030303,0.3248691294333538,0.07708696758091495,0.2372071751928032,0.0,4,0.545455,0.181818,6,5,0,0,11,1
cagov__caldata-mdsa-caltrans-pems,2024-04-05T19:32:03,cc992738a426d9cc2a83fb529e7d017713a8b5ac,Updated code to eliminate an incorrect reference (thanks Ian!) and incorporate a new error type (district feed down) int,11,10,False,0.7142857142857143,3,0.3961038961038961,0.19806226419516185,0.03822161906271361,0.2857142857143217,0.09090909090909091,2,0.818182,0.0,3,8,0,0,11,1
cagov__caldata-mdsa-caltrans-pems,2024-05-09T09:20:02,d4b22c584dd3877f2ce308857d103ea0bc358b17,Update int_performance__max_capacity.sql,15,12,False,0.6428571428571429,3,0.5587301587301587,0.21368226527104775,0.04773586264439714,0.30573741538161964,0.0,3,0.533333,0.0,3,12,0,0,15,1
cagov__caldata-mdsa-caltrans-pems,2024-06-07T23:04:40,5be0ee4f9a01d3d61071ad4a3fbe1f5168a513a5,Merge branch 'main' of https://github.com/cagov/caldata-mdsa-caltrans-pems into Spatial_and_temporal_aggregation,27,29,False,0.8571428571428571,5,0.5684051398337112,0.050627114102385594,0.007873724804683437,0.6533908408309825,0.1111111111111111,1,1.0,0.0,3,24,0,0,27,1
cagov__caldata-mdsa-caltrans-pems,2024-07-06T01:13:10,3785d83192665660658bbb7c87e5c22a8ba3cfa3,Merge branch 'main' of https://github.com/cagov/caldata-mdsa-caltrans-pems into imputation_hard_code_replacement,40,44,False,0.6428571428571429,7,0.6105704697986577,0.09631461335202812,0.010359046734181903,0.559430726231976,0.2,4,0.875,0.05,9,31,0,0,40,1
cagov__caldata-mdsa-caltrans-pems,2024-08-06T23:19:52,0dadafb5ee49c82158d70677272da2a5abeee27f,removed trailing whitespace,45,50,False,0.8571428571428571,5,0.605119825708061,0.06658993518551164,0.006519955663793244,0.7785156104371508,0.24444444444444444,6,0.777778,0.022222,10,31,4,0,45,1
cagov__caldata-mdsa-caltrans-pems,2024-09-05T21:58:06,ffeacf13d3514ec41a965902d4651f084994966a,fix trailing space,56,61,False,0.9285714285714286,6,0.6596434870244394,0.045565906306421496,0.003926561970296452,0.8247102491153909,0.25,9,0.767857,0.071429,13,32,11,0,56,1
cagov__caldata-mdsa-caltrans-pems,2024-10-04T21:54:52,e94c6dd984b2a8f5973f8894a99ee28ccdcdba1e,Merge pull request #402 from cagov/386-speeds-and-g-factors,60,70,False,0.5714285714285714,6,0.6439393939393939,0.06608449271081468,0.005268933029576799,0.8952438180186291,0.3,8,0.833333,0.066667,13,34,13,0,60,1
cagov__caldata-mdsa-caltrans-pems,2024-11-04T16:10:14,a70e7f5d2745ce7ed0161cb04f84eafa3de8aa90,Merge pull request #461 from cagov/kg-station-level-martmodel,67,85,False,0.6428571428571429,8,0.6497838675475084,0.05902514782940266,0.004112838550021157,0.49772278833150185,0.373134328358209,7,0.865672,0.044776,13,37,17,0,67,1
cagov__caldata-mdsa-caltrans-pems,2024-12-02T21:53:49,66cf3516d007bdc7955fc5ea1b0a4856d73369dd,Change yml file based on Mintu's comment,69,87,False,0.6428571428571429,8,0.6593312680269202,0.059443877990255516,0.004140475478478311,0.5379150419548396,0.36231884057971014,7,0.869565,0.043478,13,37,19,0,69,1
cagov__caldata-mdsa-caltrans-pems,2025-01-02T07:50:32,ea1b09386b2a7c1566cbdf279cd4173a5f1d54a3,update imputation_detector_metrics_agg_five_minutes by removing outliers for flow and occupancy,69,88,False,0.6428571428571429,7,0.6492600260716203,0.05944518506844457,0.0041395625472611395,0.5381785939301061,0.37681159420289856,7,0.869565,0.043478,13,37,19,0,69,1
cagov__caldata-mdsa-caltrans-pems,2025-02-02T03:13:30,754b32536bd418ca45fce6e00bd7e6548d96fce4,Fix the unpivot function for bottlenecks,103,128,False,0.8571428571428571,10,0.7540958737864077,0.018771078474280906,0.0012267714558459352,0.8149644541950734,0.3106796116504854,7,0.912621,0.029126,13,40,50,0,103,1
cagov__caldata-mdsa-caltrans-pems,2025-03-04T19:18:12,9713969fdb217798fef06eeb8ffb2d2290e05aaa,partition weekly data by year,104,129,False,0.9285714285714286,10,0.7578264758497316,0.018236951405522374,0.0011918639334748452,0.8066695101465232,0.3076923076923077,7,0.913462,0.028846,13,40,51,0,104,1
cagov__caldata-mdsa-caltrans-pems,2025-04-03T18:35:05,e78cccfcee68d2c4a7597a254545266549d05285,fix issues,104,129,False,0.9285714285714286,10,0.7578264758497316,0.018236951405522374,0.0011918639334748452,0.8066696975947524,0.3076923076923077,7,0.913462,0.028846,13,40,51,0,104,1
cagov__caldata-mdsa-caltrans-pems,2025-04-07T19:14:27,5cf67293dbc63822c9e3a64cb62e5bee9653e243,trim whitespaces,104,129,False,0.9285714285714286,10,0.7578264758497316,0.018236951405522374,0.0011918639334748452,0.8066696731311623,0.3076923076923077,7,0.913462,0.028846,13,40,51,0,104,1
cagov__caldata-mdsa-caltrans-pems,2025-06-12T09:20:42,50c417fb6b3ee5571eee841519fb6eeff946240f,These tests have seemingly started failing because the uploader script within caltrans has stopped. Nobody is maintainin,104,129,False,0.9285714285714286,10,0.7578264758497316,0.018236951405522374,0.0011918639334748452,0.806669733766328,0.3076923076923077,7,0.913462,0.028846,13,40,51,0,104,1
cagov__caldata-mdsa-caltrans-pems,2025-07-23T12:40:12,4fba72fce96e53bb8ec99eb27895321972fb0827,Linter updates,104,129,False,0.9285714285714286,10,0.7578264758497316,0.018236951405522374,0.0011918639334748452,0.8066696384961077,0.3076923076923077,7,0.913462,0.028846,13,40,51,0,104,1
cagov__caldata-mdsa-caltrans-pems,2025-08-13T13:33:43,3fedb168068a8a8d9baab9d9eba670e373f610d1,fix truncated description and other minor inconsistencies,104,129,False,0.9285714285714286,10,0.7578264758497316,0.018236951405522374,0.0011918639334748452,0.8066702936823628,0.3076923076923077,7,0.913462,0.028846,13,40,51,0,104,1
cagov__data-infrastructure,2022-10-12T18:36:14,98ad153fc45d8eb282ce166b5b88117b73d71702,initializing dbt project :),2,1,True,,,,,,,,1,1.0,0.0,0,0,0,2,2,2
cagov__data-infrastructure,2022-12-22T13:43:28,a884ac8cfa8cc51471f0eb417849ed421d5f9f6e,lint,4,3,True,,,,,,,,1,1.0,0.0,1,2,1,0,4,2
cagov__data-infrastructure,2023-02-02T16:50:08,c15272209a598ee19f99047f2a796ff80c274694,"Don't include ""Renum to"" or ""Moved to"" among active entities.",6,5,False,0.7142857142857143,3,0.6428571428571429,0.38196601125010526,0.08877200286730286,0.19801980198020422,0.0,1,1.0,0.0,2,3,1,0,6,2
cagov__data-infrastructure,2023-04-10T16:04:45,0a44d27efa90ae0c7900fd37e4c4b6575b3d1469,Add frontmatter for dbt docs,6,5,False,0.7142857142857143,3,0.6428571428571429,0.38196601125010526,0.08877200286730286,0.19801980198020103,0.0,1,1.0,0.0,2,3,1,0,6,2
cagov__data-infrastructure,2023-05-10T13:57:45,125e9f3a50103d32d0b9e170591ba3b468b04d3a,"Don't prefix custom schema names with target schema. Instead, we rely on dev/prod separation. If engineers start to step",6,5,False,0.7142857142857143,3,0.6428571428571429,0.38196601125010526,0.08877200286730286,0.19801980198020475,0.0,1,1.0,0.0,2,3,1,0,6,2
cagov__data-infrastructure,2023-05-16T14:04:02,9e369b23f54bad55a0bcb89bee76cbbe22d9c54f,Use PUBLIC schema for temp function rather than fragile schema generation logic.,6,5,False,0.7142857142857143,3,0.6428571428571429,0.38196601125010526,0.08877200286730286,0.1980198019802047,0.0,1,1.0,0.0,2,3,1,0,6,2
cagov__data-infrastructure,2023-06-22T10:57:21,21c63e89aa6e5722e640964fff3d1d3abd47e087,"Remove sqlfmt entirely in favor of sqlfluff. Move configuration into dbt project directories, as that's where dbt cloud ",6,5,False,0.7142857142857143,3,0.6428571428571429,0.38196601125010526,0.08877200286730286,0.19801980198020186,0.0,1,1.0,0.0,2,3,1,0,6,2
cagov__data-infrastructure,2023-09-05T16:10:53,d982dd258688fb36f98bc3a8957fb5915283b8e6,"Be less clever with jinja, explicitly list column names",7,5,False,0.7142857142857143,3,0.6938775510204082,0.38196601125010526,0.08877200286730286,0.19801980198020253,0.0,2,0.857143,0.142857,2,3,2,0,7,2
cagov__data-infrastructure,2023-10-03T15:35:47,73a897282e2ea792e2c6bc27744c4d3d3037e117,Include area in square meters to the building footprint datasets,8,5,False,0.7142857142857143,3,0.7321428571428571,0.38196601125010526,0.08877200286730286,0.19801980198020425,0.0,3,0.75,0.25,2,3,3,0,8,2
cagov__data-infrastructure,2024-01-05T07:21:44,b4f488b0fe9749b8b39de369c9d7801ecbe19354,Tag footprint models,8,5,False,0.7142857142857143,3,0.7321428571428571,0.38196601125010526,0.08877200286730286,0.19801980198020575,0.0,3,0.75,0.25,2,3,3,0,8,2
cagov__data-infrastructure,2024-08-22T10:10:19,11c4357278fb6d65684783c66e08ce1fce83d82f,disable ST03 sqlfluff checks on a few lines,8,5,False,0.7142857142857143,3,0.7321428571428571,0.38196601125010526,0.08877200286730286,0.19801980198020416,0.0,3,0.75,0.25,2,3,3,0,8,2
cagov__data-infrastructure,2024-11-25T21:43:24,e65fe7d8e731029a5d4288f76aee822c24a12b9b,versionless - defining new behavior flags and syntax changes,8,5,False,0.7142857142857143,3,0.7321428571428571,0.38196601125010526,0.08877200286730286,0.1980198019802031,0.0,3,0.75,0.25,2,3,3,0,8,2
cagov__data-infrastructure,2024-12-23T17:16:36,f54c4f15fcf5b9185c1215ec32ead0869ccc5962,Updated TBD's in the description,17,5,False,0.7142857142857143,3,0.8739495798319328,0.3819660112501048,0.08877200286730268,0.1980198019802025,0.0,12,0.352941,0.647059,11,3,3,0,17,2
cagov__data-infrastructure,2025-01-28T14:58:30,026be8599b7aaa13a573828a891f30e16c73f46e,Add some comments,23,15,False,0.7142857142857143,5,0.5652173913043478,0.3819660112501051,0.06125109806824872,0.2370574859740773,0.0,8,0.478261,0.26087,11,8,4,0,23,2
cagov__data-infrastructure,2025-02-14T13:57:18,981bbe0f27a4f2f37262ca78a43796ad1a30a27c,Add some data tests,23,15,False,0.7142857142857143,5,0.5652173913043478,0.3819660112501051,0.06125109806824872,0.4715963458986905,0.0,8,0.478261,0.26087,11,8,4,0,23,2
cagov__data-infrastructure,2025-06-27T15:07:00,1448ec58d2f6c16381b2ef05851b18f0bfa30bb6,Initial migration from poetry to uv,25,17,False,0.7857142857142857,6,0.5344,0.38196601125010443,0.05310554538251289,0.45266058867313563,0.0,8,0.52,0.24,12,9,4,0,25,2
cagov__data-infrastructure,2025-07-14T12:16:56,e9363822a79d2f4781fefa522fd3cc3995b32d15,"Two different approaches to schema validation: one operation that does them in bulk, and one post-hook.",25,17,False,0.7857142857142857,6,0.5344,0.38196601125010443,0.05310554538251289,0.3351707005071463,0.0,8,0.52,0.24,12,9,4,0,25,2
cagov__data-infrastructure,2026-02-19T08:38:54,219d676599f243392d5fda9801db0bed87023491,Hack in agency based on BU code,29,19,False,0.7857142857142857,6,0.5466155810983397,0.3819660112501047,0.05310554538251295,0.3841039550044939,0.0,10,0.448276,0.206897,14,9,6,0,29,2
cagov__data-infrastructure,2026-02-25T08:44:18,7cbf02512e6dad42b1dd8196c95f9ca1248e7844,Fix config bug misapplying incrementality. Disable tests that we can't really rely on in the data.,29,19,False,0.7857142857142857,6,0.5466155810983397,0.3819660112501047,0.05310554538251295,0.3122129345181953,0.0,10,0.448276,0.206897,14,9,6,0,29,2
cal-itp__data-infra,2022-04-26T14:30:03,78551080c61bd8807616f368e41342f4fb9d4425,fix(gtfs schedule): suppress API keys in tables,74,69,False,0.7142857142857143,7,0.790442616529573,0.24257709034662192,0.012681216002802368,0.6668760601828375,0.33783783783783783,30,0.567568,0.364865,0,0,2,72,74,1
cal-itp__data-infra,2022-05-27T12:09:07,189a54d7974046183dec2308e5b8e3c0b925be13,missing comma and updated code descriptions,76,71,False,0.5714285714285714,6,0.7846642468239564,0.24288670467727846,0.012695308747820868,0.7050821854880076,0.34210526315789475,31,0.565789,0.368421,0,0,2,74,76,1
cal-itp__data-infra,2022-06-24T18:25:06,a4959bfe68fecc7298f692fc9f0fdc74ca50cfb9,feat(schedule): track continuous download errors,82,79,False,0.5714285714285714,7,0.7802577082374598,0.24233663576609132,0.012038698390785502,0.7349301091266421,0.3780487804878049,34,0.54878,0.378049,4,0,2,76,82,1
cal-itp__data-infra,2022-07-26T13:15:41,2e2458a74a7b3551c3359c9f35ceb680b701b3f0,Merge pull request #1418 from cal-itp/payments-dbt-migration,151,117,False,0.6428571428571429,5,0.8102763187942452,0.05757518558655902,0.002725247399079222,0.9003311574515629,0.2582781456953642,73,0.410596,0.430464,47,1,24,79,151,1
cal-itp__data-infra,2022-08-22T13:24:57,c5d95b8b2cb99c90fc65ebd5a8e6790dd79442fd,Created new row-level access policy macro and applied it to payments_rides (#1697),152,113,False,0.5714285714285714,7,0.8067966679288149,0.05768470703337503,0.002865581175103748,0.8937735511535903,0.23684210526315788,75,0.401316,0.440789,47,1,26,78,152,1
cal-itp__data-infra,2022-09-23T11:52:03,8b7b24ca280ceae9216d76277a13326ea53f7b61,temporarily add services.gtfs schedule quality column & add associated documentation (#1839),177,178,False,0.7857142857142857,5,0.8334749929170208,0.05419229946812192,0.002496977692013669,0.9420974767587009,0.423728813559322,74,0.497175,0.378531,66,1,30,80,177,1
cal-itp__data-infra,2022-10-14T15:02:37,080c27b978ad8500479fdf2c3f3bda3ebf2e556e,Remaining base tables (#1902),232,235,False,0.7857142857142857,5,0.8327361658921388,0.05419229946812192,0.002496977692013669,0.9420974081995523,0.33189655172413796,74,0.37931,0.288793,92,3,56,81,232,1
cal-itp__data-infra,2022-11-23T12:06:39,f7c3471710e3f02a3e5381d5f7de8b84789a9983,Airtable schema updates (#2011),284,338,False,0.6428571428571429,8,0.8198265758159677,0.05777940677028589,0.0018014034810750485,0.8364336065124056,0.4507042253521127,74,0.390845,0.235915,107,30,66,81,284,1
cal-itp__data-infra,2022-12-21T16:05:48,c2cd3736030179f1769538677ebab54f6c663503,Make fct_schedule_feed_files (#2097),308,393,False,0.8571428571428571,8,0.8120355185201602,0.05611837736734577,0.0016467287441638107,0.8931606454661839,0.5,69,0.464286,0.204545,107,46,74,81,308,1
cal-itp__data-infra,2023-01-20T16:03:43,134063c710e0d1d3e8c03eb3e9d591167bc808ea,switch rt feed presence check to new daily rt url index (#2195),334,418,False,0.9285714285714286,12,0.8024464033873786,0.023806733283236337,0.0006597260957017526,0.8965410610065032,0.41916167664670656,56,0.60479,0.143713,89,73,105,67,334,1
cal-itp__data-infra,2023-02-17T15:24:48,7493b239b6bbe0be9ec650a7f9e27a8f02240f58,Add warehouse overview docs (#2293),375,448,False,0.7857142857142857,12,0.827697904310004,0.02617084172544559,0.001170682690466434,0.9235150483143947,0.44533333333333336,94,0.597333,0.229333,91,96,120,68,375,1
cal-itp__data-infra,2023-03-22T17:12:00,2da1571a74a4959511cd96f25e06b2e51b242a25,Convert array/struct to JSON string in reports index (#2415),390,480,False,1.0,12,0.8369263653435102,0.0381309527067821,0.0016348301625658448,0.8658636195179004,0.47435897435897434,95,0.602564,0.220513,93,104,125,68,390,1
cal-itp__data-infra,2023-04-16T14:48:48,ee575f8807e1e76cd1b0181ff4893f5f31ae96e4,added missing columns from Littlepay authorisations and settlements files to external and staging tables (#2480),401,481,False,0.7142857142857143,11,0.8431954195973076,0.03828069989214243,0.0008499331566235242,0.8742513259048281,0.4463840399002494,99,0.603491,0.224439,104,99,130,68,401,1
cal-itp__data-infra,2023-05-22T10:12:49,0fd78e66c0cbfa40d684b803b7bd47bcf91d4234,Adjust several payments-related tests to account for source data inconsistencies (#2618),392,470,False,0.8571428571428571,11,0.8306401540333405,0.0429094881380596,0.0009527515396737645,0.8538877032418688,0.45408163265306123,100,0.586735,0.227041,106,86,132,68,392,1
cal-itp__data-infra,2023-06-21T07:55:30,27071adcf57ad9c4ed807d19f2bfaedf487f4639,Update `fct_scheduled_service_by_daypart` (#2738),402,479,False,0.7142857142857143,12,0.8306168729781925,0.04263781130404447,0.0009467203550086734,0.8538529513581733,0.4552238805970149,106,0.58209,0.236318,106,88,140,68,402,1
cal-itp__data-infra,2023-07-20T07:54:36,2795018a75f91823b23dd4271b5b521470ed3d61,remove feature filter (#2809),340,386,False,0.7142857142857143,12,0.8347305329702006,0.02886534464207217,0.0006409301688703818,0.9421903008634779,0.4147058823529412,95,0.688235,0.255882,106,92,135,7,340,1
cal-itp__data-infra,2023-08-18T11:30:36,28adb79feb81d04db14338711c8db923db6e6a9e,bug fix: missing `mart_gtfs.fct_daily_scheduled_stops` (#2901),325,369,False,0.8571428571428571,13,0.8456743959522715,0.028908636322461774,0.0006418917661862703,0.9405627063952016,0.4153846153846154,91,0.683077,0.258462,91,93,139,2,325,1
cal-itp__data-infra,2023-09-08T14:51:54,c0e8c294006fc82a52d61fe2dc65294ae93ac6ed,add incomplete variable fares to device transaction types so they will appear in payments rides (#2940),325,369,False,0.8571428571428571,13,0.8456743959522715,0.028908636322461774,0.0006418917661862703,0.9405593384004117,0.4153846153846154,91,0.683077,0.258462,91,93,139,2,325,1
cal-itp__data-infra,2023-10-18T10:44:41,d67905c4b317a17e9526f9dc28835a923668ddb4,Payments: update payments_gtfs_datasets seed to include elavon customer_name (#3024),330,377,False,0.8571428571428571,14,0.8440826119584404,0.028710317307634747,0.0006374882509777439,0.9104743642920279,0.41515151515151516,90,0.690909,0.251515,91,98,139,2,330,1
cal-itp__data-infra,2023-11-15T12:39:36,9cf54de0cdc08be61b9e4cf8bff8754bc404b4cc,Create new table for Mobility Marketplace's new provider map (#3066),340,401,False,0.7857142857142857,13,0.8445258103241297,0.028877349834750564,0.0006411966327626547,0.9497253074751624,0.43823529411764706,88,0.708824,0.241176,91,101,146,2,340,1
cal-itp__data-infra,2023-12-15T09:11:22,ed76474ec9f69ad5e22ede04b06d092b1980b202,fix(dbt): implement airtable column renaming (#3190),360,421,False,0.6428571428571429,14,0.8417015264934684,0.02886679913829012,0.0006409623665643398,0.949784881132584,0.425,92,0.672222,0.233333,99,109,150,2,360,1
cal-itp__data-infra,2024-01-16T11:09:25,de8125e0f4a4fd4ff1f86f18b42f54578464c854,"fix macro, include `fct_elavon_transactions` in row access policy (#3236)",360,421,False,0.6428571428571429,14,0.8417015264934684,0.02886679913829012,0.0006409623665643398,0.9497867500732227,0.425,92,0.672222,0.233333,99,109,150,2,360,1
cal-itp__data-infra,2024-02-02T10:46:12,4aac8ef522f82523e9551240e798d4df0ffcc011,new sql models for service checks,362,423,False,0.6428571428571429,14,0.8409081412228094,0.02886679913829012,0.0006409623665643398,0.9497848568994902,0.42265193370165743,92,0.668508,0.232044,99,110,151,2,362,1
cal-itp__data-infra,2024-03-15T13:46:06,0e047a80d7ea1e2afdf8524e3549552911cbfd6a,Fix primary key for `fct_monthly_route_service_by_timeofday`  (#3302),362,424,False,0.7142857142857143,13,0.8409081412228094,0.02886683450101407,0.0006409631517544596,0.9497831197365516,0.425414364640884,92,0.668508,0.232044,99,110,151,2,362,1
cal-itp__data-infra,2024-04-16T13:10:53,5cb84b990afa12a40e53d0ab88dc6ec1059c8908,Schema version refs correction,365,425,False,0.7142857142857143,13,0.8419604982302559,0.02886683450101407,0.0006409631517544596,0.9497828556607942,0.42191780821917807,94,0.663014,0.232877,100,111,152,2,365,1
cal-itp__data-infra,2024-05-15T14:47:54,9cd7828fd30c6f67d27ee487e89254aaad49d9db,"Updates sqlfluff version and pins dbt-bigquery, Makes minor linting fixes to match rules in new sqlfluff version, Ignore",372,429,False,0.7142857142857143,13,0.8430988894764675,0.02886683450101407,0.0006409631517544596,0.949782872101969,0.41397849462365593,97,0.650538,0.236559,103,115,152,2,372,1
cal-itp__data-infra,2024-06-11T10:59:15,329b92614fbe6a8df6002db5cbd3e740caf89396,feat(dim_organizations): Replaces ntd_id_2022 from calculation to using airtable (#3367),374,430,False,0.7142857142857143,13,0.8436814790276529,0.02886683450101407,0.0006409631517544596,0.9497830314839829,0.4117647058823529,98,0.647059,0.235294,104,115,153,2,374,1
cal-itp__data-infra,2024-07-10T10:23:07,e4852c1f783c121e0f7cf8fcf989f12d385190b1,merge United States issuer_country values (#3393),375,432,False,0.7142857142857143,13,0.8436344579102522,0.02886683450101407,0.0006409631517544596,0.9497829901195127,0.4106666666666667,97,0.645333,0.234667,104,116,153,2,375,1
cal-itp__data-infra,2024-08-02T16:19:11,fd71594f3a59cc7fa44e2a128a45b034cfd090a7,fix(fct_transit_data_quality_issues): removes duplicate issues created due to unnesting by only selecting first dataset ,375,432,False,0.7142857142857143,13,0.8436344579102522,0.02886683450101407,0.0006409631517544596,0.949783060529863,0.4106666666666667,97,0.645333,0.234667,104,116,153,2,375,1
cal-itp__data-infra,2024-09-05T19:04:15,a469beefc83c161442900bdc6e65e05e6e0fb79e,Correcting a mistake in private dataset description in yml file!,378,437,False,0.7142857142857143,12,0.8442334847479542,0.028841453767854176,0.0006403995605161616,0.9498210316855258,0.4126984126984127,97,0.648148,0.232804,104,118,154,2,378,1
cal-itp__data-infra,2024-10-10T18:13:38,609693433b5e6bb73907058f83f2abdcab570543,"Add validation and move ROUND at the end of calculation to fix division by zero error on NTD Validation Service Check, a",421,437,False,0.5,13,0.8619659607224951,0.02884523188568129,0.0006404834503360554,0.9509973957850952,0.3657957244655582,138,0.586698,0.304038,144,118,157,2,421,1
cal-itp__data-infra,2024-10-31T13:50:37,abdedec9a8390e80b875d0d5c763499b6b155759,Remove annual_database_service models and manual scrape process.,423,439,False,0.6428571428571429,13,0.8622689394026025,0.028842099710491283,0.0006404139030804835,0.9511077386752388,0.3640661938534279,138,0.586288,0.295508,143,118,160,2,423,1
cal-itp__data-infra,2024-12-10T17:49:54,c5ec441e29c45f98752625d99f57f90691a0fbad,Add exception_type to generate_surrogate_key in order to _gtfs_key on dim_calendar_dates become unique.,454,474,False,0.6428571428571429,13,0.8639432369864245,0.028842099710491283,0.0006404139030804835,0.9511076813883108,0.3392070484581498,134,0.546256,0.202643,140,118,194,2,454,1
cal-itp__data-infra,2024-12-26T15:24:46,b70cfb520e14c97ebf29bff38d66a4937adc81d3,Remove extra NTD test from fct_annual_service_modes erroring because of null values,477,490,False,0.6428571428571429,13,0.8665424235652183,0.028842099710491283,0.0006404139030804835,0.9511077802613684,0.3228511530398323,141,0.519916,0.174004,147,118,210,2,477,1
cal-itp__data-infra,2025-02-07T12:35:12,c053a4e2f7e82fe81adb2c4179b8bb51768c119f,Fix NTD nonmajor_safety_and_security_events data type errors,562,520,False,0.42857142857142855,14,0.8795989125019826,0.028838872229636103,0.0006403422396567694,0.9512347531996189,0.27402135231316727,196,0.44306,0.19395,176,144,240,2,562,1
cal-itp__data-infra,2025-03-11T07:47:12,fc91786319b84979b2e25294a9ce210a5fb1466f,"Adding rtpa and mpo to stg, int, mart dim_organizations",561,521,False,0.8571428571428571,15,0.8793123500112946,0.02882110917489965,0.000639947826374097,0.9513382145905578,0.27450980392156865,194,0.449198,0.194296,175,144,240,2,561,1
cal-itp__data-infra,2025-04-02T16:46:05,a32700563fcb4d2f71501d5742c2a2dc00a81ac1,Fix dt error on fct_vehicle_locations_grouped (#3806),582,544,False,0.7857142857142857,15,0.866855695040873,0.028681399354540647,0.0006368456905282469,0.951792959319617,0.2697594501718213,195,0.463918,0.187285,186,154,240,2,582,1
cal-itp__data-infra,2025-05-06T19:50:00,84967cebf82d63c6f5ffc7a7156579dd4f08ed1e,Update warehouse/models/mart/transit_database/_mart_transit_database.yml,599,643,False,0.7142857142857143,13,0.8753041244451346,0.018349725181679603,0.00020848820466579123,0.6799638869796837,0.27212020033388984,119,0.737896,0.180301,194,155,248,2,599,1
cal-itp__data-infra,2025-06-02T18:35:59,5537dcae9797405218a4d47c43c74b3f69c0b8bf,NTD: mart table usability and testing (#3909),606,642,False,0.7142857142857143,13,0.8737036288662879,0.009163220362533286,0.00012214936846525996,0.9262976948904548,0.26732673267326734,126,0.729373,0.189769,194,164,246,2,606,1
cal-itp__data-infra,2025-07-09T15:29:37,f01dace35859a024d2e98e0c534a6cffedafc7cc,Add derived vehicle position trip metrics  (#3997),612,655,False,0.7857142857142857,15,0.8745054236445915,0.009070275542214751,0.00012091037707851481,0.928467216527253,0.27450980392156865,125,0.73366,0.186275,193,166,251,2,612,1
cal-itp__data-infra,2025-08-06T16:33:08,054525ec810ac450a78c8f3d7087ef92197a2df9,Re-Productionizing trip update trip summaries (#4168),611,651,False,0.7857142857142857,14,0.8749833196163476,0.009110864711465919,0.00012145144683285923,0.9275972854232714,0.27168576104746317,126,0.729951,0.186579,194,166,249,2,611,1
cal-itp__data-infra,2025-09-04T20:35:03,5009acdb013375bc3be8fed70c4eb7760506cb09,Payments: expose authorizations table as mart (#4238),619,663,False,0.7857142857142857,13,0.8745776372919726,0.009054874330801693,0.00012070507270903224,0.9292288615794433,0.2762520193861066,127,0.73021,0.184168,195,167,255,2,619,1
cal-itp__data-infra,2025-10-01T13:06:51,8abc49c05e03e0dbaabba416d98164b05d2e18aa,Define Timestamp and Float columns to Kuba device external table and remove conversion on staging view (#4360),621,664,False,0.7857142857142857,13,0.8749429000431693,0.009054798474529198,0.00012070363400542048,0.9261210811450965,0.27375201288244766,127,0.731079,0.183575,196,167,256,2,621,1
cal-itp__data-infra,2025-11-05T14:39:42,b7e20f4932e7c70675bbaa84862c068c1af94178,feat: Extract and materialize new properties from Benefits events (#4443),597,647,False,0.7857142857142857,13,0.8716544470988824,0.00904415468398216,0.00012056514640596062,0.9551471583343517,0.2948073701842546,126,0.731993,0.190955,187,162,246,2,597,1
cal-itp__data-infra,2025-12-05T10:19:32,28cb3f27bdacc08ae079c67c74d4875b97a8b79f,GTFS schedule + RT operator summary (#4558),605,662,False,0.6428571428571429,12,0.8706356221930772,0.008927888631041195,0.00011901491607859508,0.9552530173525935,0.30247933884297523,126,0.735537,0.18843,189,162,252,2,605,1
cal-itp__data-infra,2026-01-06T13:19:33,b111f6f57016282d0e334012d932160f50846baa,payments: warehouse staging and source tables for enghouse data (#4122),616,664,False,0.7142857142857143,12,0.8732574734736408,0.009184436515948738,0.00012243487619131895,0.956611458646806,0.2987012987012987,136,0.724026,0.201299,193,163,258,2,616,1
cal-itp__data-infra,2026-02-03T10:20:18,77567553a13f1930019c92f798466cb8545fd8d2,Payments (enghouse): mart and reliability table revisions (#4750),623,675,False,0.7142857142857143,14,0.8730364950002597,0.009076407271483282,0.0001209947717354061,0.9582388542742494,0.2969502407704655,133,0.731942,0.194222,193,164,264,2,623,1
cal-itp__data-infra,2026-03-04T11:25:55,a0b89bf67732ea5d138d1ee2544ed006b6705cb1,feat: microbatch strategy for dim stop arrivals (#4783) (#4863),625,687,False,0.7142857142857143,13,0.8729489847224908,0.009118310787128383,0.00012155337442431933,0.9601110719982631,0.312,133,0.7328,0.1936,193,165,265,2,625,1
cal-itp__data-infra,2026-04-03T18:35:28,84b701885a815188e682d2de3e94ee4472c7ca75,Staging/airtable expiring issues (#5037),630,745,False,0.7857142857142857,14,0.8675242374862147,0.008767067417649616,0.00011687105795133835,0.967868171206937,0.33650793650793653,97,0.792063,0.134921,193,167,268,2,630,1
cal-itp__data-infra,2026-05-06T12:00:39,d40bdf16c56695956f1f30c4166caa88f53c5ea7,Resolve deprecated syntax warnings when running dbt commands (#5103),629,750,False,0.5714285714285714,11,0.8662728100930348,0.008806916716087769,0.0001174022765954521,0.9679858144103111,0.3481717011128776,98,0.790143,0.136725,193,167,267,2,629,1
cal-itp__data-infra,2026-06-04T17:02:27,8d30bc269c695113caeedeaa8034c08c28ad098b,Fix(Payments): Filter `DELETED` Littlepay Micropayments from Downstream Tables (#5344),635,759,False,0.7142857142857143,11,0.8668519580747771,0.008784686282457928,0.00011710592957617298,0.9686207265393699,0.352755905511811,100,0.788976,0.138583,193,168,272,2,635,1
cal-itp__data-infra,2026-07-03T16:23:37,ecfb7977e78fc4d95afc7feb04de6323f2504b6f,feat(dbt): add payment device mapping models (#5518),643,776,False,0.7142857142857143,13,0.8665249411976402,0.008727635294591425,0.00011634539944460388,0.968174182773486,0.36391912908242613,101,0.785381,0.136858,196,170,275,2,643,1
cal-itp__data-infra,2026-07-27T16:27:02,e636f6e2491797c773753b1999e32ddb9687349c,fix(payments): all datetimes  in fct_payments_aggregations are typed as datetimes (#5582) (#5583),620,740,False,0.8571428571428571,13,0.8575468483816013,0.011783056750803747,0.00024035442561390024,0.9708956058788205,0.36129032258064514,104,0.730645,0.141935,196,171,251,2,620,1
ccao-data__data-architecture,2023-08-25T13:16:36,1a4424a27a49c51e6ca542f71f13fbc104e3b544,Add conditional uniqueness tests for iasWorld tables (#98),27,0,False,,,0.0,0.0,0.0,0.0,0.0,27,0.037037,1.0,0,0,7,20,27,1
ccao-data__data-architecture,2023-09-21T09:52:14,8d63ade94d5859cd5e1a7a12a92d0ccfe537bf0f,Bump thresholds for `vw_pin_appeal` and `vw_pin_sale` tests that are failing (#139),56,0,False,,,0.0,0.0,0.0,0.0,0.0,56,0.017857,1.0,0,0,7,49,56,1
ccao-data__data-architecture,2023-10-25T12:26:05,37d202f8abb74fe7ffec25e8a976a3939a422d28,Add shared / updated column documentation to default views (#168),60,0,False,,,0.0,0.0,0.0,0.0,0.0,60,0.016667,1.0,0,0,7,53,60,1
ccao-data__data-architecture,2023-11-24T10:48:31,2b80ea9f4155ce3acb462ac9ac3d8da7a7a46eba,Fix where clause logic to deactivate PINs (#246),61,0,False,,,0.0,0.0,0.0,0.0,0.0,61,0.016393,1.0,0,0,7,54,61,1
ccao-data__data-architecture,2023-12-14T15:35:22,cf834aea6695a25e94ea78f152c368fb51cf5f66,Add dbt tests to sale model (#268),74,0,False,,,0.0,0.0,0.0,0.0,0.0,74,0.013514,1.0,0,0,7,67,74,1
ccao-data__data-architecture,2024-01-22T12:50:13,e6815b1317f8526723adb4d2fb581845fc6eb4cf,Create distance to vacant land feature (#295),78,0,False,,,0.0,0.0,0.0,0.0,0.0,78,0.012821,1.0,0,0,7,71,78,1
ccao-data__data-architecture,2024-02-13T15:51:23,ad14e3b7cfcf47411a7a28ee269d268c1db49a1c,Lower freshness thresholds for CVLEG table,79,0,False,,,0.0,0.0,0.0,0.0,0.0,79,0.012658,1.0,0,0,7,72,79,1
ccao-data__data-architecture,2024-03-20T13:29:00,e56518dd22b45d88d9803829541788856f62bbcf,Add descriptions and selected columns for all non failing tests (#351),78,0,False,,,0.0,0.0,0.0,0.0,0.0,78,0.012821,1.0,0,0,7,71,78,1
ccao-data__data-architecture,2024-04-19T17:08:10,e313087555fa3afebd91e16445640947175a1570, Update class code cleaning to allow new omitted assessment class codes (#353),80,0,False,,,0.0,0.0,0.0,0.0,0.0,80,0.0125,1.0,0,0,9,71,80,1
ccao-data__data-architecture,2024-05-21T17:09:07,a45a1d012b40f678a659d417eed50f76fcd4021d,Add `expression_is_false` dbt test macro (#464),79,0,False,,,0.0,0.0,0.0,0.0,0.0,79,0.012658,1.0,0,0,11,68,79,1
ccao-data__data-architecture,2024-06-20T15:05:32,724036cd0c3cc0877df89581a1e38f59a7dfc550,Add proximity to grocery store feature (#512),81,0,False,,,0.0,0.0,0.0,0.0,0.0,81,0.012346,1.0,0,0,11,70,81,1
ccao-data__data-architecture,2024-07-18T09:15:02,771eab2545f3e1d1ab9f763f5521654076fb7fe2,Fix asset names without dbt syntax in `qc.vw_change_in_ahsap_values.sql` (#550),86,0,False,,,0.0,0.0,0.0,0.0,0.0,86,0.011628,1.0,0,0,11,75,86,1
ccao-data__data-architecture,2024-08-19T11:34:17,348d7ec4a9b3c7e819908787050ac70cbe9d70f1,Rename tag for iasWorld data tests and refactor script to run tests (#571),102,0,False,,,0.0,0.0,0.0,0.0,0.0,102,0.009804,1.0,0,0,11,91,102,1
ccao-data__data-architecture,2024-09-18T14:46:15,d19deddd163de7e5302daada09b8f882cd81bd1e,Update mode calculation for `res_report_summary` view (#604),105,0,False,,,0.0,0.0,0.0,0.0,0.0,105,0.009524,1.0,0,0,12,93,105,1
ccao-data__data-architecture,2024-10-04T13:16:18,5445b63e83234bf047ae3c7beb4cb60b8335c6f9,Add homeowner exemption legacy extract to data lake (#611),105,0,False,,,0.0,0.0,0.0,0.0,0.0,105,0.009524,1.0,0,0,12,93,105,1
ccao-data__data-architecture,2024-11-15T14:40:21,e755ada923fa08df41f1d50ae60160d847408865,Rename permit job code fields to better align with iasWorld (#643),109,0,False,,,0.0,0.0,0.0,0.0,0.0,109,0.009174,1.0,0,0,13,96,109,1
ccao-data__data-architecture,2024-12-11T15:26:11,96b6babacff05821eedceb79640e2576924f2214,Merge pull request #669 from ccao-data/jeancochrane/materialized-model-shared-input-view,115,0,False,,,0.0,0.0,0.0,0.0,0.0,115,0.008696,1.0,0,0,15,100,115,1
ccao-data__data-architecture,2025-01-14T22:20:58,12c84ee7be082ef8c2eb64df911b02a783b97432,Ensure sales view row id is string,132,0,False,,,0.0,0.0,0.0,0.0,0.0,132,0.007576,1.0,0,0,15,117,132,1
ccao-data__data-architecture,2025-02-13T13:20:08,d76db0bd415d8f64189d9b3921f5aa3f73f316c1,Add assessable permits flag to `vw_pin_status` view (#733),133,0,False,,,0.0,0.0,0.0,0.0,0.0,133,0.007519,1.0,0,0,15,118,133,1
ccao-data__data-architecture,2025-03-17T13:09:57,920cc832e0ed205b28664b3ff010e80f7575356a,Tweak some dbt docs for uniqueness based on a review of our models (#771),133,0,False,,,0.0,0.0,0.0,0.0,0.0,133,0.007519,1.0,0,0,15,118,133,1
ccao-data__data-architecture,2025-04-16T11:25:27,d4a57a97056cc3d534a10141829d90058f191f37,Disable PRB test for pre-mailed values (#791),133,0,False,,,0.0,0.0,0.0,0.0,0.0,133,0.007519,1.0,0,0,15,118,133,1
ccao-data__data-architecture,2025-05-13T15:26:34,87e8009430799ffdb113feb66bc907ef1979f2d8,Test open data row deletion fix (#807),135,0,False,,,0.0,0.0,0.0,0.0,0.0,135,0.007407,1.0,0,0,15,120,135,1
ccao-data__data-architecture,2025-06-12T15:00:09,993029c59e6d59348caf56a76a3b54ae9a244771,Add 2019 and 2020 model values to data lake (#840),135,0,False,,,0.0,0.0,0.0,0.0,0.0,135,0.007407,1.0,0,0,15,120,135,1
ccao-data__data-architecture,2025-07-16T12:24:22,cd29d68adc6be0ebaf0b8af142482b4d55399001,800 fix geometry aggregation rounding bug in dist to nearest geometry macro (#846),135,0,False,,,0.0,0.0,0.0,0.0,0.0,135,0.007407,1.0,0,0,15,120,135,1
ccao-data__data-architecture,2025-08-11T15:15:18,ba3fa4b4abd60a69a56ecd72d05f25fbdddfade4,Add SHAPs to `pinval.vw_assessment_card` so that we can compute feature weights (#875),135,0,False,,,0.0,0.0,0.0,0.0,0.0,135,0.007407,1.0,0,0,15,120,135,1
ccao-data__data-architecture,2025-09-10T16:15:00,16cb39e5be97d3af3f10ff341b44b36f259808db,Add proration data to pinval assessment pin (#898),136,0,False,,,0.0,0.0,0.0,0.0,0.0,136,0.007353,1.0,0,0,16,120,136,1
ccao-data__data-architecture,2025-09-25T09:39:32,a0cf79c12c9fe8a556cda12189395cb8d2573333,Municipality/community area reporting shapefile (#881),136,0,False,,,0.0,0.0,0.0,0.0,0.0,136,0.007353,1.0,0,0,16,120,136,1
ccao-data__data-architecture,2025-11-13T14:30:48,32cc923654b06baf0181843421b72a456259af91,Add TY2024 exemption data (#902),139,0,False,,,0.0,0.0,0.0,0.0,0.0,139,0.007194,1.0,0,0,16,123,139,1
ccao-data__data-architecture,2025-12-11T10:29:11,a17e73f86db9a2bd9523cae2e7493d96f98be900,Invoke `exadmn.exstat` column for exemption views (#940),139,0,False,,,0.0,0.0,0.0,0.0,0.0,139,0.007194,1.0,0,0,16,123,139,1
ccao-data__data-architecture,2026-01-09T15:29:05,bd588cf45863025f26e6d9f93d9665de27090e1a,Add manual sale override integration to existing sales validation  (#949),139,0,False,,,0.0,0.0,0.0,0.0,0.0,139,0.007194,1.0,0,0,16,123,139,1
ccao-data__data-architecture,2026-02-05T13:35:41,77a92f88e9fad16fa293875514f327b59f638738,Add data tests to ensure neighborhood + tax code prefixes match township code (#983),142,0,False,,,0.0,0.0,0.0,0.0,0.0,142,0.007042,1.0,0,0,16,126,142,1
ccao-data__data-architecture,2026-03-10T13:17:02,920965f32a5af6066ecb2ce7bd3b74a341bb5c31,Add ETL script for legacy CofE export from the AS400 (#938),142,0,False,,,0.0,0.0,0.0,0.0,0.0,142,0.007042,1.0,0,0,16,126,142,1
ccao-data__data-architecture,2026-03-30T16:14:59,5dcb6dc79b42ae1bc4a834bcd28ea851e525256f,"Revert ""Move HIE counts to res model view (#995)"" (#1009)",142,0,False,,,0.0,0.0,0.0,0.0,0.0,142,0.007042,1.0,0,0,16,126,142,1
ccao-data__data-architecture,2026-05-06T12:35:55,c2e265660b58a601d454d8dfa7d9e396b4cc7814,Update `tax` docs and tests for 2024 PTAXSIM changes (#1029),143,0,False,,,0.0,0.0,0.0,0.0,0.0,143,0.006993,1.0,0,0,16,127,143,1
ccao-data__data-architecture,2026-06-09T10:21:15,a7abe84eefe63ad674522af68f89dd0db38b2c0b,Fix failing data integrity tests (#1046),143,0,False,,,0.0,0.0,0.0,0.0,0.0,143,0.006993,1.0,0,0,16,127,143,1
ccao-data__data-architecture,2026-07-10T10:48:57,a2b93c20a4b40936c252073be5db41117eb5af9b,Add docs and uniqueness test for new `model.train_card` table (#1069),144,0,False,,,0.0,0.0,0.0,0.0,0.0,144,0.006944,1.0,0,0,16,128,144,1
ccao-data__data-architecture,2026-08-04T13:33:41,3bad3e51fd5affdad019ece89e33d230791e052e,Edit assets for final model edit and homeval updates (#1079),145,0,False,,,0.0,0.0,0.0,0.0,0.0,145,0.006897,1.0,0,0,16,129,145,1
chienazazaz__sado_analytics_services,2023-12-08T16:43:08,7e81a01e6fad39adf92c85e8d6281afda1cbd0e7,fix: pancake staging models,137,103,False,0.7857142857142857,6,0.665892501658925,0.043032176539249914,0.005128905931903339,0.6804551388803072,0.08029197080291971,45,0.350365,0.167883,111,1,23,2,137,1
chienazazaz__sado_analytics_services,2024-01-06T16:35:38,b9691d9ff1679fbe59fa97cdca4732471f92729b,feat: documentation,148,113,False,0.8571428571428571,6,0.6566129959746981,0.04271328037174007,0.005090590439769684,0.6881538963563782,0.07432432432432433,46,0.331081,0.128378,117,1,27,3,148,1
chienazazaz__sado_analytics_services,2024-02-06T08:57:01,715c075be3d2becd5821184cd60af343f913e45f,fix: null pic,150,122,False,0.8571428571428571,7,0.6779328165374677,0.04167809378856964,0.004964966670761291,0.7512991954012733,0.10666666666666667,44,0.36,0.12,116,1,30,3,150,1
chienazazaz__sado_analytics_services,2024-03-07T15:58:44,81163e2848eb1431c709424a11f5b8457ba632d7,feat: add return_from_order_id,147,119,False,0.7142857142857143,6,0.7084997700147675,0.04783385494929898,0.005667690373135865,0.7588667426058396,0.12244897959183673,46,0.346939,0.14966,109,3,32,3,147,1
chienazazaz__sado_analytics_services,2024-04-05T15:31:54,cee5cf3cb3eb2f3b9eaa74092f5ac10b4e6b1eb5,feat: rfm_movement incremental strategy,147,124,False,0.7142857142857143,6,0.706897328467811,0.10152036359939723,0.011985879310144396,0.7693299465997233,0.1564625850340136,46,0.380952,0.156463,107,3,34,3,147,1
chienazazaz__sado_analytics_services,2024-05-06T10:17:17,42379cf1ec1e825581fb2186ce28c98908d89deb,feat: inventory items,151,131,False,0.7857142857142857,5,0.7179209311659642,0.10268661597010573,0.012093548732436671,0.7653781689813791,0.15894039735099338,44,0.370861,0.13245,99,2,47,3,151,1
chienazazaz__sado_analytics_services,2024-06-05T17:11:18,a0d59a3624b5f050a41d7362d80a0c954eb71a54,feat: metrics,167,143,False,0.8571428571428571,6,0.7344987444465907,0.05574178342295238,0.005373275727269461,0.8369264796848891,0.16766467065868262,52,0.407186,0.173653,106,5,53,3,167,1
chienazazaz__sado_analytics_services,2024-07-05T17:20:04,893fda201559cafc3f9853f374a586c97c0d8b24,fix: sms pipeline,178,147,False,0.8571428571428571,8,0.7632581508986004,0.05639862586879932,0.004253183437270359,0.845035167649854,0.16853932584269662,61,0.393258,0.213483,106,5,64,3,178,1
chienazazaz__sado_analytics_services,2024-07-16T16:20:37,27c4b74f5153f1aba1aa6adb6d6e9e8440dd280e,feat: contents staging model,173,140,False,0.6428571428571429,8,0.7726933489427087,0.08819877263467421,0.006651324465974191,0.7349774253489866,0.17341040462427745,63,0.381503,0.248555,101,5,64,3,173,1
chienazazaz__sado_analytics_services,2024-08-26T16:47:35,436fa552535303b9608170c63f3f3ecceb0a543d,feat: metrics,180,143,False,0.6428571428571429,8,0.7742951907131012,0.07614597020825113,0.005742387209910403,0.804820898329395,0.16666666666666666,67,0.372222,0.25,105,5,67,3,180,1
chienazazaz__sado_analytics_services,2024-10-03T11:34:54,a4eb213ae7cdb1af84f3aed20c8b056a9367d1e3,feat: metrics & fields,187,149,False,0.7142857142857143,8,0.7741809874876694,0.053031229914793164,0.003988868761521112,0.8279975658658804,0.1657754010695187,69,0.390374,0.245989,108,6,70,3,187,1
chienazazaz__sado_analytics_services,2024-11-01T16:32:58,6ec35872fe04256c337e07fa18eaf1984c4cd88b,feat: fix class_code,193,159,False,0.5714285714285714,8,0.7837627939863917,0.028344459588906898,0.001752695723985877,0.8953347134397652,0.17616580310880828,68,0.440415,0.243523,111,6,73,3,193,1
chienazazaz__sado_analytics_services,2024-12-02T18:05:02,32c6f7ba1919c97104cddde290a492214c124019,feat: revenue_items,202,175,False,0.7142857142857143,9,0.7769970545441641,0.027820492269333037,0.0017192606592307722,0.9036411216584606,0.19306930693069307,66,0.480198,0.227723,113,12,74,3,202,1
chienazazaz__sado_analytics_services,2024-12-12T10:55:52,7c05944a5558ce5533b05f86f530f8ca4571d73b,-f,202,175,False,0.7142857142857143,9,0.7769970545441641,0.027820492269333037,0.0017192606592307722,0.9036419683722349,0.19306930693069307,66,0.480198,0.227723,113,12,74,3,202,1
chienazazaz__sado_analytics_services,2025-01-22T14:46:09,c5296bce5b6b94a2ab5782230a5d6d22e6a1be0f,feat: metrics,205,177,False,0.7142857142857143,9,0.7772822299651568,0.027820492269333037,0.0017192606592307722,0.9036420281769969,0.1902439024390244,67,0.473171,0.22439,115,12,75,3,205,1
chienazazaz__sado_analytics_services,2025-02-17T11:55:02,8e17920931ab6d43f22a4b7f75d282aa45fcbb47,feat: extend incremental range fb pipeline,209,181,False,0.7142857142857143,10,0.7800136224888792,0.02777726404081611,0.0017165807047737924,0.9041642139208245,0.19138755980861244,68,0.4689,0.22488,117,12,77,3,209,1
coderxio__sagerx,2023-03-02T03:16:51,9a0abad11a4aac8686aa101ad830116f4e97b9a9,Add labeler to scorecard mart,36,51,False,0.6428571428571429,4,0.6650326797385621,0.12289002108944519,0.010424937480048108,0.7471899845928867,0.6666666666666666,9,0.777778,0.222222,24,11,1,0,36,1
coderxio__sagerx,2023-03-10T03:00:53,970e41d63bfeecdc8a22383374fc7f78cc39132d,Update NADAC dbt.,33,45,False,0.6428571428571429,4,0.7232323232323232,0.5141196196434115,0.043868193726428646,0.7062506225805848,0.696969696969697,11,0.545455,0.242424,23,10,0,0,33,1
coderxio__sagerx,2023-04-24T20:05:57,ce1ff6aac0f4746952aee77ca157e2c88d6331eb,Add PIN to intermediate view,33,46,False,0.6428571428571429,4,0.7101449275362319,0.4867464806461117,0.03794439187968541,0.6511157745758519,0.696969696969697,10,0.606061,0.242424,23,10,0,0,33,1
coderxio__sagerx,2023-05-02T20:24:53,0c663627168c515a6b0869cee631e5457bde2707,Merge pull request #188 from coderxio/jrlegrand/rxnorm-pin,38,53,False,0.5714285714285714,4,0.6529294935451837,0.11809160956985694,0.009186658376192872,0.7556055668748389,0.631578947368421,9,0.789474,0.210526,26,11,1,0,38,1
coderxio__sagerx,2023-09-25T21:29:02,c5ad41148b26db6aacd65a514bc746c4ed348ff7,Create intermediate table,40,58,False,0.6428571428571429,5,0.6483333333333333,0.11839303929949607,0.009124119718074544,0.7885586868141278,0.675,9,0.8,0.2,27,12,1,0,40,1
coderxio__sagerx,2023-11-27T16:20:42,722de0ae6ec30450e52bf3ef3de50158f311ad49,Remove ATC codes to NDCs,40,54,False,0.5714285714285714,4,0.6555555555555556,0.11809160956985694,0.009186658376192872,0.755605469141647,0.6,10,0.75,0.2,27,12,1,0,40,1
coderxio__sagerx,2023-12-03T14:48:49,9382ef30ea2b2506bf118eaec66ce0b4b92a7d10,Merge pull request #221 from coderxio/jrlegrand/atc_rxnorm,45,58,False,0.6428571428571429,5,0.6672086720867209,0.0919214094101227,0.007150803294061564,0.7075123174893525,0.5333333333333333,11,0.755556,0.2,30,14,1,0,45,1
coderxio__sagerx,2024-01-26T14:06:48,dafbd7052efd47b18e4121155e934bfbe195f3c7,Create better FDA description,58,68,False,0.8571428571428571,5,0.7000718390804598,0.12137966966208037,0.009441054623919864,0.5487327382604517,0.4827586206896552,18,0.672414,0.258621,40,15,3,0,58,1
coderxio__sagerx,2024-02-07T14:30:00,047c037fe97ee45f8189c6f02a93caf6744e73f8,Document classification model,60,71,False,0.6428571428571429,4,0.6971380471380472,0.1095558251857505,0.008520700060315689,0.5439010158462196,0.48333333333333334,18,0.683333,0.25,42,13,5,0,60,1
coderxio__sagerx,2024-03-22T14:05:31,1d7dc3fe12dd57ac9fbe2d966ae53f64ced74181,rxnorm historical,60,71,False,0.6428571428571429,4,0.6971380471380472,0.1095558251857505,0.008520700060315689,0.5439010569513065,0.48333333333333334,18,0.683333,0.25,42,13,5,0,60,1
coderxio__sagerx,2024-04-07T21:37:00,5edc12a3210b5a03e90168529d1d79eaf6532f6e,"added ndc_convert macro, changed the files to use macro over sql function",60,71,False,0.6428571428571429,4,0.6971380471380472,0.1095558251857505,0.008520700060315689,0.5439069431749012,0.48333333333333334,18,0.683333,0.25,42,13,5,0,60,1
coderxio__sagerx,2024-05-15T14:51:16,0ef208fc2590762f4957496e8a87b1ed9e28bfd1,Inner outer regex,63,76,False,0.5,4,0.6944086944086945,0.10866036616710491,0.008451036390543886,0.505680809330473,0.49206349206349204,18,0.698413,0.238095,42,16,5,0,63,1
coderxio__sagerx,2024-06-13T21:36:57,da7459ed2754e12a150d1116d548806d78172c55,UNII work,65,81,False,0.7142857142857143,5,0.7086614173228346,0.09765147809652415,0.007518026863932045,0.5048135902764043,0.5230769230769231,18,0.707692,0.230769,44,13,8,0,65,1
coderxio__sagerx,2024-07-22T23:12:45,dfb24889729117066ddaf1a8a8e6f2cf60992bcd,Simple dbt stg model,66,81,False,0.7142857142857143,5,0.7182306940371457,0.09490668961376535,0.007306730002597836,0.5981016066549011,0.5151515151515151,19,0.69697,0.242424,45,13,8,0,66,1
coderxio__sagerx,2024-08-15T22:47:45,4b3173e4e98722b8c10039743f4b8f3c6d339a50,Add all unordered lists from ASHP shortage descriptions,67,81,False,0.7142857142857143,5,0.722436206066442,0.09490668961376535,0.007306730002597836,0.5980969633312055,0.5074626865671642,20,0.686567,0.253731,46,13,8,0,67,1
coderxio__sagerx,2024-09-21T04:31:26,f16b9665271b8663ff2a2824dcc8a58c9f747929,Fix image NDC issue,81,92,False,0.7142857142857143,5,0.7165747307591279,0.09490668961376535,0.007306730002597836,0.5980971791638355,0.43209876543209874,24,0.567901,0.234568,54,18,9,0,81,1
coderxio__sagerx,2024-10-21T22:35:04,54cc08c720207c478f459ef6e3b3b36086a339d6,NDC to 11 work,63,76,False,0.5,4,0.6944086944086945,0.10866036616710491,0.008451036390543886,0.5056749993190253,0.49206349206349204,18,0.698413,0.238095,42,16,5,0,63,1
coderxio__sagerx,2024-11-12T05:49:54,4eb70a5dd534043dde220275c8cad5ab52de47a1,Create mart,64,77,False,0.7857142857142857,4,0.7009510869565218,0.10795499546335545,0.008396175902530386,0.484444465201144,0.484375,18,0.703125,0.234375,42,16,6,0,64,1
coderxio__sagerx,2024-12-07T06:30:50,a5d3c5b87a660f588c870a7a94af9f5c9a1e891d,Create gtins mart,85,97,False,0.5,6,0.7012364181341326,0.0947862236652102,0.007297414141582438,0.6007652845183926,0.43529411764705883,25,0.552941,0.235294,56,19,10,0,85,1
coderxio__sagerx,2025-01-15T23:48:36,9feb666d3bf7faf3169b37ba11bba4d1ac629c67,Merge pull request #349 from coderxio/jrlegrand/gtin,92,106,False,0.6428571428571429,5,0.7108938547486033,0.09360475377746609,0.007202351567354169,0.6395369956124989,0.43478260869565216,26,0.565217,0.217391,57,22,13,0,92,1
coderxio__sagerx,2025-02-05T21:59:43,9ebb13c315c1a3663861f7edb983c03c93f2c0fc,sagerx-325 Parse full description from ASHP shortage detail page,122,106,False,0.7142857142857143,5,0.7819855298104222,0.09360475377746459,0.007202351567354044,0.6395374044499231,0.32786885245901637,56,0.42623,0.409836,83,26,13,0,122,1
coderxio__sagerx,2025-03-17T03:29:38,2b4a8354c4ebd47be64eae1a50ce0192b37dac00,Temp fix to pack size bug,122,106,False,0.7142857142857143,5,0.7819855298104222,0.09360475377746459,0.007202351567354044,0.6395333986351321,0.32786885245901637,56,0.42623,0.409836,83,26,13,0,122,1
coderxio__sagerx,2025-04-13T04:57:48,ab84c1a6e6438bb8eaa2768510246c778606ffa9,Create int models,104,120,False,0.6428571428571429,5,0.6884785568413887,0.09346132996484781,0.0067134896554525035,0.8986644762817025,0.4519230769230769,31,0.557692,0.240385,58,32,14,0,104,1
coderxio__sagerx,2025-05-20T03:05:11,7a75e2175fcde4593b8b63b544a96e26da67a53d,Update model docs,106,122,False,0.6428571428571429,5,0.6857387895123744,0.09346132996484781,0.0067134896554525035,0.8986642723054108,0.44339622641509435,31,0.54717,0.235849,58,32,16,0,106,1
coderxio__sagerx,2025-06-09T02:00:15,d983767865ac71caf535ebc6bbd044aeb01f2a1a,fix dbt issues. int table is now available,105,121,False,0.7142857142857143,6,0.6973227059063969,0.09251861692508874,0.006616003928396392,0.8954742614833668,0.44761904761904764,31,0.571429,0.238095,60,31,14,0,105,1
coderxio__sagerx,2025-07-07T01:31:14,a5f49d53a7f3e0217267dad60c83a96be84d311d,Add gluten and dye flags,108,126,False,0.7857142857142857,5,0.6798775763210909,0.06419254873562345,0.0046110555850957,0.8943409040081047,0.4444444444444444,30,0.574074,0.231481,58,34,16,0,108,1
coderxio__sagerx,2025-09-12T13:01:23,41ddad9f9055e31b146733d83103b9d5cd843991,Pricing mart with pack size,104,125,False,0.6428571428571429,6,0.7059600704638873,0.09311456177431834,0.006659906979441285,0.9223833397384242,0.4807692307692308,29,0.596154,0.230769,58,32,14,0,104,1
coderxio__sagerx,2025-09-19T20:06:35,c66a41e9508e5a149419da301e243002636613ae,Merge pull request #393 from coderxio/saywurdson/who_ddd,109,133,False,0.7142857142857143,7,0.710298488176767,0.06276194448357167,0.004466902428293599,0.9157040636862145,0.47706422018348627,28,0.633028,0.220183,59,36,14,0,109,1
coderxio__sagerx,2025-11-16T04:31:40,39e8c3fdad42a2855d5f0e315b00dbaa9d130ce2,Add str and ing df to products,112,134,False,0.8571428571428571,7,0.7120002437835202,0.06261703257863331,0.004429751066763621,0.917077165489468,0.4642857142857143,30,0.625,0.232143,62,36,14,0,112,1
coderxio__sagerx,2025-11-16T21:49:23,9b48960b77bf4a649904db7f635466190ae52c38,Create QUMI DAG and stg model,113,134,False,0.8571428571428571,7,0.7145489141925156,0.06261703257863331,0.004429751066763621,0.9170771165066952,0.46017699115044247,31,0.619469,0.238938,63,36,14,0,113,1
coderxio__sagerx,2026-02-09T22:24:03,134d03bfa3afa20ee51ac4d37ed74c87cb5b32aa,Create NCPDP terminology DAG,116,136,False,0.5714285714285714,7,0.7164523670368206,0.062290961585835566,0.004406000903846265,0.920203812020496,0.4482758620689655,32,0.62069,0.241379,66,36,14,0,116,1
coderxio__sagerx,2026-03-08T04:20:56,bcf4976c8f30437a767323df6697c23ecba50a0d,Create beneficiary cost staging model,116,136,False,0.5714285714285714,7,0.7164523670368206,0.062290961585835566,0.004406000903846265,0.9202037187630171,0.4482758620689655,32,0.62069,0.241379,66,36,14,0,116,1
coderxio__sagerx,2026-04-16T16:24:46,753dcfcc91b4d972709eebe3da058eea9617d20e,Merge pull request #427 from coderxio/ncpdp-terminology,117,136,False,0.5714285714285714,7,0.7188758510792409,0.062290961585835566,0.004406000903846265,0.9202037052873361,0.4444444444444444,33,0.615385,0.247863,67,36,14,0,117,1
coding-is-for-losers__seo-audit,2018-04-20T17:08:09,f7b2af574fabd20348dd3f334faff108e8e67bfd,data studio cols,34,54,False,0.6428571428571429,5,0.4880174291938998,0.2760142971191881,0.019521511010581902,0.8540140947517288,0.6176470588235294,1,1.0,0.0,0,0,4,30,34,1
coding-is-for-losers__seo-audit,2018-06-08T22:26:17,63f3adfe3232733860331687550c77b09e4bd38d,Parens,35,55,False,0.5714285714285714,5,0.4820779220779221,0.1651643503940413,0.011681487945604504,0.8967540467895493,0.6,1,1.0,0.0,0,0,4,31,35,1
coding-is-for-losers__seo-audit,2019-10-11T12:54:24,79fb6c28b3cdec03e8731a1e2b2979babd2b2ce2,Pure deduping using group by on Deepcrawl,19,28,False,0.7857142857142857,4,0.43889384478144516,0.12824157252020388,0.015449761112970115,0.7837111262422743,0.5263157894736842,1,1.0,0.0,10,0,2,7,19,1
coding-is-for-losers__seo-audit,2019-11-07T14:47:11,ec4bf88cce2ba693fa1bb1e3e6f026d56c9e19e5,Switching back to schema var,22,34,False,0.5714285714285714,5,0.43308080808080807,0.12194137557630406,0.014359719147367037,0.8268093239575399,0.5909090909090909,1,1.0,0.0,13,0,2,7,22,1
coding-is-for-losers__seo-audit,2019-12-04T09:44:34,1cca5e5f5ba54cd9e4a2600c85bc5093ac0ebcfb,"Use first avail crawl date rather than last avail, count report month as anything post-15th of month",22,34,False,0.6428571428571429,6,0.41919191919191917,0.12730059266880378,0.015028088063908856,0.839855454188976,0.5909090909090909,1,1.0,0.0,13,0,2,7,22,1
coding-is-for-losers__seo-audit,2020-01-09T19:20:33,b9268b74da2df66b268f80bb4c1db5f0836fc4d6,Correcting crawl date lookback for old reports,22,34,False,0.6428571428571429,6,0.41919191919191917,0.12730059266880378,0.015028088063908856,0.8398554535675753,0.5909090909090909,1,1.0,0.0,13,0,2,7,22,1
coding-is-for-losers__seo-audit,2020-02-03T16:42:48,dbd938789baeb5ede41c27d11e2951f687696d5a,Adding ttm columns for GA / GSC,22,34,False,0.6428571428571429,6,0.41919191919191917,0.12730059266880378,0.015028088063908856,0.8398554534147403,0.5909090909090909,1,1.0,0.0,13,0,2,7,22,1
coding-is-for-losers__seo-audit,2020-03-04T14:21:20,ff9cf7572fd0be615af8b8e9f5be08fbd279fe14,Adding fields for visualization,24,36,False,0.5714285714285714,5,0.44410569105691056,0.08574601837374296,0.010122487241867033,0.8046285070308928,0.5416666666666666,1,1.0,0.0,13,0,2,9,24,1
coding-is-for-losers__seo-audit,2020-04-02T16:22:25,d2eb035cbb1644c0d62a1dac22329908681402f5,Minor Correction crawl model,24,36,False,0.5714285714285714,5,0.44410569105691056,0.08574601837374296,0.010122487241867033,0.8046285063554037,0.5416666666666666,1,1.0,0.0,13,0,2,9,24,1
coding-is-for-losers__seo-audit,2020-05-08T17:01:45,f1a1e2ac6736599284a70d6c37c40b90e6ca3aaf,Adding eventid dedupe filter for DC,24,36,False,0.5714285714285714,5,0.44410569105691056,0.08574601837374296,0.010122487241867033,0.804628515900851,0.5416666666666666,1,1.0,0.0,13,0,2,9,24,1
coding-is-for-losers__seo-audit,2020-05-19T11:37:18,2cbcb5e51b5266735596eb74a2b2678b14a6c820,Merge pull request #6 from coding-is-for-losers/GA_GSC_corrections_5-15,24,36,False,0.5714285714285714,5,0.44410569105691056,0.08574601837374296,0.010122487241867033,0.8046285012805127,0.5416666666666666,1,1.0,0.0,13,0,2,9,24,1
coding-is-for-losers__seo-audit,2020-07-21T15:51:51,ed46358e9bac3b2dcd03f688cfa496c0e1a27f9c,Fixing a error in the name,24,36,False,0.5714285714285714,5,0.44410569105691056,0.08574601837374296,0.010122487241867033,0.8046285262821061,0.5416666666666666,1,1.0,0.0,13,0,2,9,24,1
coding-is-for-losers__seo-audit,2020-09-03T17:01:05,a4ad213a6e2ce7cd948185c6fb9bc7482c9dfab2,Setup of the latest_query_string_url filter,25,37,False,0.5714285714285714,4,0.43576470588235294,0.08420675241031779,0.009940530214368686,0.8162432729588334,0.52,1,1.0,0.0,14,0,2,9,25,1
coding-is-for-losers__seo-audit,2020-09-14T16:36:30,8b32f8b0e26581a88bcbd4a462b22ec650357b8f,Casting crawl_datetime to timestamp for manual runs,25,37,False,0.5714285714285714,4,0.43576470588235294,0.08420675241031779,0.009940530214368686,0.8162432808776411,0.52,1,1.0,0.0,14,0,2,9,25,1
coding-is-for-losers__seo-audit,2020-11-26T15:45:06,44c10c7446a34b09ffb9fcdadc53dba0c19fd7de,Update actions_diffs.sql,25,37,False,0.5714285714285714,4,0.43576470588235294,0.08420675241031779,0.009940530214368686,0.816243256591706,0.52,1,1.0,0.0,14,0,2,9,25,1
coding-is-for-losers__seo-audit,2020-12-14T12:41:24,4627460ebbfbbf365b2faeb5868f5fb3dd1e6ae6,Change of the found_at_sitemap field,25,37,False,0.5714285714285714,4,0.43576470588235294,0.08420675241031779,0.009940530214368686,0.8162432698563122,0.52,1,1.0,0.0,14,0,2,9,25,1
coding-is-for-losers__seo-audit,2021-01-06T11:55:33,825c2d62cac89bea988b6bd7e30fcc21bf02b40e,Fixing up a found_at_sitemap & found_at_url issue,25,37,False,0.5714285714285714,4,0.43576470588235294,0.08420675241031779,0.009940530214368686,0.8162432636448049,0.52,1,1.0,0.0,14,0,2,9,25,1
contactually__contactually-analytics,2016-08-24T21:29:49,ac376f26f054e74375aa2094b9dcd124361e22dc,adwords performance model for fivetran,23,22,False,0.5714285714285714,4,0.5817513778322106,0.10044605039860385,0.015114668147182356,0.5637884776623127,0.21739130434782608,6,0.782609,0.217391,8,0,0,15,23,1
contactually__contactually-analytics,2016-09-22T13:16:44,d9cb3badd28ca3d053862669004bb7640a3c64ae,roll up ads to more queryable format,28,30,False,0.7857142857142857,3,0.407014157014157,0.05127713573788698,0.007710726873776672,0.5547128296400101,0.17857142857142858,3,0.928571,0.071429,13,0,0,15,28,1
contactually__contactually-analytics,2016-10-21T20:03:49,15053bed7bc46ad4c84adb27c22a0c9c9c888c4e,add account name,39,40,False,0.7857142857142857,5,0.5360284484372075,0.046387055898945546,0.00692101183211808,0.564597303873048,0.23076923076923078,8,0.769231,0.128205,15,0,0,24,39,1
contactually__contactually-analytics,2016-11-17T22:02:23,c5a62bdd2e421ff7e3b16107b1545734f7f72671,add priority 3+4 fields to sf_user model,32,31,False,0.7857142857142857,6,0.4566532258064516,0.051557061602981125,0.006289164522129295,0.5973870215526059,0.09375,4,0.84375,0.0625,15,0,0,17,32,1
contactually__contactually-analytics,2016-12-07T14:15:43,4ba2b0959970a1404f58c9c728fd64be0babce29,fix weird redshift bug,33,32,False,0.7857142857142857,6,0.45811051693404636,0.04781987878838995,0.005833286091343082,0.6021855892395136,0.09090909090909091,4,0.848485,0.060606,15,0,0,18,33,1
contactually__contactually-analytics,2017-02-15T12:41:42,605223dbc22f65b07e7faa8be18687f144fd136e,remove extra logic,34,32,False,0.7857142857142857,6,0.4740484429065744,0.04781987878838995,0.005833286091343082,0.6021855870132767,0.08823529411764706,5,0.823529,0.088235,16,0,0,18,34,1
contactually__contactually-analytics,2017-05-19T09:43:21,7fdbac9857f78dbe113509ffac864fa3b543b65a,Added middle touches,39,34,False,0.7857142857142857,6,0.5084868183459733,0.04781987878838995,0.005833286091343082,0.6021855109189755,0.07692307692307693,8,0.717949,0.128205,19,0,0,20,39,1
contactually__contactually-analytics,2017-06-13T11:36:42,51224a20910b8929a0a849250c052467661fd6c2,Added counts to sessions join table query,31,26,False,0.7142857142857143,4,0.5146627565982405,0.1404118770311041,0.017135774573830035,0.44199430508160564,0.06451612903225806,7,0.580645,0.16129,16,0,0,15,31,1
contactually__contactually-analytics,2017-07-20T08:11:10,76bf2c9640e2fc6689aacc394328564394ec0533,Limited listagg strings to reduce overflow,34,26,False,0.7142857142857143,4,0.5574866310160428,0.1404118770311041,0.017135774573830035,0.4419946483102717,0.058823529411764705,10,0.529412,0.235294,19,0,0,15,34,1
contactually__contactually-analytics,2017-08-17T15:31:45,834021e701b99155b7fc14dcf5c3992a1928cca3,Refactored code to include configuration in dbt_project.yml,33,8,False,0.7142857142857143,3,0.896969696969697,0.3376036697878196,0.07504148501884027,0.42246462790815,0.030303030303030304,26,0.242424,0.757576,26,0,0,7,33,1
contactually__contactually-analytics,2017-09-08T08:49:42,dea0659098f7d813ece256bb2274651db3d43dc3,Added intent-macro,35,9,False,0.7142857142857143,3,0.8831168831168831,0.3376036697878196,0.07504148501884027,0.4224646283958025,0.02857142857142857,27,0.228571,0.714286,27,0,0,8,35,1
contactually__contactually-analytics,2017-10-02T11:00:45,1ce83c6757d113513b0a6572c00e072181aa9e34,Adjusted incremental events model,35,9,False,0.7142857142857143,3,0.8831168831168831,0.3376036697878196,0.07504148501884027,0.42246462668496687,0.02857142857142857,27,0.228571,0.714286,27,0,0,8,35,1
contactually__contactually-analytics,2017-11-16T16:54:20,92713fef3361495d8c0b3fd167339103e3aa86f9,Added clean landing page,35,9,False,0.7142857142857143,3,0.8831168831168831,0.3376036697878196,0.07504148501884027,0.42246462652222616,0.02857142857142857,27,0.228571,0.714286,27,0,0,8,35,1
contactually__contactually-analytics,2018-01-17T22:36:50,45b1bdc0c4feb4976010c4b462a7dbbdec10b27a,Repointed ads info to Stitch integration,35,9,False,0.7142857142857143,3,0.8831168831168831,0.3376036697878196,0.07504148501884027,0.4224646271595695,0.02857142857142857,27,0.228571,0.714286,27,0,0,8,35,1
contactually__contactually-analytics,2018-02-16T17:09:48,ae2be165896f512494eee5076a015bd63df62486,Added quantity accepted,35,9,False,0.8571428571428571,3,0.8571428571428571,0.9999999999999998,0.24999999999999994,0.21052631578947373,0.02857142857142857,27,0.171429,0.685714,27,0,0,8,35,1
contactually__contactually-analytics,2018-03-19T14:17:35,79328750d95761e5f027b74cf33c6654017086c2,Added in_referer back to query,35,9,False,0.8571428571428571,3,0.8571428571428571,0.9999999999999998,0.24999999999999994,0.21052631578947367,0.02857142857142857,27,0.171429,0.685714,27,0,0,8,35,1
contactually__contactually-analytics,2018-05-16T09:24:27,ece5cf2f9839acf828428ee0b895951a1c4d29b6,Fixes group by issues with snowplow models,34,9,False,0.8571428571428571,3,0.8529411764705882,0.9999999999999998,0.24999999999999994,0.21052631578947373,0.029411764705882353,26,0.176471,0.676471,26,0,0,8,34,1
contactually__contactually-analytics,2018-05-24T22:47:00,2ca2d853d0db6e95e08ab3ca284e044c35200736,Fixed smc mapping typo,34,9,False,0.8571428571428571,3,0.8529411764705882,0.9999999999999998,0.24999999999999994,0.21052631578947367,0.029411764705882353,26,0.176471,0.676471,26,0,0,8,34,1
contactually__contactually-analytics,2018-06-27T14:12:42,f6ddf3e2db769a0866be95bc939171b9ab9f4f7d,Added logic to deal with deleted records,34,9,False,0.8571428571428571,3,0.8529411764705882,0.9999999999999998,0.24999999999999994,0.21052631578947364,0.029411764705882353,26,0.176471,0.676471,26,0,0,8,34,1
contactually__contactually-analytics,2019-01-29T14:24:23,ee42a5e98e93b64e35050c39e5d68f593f774e13,Fixes references,41,48,False,0.7142857142857143,7,0.53005569425773,0.2679491924311237,0.01762459268966518,0.1497607782134005,0.3170731707317073,6,0.878049,0.121951,20,0,0,21,41,1
covoiturage-gouv-fr__mono,2024-05-14T17:11:10,e175c001fe8283ef15d09cad276eb7a4aff4abcb,feat: add first metrics,1,0,True,,,,,,,,1,1.0,1.0,0,0,0,1,1,1
covoiturage-gouv-fr__mono,2024-09-11T15:10:03,4adb100cc565ac1df31e30b47dad3ce685f6a32d,fix: distribution pk (#2587),29,32,False,0.7142857142857143,5,0.8135775862068966,0.07922525293501796,0.00997418214924344,0.5342908416013988,0.20689655172413793,3,0.931034,0.068966,0,0,0,29,29,1
covoiturage-gouv-fr__mono,2024-09-13T11:36:42,6964c45a4402dd07178daf4d621e385dcd640063,Feat/update incentive campaigns obs (#2595),35,37,False,0.8571428571428571,6,0.7779220779220779,0.07840608778487443,0.009851196961133343,0.6113116314173147,0.17142857142857143,4,0.914286,0.085714,0,0,0,35,35,1
covoiturage-gouv-fr__mono,2024-12-19T15:46:30,c0c631b7daa3fb31866399990138763fd9ede5e4,Add firsts fraud dbt models (#2729),43,44,False,0.8571428571428571,6,0.7609302325581395,0.07840608778487443,0.009851196961133343,0.6113114900340608,0.16279069767441862,6,0.744186,0.069767,0,0,0,43,43,1
covoiturage-gouv-fr__mono,2025-01-16T15:19:22,8444d79cd5c0cce8ac592a5138b22e8f00967584,Ajout d'Elementary au projet dbt (#2754),43,44,False,0.8571428571428571,6,0.7609302325581395,0.07840608778487443,0.009851196961133343,0.6113114827245678,0.16279069767441862,6,0.744186,0.069767,0,0,0,43,43,1
covoiturage-gouv-fr__mono,2025-03-05T13:22:56,ac1756a97d162b1198c494d8c3f64af8633af75e,Updates fraud models with new features (#2809),49,44,False,0.8571428571428571,6,0.7902040816326531,0.07840608778487443,0.009851196961133343,0.6113147909678199,0.14285714285714285,12,0.653061,0.183673,0,0,0,49,49,1
covoiturage-gouv-fr__mono,2025-03-26T18:05:23,f3a5654148d0da0c9f2b21db14b28a720cac4919,Adds a new fraud monitoring model (#2841),51,45,False,0.8571428571428571,6,0.7947971267715007,0.07840608778487443,0.009851196961133343,0.6113145651267186,0.13725490196078433,13,0.627451,0.196078,0,0,0,51,51,1
covoiturage-gouv-fr__mono,2025-04-23T14:01:28,1fd279a7b985135fa4a24e044723a99d397f499e,Updates the start date of monthly_stats_interoperator_rules (#2861),53,45,False,0.8571428571428571,6,0.8025406314216327,0.07840608778487443,0.009851196961133343,0.6113116846335295,0.1320754716981132,15,0.603774,0.226415,0,0,0,53,53,1
covoiturage-gouv-fr__mono,2025-05-26T10:55:00,68467b5c67deed79b9922e4bc65a2ebee842aa25,Modifies start date of data of acceptability metrics model (#2866),53,45,False,0.8571428571428571,6,0.8025406314216327,0.07840608778487443,0.009851196961133343,0.6113147100973726,0.1320754716981132,15,0.603774,0.226415,0,0,0,53,53,1
covoiturage-gouv-fr__mono,2025-06-27T11:51:59,942f9768075b48d00e3949c1832c931e1dc957e7,Mise à jour d'elementary et ajouts des modèles relatifs aux statistiques de campagnes (#2880),54,43,False,0.8571428571428571,6,0.8298245614035088,0.07840608778487443,0.009851196961133343,0.6113147701215127,0.12962962962962962,18,0.592593,0.277778,0,0,0,54,54,1
covoiturage-gouv-fr__mono,2025-07-18T14:57:36,6d1b49270294bba24bd30090f92544f110baa27e,Updates monthly_stats_campaigns_revenues_by_operator model (#2922),55,43,False,0.8571428571428571,6,0.8329186602870814,0.07840608778487443,0.009851196961133343,0.6113145867416471,0.12727272727272726,19,0.581818,0.290909,0,0,0,55,55,1
covoiturage-gouv-fr__mono,2026-04-09T13:35:50,1232c268eaabed731482cdf4abe2929c1d6e7f46,remove dbt export models,54,43,False,0.8571428571428571,6,0.8298245614035088,0.07840608778487443,0.009851196961133343,0.6113116782553,0.12962962962962962,18,0.592593,0.277778,0,0,0,54,54,1
covoiturage-gouv-fr__mono,2026-05-27T17:42:21,1ac82e03d7677949a64dd7eaef36c2c3f96fdfba,feat: add yml for dbt-osmosis (#3200),533,63,False,0.8571428571428571,6,0.9684718362510404,0.07840608778487425,0.009851196961133318,0.6113114826795316,0.020637898686679174,481,0.060038,0.891182,0,0,0,533,533,2
covoiturage-gouv-fr__mono,2026-06-22T22:31:35,229b6ee772e05bfc666b72400e9e4debecb05b6b,fix: remove epci code with more than 9 characters (#3234),553,83,False,0.7857142857142857,3,0.9746103753566986,0.19459599735077454,0.00845128271961408,0.7782658277052226,0.019891500904159132,481,0.059675,0.858951,0,0,0,553,553,2
covoiturage-gouv-fr__mono,2026-07-30T16:47:07,4c124217a5c5b352e711d19bc58f5868a2fe322c,fix(datalake): corrige sole_reason de too_many_trips_flagged (#3329),597,86,False,0.7857142857142857,4,0.9764498166508216,0.17007409151016603,0.007078242523709524,0.7477950895708924,0.018425460636515914,522,0.061977,0.864322,0,0,0,597,597,2
dagster-io__dagster,2020-08-18T18:11:46,7908089fdc2a704262b40371d8f8521c877e7ebe,scaffold and port dagster-dbt for rpc,4,3,True,,,,,,,,1,1.0,0.0,0,0,0,4,4,1
dagster-io__dagster,2022-02-23T18:33:09,5cec1c8a41c04ea9126ad428dd7997a129429ced,[dagster-dbt] fix issues with dbt asset integration (#6777),4,3,True,,,,,,,,1,1.0,0.0,0,0,0,4,4,1
dagster-io__dagster,2022-06-08T13:03:34,8e6b70f040f7e33ad6f9792f9806a5ab382efa20,[dagster-dbt] update dbt keys (#8228),4,3,True,,,,,,,,1,1.0,0.0,0,0,0,4,4,1
dagster-io__dagster,2022-08-03T20:58:26,2c821b4fa77f03b419af4552d73c6645e0d4d55b,3.14/n example overhaul: hacker_news_assets -> project_fully_featured  + recommended project layout (#9191),18,16,False,0.7857142857142857,3,0.6814814814814815,0.4023728380236242,0.056116075929443975,0.4161719691330362,0.1111111111111111,4,0.555556,0.055556,0,0,0,18,20,4
dagster-io__dagster,2022-08-25T15:05:07,fdaaedcef31c9a589617a06c63728908364dab5f,[dagster-dbt] allow dbt projects including metrics to be loaded (#9419),20,18,False,0.7857142857142857,3,0.6557142857142857,0.4023728380236242,0.056116075929443975,0.4161718794027802,0.1,4,0.5,0.05,0,0,0,20,22,4
dagster-io__dagster,2022-10-10T15:11:25,0035ebc50e1c19db3c16b0a9c81c32f507625763,Data pipeline smoke test example (#9945),22,19,False,0.7857142857142857,3,0.6641414141414141,0.40237283802362434,0.05611607592944401,0.41617188045928627,0.09090909090909091,5,0.454545,0.045455,0,0,0,22,24,5
dagster-io__dagster,2022-12-14T14:29:32,7d92ffc709d063a5ab0053315b0608ceecacadf1,[dagster-dbt] Enable setting FreshnessPolicies on dbt assets (#11103),22,19,False,0.7857142857142857,3,0.6641414141414141,0.40237283802362434,0.05611607592944401,0.41617186044072635,0.09090909090909091,5,0.454545,0.045455,0,0,0,22,24,5
dagster-io__dagster,2023-03-14T09:21:05,169777db06a94f9849577b2c141e3500b60d8b41,[dagster-dbt] add cron_schedule_timezone to set of properties parsed from dbt config (#12904),22,19,False,0.7857142857142857,3,0.6641414141414141,0.40237283802362434,0.05611607592944401,0.4161718785888565,0.09090909090909091,5,0.454545,0.045455,0,0,0,22,24,5
dagster-io__dagster,2023-05-09T09:45:53,91b12934e6a767d955e5b481b9deb971119df3fe,example: rename project_pypi_github to project_analytics (#14170),28,24,False,0.7857142857142857,3,0.6572948328267477,0.40237283802362434,0.05611607592944401,0.4161719728411073,0.07142857142857142,6,0.357143,0.035714,3,0,0,25,30,6
dagster-io__dagster,2023-06-26T13:20:18,01b398277ddf9f799fa02d481fcae5bd4d56f767,Enable upstream/downstream dbt deps (#14932),33,29,False,0.7857142857142857,3,0.6526806526806527,0.40237283802362434,0.05611607592944401,0.41617195844212473,0.09090909090909091,7,0.30303,0.030303,6,0,0,27,35,7
dagster-io__dagster,2023-07-13T16:50:01,fa5641583e4f2598049ae8ad10e44e7d34d54260,fix(dbt): ensure scaffold tests successfully run on clean build (#15281),33,29,False,0.7857142857142857,3,0.6526806526806527,0.40237283802362434,0.05611607592944401,0.41617197134920997,0.09090909090909091,7,0.30303,0.030303,6,0,0,27,35,7
dagster-io__dagster,2023-10-31T16:50:13,6fb1e8be26751fa22b7a65446be60b68531f690a,feat(dbt): allow self-dependencies to be specified in `+meta` (#17490),33,29,False,0.7857142857142857,3,0.6526806526806527,0.40237283802362434,0.05611607592944401,0.41617186013296525,0.09090909090909091,7,0.30303,0.030303,6,0,0,27,35,7
dagster-io__dagster,2023-11-29T21:15:21,d24a9ecb92a850fcc406899a6a3da9ca84d68f87,turn on prettier for .md files (other than docs) (#18342),33,29,False,0.7857142857142857,3,0.6526806526806527,0.40237283802362434,0.05611607592944401,0.41617196234343035,0.09090909090909091,7,0.30303,0.030303,6,0,0,27,35,7
dagster-io__dagster,2024-02-16T12:40:58,a118f1ab14fc7131955b62c425aad35f6453bfd9,test(dbt): move tests into `core/` and `legacy/` (#19849),27,24,False,0.7857142857142857,3,0.6464646464646465,0.40237283802362434,0.05611607592944401,0.41617186885289287,0.1111111111111111,6,0.37037,0.037037,6,0,0,21,29,6
dagster-io__dagster,2024-03-25T11:56:35,182f57d17a463e91ff73121026de0d5ba02a299e,fix(dbt): retrieve schema from sources to compute column lineage (#20682),28,25,False,0.7857142857142857,3,0.6279761904761905,0.40237283802362434,0.05611607592944401,0.41617197327431055,0.10714285714285714,6,0.357143,0.035714,6,0,0,22,30,6
dagster-io__dagster,2024-04-08T10:18:25,9ba265b3db07d29a0fc87306c46716b6db8fbe49,fix(dbt): mark implicitly aliased columns with an empty set of column dependencies (#21048),32,29,False,0.7857142857142857,3,0.6481854838709677,0.40237283802362434,0.05611607592944401,0.41617187057119187,0.09375,6,0.3125,0.03125,6,0,0,26,34,6
dagster-io__dagster,2024-06-13T13:59:06,70ac5e333c1bd70f280acf55832b30334dd219a9,add jaffle project clone to test profile vars (#22533),32,29,False,0.7857142857142857,3,0.6481854838709677,0.40237283802362434,0.05611607592944401,0.416171861743644,0.09375,6,0.3125,0.03125,6,0,0,26,39,7
dagster-io__dagster,2024-07-16T11:20:27,c76651baad2f24a8f7ba2bcdbfa465bab59af8a2,feat(dbt): support column lineage for self-referential incremental models (#23024),32,29,False,0.7857142857142857,3,0.6481854838709677,0.40237283802362434,0.05611607592944401,0.416171947991191,0.09375,6,0.3125,0.03125,6,0,0,26,39,7
dagster-io__dagster,2024-08-30T16:29:05,454f96610a762fd2d93ca53f6ac3944bcc52371e,Basic dbt integration guide (#24014),34,30,False,0.7857142857142857,3,0.6568627450980392,0.40237283802362434,0.05611607592944401,0.41617187996965277,0.08823529411764706,7,0.294118,0.029412,6,0,0,28,42,8
dagster-io__dagster,2024-10-10T10:37:08,0fc8dbb7830ed0730956b34af22deb77764a47f6,[dagster-dbt] Fix generating column metadata for models installed through dbt dependencies (#25185),35,30,False,0.7857142857142857,3,0.6666666666666666,0.40237283802362434,0.05611607592944401,0.41617187947662054,0.08571428571428572,8,0.285714,0.057143,6,0,0,29,43,9
dagster-io__dagster,2024-11-13T15:44:33,dcdf6003ba21cba40dd1c1ca5fc0b1f4009168f4,[dagster-airlift][moves] airlift moves (#25832),36,30,False,0.7857142857142857,3,0.6759259259259259,0.40237283802362434,0.05611607592944401,0.4161718516592324,0.08333333333333333,9,0.277778,0.083333,6,0,0,30,54,11
dagster-io__dagster,2024-12-30T11:44:11,f1955b3ab4a7fe670c00b7ede28dd1e7177128fa,[components] Consolidate code_locations and stub_code_locations in component tests (#26513),36,30,False,0.7857142857142857,3,0.6759259259259259,0.40237283802362434,0.05611607592944401,0.4161719668379843,0.08333333333333333,9,0.277778,0.083333,6,0,0,30,69,14
dagster-io__dagster,2025-02-21T12:01:54,3a4ecbeb7c0f86387d0e6c2ca3b601147cd060cc,[dagster-dbt] Fix profiles_dir with packaged_project_dir (#27970),36,30,False,0.7857142857142857,3,0.6759259259259259,0.40237283802362434,0.05611607592944401,0.41617194910505345,0.08333333333333333,9,0.277778,0.083333,6,0,0,30,74,15
dagster-io__dagster,2025-02-27T17:00:30,12c46255dfc19a94ab17d3310e179e02b67b19e3,[components] Rename `components` dir to `defs` (#28108),36,30,False,0.7857142857142857,3,0.6759259259259259,0.40237283802362434,0.05611607592944401,0.4161718638630279,0.08333333333333333,9,0.277778,0.083333,6,0,0,30,64,13
dagster-io__dagster,2025-04-02T15:52:49,6d8a6b39f81221be360f9d5ca0ff5899892d1e42,[dg] Merge dagster_components into dagster (#28938),34,29,False,0.7857142857142857,3,0.6688804554079696,0.40237283802362434,0.05611607592944401,0.41617186789212046,0.08823529411764706,8,0.294118,0.088235,6,0,0,28,71,14
dagster-io__dagster,2025-09-03T08:59:48,2f36bf3f2b4ea08005fc5bf43a90d793b904f71a,[docs] dbt Project Example (#31411),38,32,False,0.7857142857142857,3,0.6765182186234818,0.40237283802362434,0.05611607592944401,0.41617195815161706,0.07894736842105263,9,0.263158,0.078947,8,0,2,28,80,16
dagster-io__dagster,2025-12-19T16:16:51,bef14f2e3c8c4f1b50703bc79977b828ad29b585,Noonan/data platfrom blog (#33083),41,34,False,0.7857142857142857,3,0.6736011477761836,0.40237283802362434,0.05611607592944401,0.4161718636125747,0.07317073170731707,10,0.243902,0.073171,8,0,2,31,83,17
dagster-io__dagster,2026-01-16T18:55:23,76e48e0d7444c19918e30144dfe531e9ac326454,Add support for dbt (udf) functions (#33245),50,44,False,0.7142857142857143,3,0.6641860465116279,0.38368916866858765,0.05327880393421768,0.5411389393881092,0.1,11,0.24,0.06,10,2,7,31,99,20
dagster-io__dagster,2026-04-16T15:44:13,b5d4bbd0d37857d4fee10268288279ef82ee2dd4,Fix stg_customers topological-order race by separating source and seed tables (#22803),50,44,False,0.7142857142857143,3,0.6641860465116279,0.38368916866858765,0.05327880393421768,0.5411389411566677,0.1,11,0.24,0.06,10,2,7,31,99,20
dagster-io__dagster,2026-05-20T16:42:09,f3320b7c073c977d96249864704a7f13feb42aab,Move dagster-cloud package to dagster-oss/python_modules (#20797),51,44,False,0.7142857142857143,3,0.6707706338349293,0.38368916866858765,0.05327880393421768,0.5411389391041054,0.09803921568627451,12,0.235294,0.078431,10,2,7,32,116,23
datacoves__balboa,2021-07-28T07:57:26,5c177e8567c4388ce23ac0147a1a483f2665445b,init,1,0,True,,,,,,,,1,1.0,1.0,0,0,0,1,1,1
datacoves__balboa,2021-11-24T15:58:15,da311657e319fae94a0659af6de2558cf4fb8645,change test,2,1,True,,,,,,,,1,1.0,0.0,1,0,1,0,2,1
datacoves__balboa,2021-12-14T05:24:57,6a91ca4166bd0c4c415ba9a6819d0ef5187a6d85,updates,10,9,False,0.7142857142857143,2,0.6333333333333333,0.913869802348506,0.16573215610347017,0.4713090024896131,0.2,3,0.6,0.0,1,0,1,8,10,1
datacoves__balboa,2022-01-24T05:38:03,d50f9b00cc92a53262e00033045b6b85af0a1632,remove masking policies,10,9,False,0.7142857142857143,2,0.6333333333333333,0.913869802348506,0.16573215610347017,0.4713090024896266,0.2,3,0.6,0.0,1,0,1,8,10,1
datacoves__balboa,2022-02-17T05:11:30,9b195994709b114916cb84ad4c4d175b20a988b3,update schedule,25,20,False,0.8571428571428571,1,0.7638709677419355,0.9999999999999989,0.111111111111111,0.266949176821292,0.08,7,0.36,0.04,4,0,2,19,25,1
datacoves__balboa,2022-02-25T14:40:56,37c63155e1e4e176969693c753fe2dce94a3174c,added year to where condition (#34),25,20,False,0.8571428571428571,1,0.7638709677419355,0.9999999999999989,0.111111111111111,0.24330552473191455,0.08,7,0.36,0.04,4,0,2,19,25,1
datacoves__balboa,2022-04-20T17:42:20,27b88cf30e42331e9f919a411e135b999711da48,update the owner of raw db & move nyt_cases to source (#38),25,20,False,0.8571428571428571,1,0.7638709677419355,0.9999999999999989,0.111111111111111,0.38591446430222875,0.08,7,0.36,0.04,4,0,2,19,25,1
datacoves__balboa,2022-05-23T07:00:00,de8fdce728479e627daf718178859f68981bb6b9,Usage update (#53),25,19,False,0.7857142857142857,1,0.72,0.9999999999999993,0.14285714285714277,0.598908412487487,0.08,8,0.28,0.04,5,0,1,19,25,1
datacoves__balboa,2022-06-22T10:07:33,7bd5b56084997ea6ffe5dd31735900a6067ebc4b,cleaned up sqlfluff config (#59),25,20,False,0.7857142857142857,1,0.6906666666666667,0.9999999999999993,0.14285714285714277,0.38335955897533724,0.08,7,0.28,0.0,5,0,1,19,25,1
datacoves__balboa,2022-07-01T14:58:59,b2ddfc47409f68baf9ed7ef2320bc81be0da0677,fix linting issues,26,21,False,0.7857142857142857,1,0.6935483870967742,0.9999999999999993,0.14285714285714277,0.19699176390313236,0.07692307692307693,7,0.269231,0.0,5,0,1,20,26,1
datacoves__balboa,2022-09-14T07:27:21,68a87cacdf54ce7cb0aaf07f9ce944af9c3ee447,rename sources to inlets (#84),26,21,False,0.7857142857142857,1,0.6935483870967742,0.9999999999999993,0.14285714285714277,0.26014314871513633,0.07692307692307693,7,0.269231,0.0,5,0,2,19,26,1
datacoves__balboa,2022-11-16T08:29:01,21febb96e9bc8350a6c724f1d8de4e845a37af4a,"Add exposures, node colors, and update model pros templates",27,21,False,0.7857142857142857,3,0.7058823529411765,0.39062800996145297,0.06716843140807872,0.4406803565505379,0.07407407407407407,8,0.296296,0.074074,1,4,2,20,27,1
datacoves__balboa,2022-12-01T16:44:57,e81ad839a16450ed7deba5922e244c57d4056409,update table and schema names to uppercase (#121),26,19,False,0.5714285714285714,2,0.6948717948717948,0.3588135238067075,0.07513297692840319,0.3013511119977702,0.038461538461538464,8,0.269231,0.076923,1,4,2,19,26,1
datacoves__balboa,2022-12-29T15:03:29,b7bd9c6a88999a045b4870ecbd6ed2e8c0662d3d,update package dependencies and change surrogate key macro. add macro… (#124),26,19,False,0.5714285714285714,2,0.6948717948717948,0.3588135238067075,0.07513297692840319,0.3013510908651465,0.038461538461538464,8,0.269231,0.076923,1,4,2,19,26,1
datacoves__balboa,2023-03-09T10:36:17,0a821b630923bb566693a3c99629d4e2cb6ac88c,Update pipe_usage_history.sql,26,20,False,0.7142857142857143,2,0.7051282051282052,0.6570769172228291,0.13650407794266553,0.4246893636921533,0.07692307692307693,8,0.269231,0.076923,1,4,2,19,26,1
datacoves__balboa,2023-04-07T08:24:22,2523a9a5e96f7a387039a828f2843d74cccf3eb0,Add streamlit and update PR workflow (#145),26,20,False,0.7142857142857143,2,0.7051282051282052,0.6570769172228291,0.13650407794266553,0.42468936572373805,0.07692307692307693,8,0.269231,0.076923,1,4,2,19,26,1
datacoves__balboa,2023-05-21T06:57:40,14f5d7ddb07afc55e9e2bb44d106416d4efc384e,update param on blue-green and clean up model (#171),26,20,False,0.7142857142857143,2,0.7051282051282052,0.6570769172228291,0.13650407794266553,0.42468938227173597,0.07692307692307693,8,0.269231,0.076923,1,4,1,20,26,1
datacoves__balboa,2023-08-15T10:36:50,6b7ddc62f40f515f117aed5a34c7f3eaa54ccf42,add missing descriptions,26,20,False,0.7142857142857143,2,0.7051282051282052,0.6570769172228291,0.13650407794266553,0.42468936564747484,0.07692307692307693,8,0.269231,0.076923,1,4,1,20,26,1
datacoves__balboa,2023-09-12T15:06:26,3dd9fb3bdbb7a340a433585b43b84e3de33051e7,force a change to trigger ci run,26,20,False,0.7142857142857143,2,0.7051282051282052,0.6570769172228291,0.13650407794266553,0.42468935833130667,0.07692307692307693,8,0.269231,0.076923,1,4,1,20,26,1
datacoves__balboa,2023-10-15T11:09:40,b4e8ae2bb522b770a211daf4a2acb9b2c5476153,add example sql for loans streamlit app and new exposure,27,20,False,0.7142857142857143,2,0.7160493827160493,0.6570769172228291,0.13650407794266553,0.4246893769502257,0.07407407407407407,9,0.259259,0.111111,1,4,1,21,27,1
datacoves__balboa,2023-11-14T16:57:53,59d263061e5b4f81ba72610a70b33d50c2cdbbee,Add test only to test dbt-checkpoint (#186),27,20,False,0.7142857142857143,2,0.7160493827160493,0.6570769172228291,0.13650407794266553,0.4246893628069008,0.07407407407407407,9,0.259259,0.111111,1,4,1,21,27,1
datacoves__balboa,2023-12-09T11:12:44,bb62326c574861373df0953bb6e4841a747bb462,Fix masking,27,20,False,0.7142857142857143,2,0.7160493827160493,0.6570769172228291,0.13650407794266553,0.42468936528139123,0.07407407407407407,9,0.259259,0.111111,1,4,1,21,27,1
datacoves__balboa,2023-12-29T11:36:19,768aa8c7679ebad3b82736301ca85289a9d2bcb5,Test orphan model removal (#190),26,19,False,0.7857142857142857,1,0.6985111662531017,0.9999999999999999,0.14285714285714285,0.32983209157673765,0.07692307692307693,9,0.269231,0.115385,1,4,0,21,26,1
datacoves__balboa,2024-02-08T15:27:52,5362f88b2fe194e414b12aa35ce4462ccc594c9d,force build (#203),29,22,False,0.7857142857142857,1,0.6835699797160243,0.9999999999999999,0.14285714285714285,0.26129536551243027,0.06896551724137931,9,0.241379,0.034483,1,4,0,24,29,1
datacoves__balboa,2024-05-28T06:10:15,3519d2309e0844cee4712330603b220a9aa2020e,update schema and table names to upper case in sources and add test,29,22,False,0.7857142857142857,1,0.6835699797160243,0.9999999999999999,0.14285714285714285,0.3191327131653117,0.06896551724137931,9,0.241379,0.034483,1,4,0,24,29,1
datacoves__balboa,2024-07-23T14:38:27,dafe3214c25bc216284c0b509ccdc8315d671cce,Dbt1 8 updates (#209),29,22,False,0.7857142857142857,1,0.6835699797160243,0.9999999999999999,0.14285714285714285,0.3939365181237538,0.06896551724137931,9,0.241379,0.034483,1,4,0,24,29,1
datacoves__balboa,2024-08-25T12:29:07,20d983f118f475165d69d93287f5a85e2c6eab1e,Datahub updates (#210),30,22,False,0.7857142857142857,1,0.6941176470588235,0.9999999999999999,0.14285714285714285,0.2527139686425044,0.06666666666666667,10,0.233333,0.066667,2,4,0,24,30,1
datacoves__balboa,2024-09-20T13:27:36,c994cf4f46fcfd6ed19df7d9679e2f46082cda95,Add dbt versions (#213),32,21,False,0.7857142857142857,1,0.7301136363636364,0.9999999999999999,0.14285714285714285,0.2372553877182346,0.0625,13,0.21875,0.1875,2,4,0,26,32,1
datacoves__balboa,2024-11-02T10:40:56,3b6b02a8409536512ea9282c7c97eab3f31cf4aa,Clean up files (#218),32,21,False,0.7857142857142857,1,0.7301136363636364,0.9999999999999999,0.14285714285714285,0.36408751880692486,0.0625,13,0.21875,0.1875,2,4,0,26,32,1
datacoves__balboa,2025-01-25T10:08:46,e46fd8fee959374789520dd30c1bab5f51ad5978,Improve airflow dags and testing (#223),33,21,False,0.7857142857142857,1,0.7382920110192838,0.9999999999999999,0.14285714285714285,0.33629350701645877,0.06060606060606061,14,0.212121,0.212121,2,4,0,27,33,1
datacoves__balboa,2025-02-15T08:04:04,7acde54270fe3a988c385e28afd24fd80132c640,Refactor dlt in dag and model names (#227),33,21,False,0.7857142857142857,1,0.7382920110192838,0.9999999999999999,0.14285714285714285,0.2954242287105464,0.06060606060606061,14,0.212121,0.212121,14,4,0,15,33,1
datacoves__balboa,2025-04-10T08:22:24,c91f968adb074f970605e31cde004edf917c1a8c,"Ng data aware, ms fabric earquake example, and dag refactoring (#231)",36,23,False,0.7857142857142857,1,0.7293650793650793,0.9999999999999999,0.14285714285714285,0.1962994816288583,0.05555555555555555,15,0.194444,0.194444,16,4,0,16,36,1
datacoves__balboa,2025-07-01T17:05:50,9ada1036bfe610bb445895b926f7f3ec772fdf2f,Feature/retry dbt (#237),36,23,False,0.7857142857142857,1,0.7293650793650793,0.9999999999999999,0.14285714285714285,0.26626403980191266,0.05555555555555555,15,0.194444,0.194444,16,4,0,16,36,1
datacoves__balboa,2025-08-26T17:48:53,8b324383f5d99fbe7342896896762289cbdbf9d2,update workflow to add full refresh to title [deploy:full-refresh] (#248),36,23,False,0.7857142857142857,1,0.7293650793650793,0.9999999999999999,0.14285714285714285,0.24337422946707662,0.05555555555555555,15,0.194444,0.194444,16,4,0,16,36,1
datacoves__balboa,2025-10-31T11:30:45,14d08df6df63d7a1d9917beb854d8ed7dd8af7af,update roles in permifrost (#253) (#254),36,23,False,0.7857142857142857,1,0.7293650793650793,0.9999999999999999,0.14285714285714285,0.2517924070665432,0.05555555555555555,15,0.194444,0.194444,16,4,0,16,36,1
datacoves__balboa,2025-12-04T17:02:48,7581da29d644450cffdcf1d38d81a84884a72754,fix yaml lint issues,36,23,False,0.7857142857142857,1,0.7293650793650793,0.9999999999999999,0.14285714285714285,0.3570010494527064,0.05555555555555555,15,0.194444,0.194444,16,4,0,16,36,1
datacoves__balboa,2026-02-11T16:17:56,e56992aad14854c5537ea0e47ccb53df0604f01f,Update sqlfluff rules,36,23,False,0.7857142857142857,1,0.7293650793650793,0.9999999999999999,0.14285714285714285,0.2505812060600337,0.05555555555555555,15,0.194444,0.194444,16,4,0,16,36,1
datacoves__balboa,2026-03-20T16:36:55,c06ff28242b218037dd87d1343b1e35deed2f06b,clean up snowcap resource files. update dbt-coves template to not lower the source name. add config key above meta for m,36,23,False,0.7857142857142857,1,0.7293650793650793,0.9999999999999999,0.14285714285714285,0.2616066062848189,0.05555555555555555,15,0.194444,0.194444,16,4,0,16,36,1
datafold__demo,2022-11-04T17:38:26,571e2bad676e4b3d8eb2d8a4407ed68664ae0ff3,switch to ref,3,2,True,,,,,,,,1,1.0,0.0,0,0,2,1,3,1
datafold__demo,2023-01-11T13:54:22,cb18a3bdaa2ffbb387aeb4c4b243b30e3bef241c,setup for data-diff dbt (#25),4,3,True,,,,,,,,1,1.0,0.0,0,0,3,1,4,1
datafold__demo,2023-03-15T09:34:02,13264571850f1cf2df660c08e4f1b5b8d44630e9,add dev logic,4,3,True,,,,,,,,1,1.0,0.0,0,0,3,1,4,1
datafold__demo,2023-04-04T13:13:22,ffa9168896c85b86811d6ff893a4a8c6d55159f5,"undo test, facepalm",4,3,True,,,,,,,,1,1.0,0.0,0,0,3,1,4,1
datafold__demo,2023-06-12T15:01:06,a57b871bc57703ab8ab390f94da469718a9df7c4,select dim_orgs columns explicitly,4,3,True,,,,,,,,1,1.0,0.0,0,0,3,1,4,1
datafold__demo,2023-08-04T12:39:18,610afc663193c8caf5be8fae0bd63ecd4fd6ea58,undo accidental change,4,3,True,,,,,,,,1,1.0,0.0,0,0,3,1,4,1
datafold__demo,2024-03-06T11:24:42,4545620b480fa71ef4ced90207997aca8c6cabef,revert casing test,4,3,True,,,,,,,,1,1.0,0.0,0,0,3,1,4,1
datafold__demo,2024-04-19T12:48:05,97ee3ace356bb61f94b7894764f991a57ba1cc49,add dim_users,5,3,False,0.8571428571428571,2,0.7,0.5857864376269047,0.1715728752538099,0.08333333333341264,0.0,2,0.8,0.2,0,0,4,1,5,1
datafold__demo,2024-07-04T18:56:11,e0f207656595ea86b67b4c9d49cdbe81a26521a7,Update schema.yml,5,3,False,0.8571428571428571,2,0.7,0.5857864376269047,0.1715728752538099,0.08333333333335036,0.0,2,0.8,0.2,0,0,4,1,5,1
datafold__demo,2024-07-28T02:46:27,286a9514b98aee9177c4a71209d1032c41d84ce6,fix,10,6,False,0.8571428571428571,2,0.7,0.5857864376269047,0.17157287525380988,0.08333333333327775,0.0,4,0.4,0.2,0,0,8,2,10,1
datafold__demo,2025-03-04T18:54:23,3f20bed7b63a810bab47b4bb15adceefcc75c0be,fix,13,6,False,0.8571428571428571,2,0.7692307692307693,0.5857864376269047,0.17157287525380988,0.08333333333331595,0.0,7,0.307692,0.384615,0,0,8,5,13,1
datafold__demo,2025-03-18T22:09:48,986d7527733c6397798eef51c01e52f936ab8e28,informatica models upd,13,6,False,0.8571428571428571,2,0.7692307692307693,0.5857864376269047,0.17157287525380988,0.08333333333340155,0.0,7,0.307692,0.384615,0,0,8,5,13,1
davidgasquez__filecoin-data-portal,2023-07-05T12:15:24,660468446cc4730eb875c30ee2067fc8c271f042,feat: 🎨 new models,3,1,True,,,,,,,,2,0.666667,0.333333,0,0,0,3,3,1
davidgasquez__filecoin-data-portal,2023-08-17T09:31:50,5b65552cbe5f49205429a875ec161361886bd74b,feat: 👷 less disk space,6,1,False,0.9285714285714286,1,0.8333333333333334,2.0,1.0,0.0,0.0,5,0.333333,0.666667,0,0,0,6,6,1
davidgasquez__filecoin-data-portal,2023-09-12T08:31:21,ae2d5e0c82acd7360f76dc5ad2ec1e569b7e2c74,chore: 📝 update,5,1,False,0.9285714285714286,1,0.8,2.0,1.0,0.0,0.0,4,0.4,0.6,0,0,0,5,5,1
davidgasquez__filecoin-data-portal,2023-10-03T13:42:09,e02df1bca53df0a36d5b63465df58b7f7dd7557e,chore: 🎨 move assets to dagster,3,1,True,,,,,,,,2,0.666667,0.333333,0,0,0,3,3,1
davidgasquez__filecoin-data-portal,2023-12-08T10:45:28,1eca638d853d9812284a204229aa037dc46342bb,chore: use compressed data,4,2,True,,,,,,,,2,0.75,0.25,0,0,0,4,4,1
davidgasquez__filecoin-data-portal,2024-01-10T16:43:21,90b78713fc8de45fed6e898e4594551fe591a050,feat: ✨ better IPFS integration,5,3,False,0.8571428571428571,2,0.6666666666666666,0.585786437626905,0.17157287525380993,0.08333333333316995,0.0,2,0.8,0.2,0,0,0,5,5,1
davidgasquez__filecoin-data-portal,2024-01-22T13:56:07,e2dba6c3b22c5035afa4ce3c2835f939fbc48b5c,chore: 🗑️ remove filrep models,6,4,False,0.7857142857142857,2,0.75,0.5188056959079843,0.12441125563507048,0.19142259864980704,0.0,2,0.833333,0.166667,0,0,0,6,6,1
davidgasquez__filecoin-data-portal,2024-03-14T10:14:15,9143fe83523f1afa3a8e66f363dad79283e8a5ec,chore: :art: refactor to rely on Lily dataset (#16),6,4,False,0.7857142857142857,2,0.75,0.5188056959079843,0.12441125563507048,0.19142259864980482,0.0,2,0.833333,0.166667,0,0,0,6,6,1
davidgasquez__filecoin-data-portal,2024-04-16T11:06:38,2b4e46305380cf2d58e1fe40ccb187792a753cef,chore: 🎨 create allocator models and metrics (#26),10,8,False,0.7142857142857143,2,0.625,0.885092458523244,0.16691116482948165,0.4036776372094232,0.3,5,0.6,0.4,0,0,0,10,10,1
davidgasquez__filecoin-data-portal,2024-05-15T08:09:29,ccf7e50d742538d1811d3bd74f51305290264f4a,feat: 🚸 add user count daily metrics,10,11,False,0.6428571428571429,2,0.5,0.8929036232745208,0.166318111208786,0.43071540003814557,0.4,3,0.6,0.1,0,0,0,10,10,1
davidgasquez__filecoin-data-portal,2024-06-12T10:38:12,82efc51cc8dedcf2b7382c6ce4a26a387d976235,feat: 🚀 enhance metrics and update dependencies [skip ci],11,13,False,0.7142857142857143,3,0.5874125874125874,0.8493490292930073,0.1397354804033368,0.5581313845936474,0.45454545454545453,3,0.636364,0.090909,0,0,0,11,11,1
davidgasquez__filecoin-data-portal,2024-07-11T15:40:37,a01bf39618481146c746fce8fec8fa96e111da9f,feat: 🎨 add expired data metrics [skip ci],12,7,False,0.7857142857142857,2,0.6785714285714286,0.6972243622680053,0.16204060378000895,0.14054054054054216,0.08333333333333333,6,0.416667,0.333333,0,0,0,12,12,1
davidgasquez__filecoin-data-portal,2024-08-14T08:06:34,10d7976e937e1c640e07be68cb0b1c1a98a16c28,feat: 🔥 moar SP level metrics!,12,7,False,0.7857142857142857,2,0.6785714285714286,0.6972243622680053,0.16204060378000895,0.14054054054054194,0.08333333333333333,6,0.416667,0.333333,0,0,0,12,12,1
davidgasquez__filecoin-data-portal,2024-08-16T14:27:48,8e470a2b6467e55f151aa7a6caeec67fa94c91b1,feat: ⚡️ add raw_gas_daily_usage [skip ci],12,7,False,0.7857142857142857,2,0.6785714285714286,0.6972243622680053,0.16204060378000895,0.14054054054054085,0.08333333333333333,6,0.416667,0.333333,0,0,0,12,12,1
davidgasquez__filecoin-data-portal,2024-10-01T16:26:56,60e8fa17a35c735ff4573b94caee039d276097e9,fix: 🔧 correct POC GitHub user extraction in SQL [skip ci],12,7,False,0.7857142857142857,2,0.6785714285714286,0.6972243622680053,0.16204060378000895,0.14054054054054205,0.08333333333333333,6,0.416667,0.333333,0,0,0,12,12,1
davidgasquez__filecoin-data-portal,2024-10-31T11:35:44,fe46d4b1d6adce3cf541ed475cb1e827606a9f90,refactor: 🔄 standardize retrievals data source and metrics calculation,13,9,False,0.6428571428571429,2,0.6495726495726496,0.6972243622680048,0.13631221221776088,0.22708463358680347,0.15384615384615385,6,0.461538,0.307692,0,0,0,13,13,1
davidgasquez__filecoin-data-portal,2024-11-28T10:03:04,96405ff212eeb7718ef566a100e411e9bfac6e46,feat: :chart_with_upwards_trend: integrate gas fee metrics into Filecoin storage providers model,14,11,False,0.7142857142857143,3,0.6948051948051948,0.1662540058639986,0.029988772362369853,0.47406957651992754,0.14285714285714285,5,0.714286,0.285714,0,0,0,14,14,1
davidgasquez__filecoin-data-portal,2025-01-14T10:45:31,04d0fa32f9f9dbf60ebead334c85a12a5d560069,feat: 🚀 add filecoin transactions analysis,15,11,False,0.7142857142857143,3,0.7151515151515152,0.1662540058639986,0.029988772362369853,0.4740695572652162,0.13333333333333333,6,0.666667,0.333333,0,0,0,15,15,1
davidgasquez__filecoin-data-portal,2025-02-21T11:03:15,28ef24255a64d547711e9860da4c09626de2cb07,refactor: :bug: Update Filecoin allocators model with multi-address support,15,11,False,0.7142857142857143,3,0.7151515151515152,0.1662540058639986,0.029988772362369853,0.47406955451699906,0.13333333333333333,6,0.666667,0.333333,0,0,0,15,15,1
davidgasquez__filecoin-data-portal,2025-04-07T09:36:45,d68ca3ad5a630f978eee32ce2554b8430ae38f66,🔧 Improve SQL query for datacap GitHub applications,16,12,False,0.5714285714285714,3,0.7067307692307693,0.15849705543934905,0.028383784282394978,0.5451300771816282,0.125,6,0.6875,0.3125,0,0,0,16,16,1
davidgasquez__filecoin-data-portal,2025-04-30T11:01:31,a84c77abc0b3d96c0e0b424f85eae1030b293a1b,♻️ Update Onramps mapping,17,13,False,0.5714285714285714,3,0.7058823529411765,0.156664355639957,0.02762194985637693,0.5176315300400908,0.11764705882352941,6,0.705882,0.294118,0,0,0,17,17,1
davidgasquez__filecoin-data-portal,2025-05-27T11:43:00,f7982563a5ff6123d8b20d94ce59b627afecd60d,✨ Add client metrics and refactor SQL queries for improved data handling,17,13,False,0.5714285714285714,3,0.7058823529411765,0.156664355639957,0.02762194985637693,0.5176315246130452,0.11764705882352941,6,0.705882,0.294118,0,0,0,17,17,1
davidgasquez__filecoin-data-portal,2025-06-26T15:39:31,1b8e669ec076e7794df7afc866f763454d03796d,♻️ Reduce memory footprint,17,13,False,0.5714285714285714,3,0.7058823529411765,0.156664355639957,0.02762194985637693,0.5176315226996017,0.11764705882352941,6,0.705882,0.294118,0,0,0,17,17,1
davidgasquez__filecoin-data-portal,2025-08-05T23:37:44,9e35b0dd26ec2077829d648d7b566ce84704b432,🔧 Fix Pulse dashboards after allocator schema changes (#155),17,13,False,0.5714285714285714,3,0.7058823529411765,0.156664355639957,0.02762194985637693,0.5176315307889781,0.11764705882352941,6,0.705882,0.294118,0,0,0,17,17,1
davidgasquez__filecoin-data-portal,2025-09-18T09:59:31,38566c64235cb6a8cdc9effeef3c328f14b29578,🐛 Fix typo in inferred column alias in filecoin_allocators.sql,17,13,False,0.5714285714285714,3,0.7058823529411765,0.156664355639957,0.02762194985637693,0.5176315226344352,0.11764705882352941,6,0.705882,0.294118,0,0,0,17,17,1
davidgasquez__filecoin-data-portal,2026-01-23T10:43:05,aa60bc1e02ac81b79618b055dbf4ab1c64979721,♻️ Rename FOC asset and forward fill active payers,16,11,False,0.5714285714285714,3,0.7321428571428571,0.16521759286574497,0.030541909168513737,0.4604703286473693,0.0625,6,0.6875,0.3125,0,0,0,16,16,1
davidgasquez__filecoin-data-portal,2026-03-06T18:38:40,3c529a12185c9bf6b99fb40cedc27311787ee840,🐛 Fix MotherDuck query config typing,17,11,False,0.5714285714285714,3,0.7478991596638656,0.16521759286574497,0.030541909168513737,0.4604703833765954,0.058823529411764705,7,0.647059,0.352941,0,0,0,17,17,1
dbt-labs__dbt-onboarding-exemplar,2021-10-28T15:50:04,bf21dcbf20732f6553d505d176d37bc0b3896344,add aggregate models and exposures,18,19,False,0.7142857142857143,4,0.5264550264550265,0.07767280756229823,0.012990538213273254,0.48414795028702956,0.1111111111111111,1,1.0,0.0,8,2,8,0,18,1
dbt-labs__dbt-onboarding-exemplar,2021-11-08T19:42:50,ef6e8c111d8672039874f58ddf7e842e17d3eb4d,fix materialization on agg_regions_segments model,19,21,False,0.7142857142857143,4,0.5073684210526316,0.1923655565215581,0.03188494106486525,0.47215139969685177,0.15789473684210525,1,1.0,0.0,8,2,9,0,19,1
dbt-labs__dbt-onboarding-exemplar,2022-03-19T03:59:24,0f648ba0eb242e9f5f93869ddaa700cb85ea5924,Add int_ prefix to intermediate models & update .yml with new names,20,21,False,0.8571428571428571,4,0.503448275862069,0.1802525019846179,0.02991687229813628,0.39543631948872743,0.1,1,1.0,0.0,8,3,9,0,20,1
dbt-labs__dbt-onboarding-exemplar,2022-06-07T22:02:49,cd4db1e583339f5fb190d2c7c08c95e59192741d,made some minor edits,20,21,False,0.8571428571428571,4,0.503448275862069,0.1802525019846179,0.02991687229813628,0.39543631846328675,0.1,1,1.0,0.0,8,3,9,0,20,1
dbt-labs__dbt-onboarding-exemplar,2022-07-05T21:25:35,fcb1e534690474afc6461c1e7af7f0e19dd41b14,trash commits,23,25,False,0.5714285714285714,5,0.5385694249649369,0.1624013585085149,0.026890907516153077,0.5033103620707952,0.17391304347826086,2,0.913043,0.0,8,3,12,0,23,1
dbt-labs__dbt-onboarding-exemplar,2022-07-28T21:26:08,bd584aaf7b47745ea91e27c8c7ce31e406ecceb7,commit changes,24,25,False,0.5714285714285714,5,0.5577956989247311,0.1624013585085149,0.026890907516153077,0.5033095718180123,0.16666666666666666,3,0.875,0.041667,9,3,12,0,24,1
dbt-labs__dbt-onboarding-exemplar,2022-09-23T16:55:32,f1dcc29573df9381ea5ef47ad8421183e1adf6e2,rename staging models,20,21,False,0.8571428571428571,4,0.503448275862069,0.1802525019846179,0.02991687229813628,0.39543632110160815,0.1,1,1.0,0.0,8,3,9,0,20,1
dbt-labs__dbt-onboarding-exemplar,2022-09-27T13:42:30,23a97c7c26ea937311890894474dc78b0210b6dd,clean up aggregates folder,20,21,False,0.8571428571428571,4,0.503448275862069,0.1802525019846179,0.02991687229813628,0.39543631936069784,0.1,1,1.0,0.0,8,3,9,0,20,1
dbt-labs__dbt-onboarding-exemplar,2022-11-16T01:04:30,8fefbb23e289cf05b969f1ffe3e4a57105aef7fb,changes based on PR feedback,22,23,False,0.6428571428571429,4,0.5227272727272727,0.16250048509859985,0.0269074180124988,0.5214552069658497,0.18181818181818182,3,0.909091,0.090909,9,3,10,0,22,1
dbt-labs__dbt-onboarding-exemplar,2023-01-25T16:30:45,c0b85a3239b8023053f33139b2b0e1084d61b0f6,pull from main,22,23,False,0.6428571428571429,4,0.5227272727272727,0.16250048509859985,0.0269074180124988,0.5214559158036092,0.18181818181818182,3,0.909091,0.090909,9,3,10,0,22,1
dbt-labs__dbt-onboarding-exemplar,2023-05-17T20:45:28,fa870bd9bd6665dd8c4cbd85cf7031a365efdcb6,add test examples,27,24,False,0.6428571428571429,4,0.599090318388564,0.16250048509859985,0.0269074180124988,0.5214552429801289,0.14814814814814814,7,0.740741,0.185185,13,3,11,0,27,1
dbt-labs__dbt-onboarding-exemplar,2023-06-21T13:18:39,1da64c57ad3a1b60390d6930098dda6a43206e84,wip incremental,28,22,False,0.6428571428571429,4,0.6136363636363636,0.18054321569006812,0.03012624722429862,0.423209933838746,0.07142857142857142,8,0.678571,0.178571,15,3,10,0,28,1
dbt-labs__dbt-onboarding-exemplar,2023-06-29T20:45:53,221908bb07b9794042d63f0b391943859722bb90,renamed examples to sample,39,28,False,0.5714285714285714,4,0.7209215904868079,0.1763266021141736,0.028808177574771214,0.3877460912011153,0.05128205128205128,13,0.538462,0.25641,13,3,10,13,39,1
dbt-labs__dbt-onboarding-exemplar,2024-01-16T13:36:58,1b0998dc0a67aebe0aa967994a3aa5cf3562d3fb,delete metrics package and related models. Update dbt artifacts package to more recent version,38,28,False,0.5714285714285714,4,0.7135774218154081,0.1763266021141736,0.028808177574771214,0.38774736364226103,0.05263157894736842,12,0.552632,0.236842,13,3,9,13,38,1
dbt-labs__dbt-onboarding-exemplar,2024-06-10T18:43:26,fe7ccd8fcd2dbe9edd41088a6d7b13cd0d0d52bf,description of override,39,28,False,0.5714285714285714,4,0.7209215904868079,0.1763266021141736,0.028808177574771214,0.3877473566956581,0.05128205128205128,13,0.538462,0.25641,13,3,9,14,39,1
dbt-labs__dbt-onboarding-exemplar,2024-06-28T18:47:02,b15d482b6cdd55c2444831bd39699f90a09f0855,final data-test addition,38,28,False,0.5714285714285714,4,0.7135774218154081,0.1763266021141736,0.028808177574771214,0.3877460979591466,0.05263157894736842,12,0.552632,0.236842,13,3,9,13,38,1
dbt-labs__dbt-onboarding-exemplar,2024-11-08T20:02:37,2c8532a0cd1f96a045b2df26035aaed1346885b3,convert example join snapshot to markdown till better fix avail,37,28,False,0.5714285714285714,4,0.7058362710536623,0.1763266021141736,0.028808177574771214,0.3877473501475329,0.05405405405405406,11,0.567568,0.216216,13,3,9,12,37,1
dbt-labs__dbt-project-evaluator,2022-01-31T11:35:25,c57b9dc0c0cd1b0b6e9e9c9b6289e1bcc2e06aec,"Changed ""description"" field to a boolean",23,18,False,0.7857142857142857,2,0.7053140096618358,0.47907331775179335,0.06745423001326212,0.40179122103209863,0.08695652173913043,7,0.391304,0.173913,9,3,8,3,23,1
dbt-labs__dbt-project-evaluator,2022-03-07T17:59:24,10c417412c20798c1a0455e7f4982ed552adcb1b,Create new DAG tests and add examples,22,16,False,0.8571428571428571,1,0.8863636363636364,0.9999999999999992,0.09090909090909084,0.34047358753858714,0.0,6,0.5,0.181818,8,2,12,0,22,1
dbt-labs__dbt-project-evaluator,2022-04-04T17:47:12,1f845ef2618ca5b205d93862423d62056ebe742f,Merge pull request #64 from dbt-labs/fix/update-grain-of-multiple_sources_joined,23,18,False,0.6428571428571429,3,0.893719806763285,0.09050971404313962,0.0075364953700180716,0.6339300995983034,0.0,5,0.826087,0.173913,8,2,13,0,23,1
dbt-labs__dbt-project-evaluator,2022-05-06T10:02:48,f176f717c150acc4a3f5c6af5d0280174c999c65,Make the calculation work cross DW,26,22,False,0.7857142857142857,3,0.8671328671328671,0.08072785360382849,0.0067214781738791935,0.6210854036415137,0.038461538461538464,5,0.846154,0.153846,10,2,14,0,26,1
dbt-labs__dbt-project-evaluator,2022-05-31T16:19:34,a7cd3cabc51ed02818c8360d8957837e9b78f29a,Merge branch 'main' into fix/readme_table_of_contents,28,26,False,0.7857142857142857,3,0.8571428571428571,0.09218013838935928,0.0076664146189382954,0.6395565210653245,0.10714285714285714,5,0.857143,0.142857,9,3,16,0,28,1
dbt-labs__dbt-project-evaluator,2022-07-06T09:46:20,f801942682ca93d22a4f08acd76c6cce0a850558,Added owner_name and owner_email fields to stg_exposures and int_all_graph_resources,29,27,False,0.7142857142857143,3,0.8659003831417624,0.0885202922361732,0.006799538336954102,0.6510587729675429,0.10344827586206896,5,0.862069,0.137931,9,3,17,0,29,1
dbt-labs__dbt-project-evaluator,2022-08-04T18:01:42,e6c2ff9423d37a3f04c6e0ff20df55edb16f7a8a,Fix integration tests on databricks,30,28,False,0.7142857142857143,3,0.8738095238095238,0.08539349026853145,0.006092955027478593,0.6640551970465874,0.1,5,0.866667,0.133333,9,3,18,0,30,1
dbt-labs__dbt-project-evaluator,2022-08-15T14:18:20,3ff7f50b7ac69a84ec2cef737cb00016e6aac208,Merge pull request #183 from dbt-labs/fix/alt-multi-ref,30,28,False,0.7142857142857143,3,0.8738095238095238,0.08539349026853145,0.006092955027478593,0.664055107274413,0.1,5,0.866667,0.133333,9,3,18,0,30,1
dbt-labs__dbt-project-evaluator,2022-09-29T23:31:12,1801aff13dc70ec5b966826cd8e8d24d8ed05558,Fix temp code,30,28,False,0.7142857142857143,3,0.8738095238095238,0.08539349026853145,0.006092955027478593,0.664055124998984,0.1,5,0.866667,0.133333,9,3,18,0,30,1
dbt-labs__dbt-project-evaluator,2022-12-02T16:23:45,68bef71b1fdead97837fb609e568703d0d0b2fd4,working prototype for unpack via create and insert,30,28,False,0.7142857142857143,3,0.8738095238095238,0.08539349026853145,0.006092955027478593,0.6640551900533006,0.1,5,0.866667,0.133333,9,3,18,0,30,1
dbt-labs__dbt-project-evaluator,2022-12-22T08:45:16,7a8069148ab6fffcbee25bd7ed72d089efdc23c3,Merge branch 'main' into bug/directory_pattern,31,29,False,0.7142857142857143,3,0.8787541713014461,0.0827690712041707,0.0059054845868601515,0.6730596850232741,0.0967741935483871,5,0.870968,0.129032,9,3,19,0,31,1
dbt-labs__dbt-project-evaluator,2023-01-26T13:47:41,d9e94efd26f3840556df7d6352aa4fcff1d8ad54,a wee bit of whitespace,34,32,False,0.7142857142857143,3,0.8474264705882353,0.06939531105845455,0.004951281071948284,0.6420021905993113,0.08823529411764706,5,0.882353,0.117647,12,3,19,0,34,1
dbt-labs__dbt-project-evaluator,2023-02-20T17:20:14,e27e659c400ddb7c2d4a8a272906d3b263aa8ea3,"tidy project yml, add if execute",34,32,False,0.7142857142857143,3,0.8474264705882353,0.06939531105845455,0.004951281071948284,0.6420023656402292,0.08823529411764706,5,0.882353,0.117647,12,3,19,0,34,1
dbt-labs__dbt-project-evaluator,2023-03-31T11:06:38,1299dbf1d8f7e5d61423fe28f223fd872f4e49cc,Merge pull request #309 from dbt-labs/disallow-materialization-overrides,35,33,False,0.7857142857142857,3,0.8536796536796537,0.0684724322526446,0.0048850794864986995,0.6510412379734571,0.08571428571428572,5,0.885714,0.114286,12,3,20,0,35,1
dbt-labs__dbt-project-evaluator,2023-04-14T11:33:26,9f03a02ed5f0d09d7d5bad3cf64f84d624468cbb,Remove old `tests` config breaking 1.5,35,33,False,0.7857142857142857,3,0.8536796536796537,0.0684724322526446,0.0048850794864986995,0.6510409679518899,0.08571428571428572,5,0.885714,0.114286,12,3,20,0,35,1
dbt-labs__dbt-project-evaluator,2023-05-30T13:22:23,13ce0c2c95c59ef4ee2120c2b6efbe252c9a3e10,select only relevant rows in fct_direct_join_to_source,35,33,False,0.7857142857142857,3,0.8536796536796537,0.0684724322526446,0.0048850794864986995,0.6510412445039258,0.08571428571428572,5,0.885714,0.114286,12,3,20,0,35,1
dbt-labs__dbt-project-evaluator,2023-06-28T16:37:56,8f8d1cf9373e8745413f2ff581e582445278d5c6,update metric to new metric spec,35,33,False,0.7857142857142857,3,0.8536796536796537,0.0684724322526446,0.0048850794864986995,0.6510413288374497,0.08571428571428572,5,0.885714,0.114286,12,3,20,0,35,1
dbt-labs__dbt-project-evaluator,2023-07-20T13:41:19,d6c881716af78adb7623af7425ad14902f07f0dc,Apply suggestions from code review,35,33,False,0.7857142857142857,3,0.8536796536796537,0.0684724322526446,0.0048850794864986995,0.6510412344192821,0.08571428571428572,5,0.885714,0.114286,12,3,20,0,35,1
dbt-labs__dbt-project-evaluator,2023-08-17T13:23:34,907c5204108defdf5358257c533a10fc32145eac,make sure to exclude relationships to catch excluded staging models,38,36,False,0.7142857142857143,3,0.8713450292397661,0.06422307596013523,0.004276737796717186,0.6792543439973494,0.07894736842105263,5,0.894737,0.105263,12,3,23,0,38,1
dbt-labs__dbt-project-evaluator,2023-09-26T10:48:26,56c2035c58674daacb3adf378b958c3a582c8a63,Add AWS Athena support,40,38,False,0.7857142857142857,3,0.8802631578947369,0.06265652483100108,0.003909614992741001,0.7038534891848975,0.075,5,0.9,0.1,12,3,25,0,40,1
dbt-labs__dbt-project-evaluator,2023-10-26T18:39:36,c199a63eb7cb1ef56c38b9128ad86d5f0d1e39f0,Merge branch 'main' into feat/dbt-athena-support,40,38,False,0.7857142857142857,3,0.8802631578947369,0.06265652483100108,0.003909614992741001,0.703853670335287,0.075,5,0.9,0.1,12,3,25,0,40,1
dbt-labs__dbt-project-evaluator,2023-11-05T23:27:31,0bfa709d93c9d7366b8506d001adcf978c26bc35,Inner join with stg_nodes instead of right join,44,40,False,0.7857142857142857,3,0.8693181818181818,0.06265652483100108,0.003909614992741001,0.7038536133801775,0.06818181818181818,7,0.818182,0.113636,15,4,25,0,44,1
dbt-labs__dbt-project-evaluator,2023-12-20T09:59:45,b99fab8a8158199cf3e7a18325c32b99c011a300,Merge branch 'main' into get-column-values,44,40,False,0.7857142857142857,3,0.8693181818181818,0.06265652483100108,0.003909614992741001,0.7038536532075863,0.06818181818181818,7,0.818182,0.113636,15,4,25,0,44,1
dbt-labs__dbt-project-evaluator,2024-01-25T19:19:16,e882b3e88a2ada20c2b6785eb8c3bf460486d5a1,"Made changes to seeds, converted too_many_joins threshold to variable, gitignored integration_tests/package-lock.yml",41,39,False,0.7857142857142857,3,0.8855534709193246,0.06037078128249596,0.0037537068784997594,0.7071342966412932,0.07317073170731707,5,0.902439,0.097561,12,3,26,0,41,1
dbt-labs__dbt-project-evaluator,2024-02-12T10:35:38,52689ea3e4cccc98676a7283120782c0225d3bde,revert logic change to model test summary,43,38,False,0.7857142857142857,3,0.8886168910648715,0.06265652483100108,0.003909614992741001,0.7038539764275672,0.06976744186046512,8,0.837209,0.162791,15,3,25,0,43,1
dbt-labs__dbt-project-evaluator,2024-04-25T18:52:49,2f6314288ee8049e9eb715ad069132e94d3e8853,Merge branch 'main' into feature/calculate-sql-complexity,44,39,False,0.7857142857142857,3,0.8933566433566433,0.06037078128249596,0.0037537068784997594,0.7071340218896932,0.06818181818181818,8,0.840909,0.159091,15,3,26,0,44,1
dbt-labs__dbt-project-evaluator,2024-05-12T11:38:43,e66a238e625c91aae8f10e75fb9809b16401b06e,replace using syntax,44,39,False,0.7857142857142857,3,0.8933566433566433,0.06037078128249596,0.0037537068784997594,0.7071338992191792,0.06818181818181818,8,0.840909,0.159091,15,3,26,0,44,1
dbt-labs__dbt-project-evaluator,2024-06-10T08:07:16,ac8f2088f46b996c479d659990a593a2a03d9fe4,"push logic back into base_node_columns, via get_column_values",44,39,False,0.7857142857142857,3,0.8933566433566433,0.06037078128249596,0.0037537068784997594,0.7071339354115668,0.06818181818181818,8,0.840909,0.159091,15,3,26,0,44,1
dbt-labs__dbt-project-evaluator,2024-07-22T13:07:24,9bb90312ffdcfb1801873ab90c82140ddf9bbdd9,Merge branch 'main' into type_string_macro_handling_all_cases,44,39,False,0.7857142857142857,3,0.8933566433566433,0.06037078128249596,0.0037537068784997594,0.7071342904333792,0.06818181818181818,8,0.840909,0.159091,15,3,26,0,44,1
dbt-labs__dbt-project-evaluator,2024-08-20T12:27:27,66939ff38f8bda092f2556f919a782aef11d0132,Merge branch 'main' of github.com:dbt-labs/dbt-project-evaluator into feature/add-source-freshness-data,44,39,False,0.7857142857142857,3,0.8933566433566433,0.06037078128249596,0.0037537068784997594,0.7071338599654287,0.06818181818181818,8,0.840909,0.159091,15,3,26,0,44,1
dbt-labs__dbt-project-evaluator,2024-09-19T14:59:13,f066a8d5962b9033d6540868e1c86338301fdaa5,Add built-in unique test if no preexisting test matches its name.,44,39,False,0.7857142857142857,3,0.8933566433566433,0.06037078128249596,0.0037537068784997594,0.7071342328413368,0.06818181818181818,8,0.840909,0.159091,15,3,26,0,44,1
dbt-labs__dbt-project-evaluator,2024-12-05T17:47:54,d74a2acdd11cf8b6eb385ca4ea64f706cf166b2a,Merge branch 'main' into fix/505-rename-to-data-tests-for-v1,44,39,False,0.7857142857142857,3,0.8933566433566433,0.06037078128249596,0.0037537068784997594,0.7071340399921073,0.06818181818181818,8,0.840909,0.159091,15,3,26,0,44,1
dbt-labs__dbt-project-evaluator,2025-05-30T12:47:06,f944fd63bc6a4ac2983976924c9782b6ecf24d6e,fix time spine exclusion,44,39,False,0.7857142857142857,3,0.8933566433566433,0.06037078128249596,0.0037537068784997594,0.7071342631310423,0.06818181818181818,8,0.840909,0.159091,15,3,26,0,44,1
dbt-labs__dbt-project-evaluator,2025-08-14T09:04:34,7ede3e74167340fcf9b02a1d270b0cdaeb4890fa,Fix config for naming tests,44,39,False,0.7857142857142857,3,0.8933566433566433,0.06037078128249596,0.0037537068784997594,0.7071343411102371,0.06818181818181818,8,0.840909,0.159091,15,3,26,0,44,1
dbt-labs__dbt-project-evaluator,2026-02-27T10:39:36,bd6cd1b6eb8ed3fe64400e1dc259de8a28767bd6,fix: add explicit column aliasing to avoid name collisions,44,39,False,0.7857142857142857,3,0.8933566433566433,0.06037078128249596,0.0037537068784997594,0.7071344224197457,0.06818181818181818,8,0.840909,0.159091,15,3,26,0,44,1
dbt-labs__dbt-project-evaluator,2026-04-09T19:47:22,66f7664a0eda6c4f0945f2318c86ce94ff9ae39a,feat: support new dbt semantic layer spec and add integration_tests_sl,45,39,False,0.7857142857142857,3,0.8957264957264958,0.06037078128249596,0.0037537068784997594,0.7071344312773016,0.06666666666666667,9,0.822222,0.177778,16,3,26,0,45,2
dbt-labs__dbt-project-evaluator,2026-06-12T11:35:28,98d4e9eec3585a940c796220909c00144a6f77b1,fix: use valid macro argument type for loop_vars vars,45,39,False,0.7857142857142857,3,0.8957264957264958,0.06037078128249596,0.0037537068784997594,0.707134050363147,0.06666666666666667,9,0.822222,0.177778,16,3,26,0,45,2
dbt-labs__jaffle-sl-template,2023-06-23T14:48:34,a8e4f80ab9a8e7a3c1f53eba94ac73ac9ef197f1,changed measures to measure in metric type params,8,7,False,0.7857142857142857,2,0.22916666666666666,0.45249338683502344,0.06432907244478109,0.5574526775578341,0.0,1,1.0,0.0,6,0,2,0,8,1
dbt-labs__jaffle-sl-template,2023-07-21T22:08:51,bde083e3594ab916b57d772533a50645f54387c5,Removing Brooklyn orders,9,7,False,0.7857142857142857,2,0.3148148148148148,0.45249338683502344,0.06432907244478109,0.5574526775578316,0.0,2,0.888889,0.111111,6,0,3,0,9,1
dbt-labs__jaffle-sl-template,2023-08-18T13:32:26,c54a69163b9d1c4ef8b28061de8763e56ddbb36e,Update models to be compatible with duckdb,10,9,False,0.7142857142857143,3,0.4375,0.6175869341923078,0.08777146821601416,0.43786808089332097,0.2,3,0.8,0.2,6,0,4,0,10,1
dbt-labs__jaffle-sl-template,2023-09-19T12:18:14,df12550e0858ed4f90af28329c6865b061674a69,cast ordered at for BQ,10,9,False,0.7142857142857143,3,0.4375,0.6175869341923078,0.08777146821601416,0.4378680808782946,0.2,3,0.8,0.2,6,0,4,0,10,1
dbt-labs__jaffle-sl-template,2023-12-11T15:29:24,a29b17d8fe2edc339357b035ed452c2feca95ddf,Add saved query & export (#48),10,9,False,0.7142857142857143,3,0.4375,0.6175869341923078,0.08777146821601416,0.4378680809577877,0.2,3,0.8,0.2,6,0,4,0,10,1
dbt-labs__jaffle-sl-template,2024-01-09T15:50:41,610c41f1eeb5a78db098b6241ad7c12e86918f83,remove test metric,10,9,False,0.7142857142857143,3,0.4375,0.6175869341923078,0.08777146821601416,0.4378680810199882,0.2,3,0.8,0.2,6,0,4,0,10,1
dbt-labs__jaffle-sl-template,2024-02-16T12:43:30,d42855c330cd69b1c7ecce528a587d5adf813efd,testing saved queries,10,9,False,0.7142857142857143,3,0.4375,0.6175869341923078,0.08777146821601416,0.437868081142486,0.2,3,0.8,0.2,6,0,4,0,10,1
dbt-labs__jaffle-sl-template,2024-02-22T16:52:07,76d136eab1f15021271dd35e8dd8220e6d5e6047,Delete models/marts/customer360/test,19,9,False,0.7142857142857143,3,0.7039473684210527,0.617586934192309,0.08777146821601432,0.4378680811280033,0.10526315789473684,12,0.421053,0.578947,11,0,8,0,19,1
dbt-labs__jaffle-sl-template,2024-04-18T13:48:20,60e46902505096e8d5635ae41f7e73b8adee59e4,setup cache for weekly revenue,10,9,False,0.7142857142857143,3,0.4375,0.6175869341923078,0.08777146821601416,0.4378680810802627,0.2,3,0.8,0.2,6,0,4,0,10,1
dbt-labs__jaffle-sl-template,2024-05-08T12:18:47,67b941070dc2f999a65142729c309470aaef922c,set cache config in project settings,10,9,False,0.7142857142857143,3,0.4375,0.6175869341923078,0.08777146821601416,0.43786808135322075,0.2,3,0.8,0.2,6,0,4,0,10,1
dbt-labs__jaffle-sl-template,2024-05-23T08:41:13,791b9e6f495984b72d05e15aaa3218c2ceaf0e71,add cache config,10,9,False,0.7142857142857143,3,0.4375,0.6175869341923078,0.08777146821601416,0.43786808099904206,0.2,3,0.8,0.2,6,0,4,0,10,1
dbt-labs__jaffle-sl-template,2024-07-17T09:29:50,3e28c59bdfa2479bd072da403afc3ba48418cbbb,test pr,10,9,False,0.7142857142857143,3,0.4375,0.6175869341923078,0.08777146821601416,0.43786808105881747,0.2,3,0.8,0.2,6,0,4,0,10,1
dbt-labs__jaffle-sl-template,2024-08-01T12:28:29,6739bac72dd6e5fe49dea790df348b4a6408424f,new metric,10,9,False,0.7142857142857143,3,0.4375,0.6175869341923078,0.08777146821601416,0.437868080998292,0.2,3,0.8,0.2,6,0,4,0,10,1
dbt-labs__jaffle-sl-template,2024-10-02T11:45:45,9de089e85ccbf910313baf436ef264d1bdfc7e5c,update column name,10,9,False,0.7142857142857143,3,0.4375,0.6175869341923078,0.08777146821601416,0.4378680810049338,0.2,3,0.8,0.2,6,0,4,0,10,1
dbt-labs__jaffle-sl-template,2024-11-20T19:28:29,2fa7dfba2493ba9b172590de55b61b2e9e26bde3,updating so saved queries work,10,9,False,0.7142857142857143,3,0.4375,0.6175869341923078,0.08777146821601416,0.4378680809996467,0.2,3,0.8,0.2,6,0,4,0,10,1
dbt-labs__jaffle-sl-template,2025-02-13T16:54:52,8b4a61160d2367b002442ab648d499d723ae8856,Update description for model 'customers' on behalf of dbt user: 173464 via dbt explorer,10,9,False,0.7142857142857143,3,0.4375,0.6175869341923078,0.08777146821601416,0.43786808122580834,0.2,3,0.8,0.2,6,0,4,0,10,1
dbt-labs__jaffle-sl-template,2025-04-21T11:49:53,63cb752ae3690afb8806db0f33f14a9aa53af760,add svaed query,10,9,False,0.7142857142857143,3,0.4375,0.6175869341923078,0.08777146821601416,0.4378680809281057,0.2,3,0.8,0.2,6,0,4,0,10,1
dbt-labs__jaffle-sl-template,2025-08-19T18:05:00,44731c9dd9ccdefb550fd2ea9c94712166e36d99,Merge pull request #96 from dbt-labs/rpourzand-patch-4,10,9,False,0.7142857142857143,3,0.4375,0.6175869341923078,0.08777146821601416,0.437868080998174,0.2,3,0.8,0.2,6,0,4,0,10,1
dbt-labs__snowplow,2016-07-27T18:44:30,9d98d096193679574bb92623b40bef5194ee14fe,page pings and page_views,8,9,False,0.8571428571428571,1,0.5972222222222222,1.999999999999998,0.3333333333333329,0.2230247842807063,0.5,3,0.75,0.25,0,0,0,8,8,1
dbt-labs__snowplow,2016-09-22T22:28:24,bf685a8d70fee1614a77a988065b6e84b22d4f83,replicate snowplow incremental queries with dbt,10,19,False,0.7142857142857143,4,0.6263157894736842,1.5857864376269024,0.15857864376269026,0.4281360886843779,1.0,1,1.0,0.0,0,0,0,10,10,1
dbt-labs__snowplow,2016-10-13T17:41:35,3b366ceab727252306b3260351b535a20c4ea14f,add session id and reindex sessions,7,13,False,0.7142857142857143,2,0.4835164835164835,1.9138698023485055,0.27340997176407233,0.5456658820437382,1.0,1,1.0,0.0,0,0,0,7,7,1
dbt-labs__snowplow,2016-11-13T14:41:27,161c4e2b21a9cf7d131a93aaffde5637f27d8c52,add session_id FK to events,5,4,False,0.7857142857142857,1,0.7,1.0,0.2,0.20904731032325025,0.0,1,1.0,0.0,0,0,0,5,5,1
dbt-labs__snowplow,2017-01-20T14:02:51,5c5de490da077b049002fa7d511c3479a66cdedf,indentation,13,16,False,0.7142857142857143,3,0.5274725274725275,0.16740617265979532,0.025659504267948174,0.4373957406385223,0.3076923076923077,1,1.0,0.0,4,0,0,9,13,1
dbt-labs__snowplow,2017-02-21T19:29:42,88b6488d913ac2c2d7953f8c89977e3254ecbdaa,re-add engagment fields,15,14,False,0.7142857142857143,3,0.6095238095238096,0.1052224888565662,0.01907939655546077,0.43609271724104065,0.06666666666666667,2,0.933333,0.066667,4,0,0,11,15,1
dbt-labs__snowplow,2017-03-14T00:34:38,4bf117503e7d5a6558fa87e1d9c07540b774331a,pull utm params from parent session if orphaned,16,16,False,0.7142857142857143,3,0.5461956521739131,0.11275941190831851,0.019806051419352027,0.40596964802404084,0.125,2,0.9375,0.0625,4,0,0,12,16,1
dbt-labs__snowplow,2017-04-10T15:41:40,37f1805440f5a88e7e7cbd7fcddf617dcf0c187f,typos and postgres fixes,16,23,False,0.6428571428571429,3,0.3514344262295082,0.33844862997014735,0.03982848213242427,0.515901756637277,0.5,1,1.0,0.0,4,0,0,12,16,1
dbt-labs__snowplow,2017-05-09T13:53:47,1e3331bf90a281823b73fc0c9605b34fc3df71cf,check if --full-refresh is active,16,23,False,0.6428571428571429,3,0.3514344262295082,0.33844862997014735,0.03982848213242427,0.5159018347863293,0.5,1,1.0,0.0,4,0,0,12,16,1
dbt-labs__snowplow,2017-05-24T13:38:44,50bb2ddd3d666bfb52517960ed215b39b7eb43a6,updated schema test syntax to include ref calls explicitly,16,23,False,0.6428571428571429,3,0.3514344262295082,0.33844862997014735,0.03982848213242427,0.5159018733295003,0.5,1,1.0,0.0,4,0,0,12,16,1
dbt-labs__snowplow,2017-07-05T09:14:42,2f53fa39135d86613921b412b0e23326863965d8,Took out comment,16,23,False,0.6428571428571429,3,0.3514344262295082,0.33844862997014735,0.03982848213242427,0.5159018654762033,0.5,1,1.0,0.0,4,0,0,12,16,1
dbt-labs__snowplow,2017-08-15T19:02:23,93d303f8f07f9d07e6a409af86a7370daf23ae74,added optional fivetran layer,17,24,False,0.6428571428571429,4,0.3543417366946779,0.3370405058389683,0.03954771113855143,0.5663558638250762,0.47058823529411764,1,1.0,0.0,4,0,0,13,17,1
dbt-labs__snowplow,2017-10-25T15:09:07,241bcacb55dc16b7b8e82da09d256363c8fb247f,cleaning up query for exit_page_url to sessions,17,24,False,0.6428571428571429,4,0.3543417366946779,0.3370405058389683,0.03954771113855143,0.5663555638304082,0.47058823529411764,1,1.0,0.0,4,0,0,13,17,1
dbt-labs__snowplow,2018-03-06T09:09:28,5000d564ad450dc55c21232c6fb36f9d935316b3,use left outer join for optional models,17,24,False,0.6428571428571429,4,0.3543417366946779,0.3370405058389683,0.03954771113855143,0.5663558769042157,0.47058823529411764,1,1.0,0.0,4,0,0,13,17,1
dbt-labs__snowplow,2018-03-27T15:15:58,f77428b270d28c31c776ecd41b5825c96b1521e0,Merge pull request #27 from fishtown-analytics/fix/add-event-id,17,24,False,0.6428571428571429,4,0.3543417366946779,0.3370405058389683,0.03954771113855143,0.5663555220939315,0.47058823529411764,1,1.0,0.0,4,0,0,13,17,1
dbt-labs__snowplow,2018-05-10T13:37:04,c26753bffeefbea37ed9483fdc3699ebef021682,Adds support for Snowflake and BigQuery. Adds test suite + CI,16,4,False,0.7857142857142857,2,0.84375,0.3819660112501052,0.10557280900008412,0.15384615384628117,0.0,12,0.3125,0.6875,4,0,0,12,16,1
dbt-labs__snowplow,2018-09-09T16:56:27,5c922261eed9ca5ab19b65ecbea9ecf00eafe79d,add column level descriptions for snowplow_sessions,16,4,False,0.7857142857142857,2,0.84375,0.3819660112501052,0.10557280900008412,0.15384615384589695,0.0,12,0.3125,0.6875,4,0,0,12,16,1
dbt-labs__snowplow,2018-11-12T13:00:23,ced0cc78507dadb67fbabeb7665c6a9ae0b7fbda,merged changes with master,15,4,False,0.7857142857142857,2,0.8333333333333334,0.3819660112501052,0.10557280900008412,0.15384615385897757,0.0,11,0.333333,0.666667,4,0,0,11,15,1
dbt-labs__snowplow,2019-01-10T11:24:16,a68efcbb23c7214cb60645023eaa2f84af2bc037,Fix timing perfromance and user-agent models,15,4,False,0.7857142857142857,2,0.8333333333333334,0.3819660112501052,0.10557280900008412,0.15384615384622002,0.0,11,0.333333,0.666667,4,0,0,11,15,1
dbt-labs__snowplow,2019-01-20T23:02:34,b0a92b9487644b9e880ba9aa758966959fa40db7,"Fix timing perfromance and user-agent models via refering to preprocessed web page context to avoid code duplication, re",15,4,False,0.7857142857142857,2,0.8333333333333334,0.3819660112501052,0.10557280900008412,0.15384615384578773,0.0,11,0.333333,0.666667,4,0,0,11,15,1
dbt-labs__snowplow,2019-02-21T17:03:50,c05b4d17da77ab515e5daa6ec9256c5d41011a13,use new-style incremental models. Some fixups,15,4,False,0.7857142857142857,2,0.8333333333333334,0.3819660112501052,0.10557280900008412,0.15384615384612055,0.0,11,0.333333,0.666667,4,0,0,11,15,1
dbt-labs__snowplow,2019-05-15T18:11:55,70b748314b472cc07eb61575ee6d73950139ca82,Rm internal session mapping,14,4,False,0.7857142857142857,2,0.8214285714285714,0.3819660112501052,0.10557280900008412,0.15384615384615044,0.0,10,0.357143,0.642857,4,0,0,10,14,1
dbt-labs__snowplow,2019-09-26T18:03:59,6b1a93aa52a871e3529f0437c7325d0d771cb04c,Improve performance of page_view model - Add sort key for web_events model - Replace 'similar to' with more faster 'like,15,4,False,0.7857142857142857,2,0.8333333333333334,0.3819660112501052,0.10557280900008412,0.15384615384622394,0.0,11,0.333333,0.666667,4,0,0,11,15,1
dbt-labs__snowplow,2019-11-07T14:54:27,a78e1fc9b549c2446f241f136546615614bb1c04,Rm unique test event_id in base events,14,4,False,0.7857142857142857,2,0.8214285714285714,0.3819660112501052,0.10557280900008412,0.1538461538461894,0.0,10,0.357143,0.642857,4,0,0,10,14,1
dbt-labs__snowplow,2020-03-04T10:21:22,d814562921ed7af2e31939dd2b54a6feebf79920,add colon,14,4,False,0.7857142857142857,2,0.8214285714285714,0.3819660112501052,0.10557280900008412,0.1538461538474176,0.0,10,0.357143,0.642857,4,0,0,10,14,1
dbt-labs__snowplow,2020-04-21T13:59:23,ba8a6629bb3f2dafe5df12219787809dd219bdaf,Release 0.9.0 (#86),14,23,False,0.7857142857142857,4,0.40683229813664595,0.5857864376269049,0.0642435292878633,0.1641791058550943,0.7142857142857143,1,1.0,0.0,4,0,0,10,18,1
dbt-labs__snowplow,2020-06-12T16:06:30,ec0e95c1ef756f9904ef6e019bcbed403eb7c33c,Refactor: optional contexts (#89),14,23,False,0.7857142857142857,4,0.40683229813664595,0.5857864376269049,0.0642435292878633,0.16417910584983597,0.7142857142857143,1,1.0,0.0,4,0,0,10,18,1
dbt-labs__snowplow,2020-09-14T10:32:15,3795d06f365213ca4930d2447bd1580cb7031557,"Upgrade for v0.18.0 (utils, dispatch) (#97)",14,23,False,0.7857142857142857,4,0.40683229813664595,0.5857864376269049,0.0642435292878633,0.16417910584729145,0.7142857142857143,1,1.0,0.0,4,0,0,10,18,1
dbt-labs__snowplow,2021-08-23T04:59:50,7604394034ba0f6268915d815b8676a4ded3db29,swap perf timing order (#106),14,23,False,0.7857142857142857,4,0.40683229813664595,0.5857864376269049,0.0642435292878633,0.1641791058532614,0.7142857142857143,1,1.0,0.0,4,0,0,10,18,1
dbt-labs__snowplow,2021-11-17T11:01:13,b63a562fb0fd89138f00e5959333bc4e150254e0,Remove duplicated unique test (#108),14,23,False,0.7857142857142857,4,0.40683229813664595,0.5857864376269049,0.0642435292878633,0.1641791058581978,0.7142857142857143,1,1.0,0.0,4,0,0,10,18,1
dbt-labs__snowplow,2022-12-01T22:27:07,7f231633bc79df9f79cc2696e8014a56357d9902,Upversion dbt-utils dependency accounting for features moved to core (#111),14,23,False,0.7857142857142857,4,0.40683229813664595,0.5857864376269049,0.0642435292878633,0.16417910584904472,0.7142857142857143,1,1.0,0.0,4,0,0,10,18,1
dcaribou__transfermarkt-datasets,2023-05-23T16:25:55,84d7fd1e95df000fa566a72f919aca37079d62df,Handle compressed files natively in scraper (#172),15,16,False,0.7142857142857143,3,0.675,0.2956827978798754,0.05076694137837256,0.5920708218163995,0.2,2,0.866667,0.0,7,0,0,8,15,1
dcaribou__transfermarkt-datasets,2023-08-08T18:06:01,de5f5719f29e2e35613bd69638447179ccca903d,Fix missing appearances from season 2022 (#187),15,16,False,0.7142857142857143,3,0.675,0.2956827978798754,0.05076694137837256,0.5920708336322823,0.2,2,0.866667,0.0,7,0,0,8,15,1
dcaribou__transfermarkt-datasets,2023-09-10T13:50:45,02c7ab70ba5630507d0fdff53aefcf82879c5e6d,Remove outlier in player valuations (#196),15,16,False,0.7142857142857143,3,0.675,0.2956827978798754,0.05076694137837256,0.5920708438974225,0.2,2,0.866667,0.0,7,0,0,8,15,1
dcaribou__transfermarkt-datasets,2023-10-10T10:13:11,8fd956ba5133cabd8f1b4f9b0e18287a0ef5b5a7,Add game lineups to dataset (#231),17,18,False,0.7142857142857143,3,0.6928104575163399,0.2563421709062891,0.04051626452283988,0.522252982931141,0.17647058823529413,2,0.882353,0.0,8,0,0,9,17,1
dcaribou__transfermarkt-datasets,2023-11-15T17:44:34,67447091809acab39c27c6ad42cd7da2c955c573,Extend upper limit for appearances row count (#240),17,18,False,0.7142857142857143,3,0.6928104575163399,0.2563421709062891,0.04051626452283988,0.5222533514169642,0.17647058823529413,2,0.882353,0.0,8,0,0,9,17,1
dcaribou__transfermarkt-datasets,2023-12-10T12:16:22,5ae85d4cfac87efb13af89816371d6d8452636ec,Fix missing `date_of_birth` in `players` asset (#265),17,19,False,0.7142857142857143,3,0.6811145510835913,0.25962284128472496,0.040850890026951664,0.5401533931962409,0.23529411764705882,2,0.882353,0.0,8,0,0,9,17,1
dcaribou__transfermarkt-datasets,2024-01-12T17:41:58,768b2c74989b8bb0bc30b51e0274c1582de581c7,Fix failing test `...max_to_be_between_player_valuations_datetime___2023_12_31` (#276),17,19,False,0.7142857142857143,3,0.6811145510835913,0.25962284128472496,0.040850890026951664,0.5401533816131829,0.23529411764705882,2,0.882353,0.0,8,0,0,9,17,1
dcaribou__transfermarkt-datasets,2024-02-02T08:00:59,537a3b165e8a41cd475e98bbd3e19fad2fa06f69,Adjust expected monthly appearances test to current year,17,19,False,0.7142857142857143,3,0.6811145510835913,0.25962284128472496,0.040850890026951664,0.5401534003354084,0.23529411764705882,2,0.882353,0.0,8,0,0,9,17,1
dcaribou__transfermarkt-datasets,2024-03-13T14:05:06,58122c54f6f8df4e87937de3c2de795426cbbd29,Bump threshold for games row counts,17,19,False,0.7142857142857143,3,0.6811145510835913,0.25962284128472496,0.040850890026951664,0.5401537459641215,0.23529411764705882,2,0.882353,0.0,8,0,0,9,17,1
dcaribou__transfermarkt-datasets,2024-04-06T19:02:35,8e686f1a97ff320aa8ef2ad7f638c74475634eff,Disable `game_lineups` updates until further notice (#290),17,20,False,0.6428571428571429,4,0.6941176470588235,0.22677780839261152,0.031459164857885996,0.514488038102915,0.23529411764705882,1,1.0,0.0,8,0,0,9,17,1
dcaribou__transfermarkt-datasets,2024-05-09T19:06:34,74e99d1e79c0b980e61a53e360f28ec6d5806c1c,Bump threshold for club_games row count,17,20,False,0.6428571428571429,4,0.6941176470588235,0.22677780839261152,0.031459164857885996,0.5144880396303965,0.23529411764705882,1,1.0,0.0,8,0,0,9,17,1
dcaribou__transfermarkt-datasets,2024-06-29T16:51:50,748428f1d36fb42bb17fa548f7861f7c67a5aee3,Classify uefa super cup as an international competition,17,20,False,0.6428571428571429,4,0.6941176470588235,0.22677780839261152,0.031459164857885996,0.514488102944051,0.23529411764705882,1,1.0,0.0,8,0,0,9,17,1
dcaribou__transfermarkt-datasets,2024-07-29T16:36:48,dc43c1b7528be14ed210dbccdf2c53e01faae1d4,Add transfers data to the project (#305),19,22,False,0.6428571428571429,4,0.6736842105263158,0.1819176184002987,0.025221260833414586,0.39590042912228246,0.21052631578947367,1,1.0,0.0,9,0,0,10,19,1
dcaribou__transfermarkt-datasets,2024-09-08T12:11:23,61601bbb7c41c85515aefe18b4448f92f69e06ae,Fix date parsing for base_players model to handle various date formats (#311),19,22,False,0.6428571428571429,4,0.6736842105263158,0.1819176184002987,0.025221260833414586,0.3959004280284169,0.21052631578947367,1,1.0,0.0,9,0,0,10,19,1
dcaribou__transfermarkt-datasets,2024-09-28T08:41:17,139d5126b15c2ec4b8a7fb2d770077cb49f67f24,Handle transfers file correctly in acquisition workflow (relates to #314),19,22,False,0.6428571428571429,4,0.6736842105263158,0.1819176184002987,0.025221260833414586,0.39590056410242697,0.21052631578947367,1,1.0,0.0,9,0,0,10,19,1
dcaribou__transfermarkt-datasets,2024-10-20T10:43:42,28efecb96de83638b7f292654240fa9042fee4c2,Backfill card events and player assist ids for missing seasons (#316),19,22,False,0.6428571428571429,4,0.6736842105263158,0.1819176184002987,0.025221260833414586,0.39590041365933215,0.21052631578947367,1,1.0,0.0,9,0,0,10,19,1
dcaribou__transfermarkt-datasets,2024-12-04T17:39:01,474b6e99dfac05c07f5feafa7a4fb0a2570f1810,bump game events count threshold,19,22,False,0.6428571428571429,4,0.6736842105263158,0.1819176184002987,0.025221260833414586,0.39590042386907986,0.21052631578947367,1,1.0,0.0,9,0,0,10,19,1
dcaribou__transfermarkt-datasets,2025-02-09T13:04:57,dcf5bdc57f6a59a05c97335711cc4316c2452e86,fix dbt test `expect_column_distinct_count_to_be_greater_than_appearances`,19,22,False,0.6428571428571429,4,0.6736842105263158,0.1819176184002987,0.025221260833414586,0.3959005594060605,0.21052631578947367,1,1.0,0.0,9,0,0,10,19,1
dcaribou__transfermarkt-datasets,2026-02-27T07:09:03,58a3ddb99aec27a515ccb8e634240740852c7c85,Bump player_valuations row count upper bound to 650000,19,24,False,0.6428571428571429,3,0.6710526315789473,0.23524887528011648,0.032016767896368425,0.4395683281580531,0.3157894736842105,1,1.0,0.0,9,0,0,10,19,1
dcaribou__transfermarkt-datasets,2026-03-27T20:52:15,b6253b6b6442a7a3388fec381185ff4bcd862cee,Add 18 new leagues worldwide and improve competitions pipeline (#367),23,27,False,0.6428571428571429,3,0.6698872785829307,0.23524887528011648,0.032016767896368425,0.4395678792010578,0.2608695652173913,2,0.826087,0.0,11,0,0,12,23,1
dcaribou__transfermarkt-datasets,2026-05-06T07:42:11,e425ef27977c4071cef1a87aa9292a304454ffcf,Fix #369: CI partial-scrape data loss + appearances schema migration (#373),23,27,False,0.6428571428571429,3,0.6698872785829307,0.23524887528011648,0.032016767896368425,0.4395683207733455,0.2608695652173913,2,0.826087,0.0,11,0,0,12,23,1
dcaribou__transfermarkt-datasets,2026-06-24T09:06:11,238f73b8fe06484d66d1cea8e1ab14e222106133,Fix #372: add Belgian Pro League play-off competitions (#376),23,27,False,0.6428571428571429,3,0.6698872785829307,0.23524887528011648,0.032016767896368425,0.43956832335792256,0.2608695652173913,2,0.826087,0.0,11,0,0,12,23,1
dcaribou__transfermarkt-datasets,2026-08-03T09:46:08,af8c44a0f9faf8de9f0ab08818cc0b51e36240e4,Fix/transfers null response erases history (#378),23,27,False,0.6428571428571429,3,0.6698872785829307,0.23524887528011648,0.032016767896368425,0.43956830844225386,0.2608695652173913,2,0.826087,0.0,11,0,0,12,23,1
dpguthrie__snowflake-dbt-demo-project,2020-10-29T23:07:25,ded26d188683623b00a8f6b8e29c628c650b2056,update fact --> fct,20,16,False,0.7142857142857143,3,0.586,0.1185553698735971,0.018920987058085408,0.43704516633927826,0.1,6,0.75,0.25,10,2,6,2,20,1
dpguthrie__snowflake-dbt-demo-project,2020-12-17T23:33:35,e08a0e8135fb11ba4e6e9dc1ec3c62306de8af32,limits selected columns to avoid soft limit,22,20,False,0.7142857142857143,3,0.5840909090909091,0.08916054322161326,0.01481606931034608,0.5442413489721111,0.18181818181818182,6,0.772727,0.227273,10,2,8,2,22,1
dpguthrie__snowflake-dbt-demo-project,2021-01-21T04:32:24,41e9de412e4636b7195e1bd9cfaed6d393de3cc2,add space,23,21,False,0.7857142857142857,3,0.6105072463768116,0.08702417968354605,0.013136651799777983,0.5807414662631123,0.17391304347826086,6,0.782609,0.217391,10,2,8,3,23,1
dpguthrie__snowflake-dbt-demo-project,2021-02-10T22:16:03,4e0d8d6df2b4776b3199917739990c71fe22630c,+ some spaces,23,21,False,0.7857142857142857,3,0.6105072463768116,0.08702417968354605,0.013136651799777983,0.5807413726895047,0.17391304347826086,6,0.782609,0.217391,10,2,8,3,23,1
dpguthrie__snowflake-dbt-demo-project,2021-03-17T22:35:36,ed506cb1387a31926c7a3084cd4dc5c05b0ae42e,added some spaces,23,21,False,0.7857142857142857,3,0.6105072463768116,0.08702417968354605,0.013136651799777983,0.5807413814072584,0.17391304347826086,6,0.782609,0.217391,10,2,8,3,23,1
dpguthrie__snowflake-dbt-demo-project,2021-04-15T22:37:10,e36a286138bdf9147cedb81b3c1cd72760bcb1a4,test comment,23,21,False,0.7857142857142857,3,0.6105072463768116,0.08702417968354605,0.013136651799777983,0.5807415003725087,0.17391304347826086,6,0.782609,0.217391,10,2,8,3,23,1
dpguthrie__snowflake-dbt-demo-project,2021-05-18T17:01:08,b2533f624d7f4bf6ac825c9be0098e3deff91c4b,spaces in regions,23,21,False,0.7857142857142857,3,0.6105072463768116,0.08702417968354605,0.013136651799777983,0.580741360044788,0.17391304347826086,6,0.782609,0.217391,10,2,8,3,23,1
dpguthrie__snowflake-dbt-demo-project,2021-06-17T15:55:49,43fbf64cca8ab925434815e7ca283e00eefa538b,remove customer snapshot specific to my schema,24,19,False,0.5714285714285714,4,0.6503623188405797,0.08236792205683224,0.012560024502781902,0.5237835522617468,0.08333333333333333,7,0.75,0.25,10,2,8,4,24,1
dpguthrie__snowflake-dbt-demo-project,2021-07-06T21:18:40,0977bdcae5e784b77c565c5c6e453d866e7b16d5,changing fishtown to dbt labs,21,19,False,0.5714285714285714,4,0.6004140786749482,0.08236792205683224,0.012560024502781902,0.5237835767397345,0.09523809523809523,4,0.857143,0.142857,8,2,7,4,21,1
dpguthrie__snowflake-dbt-demo-project,2021-08-16T11:36:56,f791373440f31330864e1994f6432e527c9641c7,Merge branch 'main' of https://github.com/dbt-labs/snowflake_dbt_demo_project into main,21,19,False,0.5714285714285714,4,0.6004140786749482,0.08236792205683224,0.012560024502781902,0.5237834424879365,0.09523809523809523,4,0.857143,0.142857,8,2,7,4,21,1
dpguthrie__snowflake-dbt-demo-project,2021-09-14T15:15:49,83b55474b84d208f69e9149b8e24a4371c6bde35,useless comments,21,19,False,0.5714285714285714,4,0.6004140786749482,0.08236792205683224,0.012560024502781902,0.5237835540566651,0.09523809523809523,4,0.857143,0.142857,8,2,7,4,21,1
dpguthrie__snowflake-dbt-demo-project,2022-02-15T04:07:32,9d7f0f7878ae0966e7be627dd4fc471d082d6246,test,22,19,False,0.5714285714285714,4,0.6185770750988142,0.08236792205683224,0.012560024502781902,0.5237835747962344,0.09090909090909091,5,0.818182,0.181818,8,2,8,4,22,1
dpguthrie__snowflake-dbt-demo-project,2022-03-04T19:14:18,ec6296fffbc37ce546bbaa55a8f272b6507007d8, added columns for orders dashboard,24,19,False,0.5714285714285714,4,0.6503623188405797,0.08236792205683224,0.012560024502781902,0.5237835495405172,0.08333333333333333,7,0.75,0.25,8,2,9,5,24,1
dpguthrie__snowflake-dbt-demo-project,2022-03-30T20:45:22,e139fb534a21df067e3a148ebbe2785631bd1a8f,fct_ordres pipelie is ready,25,18,False,0.6428571428571429,4,0.6643478260869565,0.08236792205683247,0.012560024502781934,0.5237836147864829,0.04,8,0.72,0.28,8,2,9,6,25,1
dpguthrie__snowflake-dbt-demo-project,2022-04-17T20:54:23,55893de135515bbb2d4bd7c06ff8995a8928e061,confusing commas,25,18,False,0.6428571428571429,4,0.6643478260869565,0.08236792205683247,0.012560024502781934,0.5237835651645044,0.04,8,0.72,0.28,8,2,9,6,25,1
dpguthrie__snowflake-dbt-demo-project,2022-06-06T22:13:40,34fd0d3442c2d532ef4473089e1f05d0427a22f1,Use the url instead of the assets path,25,18,False,0.6428571428571429,4,0.6643478260869565,0.08236792205683247,0.012560024502781934,0.5237833845318018,0.04,8,0.72,0.28,8,2,9,6,25,1
dpguthrie__snowflake-dbt-demo-project,2022-07-11T15:48:46,da3fe459a65abd43a0e9692d2643ad4726fb7dcf,Add tableau exposures,24,18,False,0.6428571428571429,4,0.6503623188405797,0.08236792205683247,0.012560024502781934,0.5237835703091498,0.041666666666666664,7,0.75,0.25,8,2,8,6,24,1
dpguthrie__snowflake-dbt-demo-project,2022-07-22T16:03:57,4103eb7b4d55c67dae76c3d1f71fcf9defdd57b9,Update fct_order_items.sql,24,18,False,0.6428571428571429,4,0.6503623188405797,0.08236792205683247,0.012560024502781934,0.5237834079831214,0.041666666666666664,7,0.75,0.25,8,2,8,6,24,1
dpguthrie__snowflake-dbt-demo-project,2022-08-31T11:32:07,3e0150770c6ddff3a3ec656da986dd814ae97255,Update stg_tpch_customers.sql,24,18,False,0.6428571428571429,4,0.6503623188405797,0.08236792205683247,0.012560024502781934,0.523783410931451,0.041666666666666664,7,0.75,0.25,8,2,8,6,24,1
dpguthrie__snowflake-dbt-demo-project,2022-10-11T18:23:03,98bc18c26e47dc704bcd18cc57034b6916f38626,test,21,19,False,0.5714285714285714,4,0.6004140786749482,0.08236792205683224,0.012560024502781902,0.5237835908027146,0.09523809523809523,4,0.857143,0.142857,8,2,7,4,21,1
dpguthrie__snowflake-dbt-demo-project,2022-11-03T20:42:11,d35e036f2d0de06fee73e8cfd09f90676cd01301,update exposure,21,19,False,0.5714285714285714,4,0.6004140786749482,0.08236792205683224,0.012560024502781902,0.5237834398422007,0.09523809523809523,4,0.857143,0.142857,8,2,7,4,21,1
dpguthrie__snowflake-dbt-demo-project,2022-12-09T15:16:43,17fd90b75cadaaccf56a8a01a7734ee453394df7,Make trivial change,21,19,False,0.5714285714285714,4,0.6004140786749482,0.08236792205683224,0.012560024502781902,0.523783569634451,0.09523809523809523,4,0.857143,0.142857,8,2,7,4,21,1
dpguthrie__snowflake-dbt-demo-project,2023-01-04T17:14:53,357397c4551f2590f497cbc69edc52bf20096275,Update URL for tableau exposure,30,19,False,0.5714285714285714,4,0.7202898550724638,0.08236792205683224,0.012560024502781902,0.5237833969340557,0.06666666666666667,13,0.6,0.4,14,5,7,4,30,1
dpguthrie__snowflake-dbt-demo-project,2023-01-25T21:50:30,ae31ddfcf8b6137204424debdcdd3547f1255988,"Adding elementary, removing dbt_constraints and artifacts",30,19,False,0.5714285714285714,4,0.7202898550724638,0.08236792205683224,0.012560024502781902,0.5237833992411104,0.06666666666666667,13,0.6,0.4,14,5,7,4,30,1
dpguthrie__snowflake-dbt-demo-project,2023-03-09T10:49:41,ceee1fefe81bcece851cc60051ba6cec9af42a1f,Remove model,31,19,False,0.5714285714285714,4,0.729312762973352,0.08236792205683224,0.012560024502781902,0.5237835561691372,0.06451612903225806,14,0.580645,0.419355,14,5,8,4,31,1
dpguthrie__snowflake-dbt-demo-project,2023-04-07T16:54:22,36d29fb7f6073b3cac839acae1a7f1bb9d037e50,stupid,31,19,False,0.5714285714285714,4,0.729312762973352,0.08236792205683224,0.012560024502781902,0.5237834018316783,0.06451612903225806,14,0.580645,0.419355,14,5,8,4,31,1
dpguthrie__snowflake-dbt-demo-project,2023-04-26T15:53:11,df22e906eaf40d71b5af8aed3ca99c57680e6128,Update models/marts/core/fct_orders.sql,31,19,False,0.5714285714285714,4,0.729312762973352,0.08236792205683224,0.012560024502781902,0.5237835940448644,0.06451612903225806,14,0.580645,0.419355,14,5,8,4,31,1
dpguthrie__snowflake-dbt-demo-project,2023-06-22T21:32:25,171661715b8b0b38db85ba50ada911574ca75204,update metrics filename to get around ad blocker,31,19,False,0.5714285714285714,4,0.729312762973352,0.08236792205683224,0.012560024502781902,0.5237836153410452,0.06451612903225806,14,0.580645,0.419355,14,5,8,4,31,1
dpguthrie__snowflake-dbt-demo-project,2023-07-28T19:48:38,f1dac884ff140fbeff3d937b1e88d8d181914ff4,testing ads,33,19,False,0.5714285714285714,4,0.7457180500658761,0.08236792205683224,0.012560024502781902,0.5237834330752775,0.06060606060606061,16,0.545455,0.454545,14,5,10,4,33,1
dpguthrie__snowflake-dbt-demo-project,2023-08-12T06:17:06,8e626c5bf41dd281a1e52b10641bd6ec8b411001,Update dim_customers.sql,33,19,False,0.5714285714285714,4,0.7457180500658761,0.08236792205683224,0.012560024502781902,0.5237835531235907,0.06060606060606061,16,0.545455,0.454545,14,5,10,4,33,1
dracotrid__soa-analytics-dbt,2025-05-19T21:06:04,18d50f3c97f7c02665e10329a2af841da8134e94,SOA-24 (#4),12,0,False,,,0.0,0.0,0.0,0.0,0.0,12,0.083333,1.0,0,10,0,2,12,1
dracotrid__soa-analytics-dbt,2025-06-19T20:18:54,28afd79d23ac4b00e7243ceda7351a0aa37a8103,SOA-58 Adjusted models naming conventions,35,0,False,,,0.0,0.0,0.0,0.0,0.0,35,0.028571,1.0,0,27,0,8,35,1
dracotrid__soa-analytics-dbt,2025-07-19T17:25:38,6aaba4bff9401178849e40aa6095e47d6050d22b,SOA-57: Fixed %ВідВартості usage (#28),35,0,False,,,0.0,0.0,0.0,0.0,0.0,35,0.028571,1.0,0,27,0,8,35,1
dracotrid__soa-analytics-dbt,2025-08-16T15:35:35,ab9516284582fda32b4b8b36e09875d467770915,SOA-70: Add warn tests for exfiltrated fields in parsed files,41,0,False,,,0.0,0.0,0.0,0.0,0.0,41,0.02439,1.0,0,33,0,8,41,1
dracotrid__soa-analytics-dbt,2025-09-16T18:42:10,ee8b6ab7f4e684b9879a5d058263bc6ea8d1156b,SOA-82: Hot fix parsed_service_sales,60,0,False,,,0.0,0.0,0.0,0.0,0.0,60,0.016667,1.0,0,38,0,22,60,1
dracotrid__soa-analytics-dbt,2025-10-18T20:36:38,6a7c431f8d6ceb295c4110d079b5bf4bf0d7bd24,SOA-96:Migrate Certificates to files,62,0,False,,,0.0,0.0,0.0,0.0,0.0,62,0.016129,1.0,0,40,0,22,62,1
dracotrid__soa-analytics-dbt,2025-11-16T13:00:33,e18852851ff3addc59429a53de57b38207c942b6,SOA-112: Fix discount for VIP (#61),63,0,False,,,0.0,0.0,0.0,0.0,0.0,63,0.015873,1.0,0,41,0,22,63,1
dracotrid__soa-analytics-dbt,2025-12-06T10:50:39,0892e85f1a6bd0603c8a1da87a09064821ed47f9,SOA-117: Fix bag in table ds_cleverbox__interm__bonus_goods_sales (#66),67,0,False,,,0.0,0.0,0.0,0.0,0.0,67,0.014925,1.0,0,42,0,25,67,1
dracotrid__soa-analytics-dbt,2025-12-29T17:53:56,feec13656ccdba85106ee1c73e4b40e11cd1876c,SOA-118: Create report 'Cleverbox incom check' (#69),68,0,False,,,0.0,0.0,0.0,0.0,0.0,68,0.014706,1.0,0,40,0,28,68,1
dracotrid__soa-analytics-dbt,2026-02-14T15:27:04,e96966bc6a70921df6007d9e7b2a65d007299e11,SOA-122 (#71),103,0,False,,,0.0,0.0,0.0,0.0,0.0,103,0.009709,1.0,0,62,0,41,103,1
dracotrid__soa-analytics-dbt,2026-03-08T17:40:02,a8e46d0bc6eafdfcaade4ac70ccbfc0af9e3c197,SOA-126: Add table 'Services' to dm_reports (#75),116,0,False,,,0.0,0.0,0.0,0.0,0.0,116,0.008621,1.0,0,69,0,47,116,1
dracotrid__soa-analytics-dbt,2026-04-03T15:10:44,a747abfc9b98c60b01f45e25c7c08d07730646ab,SOA-129: Change field is_first_visit on visit_number (#78),117,0,False,,,0.0,0.0,0.0,0.0,0.0,117,0.008547,1.0,0,70,0,47,117,1
dracotrid__soa-analytics-dbt,2026-05-03T09:57:37,20eb80ffa7965456db05fe93198a13e61865e764,SOA-130: Use base bonus for calculation bonus_cleverbox (#80),121,0,False,,,0.0,0.0,0.0,0.0,0.0,121,0.008264,1.0,0,72,0,49,121,1
dracotrid__soa-analytics-dbt,2026-06-12T20:16:08,62897c74b214dce6849498b9f8b3dd021c747273,"SOA-138: Add field ""Client_code"" to all tables (#89)",128,0,False,,,0.0,0.0,0.0,0.0,0.0,128,0.007812,1.0,0,75,0,53,128,1
dracotrid__soa-analytics-dbt,2026-07-15T14:24:40,a0a03e4b42f458ab2007bd6ba75ca5ef65d9a729,"SOA-141: Add field ""Goods_code"" to goods_sales (#93)",132,0,False,,,0.0,0.0,0.0,0.0,0.0,132,0.007576,1.0,0,76,0,56,132,1
dracotrid__soa-analytics-dbt,2026-08-03T18:11:53,e59c0c965da5316c18cdc7153c59343b1aa01bcc,SOA-144: Integrate Incorrect Visits into Report | Bonuses (#95),134,0,False,,,0.0,0.0,0.0,0.0,0.0,134,0.007463,1.0,0,77,0,57,134,1
duneanalytics__spellbook,2022-09-22T16:45:03,88b845dba0c0f58b11ca4a55aded904c1e7da589,temporarily removing ovm1 (#1610),180,219,False,0.5714285714285714,10,0.7909593043974057,0.0316195530308554,0.0014862305568202774,0.9005181042973976,0.35,24,0.822222,0.111111,0,0,0,180,180,1
duneanalytics__spellbook,2022-10-21T22:45:59,4e870b552e4f19467b67ce0b3f744190b8859599,Defiswap ethereum integration (#1760),294,353,False,0.9285714285714286,11,0.8129982818725927,0.018755852612413776,0.0006667883849145183,0.34896806752850573,0.3163265306122449,34,0.789116,0.085034,0,0,0,294,294,1
duneanalytics__spellbook,2022-11-22T15:01:11,30b766c4fc6fa25b09658476ec8f697d5c7e65d4,Remove TBTC due to price anomaly (#2052),392,469,False,1.0,13,0.8363036835613367,0.020317389142102706,0.0003441842443134594,0.9345165298208127,0.32908163265306123,52,0.793367,0.109694,0,0,0,392,392,1
duneanalytics__spellbook,2022-12-22T15:15:51,04393b131da281729f2d86a4ee760bf2245e5f3b,rename element base sources (#2354),537,579,False,0.8571428571428571,15,0.8860144131925383,0.02135932311673014,0.0002399500990545481,0.9448949923823009,0.28677839851024206,112,0.664804,0.171322,0,0,1,536,537,1
duneanalytics__spellbook,2023-01-20T11:51:14,05c73083ccc052bd34c565a97187c59d1f8be7ea,Add 0x zeroex Fantom (#2448),592,626,False,0.7857142857142857,16,0.9016807034664177,0.04581611497925343,0.0004404866565783715,0.5811130350194635,0.28885135135135137,137,0.638514,0.192568,0,0,1,591,592,1
duneanalytics__spellbook,2023-02-19T17:32:35,8f1bf80bc6f3627296959c109720d4d429e61b4b,[Easy] Fix Blur (#2740),707,719,False,0.9285714285714286,15,0.9197812480321934,0.04610355918319834,0.0003365033313478023,0.5626332218201187,0.26449787835926447,175,0.632249,0.213579,0,0,1,706,707,1
duneanalytics__spellbook,2023-03-21T15:39:29,b63642c74b580095eb7632c3ea6280ccfcc8c5b1,zeroex multi-chain api_fills deduped (#2958),891,928,False,0.9285714285714286,18,0.9270066424858986,0.041878936228621905,0.00022394508295207405,0.7780991116896426,0.2940516273849607,225,0.62963,0.210999,0,0,1,890,891,1
duneanalytics__spellbook,2023-04-21T03:03:12,300a4570970077eeeda2d46d724fbac3b1afdc0f,Add Sushiswap trades on BNB chain and Polygon (#2960),1109,1145,False,0.8571428571428571,20,0.9211106779515646,0.011498350742332665,5.5815926467542305e-05,0.969554864409408,0.29125338142470697,287,0.61587,0.22633,0,0,1,1108,1109,1
duneanalytics__spellbook,2023-05-18T16:56:43,7846dca0981664f0d40384827ddf76cec9e2ae35,lido accounting revenue fixes (#3361),1130,1107,False,0.8571428571428571,19,0.9425106574784625,0.011067691266172665,4.8329751948253275e-05,0.9697670950132151,0.27699115044247785,336,0.569027,0.261062,0,0,1,1129,1130,1
duneanalytics__spellbook,2023-06-19T21:36:14,45d544cebbf76b2295e8951cbec55c3ce1ac9ef0,remove unused models (#3568),1278,1177,False,0.9285714285714286,18,0.9493717547419184,0.01632137290932851,7.034949110718767e-05,0.7512883112604773,0.2347417840375587,401,0.550861,0.269171,0,0,1,1277,1278,1
duneanalytics__spellbook,2023-07-20T05:54:16,68e1eabcfcff76af0b8e0e06191a3514e213456e,Migrate Uniswap Trades (#3667),2667,2452,False,0.9285714285714286,18,0.9507340819779874,0.015333542513627427,6.336066375978841e-05,0.8884962931467609,0.23809523809523808,850,0.27709,0.276715,0,0,2,2665,2667,1
duneanalytics__spellbook,2023-08-19T12:44:31,5f58228423549b8ea0b05d90219e708c30eabfcb,Dex trades block month partitioning 3 (#4124),2996,2468,False,0.9285714285714286,17,0.9594492783123109,0.010609447023130719,4.0648651258406695e-05,0.7246380339976446,0.2102803738317757,1158,0.246328,0.343124,46,0,2,2948,2996,1
duneanalytics__spellbook,2023-09-16T02:48:24,a392688c342ab6d077a0624ea9c1d9010da40c16,Updating a RWA Jar Address (#4321),3434,2686,False,0.9285714285714286,19,0.9594103505060976,0.006364075372034182,2.25674047357825e-05,0.9349954943417371,0.18899242865463017,1397,0.242283,0.367793,84,0,2,3348,3434,1
duneanalytics__spellbook,2023-10-17T14:56:10,d3fdbd607e774e6d81c16af87956c5f546ec5f26,SPE-209 Transfers + GMX models as views (#4622),3673,2723,False,0.9285714285714286,19,0.9600989707438533,0.005385121963427516,1.8316568712057572e-05,0.9364523367666595,0.17369997277429894,1588,0.224884,0.393411,95,0,2,3576,3673,1
duneanalytics__spellbook,2023-11-17T11:13:15,e1640788e965effc0cb307c0019fa18d7ecf41f4,cleanup and reorg (#4824),2124,1717,False,0.9285714285714286,20,0.9490037293131569,0.005372719685391349,1.773159109417203e-05,0.9369801734253139,0.1869114877589454,804,0.397363,0.335217,53,0,1,2070,2124,1
duneanalytics__spellbook,2023-12-15T17:49:25,4e882dc93395d6752c8962e3f6c883622fea0485,Adding velo price (#4997),2525,1847,False,0.7857142857142857,20,0.9496718026583048,0.00919477385553852,3.170578864239037e-05,0.8029203310642012,0.15841584158415842,1078,0.327921,0.385743,90,0,1,2434,2525,1
duneanalytics__spellbook,2024-01-16T08:55:49,996d3349d6e2dadb745799b7c3b1385906d204f3,Add BNB System Addresses & Handle for OP Chains (#5164),2676,1822,False,0.8571428571428571,24,0.9528691776235405,0.008651153032139591,2.9425422329472447e-05,0.7829315262675544,0.13639760837070253,1219,0.309791,0.414051,100,0,1,2575,2676,1
duneanalytics__spellbook,2024-02-15T15:12:05,4b9d7c6aded4afb9cd9ebdfa5310e64534efbf4e,rabbithole > boost schema (#5351),2892,1464,False,0.9285714285714286,8,0.861524067147759,0.013850747296752498,0.00033775945580885434,0.9650289724749577,0.09993084370677732,1717,0.052213,0.541148,142,0,2,2748,2892,1
duneanalytics__spellbook,2024-03-15T16:32:27,2fb3103d04f88d34002389fb05413d792390a5b4,fix source name (#5611),3056,1466,False,0.9285714285714286,9,0.8679974927946879,0.013849226316747384,0.0003377223608444842,0.9647552091677974,0.09456806282722513,1879,0.049738,0.564136,184,0,2,2870,3056,1
duneanalytics__spellbook,2024-04-15T11:28:06,36ecbc09ffb7923896dd99eaa863ff98314d7999,exclude on s3 issue (#5776),3150,1474,False,1.0,14,0.872057769602834,0.01358395044773617,0.0003312524211768958,0.9705146344998579,0.09396825396825396,1972,0.057143,0.571746,196,0,2,2952,3150,1
duneanalytics__spellbook,2024-05-15T14:15:09,cf3ab5076b11f7a0ef634016985e62ca454a9734,add new pool types to labels.balancer_v2_pools (#5924),3275,1480,False,1.0,15,0.8741467791616445,0.013552022777723742,0.0003304731200441353,0.9710552747950293,0.09129770992366412,2094,0.056183,0.582901,200,0,2,3073,3275,1
duneanalytics__spellbook,2024-06-14T10:31:26,6b28783da50e6ce9b54e3b3d91da303127776207,failing on dupes (#6176),2294,764,False,0.8571428571428571,17,0.9249039361942588,0.012872654569456979,0.0001369291703679009,0.9655849485980501,0.05623365300784656,1659,0.08544,0.674804,158,0,2,2134,2294,1
duneanalytics__spellbook,2024-07-12T09:33:16,84b8eb4e7a06048f548694a2a703a453fe31f682,fix downstream amount_usd for lending (#6364),1572,497,False,0.7857142857142857,2,0.9015881670734451,0.11851021861561169,0.0026933800865129105,0.9543701623158111,0.05343511450381679,1159,0.030534,0.676845,84,0,2,1486,1572,1
echav95__dbt_relearn,2024-09-06T04:51:13,a66a934bae91f6a0d65c14a076326921b0f23d62,finished unit_testing,9,6,False,0.7857142857142857,2,0.4444444444444444,0.38196601125010543,0.10557280900008421,0.1538461538461664,0.0,3,0.555556,0.0,3,0,4,2,9,1
echav95__dbt_relearn,2024-10-04T16:35:08,2f724e524a978e729e2f3985ccc777d19a9e26c2,semantic with dbt assist,15,7,False,0.7857142857142857,2,0.6666666666666666,0.3819660112501052,0.10557280900008412,0.153846153846207,0.0,8,0.333333,0.333333,3,0,4,8,15,1
echav95__dbt_relearn,2024-11-08T22:32:25,7f84da93668c7ff82b6a67e90dfc8a5302e81499,python test,24,11,False,0.7857142857142857,2,0.6527777777777778,0.3819660112501052,0.10557280900008412,0.15384615384615988,0.0,13,0.208333,0.375,6,1,5,12,24,1
echav95__dbt_relearn,2024-11-11T15:26:02,a93a25dd2a94e82b938d26405982bce62481a609,test,24,11,False,0.7857142857142857,2,0.6527777777777778,0.3819660112501052,0.10557280900008412,0.15384615384615719,0.0,13,0.208333,0.375,6,1,5,12,24,1
echav95__dbt_relearn,2025-01-08T21:06:23,a8c1410187e8e4ece2bb189ebd3f22c5dfd13f28,why not,24,11,False,0.7857142857142857,2,0.6527777777777778,0.3819660112501052,0.10557280900008412,0.15384615384619685,0.0,13,0.208333,0.375,6,1,5,12,24,1
echav95__dbt_relearn,2025-01-24T01:29:17,3ebebee77aa80dbe36162111a1aa2bca2078f550,column change,24,11,False,0.7857142857142857,2,0.6527777777777778,0.3819660112501052,0.10557280900008412,0.15384615384618977,0.0,13,0.208333,0.375,6,1,5,12,24,1
echav95__dbt_relearn,2025-02-20T22:28:25,b34452b82684e4fd080f4984a11388de9f1ab250,terrtret,25,12,False,0.7857142857142857,2,0.652,0.4384471871911693,0.09611796797792421,0.22599467198452944,0.0,13,0.24,0.36,6,1,6,12,25,1
echav95__dbt_relearn,2025-04-07T03:07:01,99f63666162a8da49dcd4fab2eef7f445d46933d,f,24,12,False,0.7857142857142857,2,0.6375,0.4384471871911693,0.09611796797792421,0.22599467198453035,0.0,12,0.25,0.333333,6,1,6,11,24,1
echav95__dbt_relearn,2025-05-28T23:25:27,5ca082205fbf0050cdef08d4246cf1bc9dba2e33,g,24,12,False,0.7857142857142857,2,0.6375,0.4384471871911693,0.09611796797792421,0.22599467198453027,0.0,12,0.25,0.333333,6,1,6,11,24,1
echav95__dbt_relearn,2025-09-11T22:48:25,b3a2c095580043cff91f661593cbe0dcbf076952,Fixed error,24,13,False,0.6428571428571429,3,0.6068840579710145,0.321719649957808,0.06950613264533419,0.25872533800628417,0.0,11,0.291667,0.291667,6,2,6,10,24,1
echav95__dbt_relearn,2025-11-20T02:29:01,9168e256a161a1f212489d68b521ee0193f59478,refactor,24,13,False,0.6428571428571429,3,0.6068840579710145,0.321719649957808,0.06950613264533419,0.2587253438315161,0.0,11,0.291667,0.291667,6,2,6,10,24,1
echav95__dbt_relearn,2026-03-10T15:38:02,cdf642fd2baa80b25afaed0dad213aa962fd15ab,apple,24,13,False,0.6428571428571429,3,0.6068840579710145,0.321719649957808,0.06950613264533419,0.2587253384922841,0.0,11,0.291667,0.291667,6,2,6,10,24,1
edanalytics__edu_edfi_source,2022-11-29T13:56:22,d130f32e4e13c0c1622e49ab9a4d2234cb332775,Feature/contact info (#5),128,80,False,0.7142857142857143,4,0.7393663194444444,0.1001684161683896,0.01378752269812404,0.512281431832938,0.0,48,0.132812,0.085938,127,1,0,0,128,1
edanalytics__edu_edfi_source,2022-12-20T14:36:52,4dfd6136e334924eeb6fe5ac9e9fac0edb289e03,new stage model to flatten program services (#8),129,81,False,0.7142857142857143,4,0.7354783901454816,0.1001684161683896,0.01378752269812404,0.512281399016465,0.0,48,0.131783,0.085271,128,1,0,0,129,1
edanalytics__edu_edfi_source,2023-01-27T13:48:02,00bf4a018a9e9a4eb065476ddaca517322293435,fix test whitespace (#17),146,92,False,0.7142857142857143,4,0.7236597327921529,0.1001684161683896,0.01378752269812404,0.5122814142552548,0.0,54,0.116438,0.075342,145,1,0,0,146,1
edanalytics__edu_edfi_source,2023-02-27T19:55:47,497211fdf4b4fc5c06a2def9c12829d317473237,Fix/standardize program associations (#20),146,92,False,0.7142857142857143,4,0.7236597327921529,0.1001684161683896,0.01378752269812404,0.5122813301861445,0.0,54,0.116438,0.075342,145,1,0,0,146,1
edanalytics__edu_edfi_source,2023-03-16T12:57:12,281828785da665931786ffe292acb5b30b5c53f5,Added missed fields; renamed to k_education_service_center (#22),150,94,False,0.7142857142857143,4,0.7217373737373738,0.1001684161683896,0.01378752269812404,0.5122813912113227,0.0,56,0.113333,0.08,149,1,0,0,150,1
edanalytics__edu_edfi_source,2023-04-18T17:15:43,b57ca046f880986c085193af0e65e2e4b70117ed,rename school year (#26),153,99,False,0.7142857142857143,4,0.7148974532341672,0.1001684161683896,0.01378752269812404,0.5122813991530808,0.0,54,0.111111,0.065359,152,1,0,0,153,1
edanalytics__edu_edfi_source,2023-05-02T18:29:40,0b6bda5b43e773583fd06ff9ffd8badd62e3dfd6,fix typo (#27),153,99,False,0.7142857142857143,4,0.7148974532341672,0.1001684161683896,0.01378752269812404,0.5122813527492001,0.0,54,0.111111,0.065359,152,1,0,0,153,1
edanalytics__edu_edfi_source,2023-06-30T17:42:46,a2e2554b929c332784e93f055cc83dc188b09027,Feature/primary disability (#32),154,100,False,0.7142857142857143,4,0.7156139315230224,0.1001684161683896,0.01378752269812404,0.5122814246529303,0.0,54,0.11039,0.064935,153,1,0,0,154,1
edanalytics__edu_edfi_source,2023-07-25T17:15:47,928ff2e11c2ccb4329f393b0fd1e805d51f9a8a4,Hotfix/dropped behaviors bug (#39),165,107,False,0.5714285714285714,4,0.716954156954157,0.11528406013101564,0.017486575455995208,0.5677187087565176,0.0,58,0.10303,0.060606,163,2,0,0,165,1
edanalytics__edu_edfi_source,2023-08-24T16:03:33,ce27edc669ce270c5f316405494b10d2124b658f,fix dedupe in combined behavior stg model - should include tenant & year (#42),166,108,False,0.5714285714285714,4,0.7176013699467922,0.11528406013101564,0.017486575455995208,0.5677186962497456,0.0,58,0.10241,0.060241,164,2,0,0,166,1
edanalytics__edu_edfi_source,2023-09-27T12:57:10,3f99ad0c104f14c4250d649c3684e0510c764228,Merge pull request #43 from edanalytics/build/learning_standards,169,110,False,0.5714285714285714,4,0.7144970414201184,0.11528406013101564,0.017486575455995208,0.5677188095850061,0.0,59,0.100592,0.059172,167,2,0,0,169,1
edanalytics__edu_edfi_source,2023-11-09T09:22:11,97a66c7fb77c27a3c1d62d7119eeb60578fd728b,Prep 014 (#51),171,111,False,0.5714285714285714,4,0.7143813098251433,0.11528406013101564,0.017486575455995208,0.5677188249490821,0.0,60,0.099415,0.05848,169,2,0,0,171,1
edanalytics__edu_edfi_source,2023-12-20T17:14:49,e177ebca92ae4710deb50493a7c4e2ba464164f0,Student academic records - fix ordering (#55),171,111,False,0.5714285714285714,4,0.7143813098251433,0.11528406013101564,0.017486575455995208,0.5677188250540322,0.0,60,0.099415,0.05848,169,2,0,0,171,1
edanalytics__edu_edfi_source,2024-01-15T17:39:42,0de85c42ce23423910222672f681ef09b49c6046,standardize ed org abbrevs (#52),171,111,False,0.5714285714285714,4,0.7143813098251433,0.11528406013101564,0.017486575455995208,0.5677187007746539,0.0,60,0.099415,0.05848,169,2,0,0,171,1
edanalytics__edu_edfi_source,2024-02-06T13:39:49,6817dc99d9cfdb6533cf20d636e2719d9509cd15,Feature/staff stg updates (#62),174,113,False,0.5714285714285714,4,0.7148974532341672,0.11528406013101564,0.017486575455995208,0.5677188038980683,0.0,61,0.097701,0.057471,172,2,0,0,174,1
edanalytics__edu_edfi_source,2024-04-04T08:45:11,74095dda2151839e5c62a84b647e79fdabf14fe8,Bugfix/staff student lower keys (#71),174,113,False,0.5714285714285714,4,0.7148974532341672,0.11528406013101564,0.017486575455995208,0.5677187050392221,0.0,61,0.097701,0.057471,172,2,0,0,174,1
edanalytics__edu_edfi_source,2024-06-19T15:19:58,b99c957f9e8c60790a1930a6bd36049fbc6a2a4a,fix studentuniqueid type (#88),176,114,False,0.5714285714285714,4,0.7147727272727272,0.11528406013101564,0.017486575455995208,0.5677186992331927,0.0,62,0.096591,0.056818,174,2,0,0,176,1
edanalytics__edu_edfi_source,2024-09-20T14:39:24,c17fc0407de89fd0e6d4e6ca938bc84999e0dcef,Hotfix/contacts gen surrogate key (#107),184,119,False,0.5714285714285714,4,0.7206109622913661,0.11528406013101564,0.017486575455995208,0.5677188360701036,0.0,65,0.092391,0.070652,182,2,0,0,184,1
edanalytics__edu_edfi_source,2024-10-21T14:17:49,2bbd17bafe86c2777e927c75e2df11ea1e41fd66,Hotfix: Lower `grading_period_name` in surrogate key (#111),184,119,False,0.5714285714285714,4,0.7206109622913661,0.11528406013101564,0.017486575455995208,0.5677187079670214,0.0,65,0.092391,0.070652,182,2,0,0,184,1
edanalytics__edu_edfi_source,2024-12-10T08:56:22,6424d47439d8dd6fdde9890191664e9f87e4a310,Feature/ Add Program Enroll End Date to stg_ef3__stu_spec_ed__disabilities (#114),184,119,False,0.5714285714285714,4,0.7206109622913661,0.11528406013101564,0.017486575455995208,0.5677186857089344,0.0,65,0.092391,0.070652,182,2,0,0,184,1
edanalytics__edu_edfi_source,2025-01-30T15:43:47,82bd15e25bea5f174a27688f4639eacdc66df54b,Bugfix/stu assess timestamp handling (#116),184,120,False,0.7142857142857143,4,0.7246794229613304,0.11577307505497698,0.01738521744816371,0.5789659328165428,0.005434782608695652,65,0.092391,0.070652,182,2,0,0,184,1
edanalytics__edu_edfi_source,2025-03-14T14:18:22,a905734f1ed41945901f8e70a6c132943a716ea8,TPDM models (#113),240,148,False,0.7142857142857143,4,0.7159013605442177,0.11577307505497698,0.01738521744816371,0.5789659440016304,0.004166666666666667,93,0.070833,0.054167,238,2,0,0,240,1
edanalytics__edu_edfi_source,2025-04-09T10:30:55,1f1737877d330d5da00dc2c4def2991e29f91508,Feature/delete dedupe order (#123),240,148,False,0.7142857142857143,4,0.7159013605442177,0.11577307505497698,0.01738521744816371,0.5789659611159276,0.004166666666666667,93,0.070833,0.054167,238,2,0,0,240,1
edanalytics__edu_edfi_source,2025-05-14T16:18:58,60ae1ac703ee7d67037b5be09657a7bf919227f0,Hotfix/k obj assess key consistency (#135),242,149,False,0.7142857142857143,4,0.7154807498488208,0.11577307505497698,0.01738521744816371,0.5789659404081188,0.004132231404958678,94,0.070248,0.053719,240,2,0,0,242,1
edanalytics__edu_edfi_source,2025-05-27T13:48:49,d7657003a9f0a5a06a36e6d9f881927f4c09fcce,fix staff sec key for 5.0 and later (#137),242,149,False,0.7142857142857143,4,0.7154807498488208,0.11577307505497698,0.01738521744816371,0.5789659395228742,0.004132231404958678,94,0.070248,0.053719,240,2,0,0,242,1
edanalytics__edu_edfi_source,2025-06-27T14:06:33,579f066fc917d46dc781996ccb5a6badb61dcd71,feature/model_creation_stu_cte_prog_assoc (#140),246,152,False,0.7142857142857143,4,0.7152366145175396,0.11577307505497698,0.01738521744816371,0.5789659347918483,0.0040650406504065045,95,0.069106,0.052846,244,2,0,0,246,1
edanalytics__edu_edfi_source,2025-08-06T14:12:27,e1e89a9bc9c03422c1159c91788ac99f26611d40,Feature/ds5 enrollment updates (#147),247,149,False,0.7142857142857143,4,0.7222149666971399,0.11577307505497698,0.01738521744816371,0.5789659555036252,0.004048582995951417,99,0.068826,0.068826,244,3,0,0,247,1
edanalytics__edu_edfi_source,2025-09-14T15:21:29,aac6dc0eccc2755af2ac9bbceb6aee22205bb822,Fix/add k_assessment to stg_ef3__student_assessments_score_results and stg_ef3__student_assessments_performance_levels (,254,154,False,0.7142857142857143,4,0.7154589074803149,0.11577307505497698,0.01738521744816371,0.5789659450985684,0.003937007874015748,101,0.066929,0.066929,251,3,0,0,254,1
edanalytics__edu_edfi_source,2025-10-03T08:48:47,d6224a574746d73dffd2174a678d9b8b92f47149,Fix/dbt test updates (#153),254,154,False,0.7142857142857143,4,0.7154589074803149,0.11577307505497698,0.01738521744816371,0.5789659299167217,0.003937007874015748,101,0.066929,0.066929,251,3,0,0,254,1
edanalytics__edu_edfi_source,2025-10-23T12:34:37,0bd87d8698e53f0c16440d98710cd2d2f16ae167,feature/academic honors flatten (#155),255,155,False,0.7142857142857143,4,0.7175254597963217,0.11577307505497698,0.01738521744816371,0.5789659729136819,0.00392156862745098,101,0.066667,0.066667,252,3,0,0,255,1
edanalytics__edu_edfi_source,2025-12-15T14:07:07,8862690ed257ad07b4857485dfe93ef450041146,TEDS-1211 - Added a staging table for exposing section/program relationships. (#169),258,158,False,0.7142857142857143,4,0.7190216114634719,0.11577307505497698,0.01738521744816371,0.5789659618981452,0.003875968992248062,101,0.065891,0.065891,255,3,0,0,258,1
edanalytics__edu_edfi_source,2025-12-19T12:18:23,7e89167901eb902be32c9c795d3a1f8e3e42de72,fix refs to fkeys in student_program_evaluations (#171),269,164,False,0.7142857142857143,4,0.7152910190811945,0.11577307505497698,0.01738521744816371,0.578965955883389,0.0037174721189591076,106,0.063197,0.063197,266,3,0,0,269,1
edanalytics__edu_edfi_source,2026-02-13T09:50:01,1dabd5f59f691c425705fd79768c529d1af9da9f,Fixes Databricks trailing comma issues in Program Evaluation artifacts. (#175),269,164,False,0.7142857142857143,4,0.7152910190811945,0.11577307505497698,0.01738521744816371,0.5789659417754668,0.0037174721189591076,106,0.063197,0.063197,266,3,0,0,269,1
edanalytics__edu_edfi_source,2026-04-01T11:10:54,bc5ec6f2782d601737de839b2127e46c5a0b4538,Fix invalid reference of stg_ef3__student_program_evaluations (#178),269,164,False,0.7142857142857143,4,0.7152910190811945,0.11577307505497698,0.01738521744816371,0.5789659509899028,0.0037174721189591076,106,0.063197,0.063197,266,3,0,0,269,1
edanalytics__edu_edfi_source,2026-05-12T12:53:52,b8b4a6309fe00383b6a28a932b27cee2b62be3e6,feature/macro to infer null school years  (#181),269,164,False,0.7142857142857143,4,0.7152910190811945,0.11577307505497698,0.01738521744816371,0.5789659730773253,0.0037174721189591076,106,0.063197,0.063197,266,3,0,0,269,1
edanalytics__edu_edfi_source,2026-07-10T08:09:20,e5cf5358c6e9d1a1b1408bf0bcfacdd103913225,Hotfix/Descriptor name in stg_ef3__stu_program__program_services (#202),308,188,False,0.7142857142857143,4,0.7178528708133971,0.11577307505497698,0.01738521744816371,0.5789659432079004,0.003246753246753247,121,0.055195,0.055195,305,3,0,0,308,1
edanalytics__edu_edfi_source,2026-08-03T06:41:19,a79be439bdbaf66453c3115390ece1836d263445,TDOE#174: Refactor Student Disability Models (#192),308,188,False,0.7142857142857143,4,0.7178528708133971,0.11577307505497698,0.01738521744816371,0.5789659480504835,0.003246753246753247,121,0.055195,0.055195,305,3,0,0,308,1
edanalytics__edu_ext_oneroster,2023-11-02T10:30:49,643a168541c6a88847d06f4aef36015baf92c150,Add parents to users model,6,0,False,,,0.0,0.0,0.0,0.0,0.0,6,0.166667,1.0,0,0,0,6,6,1
edanalytics__edu_ext_oneroster,2023-11-27T14:00:10,6bb556fd66549bb61f2256d50b5d45c5b6ea5eb9,standardize extension format,9,2,False,0.8571428571428571,1,0.7777777777777778,1.0,0.3333333333333333,0.0,0.0,7,0.333333,0.666667,0,0,0,9,9,1
edanalytics__edu_ext_oneroster,2024-01-31T18:42:39,7dace44e240635be6d1923742581337bf7e09ef4,small cleanup,10,4,False,0.8571428571428571,1,0.75,0.9999999999999997,0.3333333333333332,0.0,0.0,6,0.3,0.4,0,0,0,10,10,1
edanalytics__edu_ext_oneroster,2024-02-09T14:46:31,bcedeb7fba810a87a87490a0dd28286029f04beb,more cleanly handle non-departmental config,10,4,False,0.8571428571428571,1,0.75,0.9999999999999997,0.3333333333333332,0.0,0.0,6,0.3,0.4,0,0,0,10,10,1
edanalytics__edu_ext_oneroster,2024-03-27T11:40:11,e733e752364c63dfee3d2ec671f543b6999669a9,"add distinct on org id, add primary school extension",10,4,False,0.8571428571428571,1,0.75,0.9999999999999997,0.3333333333333332,0.0,0.0,6,0.3,0.4,0,0,0,10,10,1
edanalytics__edu_ext_oneroster,2024-04-12T11:01:05,d05d93bd1a420c1323c4db3b850fc82c586f5b51,fix student key issues,10,4,False,0.8571428571428571,1,0.75,0.9999999999999997,0.3333333333333332,0.0,0.0,6,0.3,0.4,0,0,0,10,10,1
edanalytics__edu_ext_oneroster,2024-10-25T16:16:57,27fbe23be48069dc959d6a64683f6a836ba69419,typo,11,4,False,0.8571428571428571,1,0.7727272727272727,0.9999999999999997,0.3333333333333332,0.0,0.0,7,0.272727,0.454545,0,0,0,11,11,1
edanalytics__edu_ext_oneroster,2025-09-22T14:40:10,cf81d8f32cf8d3adacaa7008fd87550f8d281d46,added orgSourcedId to unique combination for courses model,11,4,False,0.8571428571428571,1,0.7727272727272727,0.9999999999999997,0.3333333333333332,0.0,0.0,7,0.272727,0.454545,0,0,0,11,11,1
edanalytics__edu_ext_oneroster,2025-10-23T13:48:27,df0d83f72f0f5ca59d46a0089e06fb53b36f94d8,Merge pull request #14 from edanalytics/fix/courses_unique_combination,11,4,False,0.8571428571428571,1,0.7727272727272727,0.9999999999999997,0.3333333333333332,0.0,0.0,7,0.272727,0.454545,0,0,0,11,11,1
edanalytics__edu_ext_oneroster,2025-11-10T16:11:27,f136759ba153783cbbf4ee3bfdc139d490aa01b2,small fixes to conform to OneRoster 1.1 specification,11,4,False,0.8571428571428571,1,0.7727272727272727,0.9999999999999997,0.3333333333333332,0.0,0.0,7,0.272727,0.454545,0,0,0,11,11,1
edanalytics__edu_ext_oneroster,2026-02-11T13:37:48,05d548ebd14168f9a14d0c277015eb11a25c0856,"update int_students, readme",12,5,False,0.7857142857142857,1,0.7166666666666667,1.0,0.25,0.13332120644365114,0.0,7,0.333333,0.416667,0,0,0,12,12,1
edanalytics__edu_ext_oneroster,2026-02-24T14:08:20,8ea0643f92a8db561dc99ce20b4a82230161bd44,updates per review from Rob,13,7,False,0.7142857142857143,2,0.7115384615384616,0.8299135133739667,0.18519918063274532,0.2542669515106449,0.07692307692307693,7,0.384615,0.384615,0,0,0,13,13,1
edanalytics__edu_wh,2022-12-02T16:21:16,d567f6df0aea0d2e3f1f1bb7b385912d0c9860fa,"add stu ids, improve whitespace (#10)",52,79,False,0.5714285714285714,5,0.6472736124634859,0.3243134352834128,0.01466700969556396,0.17236065448074023,0.5961538461538461,4,0.865385,0.038462,0,0,28,24,52,1
edanalytics__edu_wh,2022-12-20T14:35:08,55bd9a463ace97f3166dd610f1afcd57a385bbbc,Bugfix/add tenant columns to assessment models (#20),63,92,False,0.6428571428571429,6,0.6609405919750747,0.1339674008504537,0.005563219658175947,0.85454945261495,0.5238095238095238,4,0.888889,0.031746,0,0,32,31,63,1
edanalytics__edu_wh,2023-02-01T15:26:15,0d864e331c488c4f93d2e03b08aa9331f93b4187,Update absentee_categories seed join logic to be inclusive on upper t… (#29),69,98,False,0.5714285714285714,7,0.679027070006144,0.13049710848459464,0.0050066552349874414,0.4497769713822728,0.4927536231884058,5,0.884058,0.043478,0,0,35,34,69,1
edanalytics__edu_wh,2023-03-02T17:24:24,cb2fe00b40c4c7554d2e93266191d266ca3458bb,Feature/optional program associations (#35),79,111,False,0.7142857142857143,6,0.7014568903749702,0.12984515073411612,0.004051957078676668,0.5751689878087441,0.4936708860759494,7,0.873418,0.063291,0,0,40,39,79,1
edanalytics__edu_wh,2023-03-30T18:39:25,8821247958f61325f31591474c1f4a1a743910ab,Feature/bld school calendar windows (#45),81,113,False,0.8571428571428571,6,0.6944925623470538,0.12985893329959156,0.003929993629825752,0.5704008236358291,0.49382716049382713,8,0.864198,0.074074,0,0,41,40,81,1
edanalytics__edu_wh,2023-05-02T18:34:27,f92ae9d1fed8c8c72a1e128bbe28f63d196c0217,Feature/discipline incidents (#48),85,125,False,0.7857142857142857,7,0.7078039215686275,0.13043293628289257,0.003618877755426446,0.4334361966461426,0.5647058823529412,8,0.870588,0.070588,0,0,45,40,85,1
edanalytics__edu_wh,2023-06-01T17:54:26,2bf297e517b07c40e98d06d9e8a292cd7cec0309,fix docs for correct unique key (#57),82,123,False,0.7857142857142857,7,0.697691804504252,0.12989330959292839,0.003603905175054859,0.5553131211155926,0.5853658536585366,7,0.926829,0.073171,0,0,45,37,82,1
edanalytics__edu_wh,2023-07-28T18:29:16,e0b12dd1acd50a0edec7e47eac7ff81427e8dfd4,Update _edfi_3__students.yml (#67),84,125,False,0.6428571428571429,7,0.6997505668934241,0.12950213289892323,0.0035929624165542524,0.6330487601392106,0.5714285714285714,7,0.928571,0.071429,0,0,45,39,84,1
edanalytics__edu_wh,2023-08-01T11:53:59,c3e60038b16ddb421ce5b89e6c2e654b8ca6f427,Feature/staff dbt docs (#70),84,125,False,0.6428571428571429,7,0.6997505668934241,0.12950213289892323,0.0035929624165542524,0.6330128510793994,0.5714285714285714,7,0.928571,0.071429,0,0,45,39,84,1
edanalytics__edu_wh,2023-10-11T18:01:32,322e27db246a9278047aa43198037635fe7c263b,Add incident_time to dim_discipline_incidents. (#74),84,125,False,0.6428571428571429,7,0.6997505668934241,0.12950213289892323,0.0035929624165542524,0.6330477677203504,0.5714285714285714,7,0.928571,0.071429,0,0,45,39,84,1
edanalytics__edu_wh,2023-11-28T18:59:26,a870f6f44ae2c716492b51134fa56fd247362ab7,Feature/add warehouse models for cohorts (#78),89,131,False,0.7857142857142857,8,0.7187766194783596,0.12944698279224537,0.003402720369698001,0.6393874376398692,0.550561797752809,7,0.932584,0.067416,0,0,49,40,89,1
edanalytics__edu_wh,2023-12-21T10:49:44,9e28bec0b95c09e56aa69b23202a6fead89245d2,Hotfix/0.2.9 (#99),88,128,False,0.7857142857142857,7,0.7190783986655547,0.12957868283490617,0.003406218226304339,0.6140887184725023,0.5340909090909091,7,0.931818,0.068182,0,0,49,39,88,1
edanalytics__edu_wh,2024-01-25T17:58:42,0d7ea0e3233a46ce82680379fdec584bcd19ec85,add same rule for historic obj assess (#103),90,134,False,0.7142857142857143,7,0.7236496913580247,0.12976853927672644,0.003241105087952087,0.572285830177198,0.5666666666666667,7,0.933333,0.066667,0,0,50,40,90,1
edanalytics__edu_wh,2024-02-06T13:37:18,4a2fb8cc06681524c3f57218d64f1bbbb4f038d1,staff race_ethnicity (#108),91,135,False,0.7857142857142857,7,0.7228074171079353,0.12926330125450003,0.003228486239533867,0.6673266427761775,0.5604395604395604,7,0.934066,0.065934,0,0,50,41,91,1
edanalytics__edu_wh,2024-04-05T12:04:48,3a389408bf346c81681d537245a41a2177ee03b4,explicit col naming as workarond for group by bug with rls (#122),91,135,False,0.7857142857142857,7,0.7228074171079353,0.12926330125450003,0.003228486239533867,0.667328187394901,0.5604395604395604,7,0.934066,0.065934,0,0,50,41,91,1
edanalytics__edu_wh,2024-06-19T12:50:00,e1a9b6585945a873b4706e7301bafd483558cc6d,Bugfix/combine gpas (#137),93,136,False,0.7142857142857143,7,0.7283375826774563,0.12916422694011678,0.003225952616342638,0.6837613696008249,0.5483870967741935,8,0.924731,0.075269,0,0,52,41,93,1
edanalytics__edu_wh,2024-08-19T11:27:47,b9acae349ff814d7f265f414c329a60d64b668cc,fix annualized grouping in wide sch networks (#146),93,136,False,0.7142857142857143,7,0.7283375826774563,0.12916422694011678,0.003225952616342638,0.6837238918905894,0.5483870967741935,8,0.924731,0.075269,0,0,52,41,93,1
edanalytics__edu_wh,2024-09-20T10:43:40,e996ec2f16d4be1bde926bfbdb5e3351be82ea76,Update to dbt_utils 1.0+ (1.3.0) (#143),94,137,False,0.8571428571428571,8,0.7232823762927882,0.12913685596304578,0.003146851742546866,0.6874777570997181,0.5425531914893617,8,0.925532,0.074468,0,0,52,42,94,1
edanalytics__edu_wh,2025-02-03T09:45:50,f44276f7785395356333d0e20a9aab2a91c387fb,Update fct_course_transcripts.sql (#164),94,137,False,0.8571428571428571,8,0.7232823762927882,0.12913685596304578,0.003146851742546866,0.6874420188784677,0.5425531914893617,8,0.925532,0.074468,0,0,52,42,94,1
edanalytics__edu_wh,2025-04-09T15:10:32,a77f0a010579b7763dbe885039a4fd8625b9e0ce,Modified dim_school.sql to support custom data sources (#165),94,137,False,0.8571428571428571,8,0.7232823762927882,0.12913685596304578,0.003146851742546866,0.6874405803681373,0.5425531914893617,8,0.925532,0.074468,0,0,52,42,94,1
edanalytics__edu_wh,2025-06-13T12:37:21,8df631c707aa1343a49fb6ca4e717a95101fb01f,"update key to include begin_date, ds 5.0 (#169)",94,137,False,0.8571428571428571,8,0.7232823762927882,0.12913685596304578,0.003146851742546866,0.6874780714763725,0.5425531914893617,8,0.925532,0.074468,0,0,52,42,94,1
edanalytics__edu_wh,2025-07-18T15:20:06,6e7e836cf9526684e0f46c4dcf5020f858bb8700,Staff Email Handling (#179),97,139,False,0.7142857142857143,7,0.7266448746961697,0.128903077630177,0.0031411549228075953,0.7229311551674059,0.5257731958762887,9,0.907216,0.072165,0,0,52,45,97,1
edanalytics__edu_wh,2025-08-06T14:08:08,26dd2f0a6ccecddb4cc667953104cd6027cffe28,Feature/ds5 enrollment updates (#183),97,139,False,0.7142857142857143,7,0.7266448746961697,0.128903077630177,0.0031411549228075953,0.722894882984136,0.5257731958762887,9,0.907216,0.072165,0,0,52,45,97,1
edanalytics__edu_wh,2025-09-15T14:55:15,25c6afa0b2b97d15361b248c7069d90c2a00dc22,Fix/add assessment_family (#185),108,152,False,0.7857142857142857,7,0.7276941307681584,0.13164170810360445,0.0027409071347877572,0.6134034718574256,0.5185185185185185,12,0.888889,0.092593,0,0,55,53,108,1
edanalytics__edu_wh,2025-09-29T13:54:18,3b184d64e77d4eb2a9ca4bb87f53b646258c097d,Feature/Staff Safe Display Name (#193),108,152,False,0.7857142857142857,7,0.7276941307681584,0.13164170810360445,0.0027409071347877572,0.6134678103962806,0.5185185185185185,12,0.888889,0.092593,0,0,55,53,108,1
edanalytics__edu_wh,2025-12-05T10:27:22,4dbd3038305e9ba4e9351910e2376b8dbb35b330,TDOE changes on top of latest EA main branch for Databricks to work. (#200),112,155,False,0.7857142857142857,7,0.7330011592652043,0.13164170810360445,0.0027409071347877572,0.6134659000959272,0.5,13,0.857143,0.089286,0,0,56,56,112,1
edanalytics__edu_wh,2025-12-19T11:51:20,27d76b97e29123ed209e6851dfb06774837278a6,"update how args are delcared for tests, old way is deprecated (#203)",116,161,False,0.8571428571428571,8,0.7333495125142447,0.049591636201188866,0.0010325449569682631,0.9313176250306024,0.49137931034482757,12,0.896552,0.086207,0,0,59,57,116,1
edanalytics__edu_wh,2026-02-13T10:19:10,a718bfd19ab5161bec01b95533d95c39d8f18edf,Bugfix/class period (#214),116,161,False,0.8571428571428571,8,0.7333495125142447,0.049591636201188866,0.0010325449569682631,0.9313177346409612,0.49137931034482757,12,0.896552,0.086207,0,0,59,57,116,1
edanalytics__edu_wh,2026-04-01T16:51:30,fb257ef0b20d957f5d8adee24ed4d386158992c1,fix end date logic in stu sch att events to match prior behavior (#226),120,168,False,0.7857142857142857,8,0.7376173708920187,0.049735221479617814,0.001014409968300343,0.9372740276395806,0.5166666666666667,14,0.883333,0.1,0,0,61,59,120,1
edanalytics__edu_wh,2026-05-12T14:55:30,0e45608cc4376b06cdedf7f40c31d52df23894dc,Fix/doc fixes (#241),120,168,False,0.7857142857142857,8,0.7376173708920187,0.049735221479617814,0.001014409968300343,0.937273776829933,0.5166666666666667,14,0.883333,0.1,0,0,61,59,120,1
edanalytics__edu_wh,2026-06-26T14:11:28,a0102b58cd7be606b55eebb27c4f51d98fac7ef0,add logic to allow separate var including students who exit on frist day (#246),125,172,False,0.7857142857142857,8,0.748348623853211,0.04968709853707069,0.00099318420608847,0.9375744404482271,0.504,16,0.856,0.104,0,0,66,59,125,1
edanalytics__edu_wh,2026-08-04T12:27:02,1aef0af15cbc32565e7c905085d07106d173655b,TN #231: Feature/section characteristics in dim course section (#267),130,179,False,0.7142857142857143,8,0.7511798279240139,0.04949593556313499,0.0009699688573148238,0.938863722968943,0.5,16,0.861538,0.1,0,0,67,63,130,1
elementary-data__dbt-data-reliability,2022-01-23T18:25:23,458d8c1b1129420e52eab84d0e4a4bad7181c5a9,documentation yml,7,6,False,0.7142857142857143,2,0.2571428571428571,0.2679491924311226,0.06070145647576512,0.2743620830592736,0.0,1,1.0,0.0,0,0,0,7,7,1
elementary-data__dbt-data-reliability,2022-03-08T21:00:46,17ad5ff919dfb8403bdca9ae0cf179827ed0476a,improved performance for data monitoring,26,46,False,0.6428571428571429,4,0.4636752136752137,0.20583110592884132,0.021089460321510933,0.5668171723892271,0.8076923076923077,1,1.0,0.0,0,0,0,26,26,1
elementary-data__dbt-data-reliability,2022-03-20T14:05:51,697e71b8b56f6cb77d856b782b053a1d7cbedd41,replaced dbt_utils.dateadd with new timestamp_add to prevent casting issues,17,16,False,0.6428571428571429,2,0.4844290657439446,0.13380173749097865,0.02735549446346379,0.4108649554143305,0.11764705882352941,3,0.647059,0.058824,0,0,0,17,17,1
elementary-data__dbt-data-reliability,2022-05-08T15:16:10,4bac17eef0fa51915b790aeec640d2167f9e112e,"Added operational monitoring and enriched alerts, changed ID to be the test execution id",20,15,False,0.7857142857142857,2,0.618,0.5188056959079843,0.12441125563507045,0.19142259864980476,0.1,7,0.25,0.15,0,0,0,20,20,1
elementary-data__dbt-data-reliability,2022-05-30T15:08:20,19e4e3f9900d49b365c602eec57fda569c6d93b3,"feat: rename anomaly_threshold to sensitivity, update config var name",19,14,False,0.7857142857142857,2,0.6271929824561403,0.5188056959079843,0.12441125563507045,0.19142259864980743,0.10526315789473684,7,0.263158,0.210526,0,0,0,19,19,1
elementary-data__dbt-data-reliability,2022-07-07T18:37:09,785cbb7e36a7d363c9e877b0fedf208ab5d775be,Created a new model - model_run_results.,25,18,False,0.7142857142857143,2,0.6370370370370371,0.829913513373966,0.1851991806327452,0.2542669515143144,0.08,9,0.2,0.16,0,0,0,25,25,1
elementary-data__dbt-data-reliability,2022-08-05T15:46:53,fc7a249fa567d8f894aa74e51252181cd92cb066,databricks support for artifacts,19,9,False,0.7857142857142857,1,0.7602339181286549,1.0,0.25000000000000006,0.08562711139078628,0.0,10,0.210526,0.368421,0,0,0,19,19,1
elementary-data__dbt-data-reliability,2022-08-30T15:04:35,40501c1d34dffaec8db2bcf2d1f5a596f35eb0e8,trying to make databricks run table anomalies,21,12,False,0.7142857142857143,2,0.7083333333333334,0.585786437626905,0.12379124008768974,0.18181818181818346,0.047619047619047616,10,0.285714,0.333333,0,0,0,21,21,1
elementary-data__dbt-data-reliability,2022-10-04T11:40:40,96c203f8f94a44be2942ffef440f743f29b25750,Changed 'success' to 'pass'.,23,14,False,0.7142857142857143,2,0.6763285024154589,0.585786437626905,0.12379124008768974,0.18181818181818293,0.043478260869565216,10,0.26087,0.26087,0,0,0,23,23,1
elementary-data__dbt-data-reliability,2022-11-04T12:37:05,1a53cabf285949f1319b69de88a1ccbd7027a5f8,Update models/edr/run_results/model_run_results.sql,24,14,False,0.7142857142857143,2,0.6898148148148148,0.585786437626905,0.12379124008768974,0.18181818181818327,0.041666666666666664,11,0.25,0.291667,0,0,0,24,24,1
elementary-data__dbt-data-reliability,2022-12-02T18:47:32,4d345bc8bd236bca459ba23caef2072488c58845,group by column and rs,25,15,False,0.7142857142857143,2,0.6736842105263158,0.585786437626905,0.12379124008768974,0.1818181818181841,0.04,11,0.24,0.24,0,0,0,25,25,1
elementary-data__dbt-data-reliability,2023-01-01T10:00:08,0efa57bdd89aa149c9576a552283551f39b49000,Env vars in dbt invocation are prefixed with 'DBT_'.,25,15,False,0.7142857142857143,2,0.6736842105263158,0.585786437626905,0.12379124008768974,0.1818181818181825,0.04,11,0.24,0.24,0,0,0,25,25,1
elementary-data__dbt-data-reliability,2023-02-02T19:41:45,66c137eba5006ac1e2aa581e24e7bd2eb90f4711,Add thread_id,26,15,False,0.7142857142857143,2,0.6862348178137652,0.585786437626905,0.12379124008768974,0.18181818181817916,0.038461538461538464,12,0.230769,0.269231,0,0,0,26,26,1
elementary-data__dbt-data-reliability,2023-02-23T13:29:22,1b05c1dd36afd1e1fa292ed424591143b3852f52,Renamed 'state' model to 'metadata'.,29,16,False,0.7142857142857143,2,0.7310344827586207,0.585786437626905,0.12379124008768974,0.18181818181818274,0.034482758620689655,14,0.206897,0.310345,0,0,0,29,29,1
elementary-data__dbt-data-reliability,2023-03-27T18:38:53,4a467821455dfb0c7e3c43f416ccc2a7f351bfd1,Macro 'dump_table' supports excluding deprecatedly-marked columns.,29,16,False,0.7142857142857143,2,0.7310344827586207,0.585786437626905,0.12379124008768974,0.18181818181818318,0.034482758620689655,14,0.206897,0.310345,0,0,0,29,29,1
elementary-data__dbt-data-reliability,2023-04-16T14:11:43,e9e4726b7b2d7b10caad71df04d5a414ed56e164,Using a different method to define deprecated columns.,29,16,False,0.7142857142857143,2,0.7310344827586207,0.585786437626905,0.12379124008768974,0.18181818181818413,0.034482758620689655,14,0.206897,0.310345,0,0,0,29,29,1
elementary-data__dbt-data-reliability,2023-05-31T15:37:49,1cc70f65798c0ca95c92086d3dbe83802faba932,Ele 826 orchestration integration (#363),30,20,False,0.6428571428571429,4,0.7138888888888889,0.20140113852717592,0.037587784609948674,0.5203531349941823,0.06666666666666667,12,0.366667,0.266667,0,0,0,30,30,1
elementary-data__dbt-data-reliability,2023-06-20T15:34:16,ce0368c60fd4e38f8290546035e6e6a0bb5bc960,All models are enabled.,29,20,False,0.6428571428571429,4,0.7040229885057471,0.20140113852717592,0.037587784609948674,0.5203531534338229,0.06896551724137931,11,0.37931,0.241379,0,0,0,29,29,1
elementary-data__dbt-data-reliability,2023-08-02T12:51:47,6f68bd49df97d7a4d1fcaa72c42a6a3ad9bd8cdf,Change dbt columns to be a table in bigquery,29,16,False,0.7142857142857143,2,0.7310344827586207,0.585786437626905,0.12379124008768974,0.1818181818181829,0.034482758620689655,14,0.206897,0.310345,0,0,0,29,29,1
elementary-data__dbt-data-reliability,2023-08-30T16:16:33,4aa9c4aa30f0e8071d19fc974ca3387551b9c7bf,Ran pre-commit.,29,16,False,0.7142857142857143,2,0.7310344827586207,0.585786437626905,0.12379124008768974,0.1818181818181824,0.034482758620689655,14,0.206897,0.310345,0,0,0,29,29,1
elementary-data__dbt-data-reliability,2023-10-01T11:15:43,9ce379efe4954903dd1db053a8268dc6c2be8295,Add union view,30,18,False,0.7142857142857143,2,0.6909090909090909,0.585786437626905,0.12379124008768974,0.18181818181818263,0.03333333333333333,13,0.2,0.233333,0,0,0,30,30,1
elementary-data__dbt-data-reliability,2023-10-02T16:17:41,12e1a9e56e9b735b2a0fd8f780113ae6ef0a7078,Merge commit '3e74539cf3d93156b9d08d1b591be3677bd476d6' into ele-1790-period-param-renaming-finalization,30,18,False,0.7142857142857143,2,0.6909090909090909,0.585786437626905,0.12379124008768974,0.181818181818184,0.03333333333333333,13,0.2,0.233333,0,0,0,30,30,1
elementary-data__dbt-data-reliability,2023-11-26T11:02:21,f45b9cd2cd933b3b48587abe6a28f74041485302,doc,30,18,False,0.7142857142857143,2,0.6909090909090909,0.585786437626905,0.12379124008768974,0.18181818181818382,0.03333333333333333,13,0.2,0.233333,0,0,0,30,30,1
elementary-data__dbt-data-reliability,2024-03-12T15:52:10,3e6a21687e98549719d9caed92f47dacefe84f16,Add index on created_at test_result_rows and remove backfill post hook,30,18,False,0.7142857142857143,2,0.6909090909090909,0.585786437626905,0.12379124008768974,0.18181818181818277,0.03333333333333333,13,0.2,0.233333,0,0,0,30,30,1
elementary-data__dbt-data-reliability,2024-04-11T16:19:18,25bd3e03c881a8c86541134b3a9f7b701fb4d344,fix redshift,30,18,False,0.7142857142857143,2,0.6909090909090909,0.585786437626905,0.12379124008768974,0.18181818181818324,0.03333333333333333,13,0.2,0.233333,0,0,0,30,30,1
elementary-data__dbt-data-reliability,2024-05-08T18:17:38,449da8f16976889ebb8dcce441bfb461b924f008,Ele 3034 additional package bugfixes (#707),28,16,False,0.7142857142857143,2,0.7214285714285714,0.585786437626905,0.12379124008768974,0.18181818181818282,0.03571428571428571,13,0.214286,0.285714,0,0,0,28,28,1
elementary-data__dbt-data-reliability,2024-08-08T07:48:10,fc8a563e67b12efb0a11a8483ea3466a8807b3f8,Add seed_run_results model and tests,29,18,False,0.7857142857142857,3,0.7147335423197492,0.36359506278950676,0.07176544442534732,0.47795919261690056,0.034482758620689655,12,0.275862,0.241379,0,0,0,29,29,1
elementary-data__dbt-data-reliability,2024-09-19T11:32:02,584e3a814bca3c4751e12c2792b4eb80fcbb9762,added index to dbt_run_results,29,18,False,0.7857142857142857,3,0.7147335423197492,0.36359506278950676,0.07176544442534732,0.47795919261689246,0.034482758620689655,12,0.275862,0.241379,0,0,0,29,29,1
elementary-data__dbt-data-reliability,2025-03-27T18:04:28,5d2ad9b248e1e045bd959ed751a9d7cafaaa96b9,dbt run works on clickhouse,29,18,False,0.7857142857142857,3,0.7147335423197492,0.36359506278950676,0.07176544442534732,0.4779591926169118,0.034482758620689655,12,0.275862,0.241379,0,0,0,29,29,1
elementary-data__dbt-data-reliability,2025-05-26T14:18:07,59270ed6a84ed6d4e9d449bc2725643771389cae, ele-4409: added dbt group artifact and column (#814),30,18,False,0.7857142857142857,3,0.7242424242424242,0.36359506278950676,0.07176544442534732,0.47795919261690417,0.03333333333333333,13,0.266667,0.266667,0,0,0,30,30,1
elementary-data__dbt-data-reliability,2025-08-19T15:15:43,2560124fe7067a41523e4471d4459e93f0f57915,small fix: meta under config in dbt_run_results (#845),30,18,False,0.7857142857142857,3,0.7242424242424242,0.36359506278950676,0.07176544442534732,0.4779591926168971,0.03333333333333333,13,0.266667,0.266667,0,0,0,30,30,1
elementary-data__dbt-data-reliability,2025-09-17T12:49:20,3c1061cc19b95fc883f04105735e827643feb353,Fix syntax,30,18,False,0.7857142857142857,3,0.7242424242424242,0.36359506278950676,0.07176544442534732,0.4779591926169126,0.03333333333333333,13,0.266667,0.266667,0,0,0,30,30,1
elementary-data__dbt-data-reliability,2025-12-02T18:10:20,6551383e8a37e5814bd2bb9fd74330be8265a3c9,"changed failures and affected_rows fields to be bigint in schema, so it will match the code of the table (#898)",30,18,False,0.7857142857142857,3,0.7242424242424242,0.36359506278950676,0.07176544442534732,0.4779591926168953,0.03333333333333333,13,0.266667,0.266667,0,0,0,30,30,1
elementary-data__dbt-data-reliability,2026-01-06T16:02:19,f5c062d8ec0f12796ec36685d4d514126aa9c3c9,Ele 5191 fix for the logic updating test result rows (#908),30,18,False,0.7857142857142857,3,0.7242424242424242,0.36359506278950676,0.07176544442534732,0.47795919261690883,0.03333333333333333,13,0.266667,0.266667,0,0,0,30,30,1
elementary-data__dbt-data-reliability,2026-01-27T23:48:07,ab21363935c42490a60a779557ba99bed96b754c,fix: set explicit incremental_strategy='append' for test_result_rows.sql (#918),30,18,False,0.7857142857142857,3,0.7242424242424242,0.36359506278950676,0.07176544442534732,0.4779591926168912,0.03333333333333333,13,0.266667,0.266667,0,0,0,30,30,1
elementary-data__dbt-data-reliability,2026-03-16T16:32:14,7a2b542732b97303db48e797d4c1927686993389,feat: add BigQuery partitioning and clustering to data_monitoring_metrics (#972),30,18,False,0.7857142857142857,3,0.7242424242424242,0.36359506278950676,0.07176544442534732,0.4779591926168912,0.03333333333333333,13,0.266667,0.266667,0,0,0,30,30,1
elementary-data__dbt-data-reliability,2026-05-07T14:50:49,d80f30ac22ee21c2006320e7065a385429593634,docs: Add ClickHouse as compatible with `query_id` in `dbt_run_results`,30,18,False,0.7857142857142857,3,0.7242424242424242,0.36359506278950676,0.07176544442534732,0.4779591926169041,0.03333333333333333,13,0.266667,0.266667,0,0,0,30,30,1
elementary-data__dbt-data-reliability,2026-06-03T18:35:02,3dc104a13cda8dd4a0fbcec41a97706acb110643,feat: add `elementary_extra_indexes` config var for custom index injection (#1019),30,18,False,0.7857142857142857,3,0.7242424242424242,0.36359506278950676,0.07176544442534732,0.47795919261689124,0.03333333333333333,13,0.266667,0.266667,0,0,0,30,30,1
elementary-data__dbt-data-reliability,2026-06-17T17:09:40,4d4c5d531744c716c7a30a80aa74ec768ffa71dd,Merge branch 'master' into docs/query-id-clickhouse,30,18,False,0.7857142857142857,3,0.7242424242424242,0.36359506278950676,0.07176544442534732,0.4779591926131221,0.03333333333333333,13,0.266667,0.266667,0,0,0,30,30,1
elementary-data__elementary,2022-04-13T17:45:53,c971b5ddddba88660b590fcb94c860df46ea44ce,Added dbt test alert,1,0,True,,,,,,,,1,1.0,1.0,0,0,0,1,1,1
elementary-data__elementary,2022-05-08T15:17:23,e7ce6ecc38e299766b7253a7ee59097a592a092a,Added dbt test alerts and improved alerts formatting,1,0,True,,,,,,,,1,1.0,1.0,0,0,0,1,1,1
elementary-data__elementary,2022-07-11T12:00:11,6ae7685d08e169a7109457c7af454b89421d6857,Renamed 'alerts_data_monitoring' to 'alerts_anomaly_detection'.,2,0,True,,,,,,,,2,0.5,1.0,0,0,0,2,2,1
elementary-data__elementary,2022-07-25T18:04:28,d70fe2fdab10e29c7329b1e413476fec0653af47,Changed the comment syntax from unstable (//) to Jinja's official ({#...#}).,2,0,True,,,,,,,,2,0.5,1.0,0,0,0,2,2,1
elementary-data__elementary,2022-08-23T12:01:22,06e3a0f9f5160290bf1557318f7c0d43451a7525,Created an 'elementary' package.,2,0,True,,,,,,,,2,0.5,1.0,0,0,0,2,2,1
elementary-data__elementary,2022-10-03T15:08:00,cc99e473da60415ea1e23e6e8359d2d8e9ebfa37,Added source freshness alerts.,3,0,True,,,,,,,,3,0.333333,1.0,0,0,0,3,3,1
elementary-data__elementary,2022-10-12T11:26:52,851f342c98a6c33192ffc9b6b31566a9a6e4d3c7,Renamed a variable.,3,0,True,,,,,,,,3,0.333333,1.0,0,0,0,3,3,1
elementary-data__elementary,2022-12-26T14:00:12,be4b683e337bb498e24b457e4de79585fe9b471d,Fix sent_at typing error,3,0,True,,,,,,,,3,0.333333,1.0,0,0,0,3,3,1
elementary-data__elementary,2023-02-14T16:47:50,6ccf0af2f3f7a5b47026bc2ce0750e830e35f739,change macro names,3,0,True,,,,,,,,3,0.333333,1.0,0,0,0,3,3,1
elementary-data__elementary,2023-05-17T08:11:34,6e360e00fdd6484bebf0cabe01c423623ab087e3,use nothing materialization to run the update models without creating them on the DWH,5,6,False,0.8571428571428571,1,0.4,1.999999999999999,0.3999999999999999,0.23077743069876697,0.4,1,1.0,0.0,0,0,0,5,5,1
elementary-data__elementary,2023-07-02T18:38:53,7671eae7bbb656a742bd81902ba3160b1d810d77,Added prefix to tests definition.,5,6,False,0.8571428571428571,1,0.4,1.999999999999999,0.3999999999999999,0.13365813291129908,0.4,1,1.0,0.0,0,0,0,5,5,1
elementary-data__elementary,2023-09-05T15:55:13,914ec0fc4806992359a8b2f380ee58714b2472b5,Add 'inserted_at' as timestamp column.,8,8,False,0.8571428571428571,1,0.46875,1.999999999999999,0.3999999999999999,0.23818695540741372,0.25,2,0.625,0.0,0,0,0,8,8,1
elementary-data__elementary,2023-10-05T12:04:37,0d59b20859116bf776efdb052a82afe4d2d7a037,tables_seasonality: small bugfix,8,8,False,0.8571428571428571,1,0.46875,1.999999999999999,0.3999999999999999,0.1418697503957819,0.25,2,0.625,0.0,0,0,0,8,8,1
elementary-data__elementary,2023-06-12T12:46:51,bcf88179423cc70a0c12f952fa719b52795158df,Make alert tables work with Athena,10,8,False,0.8571428571428571,1,0.575,1.999999999999999,0.3999999999999999,0.24028122288621936,0.2,4,0.5,0.2,0,0,0,10,10,1
elementary-data__elementary,2023-12-03T15:39:08,ca87722d6fa89ca6cceb1e6df2edf4f44fafca56,change alerts models to sync_all_columns,10,8,False,0.8571428571428571,1,0.575,1.999999999999999,0.3999999999999999,0.1690682225563069,0.2,4,0.5,0.2,0,0,0,10,10,1
elementary-data__elementary,2023-12-27T14:15:59,ef452228d9d6c910dc8a60e17fd1c9da0e1bb4b0,Ensure backwards compatibility for depends_on_columns,10,8,False,0.8571428571428571,1,0.575,1.999999999999999,0.3999999999999999,0.15259756566879806,0.2,4,0.5,0.2,0,0,0,10,10,1
elementary-data__elementary,2024-01-17T16:02:10,7d3deefb5e690822a2e791c7310aaf5072983ffb,Keep old alerts tables for backwards,11,4,False,0.8571428571428571,1,0.7727272727272727,0.9999999999999997,0.3333333333333332,0.0,0.0,7,0.272727,0.454545,0,0,0,11,11,1
elementary-data__elementary,2024-02-11T11:33:33,03ce3e837800c3426242d6461442f01849bcfc3c,Ensure that enriched exposures still works if cli views have not been synced,11,4,False,0.8571428571428571,1,0.7727272727272727,0.9999999999999997,0.3333333333333332,0.0,0.0,7,0.272727,0.454545,0,0,0,11,11,1
elementary-data__elementary,2024-03-19T11:46:00,39588ff6f2ee19d6a5bd04cecec53fbc9437273c,ELE-2726 - support days back for alerts population - default is 1,11,4,False,0.8571428571428571,1,0.7727272727272727,0.9999999999999997,0.3333333333333332,0.0,0.0,7,0.272727,0.454545,0,0,0,11,11,1
elementary-data__elementary,2024-05-08T19:24:44,e3d767aa78bb32cef8f83719e4a93b46633af468,remove refs to information_schema_columns (#1519),11,4,False,0.8571428571428571,1,0.7727272727272727,0.9999999999999997,0.3333333333333332,0.0,0.0,7,0.272727,0.454545,0,0,0,11,11,1
elementary-data__elementary,2024-07-04T15:02:38,e1f2138746d701d3f9ea578e155aaf7c9a3b660f,Ele 3295 api dbt runner (#1577),18,4,False,0.8571428571428571,1,0.8611111111111112,0.9999999999999997,0.3333333333333332,0.0,0.0,14,0.166667,0.666667,0,0,0,18,18,2
elementary-data__elementary,2024-09-05T12:04:09,309c54135c7eb25c4b2526ebccb28d61ddb4b375,Added seeds to lineage.,18,4,False,0.8571428571428571,1,0.8611111111111112,0.9999999999999997,0.3333333333333332,0.0,0.0,14,0.166667,0.666667,0,0,0,18,18,2
elementary-data__elementary,2025-08-29T12:41:34,9ef15abaac663170be2dbd5cf69ad40a014a2560,correct column references,18,4,False,0.8571428571428571,1,0.8611111111111112,0.9999999999999997,0.3333333333333332,0.0,0.0,14,0.166667,0.666667,0,0,0,18,18,2
elementary-data__elementary,2025-11-19T16:58:24,a03dc6400d84f297566e06870ea375190f586878,Remove deprecated test recommendations macro,15,2,False,0.8571428571428571,1,0.9333333333333333,0.9999999999999997,0.3333333333333332,0.0,0.0,13,0.2,0.8,0,0,0,15,15,2
elementary-data__elementary,2025-12-17T14:20:10,f721a5745d0a0307b11bcaab1f6f17e212111ccf,Merge branch 'master' into 1944-add-orchestrator-job-data-alerts,15,2,False,0.8571428571428571,1,0.9333333333333333,0.9999999999999997,0.3333333333333332,0.0,0.0,13,0.2,0.8,0,0,0,15,15,2
elementary-data__elementary,2026-03-04T00:33:34,e8dabbfb0c923c24915541f85d0d6f74a9e5dbc3,"feat: add DuckDB, Trino, Dremio & Spark support to CI and CLI (#2135)",15,2,False,0.8571428571428571,1,0.9333333333333333,0.9999999999999997,0.3333333333333332,0.0,0.0,13,0.2,0.8,0,0,0,15,15,2
fivetran__dbt-language-server,2022-01-05T00:46:43,9a4310202449a24041711f68215b31f3af33c4db,Jinja completions testing (#20),11,0,False,,,0.0,0.0,0.0,0.0,0.0,11,0.090909,1.0,0,0,0,11,11,3
fivetran__dbt-language-server,2022-02-08T19:30:04,b4bf4a9f160ac70a756158b697ff030f89a18275,Go to model definition (#34),14,1,False,0.9285714285714286,1,0.9285714285714286,2.0,1.0,0.0,0.0,13,0.142857,0.857143,0,0,0,14,14,3
fivetran__dbt-language-server,2022-04-26T09:47:59,c2c820e5da42975bdc3372b8a2329e35a1a8c6f1,fix preview for models with materialized == ephemeral (#114),16,1,False,0.9285714285714286,1,0.9375,2.0,1.0,0.0,0.0,15,0.125,0.875,0,0,0,16,16,3
fivetran__dbt-language-server,2022-05-26T20:52:38,b288414a27e5f79559c4717c3847dd599017acc4,support INFORMATION_SCHEMA (#127),16,1,False,0.9285714285714286,1,0.9375,2.0,1.0,0.0,0.0,15,0.125,0.875,0,0,0,16,16,3
fivetran__dbt-language-server,2022-07-06T18:32:59,6ff759111226b10eb93b378abe9c1f9d03f9ada5,support UDFs (#157),22,3,False,0.9285714285714286,1,0.8636363636363636,2.0,1.0,0.0,0.0,19,0.090909,0.727273,0,0,0,22,22,3
fivetran__dbt-language-server,2022-08-11T12:38:37,f24f27fd2c78e2a7be128909d91560112194bf36,add qualify to reserved keywords (#300),22,3,False,0.9285714285714286,1,0.8636363636363636,2.0,1.0,0.0,0.0,19,0.090909,0.727273,0,0,0,22,22,3
fivetran__dbt-language-server,2022-08-30T14:48:13,7ce0e9b1ddddd78ccf89dcb91725a1348951b3da,add install dbt packages command (#354),23,3,False,0.9285714285714286,1,0.8695652173913043,2.0,1.0,0.0,0.0,20,0.086957,0.73913,0,0,0,23,23,3
fivetran__dbt-language-server,2023-01-30T11:06:28,349bfffdfc2f18f5c071687f2de364dd70530085,add int64 aliases (#708),23,3,False,0.9285714285714286,1,0.8695652173913043,2.0,1.0,0.0,0.0,20,0.086957,0.73913,0,0,0,23,23,3
fivetran__dbt-language-server,2023-02-28T14:42:46,5a4ea56278969a144e274c9c2595a9343bf4c1b2,go to column definition by click (#765),25,5,False,0.7857142857142857,2,0.8666666666666667,0.3819660112501052,0.10557280900008412,0.1538461538470763,0.0,20,0.2,0.72,0,0,0,25,25,3
fivetran__dbt-language-server,2023-05-03T19:20:08,531141468d52932b74a2fb10b7618cdb0862558c,Fix branch switching and support dbt 1.5.0 (#907),27,5,False,0.7857142857142857,2,0.8765432098765432,0.3819660112501052,0.10557280900008412,0.1538461538459131,0.0,22,0.185185,0.740741,0,0,0,27,27,3
fivetran__dbt-language-server,2023-06-08T18:04:21,64946166121cdc4ff954cd4242b8e55ea5290b01,enable json functions (#990),27,5,False,0.7857142857142857,2,0.8765432098765432,0.3819660112501052,0.10557280900008412,0.15384615384612982,0.0,22,0.185185,0.740741,0,0,0,27,27,3
fivetran__dbt-language-server,2023-06-29T12:24:24,c3f989db8301b89103dc3fe1ccb3c22e83f05d03,enable json functions (#1037),27,5,False,0.7857142857142857,2,0.8765432098765432,0.3819660112501052,0.10557280900008412,0.15384615384608968,0.0,22,0.185185,0.740741,0,0,0,27,27,3
fivetran__dbt-language-server,2023-08-10T21:41:42,519674290d71a220f91b93948feac4b8f39bf5c2,update zetasql (#1129),25,5,False,0.7857142857142857,2,0.8666666666666667,0.3819660112501052,0.10557280900008412,0.1538461538461297,0.0,20,0.2,0.72,0,0,0,25,25,3
fivetran__dbt-language-server,2023-10-18T18:53:33,757ab2fa0cdd59ab1062d2c3b4238aedafd3a075,go to column definition: highlight alias when it exists (#1276),25,5,False,0.7857142857142857,2,0.8666666666666667,0.3819660112501052,0.10557280900008412,0.15384615384608846,0.0,20,0.2,0.72,0,0,0,25,25,3
fivetran__dbt_ad_reporting,2020-08-24T12:32:31,559a62934543b4814632ed1a9874f59df9a005a2,docs on docs on docs,4,0,True,,,,,,,,4,0.25,1.0,3,0,0,1,4,1
fivetran__dbt_ad_reporting,2020-11-24T08:40:46,5ecbe4e2631083d4efb382d74e4192c6c4426045,"fixing data types, apparently",6,0,False,,,0.0,0.0,0.0,0.0,0.0,6,0.166667,1.0,5,0,0,1,6,1
fivetran__dbt_ad_reporting,2021-01-08T16:52:25,a48b2e3f7c24b88f592eb0d12f0df385fd2534f5,some updates + facebook ads,7,0,False,,,0.0,0.0,0.0,0.0,0.0,7,0.142857,1.0,6,0,0,1,7,1
fivetran__dbt_ad_reporting,2021-02-26T13:12:28,a6d4b372fdfbd1526b33f73348083413b8feb41d,review edits,7,0,False,,,0.0,0.0,0.0,0.0,0.0,7,0.142857,1.0,6,0,0,1,7,1
fivetran__dbt_ad_reporting,2021-04-02T09:13:21,78c25754480fa89d2cc71a3ab4548679a011a715,adding snapchat ads,8,0,False,,,0.0,0.0,0.0,0.0,0.0,8,0.125,1.0,7,0,0,1,8,1
fivetran__dbt_ad_reporting,2021-08-17T10:30:07,b3af8dbfe56a60443334675c9859a8920584677d,LinkedIn Ads hierarchy documenation,8,0,False,,,0.0,0.0,0.0,0.0,0.0,8,0.125,1.0,7,0,0,1,8,1
fivetran__dbt_ad_reporting,2021-10-05T16:18:00,079765c3edc8f81444df5e0e5eedd814a9f1da48,resolve merge conflicts,8,0,False,,,0.0,0.0,0.0,0.0,0.0,8,0.125,1.0,7,0,0,1,8,1
fivetran__dbt_ad_reporting,2021-11-29T12:53:57,5738776f07298d5fcb4445ecd883acde41de68a2,Fixed Data Type,8,0,False,,,0.0,0.0,0.0,0.0,0.0,8,0.125,1.0,7,0,0,1,8,1
fivetran__dbt_ad_reporting,2022-01-05T16:32:56,7a567d250de75e156cd54677ed85f6c80bf37093,update tiktok,9,0,False,,,0.0,0.0,0.0,0.0,0.0,9,0.111111,1.0,8,0,0,1,9,1
fivetran__dbt_ad_reporting,2022-06-15T10:54:22,3d729c4e842b5f038106d10845b35eef457b2564,feature/google-ads-api-default,9,0,False,,,0.0,0.0,0.0,0.0,0.0,9,0.111111,1.0,8,0,0,1,9,1
fivetran__dbt_ad_reporting,2022-08-10T10:27:52,d12ddf88e2404e1ad9ae5d68746c2bdcbbbbff77,keyword vars,14,7,False,0.9285714285714286,1,0.5,2.0,1.0,0.0,0.0,7,0.142857,0.0,0,7,0,7,14,1
fivetran__dbt_ad_reporting,2022-09-08T15:07:49,2ac8500c2c2435590a25b8d68a3c9a86937d8a4e,defining metrics to use in hex,14,7,False,0.9285714285714286,1,0.5,2.0,1.0,0.0,0.0,7,0.142857,0.0,0,7,0,7,14,1
fivetran__dbt_ad_reporting,2022-09-27T14:01:04,3398f07c74091a41faef28d49e5959366ccdfae4,remove metrics dep,14,7,False,0.9285714285714286,1,0.5,2.0,1.0,0.0,0.0,7,0.142857,0.0,0,7,0,7,14,1
fivetran__dbt_ad_reporting,2022-11-07T15:08:29,0d71146a929d94dbeb755556fc457ef66b3022e6,updating twitter keyword vars,14,7,False,0.9285714285714286,1,0.5,2.0,1.0,0.0,0.0,7,0.142857,0.0,0,7,0,7,14,1
fivetran__dbt_ad_reporting,2022-11-30T16:02:37,d821b89fe3110ebe83e6dc4a8e481d420779b63f,copy joe PR,14,7,False,0.9285714285714286,1,0.5,2.0,1.0,0.0,0.0,7,0.142857,0.0,0,7,0,7,14,1
fivetran__dbt_ad_reporting,2022-12-19T21:26:43,316dd1fc0d32ea932c340ba11d0e1499cca5c1a2,docs regen,14,7,False,0.9285714285714286,1,0.5,2.0,1.0,0.0,0.0,7,0.142857,0.0,0,7,0,7,14,1
fivetran__dbt_ad_reporting,2023-01-12T17:31:52,57b39e63ae97d25772c8e41e366863e30d596471,final revisions,14,7,False,0.9285714285714286,1,0.5,2.0,1.0,0.0,0.0,7,0.142857,0.0,0,7,0,7,14,1
fivetran__dbt_ad_reporting,2023-02-16T14:41:55,24920e6a99950dbf11bdc884b4cdf229d7d5008c,merging snapchat updates,14,7,False,0.9285714285714286,1,0.5,2.0,1.0,0.0,0.0,7,0.142857,0.0,0,7,0,7,14,1
fivetran__dbt_ad_reporting,2023-04-06T17:59:42,785fe47e3dbf0b04c625eb8b7e77ed02e0c504c6,chore: use persist_pass_through_columns macro,14,7,False,0.9285714285714286,1,0.5,2.0,1.0,0.0,0.0,7,0.142857,0.0,0,7,0,7,14,1
fivetran__dbt_ad_reporting,2023-05-24T09:41:59,213e378b5f6b4e6a80617980018f6ef04633e90c,feature/pinterest-keywords-variable-addition,14,7,False,0.9285714285714286,1,0.5,2.0,1.0,0.0,0.0,7,0.142857,0.0,0,7,0,7,14,1
fivetran__dbt_ad_reporting,2023-06-08T14:23:50,f44f96f57d6493d9d7449258a0043af136afa4f0,Merge branch 'release/v1.4.0' into feature/pinterest-keywords-variable-addition,14,7,False,0.9285714285714286,1,0.5,2.0,1.0,0.0,0.0,7,0.142857,0.0,0,7,0,7,14,1
fivetran__dbt_ad_reporting,2023-08-03T09:10:00,2e4d6476864a681075019e1bae773cac7ec8b040,update spec for 1.6,14,7,False,0.9285714285714286,1,0.5,2.0,1.0,0.0,0.0,7,0.142857,0.0,0,7,0,7,14,1
fivetran__dbt_ad_reporting,2023-08-09T17:48:13,2a821d7c80be542704ad5fcc7a9b90e08788870a,Merge branch 'main' into js/update-metrics-spec,15,7,False,0.9285714285714286,1,0.5333333333333333,2.0,1.0,0.0,0.0,8,0.133333,0.066667,0,7,0,8,15,1
fivetran__dbt_ad_reporting,2023-09-15T16:43:29,85ae14bff342e132b77db015ea50575346b1f62f,feature/add-union-schema),15,7,False,0.9285714285714286,1,0.5333333333333333,2.0,1.0,0.0,0.0,8,0.133333,0.066667,0,7,0,8,15,1
fivetran__dbt_ad_reporting,2023-10-06T16:48:53,e6a0b58b5dffdb3394a940d1c929b8b0ad7fb6f0,semantic model name,15,7,False,0.9285714285714286,1,0.5333333333333333,2.0,1.0,0.0,0.0,8,0.133333,0.066667,0,7,0,8,15,1
fivetran__dbt_ad_reporting,2024-04-30T13:07:23,f880560ab8ebe9440401f111569ef1d4cd1b290f,Fix/update ad account id test severity (#110),15,7,False,0.9285714285714286,1,0.5333333333333333,2.0,1.0,0.0,0.0,8,0.133333,0.066667,0,7,0,8,15,1
fivetran__dbt_ad_reporting,2024-11-20T08:23:28,ab30c27c3995494d037d03c8479c82b8f1b940c9,Fold in conversion metrics from upstream releases (#122),15,7,False,0.9285714285714286,1,0.5333333333333333,2.0,1.0,0.0,0.0,8,0.133333,0.066667,0,7,0,8,15,1
fivetran__dbt_ad_reporting,2025-02-20T09:37:42,7eff33d2a0fff3564e4a430c7f19d4c7211e2d0a,Update ad report with Snapchat ad squad & campaign details (#133),15,7,False,0.9285714285714286,1,0.5333333333333333,2.0,1.0,0.0,0.0,8,0.133333,0.066667,0,7,0,8,15,1
fivetran__dbt_ad_reporting,2025-03-27T12:49:27,6d40324b2a6524902b9c965a17012318a256a1c2,Apple msft facebook updates (#137),15,7,False,0.9285714285714286,1,0.5333333333333333,2.0,1.0,0.0,0.0,8,0.133333,0.066667,0,7,0,8,15,1
fivetran__dbt_ad_reporting,2025-05-22T11:34:20,79d724ee9434f5d7e929125723bc0a7bfba5646b,Add geo reports + fold in Google Ads search report (#144),20,10,False,0.8571428571428571,1,0.5,0.9999999999999997,0.3333333333333332,0.0,0.0,10,0.15,0.05,0,10,0,10,20,1
fivetran__dbt_ad_reporting,2025-08-18T21:59:50,553ea92acb3707a87d29b409016af5e523fb49d8,Remove combo tests and move `loaded_at_field` (#161),20,10,False,0.8571428571428571,1,0.5,0.9999999999999997,0.3333333333333332,0.0,0.0,10,0.15,0.05,0,10,0,10,20,1
fivetran__dbt_ad_reporting,2026-05-18T11:35:53,0e0beb891c4d1d7f8ee9471efbcfa9e331cd2b80,feature/update_tiktok_ads_version (#176),20,10,False,0.8571428571428571,1,0.5,0.9999999999999997,0.3333333333333332,0.0,0.0,10,0.15,0.05,0,10,0,10,20,1
fivetran__dbt_apple_search_ads_source,2022-01-19T17:14:29,83e4dda028aaca4e95f8041cd71205e964c6aff9,updating for unique key in creative set report,18,9,False,0.9285714285714286,1,0.5,2.0,1.0,0.0,0.0,9,0.111111,0.0,18,0,0,0,18,1
fivetran__dbt_apple_search_ads_source,2022-01-28T12:39:37,16f55ae3d9dd585c6a5dad70b5ccb57108c82903,creative set report deprecated,16,8,False,0.9285714285714286,1,0.5,2.0,1.0,0.0,0.0,8,0.125,0.0,16,0,0,0,16,1
fivetran__dbt_apple_search_ads_source,2022-07-20T10:53:31,704d2d97f0375183cce70978cfd4a4c2c206c402,not null tests,20,10,False,0.9285714285714286,1,0.5,2.0,1.0,0.0,0.0,10,0.1,0.0,20,0,0,0,20,1
fivetran__dbt_apple_search_ads_source,2022-08-11T11:19:53,16adb70700ad9578c1d6f1dbf96870db6ca5c0ac,updating dual vars config,20,10,False,0.9285714285714286,1,0.5,2.0,1.0,0.0,0.0,10,0.1,0.0,20,0,0,0,20,1
fivetran__dbt_apple_search_ads_source,2022-08-26T16:12:03,101025ba95b1fc8751f0de2840e70f60095e5f30,additional before merge updates,20,10,False,0.9285714285714286,1,0.5,2.0,1.0,0.0,0.0,10,0.1,0.0,20,0,0,0,20,1
fivetran__dbt_apple_search_ads_source,2022-10-13T15:40:43,8e2d3506357a11beb1d66f50f307bffae4a06d1a,Updates for dbt-utils to dbt-core cross-db macro migration,20,10,False,0.9285714285714286,1,0.5,2.0,1.0,0.0,0.0,10,0.1,0.0,20,0,0,0,20,1
fivetran__dbt_apple_search_ads_source,2022-11-17T13:42:25,0d0cfb56c3afa9349a3e44d6e9e4489fd8c8b8c1,Merge branch 'main' into MagicBot/dbt-utils-cross-db-migration,20,10,False,0.9285714285714286,1,0.5,2.0,1.0,0.0,0.0,10,0.1,0.0,20,0,0,0,20,1
fivetran__dbt_apple_search_ads_source,2023-01-05T11:23:50,5d943ec624c02b042115c4ef0aef6603dd486c16,fix enabled config to handle conditionals,20,10,False,0.9285714285714286,1,0.5,2.0,1.0,0.0,0.0,10,0.1,0.0,20,0,0,0,20,1
fivetran__dbt_apple_search_ads_source,2023-09-06T14:05:11,d7bdd1a4259281eaa29474ed6f42d7929169f341,update indentifiers,20,10,False,0.9285714285714286,1,0.5,2.0,1.0,0.0,0.0,10,0.1,0.0,20,0,0,0,20,1
fivetran__dbt_apple_search_ads_source,2024-10-21T14:04:09,a62eaf84338a172d2304919f1ce81036eaa93f82,Feature/add conversions (#50),20,10,False,0.9285714285714286,1,0.5,2.0,1.0,0.0,0.0,10,0.1,0.0,20,0,0,0,20,1
fivetran__dbt_apple_search_ads_source,2025-03-24T15:55:31,dd08a563bbbe6b727bc927a87586e75fce9123ae,Api v5 (#54),20,10,False,0.9285714285714286,1,0.5,2.0,1.0,0.0,0.0,10,0.1,0.0,20,0,0,0,20,1
fivetran__dbt_apple_search_ads_source,2025-06-25T14:33:31,3f726ac122111bb887497320f352f359880a2244,update freshness config (#56),20,10,False,0.9285714285714286,1,0.5,2.0,1.0,0.0,0.0,10,0.1,0.0,20,0,0,0,20,1
fivetran__dbt_apple_store,2022-04-27T15:55:14,4f491390fc7398d381a12d9831590bd00d79d1b1,readme and docs,21,16,False,0.7142857142857143,2,0.4603174603174603,0.2940138222827801,0.047744792848053504,0.3915061246518824,0.047619047619047616,6,0.428571,0.047619,0,14,0,7,21,1
fivetran__dbt_apple_store,2022-05-23T13:47:00,bb1e42d576c531d17f5af9c536f14d00341fbb75,initial review notes and edits,21,16,False,0.7142857142857143,2,0.4603174603174603,0.2940138222827801,0.047744792848053504,0.391506124651883,0.047619047619047616,6,0.428571,0.047619,0,14,0,7,21,1
fivetran__dbt_apple_store,2022-10-13T15:41:01,d64f8e507329d9b5ecda4f959c25337b6186f0c2,Updates for dbt-utils to dbt-core cross-db macro migration,21,16,False,0.7142857142857143,2,0.4603174603174603,0.2940138222827801,0.047744792848053504,0.3915061246518778,0.047619047619047616,6,0.428571,0.047619,0,14,0,7,21,1
fivetran__dbt_apple_store,2023-07-19T11:57:40,ce2ccf7a941a4c864d35cfb90ed6b31d92100bc5,missing fields,21,16,False,0.7142857142857143,2,0.4603174603174603,0.2940138222827801,0.047744792848053504,0.3915061246518808,0.047619047619047616,6,0.428571,0.047619,0,14,0,7,21,1
fivetran__dbt_apple_store,2023-07-25T22:24:41,ab1ae52bba720d5dfd9d62efe7cb1f94bb759ece,docs fix,21,16,False,0.7142857142857143,2,0.4603174603174603,0.2940138222827801,0.047744792848053504,0.39150612465187956,0.047619047619047616,6,0.428571,0.047619,0,14,0,7,21,1
fivetran__dbt_apple_store,2024-03-13T17:09:03,955784a174eaf5c289b9e5c358893d41caffd771,bugfix/nulls-in-state-join (#18),21,16,False,0.7142857142857143,2,0.4603174603174603,0.2940138222827801,0.047744792848053504,0.39150612465188317,0.047619047619047616,6,0.428571,0.047619,0,14,0,7,21,1
fivetran__dbt_apple_store,2024-07-23T18:28:04,321bdbb14332dbb881fc0d35503f87ab8f8c7f9b,Feature: Union schema compatibility (#22),21,16,False,0.7142857142857143,2,0.4603174603174603,0.2940138222827801,0.047744792848053504,0.3915061246518827,0.047619047619047616,6,0.428571,0.047619,0,14,0,7,21,1
fivetran__dbt_apple_store,2025-02-10T19:16:24,1a1c0ea4ac5195652f1fdfc077409b2b7f967e57,"fix for overview report, remove prereporting logic since it's just app as grain",12,28,False,0.7142857142857143,4,0.625,0.9310559376076972,0.08912206101613102,0.8778964016546075,1.4166666666666667,1,1.0,0.0,0,5,0,7,12,1
fivetran__dbt_apple_store,2025-02-14T17:17:34,8076c4678ff78cf3671402f5cf116efacd0986dd,"updates, add bit about detailed vs standard, update min date",43,82,False,0.42857142857142855,6,0.5566145634769348,0.19631402185329042,0.018852183526033524,0.9566912695153695,0.9302325581395349,1,1.0,0.0,0,36,0,7,43,1
fivetran__dbt_apple_store,2025-08-15T01:17:23,748533fa36a22d0e732e0d63382043d77b9471cd,Consolidate source + remove tests (#41),59,111,False,0.5,8,0.5536358665937671,0.2973665875094078,0.026822891886526656,0.7946071621917641,0.8983050847457628,1,1.0,0.0,16,36,0,7,59,1
fivetran__dbt_apple_store,2025-09-22T10:02:40,65d3d784ed9df81ccc61ca0fff4c6318049c8361,bug/date-spine-query (#42),59,116,False,0.6428571428571429,8,0.5869222932296008,0.3860196567062408,0.028490892503349522,0.8294706789809896,0.9830508474576272,1,1.0,0.0,16,36,0,7,59,1
fivetran__dbt_apple_store,2026-06-22T20:39:04,1637ff6206784fa5617d9530dacc9dc1d24a2459,Standardize unioning macros to use fivetran_utils versions (#50),59,116,False,0.6428571428571429,8,0.5869222932296008,0.3860196567062408,0.028490892503349522,0.8294706355847813,0.9830508474576272,1,1.0,0.0,16,36,0,7,59,1
fivetran__dbt_apple_store_source,2022-04-04T10:22:46,2cf866f997d4c4b8b0e4c2939964ee9bae5543b1,updating yml,32,16,False,0.9285714285714286,1,0.5,2.0,1.0,0.0,0.0,16,0.0625,0.0,32,0,0,0,32,1
fivetran__dbt_apple_store_source,2022-05-11T16:11:41,023cbb3933a381065c7d6331afd63910de33f4c2,ymls,32,16,False,0.9285714285714286,1,0.5,2.0,1.0,0.0,0.0,16,0.0625,0.0,32,0,0,0,32,1
fivetran__dbt_apple_store_source,2022-05-27T09:20:36,e81a79db09a4a1bae7a1b4be408dd90e2bc7d85c,pr fixes,32,16,False,0.9285714285714286,1,0.5,2.0,1.0,0.0,0.0,16,0.0625,0.0,32,0,0,0,32,1
fivetran__dbt_apple_store_source,2022-10-13T15:41:21,fdbb93db22c1997b75d78ad6d6d4ac85b7cf864a,Updates for dbt-utils to dbt-core cross-db macro migration,32,16,False,0.9285714285714286,1,0.5,2.0,1.0,0.0,0.0,16,0.0625,0.0,32,0,0,0,32,1
fivetran__dbt_apple_store_source,2022-10-25T15:25:55,9913bdbc708ddcc4e020e8cf8d088ea138e468fc,jm review updates,32,16,False,0.9285714285714286,1,0.5,2.0,1.0,0.0,0.0,16,0.0625,0.0,32,0,0,0,32,1
fivetran__dbt_apple_store_source,2023-02-08T17:44:02,32e2140146f796817003d5d24eeb4873da50a1ab,fix: add missing type-casting on event_date field,32,16,False,0.9285714285714286,1,0.5,2.0,1.0,0.0,0.0,16,0.0625,0.0,32,0,0,0,32,1
fivetran__dbt_apple_store_source,2023-05-02T12:06:27,4a63f319c0f5459180a161b6659a73cad20177cf,stuff,32,16,False,0.9285714285714286,1,0.5,2.0,1.0,0.0,0.0,16,0.0625,0.0,32,0,0,0,32,1
fivetran__dbt_apple_store_source,2023-07-25T22:17:34,949d026a4fdfe064da8243f69ed0230eed97cd57,add territory long,32,16,False,0.9285714285714286,1,0.5,2.0,1.0,0.0,0.0,16,0.0625,0.0,32,0,0,0,32,1
fivetran__dbt_apple_store_source,2024-07-23T17:09:19,fce24ad03381974bad566f015d4b401e9cf85881,Feature: Union schema compatibility (#14),32,16,False,0.9285714285714286,1,0.5,2.0,1.0,0.0,0.0,16,0.0625,0.0,32,0,0,0,32,1
fivetran__dbt_apple_store_source,2025-01-31T13:06:12,a62a206023345eb3537e14bd77efbe3baf642370,shorten model names and new schema,16,8,False,0.9285714285714286,1,0.5,2.0,1.0,0.0,0.0,8,0.125,0.0,16,0,0,0,16,1
fivetran__dbt_apple_store_source,2025-02-19T14:27:43,713789c72b1623417eaea2908ddc262d4200d663,try without default schema change,16,8,False,0.9285714285714286,1,0.5,2.0,1.0,0.0,0.0,8,0.125,0.0,16,0,0,0,16,1
fivetran__dbt_apple_store_source,2025-06-26T09:06:05,2e7b4b93e1d54b0e775afa0c5adb9c219a71f4c2,feature/freshness-updates (#21),16,8,False,0.9285714285714286,1,0.5,2.0,1.0,0.0,0.0,8,0.125,0.0,16,0,0,0,16,1
fivetran__dbt_asana,2020-07-02T16:30:17,391519aa42b2217ca8d08d9fea9c9547650b95e9,added docs for daily metrics,19,24,False,0.7142857142857143,4,0.44298245614035087,0.36584818626702875,0.026032675280902275,0.6283075872741066,0.3157894736842105,1,1.0,0.0,0,13,0,6,19,1
fivetran__dbt_asana,2020-07-08T17:37:15,9c0b1f68ea4830d07c2f78ef38c9feb3e4114600,final changes,18,22,False,0.7142857142857143,3,0.4393939393939394,0.36988793769125394,0.02834260397125758,0.595429137034216,0.2777777777777778,1,1.0,0.0,0,12,0,6,18,1
fivetran__dbt_asana,2020-10-29T10:36:10,7722904bc77d0d229ea3fe01238468c5eba5aae4,added coalesces,18,22,False,0.7142857142857143,3,0.4393939393939394,0.36988793769125394,0.02834260397125758,0.5954291304068703,0.2777777777777778,1,1.0,0.0,0,12,0,6,18,1
fivetran__dbt_asana,2021-03-22T18:28:22,eb58d852c0c2109c0c4f2cd26adc9e89c14c6953,package updates,18,22,False,0.7142857142857143,3,0.4393939393939394,0.36988793769125466,0.028342603971257634,0.5954289824117355,0.2777777777777778,1,1.0,0.0,0,12,0,6,18,1
fivetran__dbt_asana,2022-09-19T09:20:38,e35e9f525d89f673334287f52653595ac81c7dfd,add some column descriptions,18,22,False,0.7142857142857143,3,0.4393939393939394,0.36988793769125466,0.028342603971257634,0.5954291264041072,0.2777777777777778,1,1.0,0.0,0,12,0,6,18,1
fivetran__dbt_asana,2022-10-13T15:42:58,d8a61a132b959f3e89b3dab954efb6a8d5f860e0,Updates for dbt-utils to dbt-core cross-db macro migration,18,22,False,0.7142857142857143,3,0.4393939393939394,0.36988793769125466,0.028342603971257634,0.5954289947764264,0.2777777777777778,1,1.0,0.0,0,12,0,6,18,1
fivetran__dbt_asana,2023-03-28T15:31:44,6afe6b27784fceb417fda4757e8d15ae07b78232,Got this working,18,22,False,0.7142857142857143,3,0.4393939393939394,0.36988793769125466,0.028342603971257634,0.5954291240421535,0.2777777777777778,1,1.0,0.0,0,12,0,6,18,1
fivetran__dbt_asana,2023-07-19T16:45:07,edfd31a73c81e4d8593c2608344faf043bb6453f,update changelog and regen docs,18,22,False,0.7142857142857143,3,0.4393939393939394,0.36988793769125466,0.028342603971257634,0.5954291439490706,0.2777777777777778,1,1.0,0.0,0,12,0,6,18,1
fivetran__dbt_asana,2023-07-20T00:48:22,dfaec2941b96e056e62e70bf6449accc71376e13,Update int_asana__task_projects.sql,18,22,False,0.7142857142857143,3,0.4393939393939394,0.36988793769125466,0.028342603971257634,0.595428986413149,0.2777777777777778,1,1.0,0.0,0,12,0,6,18,1
fivetran__dbt_asana,2025-02-18T13:29:50,902af7e16cb6180296ca7d309edff2aa301f61f0,[Feature] Create option for customers to disable `tag` and `task_tag` source dependency models using variable configurat,18,22,False,0.7142857142857143,3,0.4393939393939394,0.36988793769125466,0.028342603971257634,0.5954291068845027,0.2777777777777778,1,1.0,0.0,0,12,0,6,18,1
fivetran__dbt_asana,2025-08-14T19:00:55,be5d6f189b348dc7588fdb8ec63fd56e82be1e05,Consolidate source + remove tests (#44),40,59,False,0.7857142857142857,5,0.36483050847457626,0.20902333526957603,0.014762263785765322,0.44154555433098824,0.5,1,1.0,0.0,22,12,0,6,40,1
fivetran__dbt_asana,2025-11-06T11:25:56,6b872e970492d218510657f0277457f86fa28b6c,feature/union-data (#48),40,59,False,0.7857142857142857,5,0.36483050847457626,0.20902333526957603,0.014762263785765322,0.44154556953463125,0.5,1,1.0,0.0,22,12,0,6,40,1
fivetran__dbt_asana,2026-06-22T19:40:46,3a3ef622ddddbe0f43d155c55f3f0e69b7189b63,Standardize unioning macros to use fivetran_utils versions (#56),40,59,False,0.7857142857142857,5,0.36483050847457626,0.20902333526957603,0.014762263785765322,0.44154550710276136,0.5,1,1.0,0.0,22,12,0,6,40,1
fivetran__dbt_facebook_ads,2020-07-29T09:21:12,8e1566489ff23a6ab80aec773951be7f1727e1ee,initial commit,1,0,True,,,,,,,,1,1.0,1.0,0,0,0,1,1,1
fivetran__dbt_facebook_ads,2020-12-17T11:43:44,d98c59f455c02b83efbf9e742fdf55554e914e0b,reporting models,4,3,True,,,,,,,,1,1.0,0.0,0,0,0,4,4,1
fivetran__dbt_facebook_ads,2021-01-08T14:44:28,cd5114d99f989713214d3f52651758b6cfe3b309,docs on docs on docs,4,3,True,,,,,,,,1,1.0,0.0,0,0,0,4,4,1
fivetran__dbt_facebook_ads,2021-02-17T15:42:37,2f65d5d6292fdf6a2fb4a9dd1c22ba092582d765,add most recent filter,5,4,False,0.7857142857142857,1,0.7,1.0,0.2,0.16946033247039133,0.0,1,1.0,0.0,0,0,0,5,5,1
fivetran__dbt_facebook_ads,2021-02-26T14:15:07,ab66ad4d2635b59043e73fd0c1d0b6d2ae569bf5,review edits,5,4,False,0.7857142857142857,1,0.7,1.0,0.2,0.1443078439445393,0.0,1,1.0,0.0,0,1,0,4,5,1
fivetran__dbt_facebook_ads,2022-06-29T15:47:02,6a9db582e0579cb342ab186d533c43ff8527f2a4,updating utm to url report,7,2,False,0.8571428571428571,1,0.7619047619047619,0.9999999999999997,0.3333333333333332,0.0,0.0,5,0.428571,0.571429,0,1,0,6,7,1
fivetran__dbt_facebook_ads,2022-08-11T11:18:31,b9948f416a732dd5caa56e8d47dbf784298c22fe,persist logic,7,2,False,0.8571428571428571,1,0.7619047619047619,0.9999999999999997,0.3333333333333332,0.0,0.0,5,0.428571,0.571429,0,1,0,6,7,1
fivetran__dbt_facebook_ads,2022-08-31T11:20:35,cd501f42d635124ca6c02f6d9a4025deea2760a6,testing,7,2,False,0.8571428571428571,1,0.7619047619047619,0.9999999999999997,0.3333333333333332,0.0,0.0,5,0.428571,0.571429,0,1,0,6,7,1
fivetran__dbt_facebook_ads,2022-10-25T11:00:45,e678aed164494557a326db17a5911450c45e4610,updates,7,2,False,0.8571428571428571,1,0.7619047619047619,0.9999999999999997,0.3333333333333332,0.0,0.0,5,0.428571,0.571429,0,1,0,6,7,1
fivetran__dbt_facebook_ads,2022-12-14T15:25:12,9355c3239eb6b9f8f31cfb6ff91cc7e5bf1b9f44,update ymls,7,2,False,0.8571428571428571,1,0.7619047619047619,0.9999999999999997,0.3333333333333332,0.0,0.0,5,0.428571,0.571429,0,1,0,6,7,1
fivetran__dbt_facebook_ads,2023-08-28T20:17:40,343abdd0986bcc57d26d24d62a81140d9c0502af,magicbot revisions,7,2,False,0.8571428571428571,1,0.7619047619047619,0.9999999999999997,0.3333333333333332,0.0,0.0,5,0.428571,0.571429,0,1,0,6,7,1
fivetran__dbt_facebook_ads,2023-12-11T10:58:09,d576be922cdd43730a6884a8885a5f4b8fca5eb0,Update int_facebook_ads__creative_history.sql,7,2,False,0.8571428571428571,1,0.7619047619047619,0.9999999999999997,0.3333333333333332,0.0,0.0,5,0.428571,0.571429,0,1,0,6,7,1
fivetran__dbt_facebook_ads,2024-11-14T11:41:16,6c67bbae2c7e1fbfdd5fc3e86daa42256d85aa33,Feature/add conversions (#43),8,7,False,0.7857142857142857,2,0.7678571428571429,0.27740689567820503,0.04581606064676475,0.4346678184651829,0.0,1,1.0,0.0,0,2,0,6,8,1
fivetran__dbt_facebook_ads,2025-04-29T16:51:30,12e6369c9f1e94df7fb82b68169cad2972c8a3b6,Add country and region reports (#50),10,7,False,0.7857142857142857,2,0.8142857142857143,0.27740689567820503,0.04581606064676475,0.43466781848299657,0.0,3,0.8,0.2,0,2,0,8,10,1
fivetran__dbt_facebook_ads,2025-08-27T15:25:58,4ec8b877b9518c66c0b307be20135b60d4f2780b,add index to staging models (#57),34,50,False,0.7857142857142857,6,0.5,0.1327453524797258,0.011785729004737249,0.4016968481886832,0.5,1,1.0,0.0,24,2,0,8,34,1
fivetran__dbt_facebook_ads,2025-12-22T12:18:24,0abaf459421c0b31acd42e772bacbe45d627607b,feature/add_custom_action_conversions (#61),34,50,False,0.7857142857142857,6,0.5,0.1327453524797258,0.011785729004737249,0.40169684817367896,0.5,1,1.0,0.0,24,2,0,8,34,1
fivetran__dbt_facebook_ads,2026-01-20T10:27:43,b58d8aaa334698c83704e8ef3ccb184d0df0b662,Merge pull request #63 from fivetran/MagicBot/fy26-q4-updates,34,50,False,0.7857142857142857,6,0.5,0.1327453524797258,0.011785729004737249,0.40169684818025114,0.5,1,1.0,0.0,24,2,0,8,34,1
fivetran__dbt_facebook_ads,2026-03-02T16:06:46,bf2e1a780bf3051ce616f7aefd8ee1f499764ceb,Feature/url tags super (#65),34,50,False,0.7857142857142857,6,0.5,0.1327453524797258,0.011785729004737249,0.4016968481723899,0.5,1,1.0,0.0,24,2,0,8,34,1
fivetran__dbt_facebook_ads,2026-06-22T20:25:58,27180ace3c72d43f14292cd79b6d3d1134a9a42b,Standardize unioning macros to use fivetran_utils versions (#70),34,50,False,0.7857142857142857,6,0.5,0.1327453524797258,0.011785729004737249,0.4016968481610377,0.5,1,1.0,0.0,24,2,0,8,34,1
fivetran__dbt_facebook_ads_source,2020-07-29T09:21:20,15823f78da6f8485c78632c4a649a48c4e35fe41,initial commit,1,0,True,,,,,,,,1,1.0,1.0,1,0,0,0,1,1
fivetran__dbt_facebook_ads_source,2020-12-17T11:42:26,c539e74ab520b6b9f1625b7505f95fc26d118937,tests,12,6,False,0.9285714285714286,1,0.5,2.0,1.0,0.0,0.0,6,0.166667,0.0,12,0,0,0,12,1
fivetran__dbt_facebook_ads_source,2021-01-08T14:43:59,aba8cb1229e3508f4118808517218b7f220230b5,docs on docs on docs,12,6,False,0.9285714285714286,1,0.5,2.0,1.0,0.0,0.0,6,0.166667,0.0,12,0,0,0,12,1
fivetran__dbt_facebook_ads_source,2021-02-21T11:00:29,9cb8a65a142e60f7b16d09dad81458ce47256ef8,update seed files,12,6,False,0.9285714285714286,1,0.5,2.0,1.0,0.0,0.0,6,0.166667,0.0,12,0,0,0,12,1
fivetran__dbt_facebook_ads_source,2021-03-25T14:33:38,0185accc7f7e5784cb07eab82fb8f7658870ed95,docs and yml updates,12,6,False,0.9285714285714286,1,0.5,2.0,1.0,0.0,0.0,6,0.166667,0.0,12,0,0,0,12,1
fivetran__dbt_facebook_ads_source,2021-03-29T09:11:53,7907e7bbe52c9d53062fa5570807e6ef8af91130,page link dup remove,12,6,False,0.9285714285714286,1,0.5,2.0,1.0,0.0,0.0,6,0.166667,0.0,12,0,0,0,12,1
fivetran__dbt_facebook_ads_source,2021-04-30T11:21:06,ca44ce39859112e48f6fefbbef518e8671f171e3,spark compatibility,12,6,False,0.9285714285714286,1,0.5,2.0,1.0,0.0,0.0,6,0.166667,0.0,12,0,0,0,12,1
fivetran__dbt_facebook_ads_source,2021-07-06T09:01:25,c33251de507367b931d28a71f4a47c5203712be7,removal of fields in yml not in final staging models,12,6,False,0.9285714285714286,1,0.5,2.0,1.0,0.0,0.0,6,0.166667,0.0,12,0,0,0,12,1
fivetran__dbt_facebook_ads_source,2022-07-06T10:12:46,2f2596740e4e3972e8946b08c0fab13ebbe6fb45,updating passthrough column names,12,6,False,0.9285714285714286,1,0.5,2.0,1.0,0.0,0.0,6,0.166667,0.0,12,0,0,0,12,1
fivetran__dbt_facebook_ads_source,2022-08-11T11:22:31,95076f03b67a860db0b6e4577b4c88242dbe11f1,rename,12,6,False,0.9285714285714286,1,0.5,2.0,1.0,0.0,0.0,6,0.166667,0.0,12,0,0,0,12,1
fivetran__dbt_facebook_ads_source,2022-08-26T16:01:19,07737a736b22551589d4c024d2c58e46507a4fb4,additional before merge updates,12,6,False,0.9285714285714286,1,0.5,2.0,1.0,0.0,0.0,6,0.166667,0.0,12,0,0,0,12,1
fivetran__dbt_facebook_ads_source,2022-10-13T15:46:50,38e8855b916a22b83a2f1b1a15f1beadd5cec696,Updates for dbt-utils to dbt-core cross-db macro migration,12,6,False,0.9285714285714286,1,0.5,2.0,1.0,0.0,0.0,6,0.166667,0.0,12,0,0,0,12,1
fivetran__dbt_facebook_ads_source,2022-10-24T15:54:44,55f48e4da2b7d9a38567c6e9f41c5ac34668c8cf,updates,12,6,False,0.9285714285714286,1,0.5,2.0,1.0,0.0,0.0,6,0.166667,0.0,12,0,0,0,12,1
fivetran__dbt_facebook_ads_source,2023-09-05T21:52:19,febd5de409a726c13bb203148584eedab8b51d4f,updates,12,6,False,0.9285714285714286,1,0.5,2.0,1.0,0.0,0.0,6,0.166667,0.0,12,0,0,0,12,1
fivetran__dbt_facebook_ads_source,2024-02-06T13:54:52,eb799a818a96284daa6e4f6e76ce3399167b079c,Update Creative History Unique test,12,6,False,0.9285714285714286,1,0.5,2.0,1.0,0.0,0.0,6,0.166667,0.0,12,0,0,0,12,1
fivetran__dbt_facebook_ads_source,2024-05-06T11:10:31,e8d43da26daba86121a92baa6b19d96c645cd0c1,reach + frequency metrics (#35),12,6,False,0.9285714285714286,1,0.5,2.0,1.0,0.0,0.0,6,0.166667,0.0,12,0,0,0,12,1
fivetran__dbt_facebook_ads_source,2024-05-28T09:06:31,bb99b05240fb4a96064d2b83099d9ea20423a196,Bugfix/qdm (#37),12,6,False,0.9285714285714286,1,0.5,2.0,1.0,0.0,0.0,6,0.166667,0.0,12,0,0,0,12,1
fivetran__dbt_facebook_ads_source,2024-11-13T12:28:22,15def11dc233c5d1211db2b5f8c3195ed47301a7,Feature/add conversions (#36),16,8,False,0.9285714285714286,1,0.5,2.0,1.0,0.0,0.0,8,0.125,0.0,16,0,0,0,16,1
fivetran__dbt_facebook_ads_source,2025-03-13T11:25:10,a7726534658ef994c475e83f82a2e522a84e2904,Dynamically handle `creative_history.url_tags` as a json or string in BQ  (#43),16,8,False,0.9285714285714286,1,0.5,2.0,1.0,0.0,0.0,8,0.125,0.0,16,0,0,0,16,1
fivetran__dbt_facebook_ads_source,2025-04-29T15:15:50,69ecea0bef8224d45f11abf0c59b046859b1f993,Add geo reports (#44),24,12,False,0.9285714285714286,1,0.5,2.0,1.0,0.0,0.0,12,0.083333,0.0,24,0,0,0,24,1
fivetran__dbt_facebook_ads_source,2025-06-25T14:30:12,e424ce24f2a36f53d3039f5439cdc751029780eb,Update freshness config (#45),24,12,False,0.9285714285714286,1,0.5,2.0,1.0,0.0,0.0,12,0.083333,0.0,24,0,0,0,24,1
fivetran__dbt_fivetran_log,2020-07-23T16:58:04,9c37b22ee8dd4033c85ec99468a2189f4f7397cb,yml anchors working,15,11,False,0.7857142857142857,2,0.6666666666666666,0.2947672760130007,0.05214704791602846,0.35628564639238547,0.13333333333333333,6,0.666667,0.333333,11,0,0,4,15,1
fivetran__dbt_fivetran_log,2020-08-19T14:47:45,1783784b48fab09749a8b4818729bc7d643509a2,final tweaks,16,14,False,0.6428571428571429,3,0.6348684210526315,0.2598089864534769,0.042932808941943706,0.4384936282870525,0.1875,5,0.75,0.25,11,0,0,5,16,1
fivetran__dbt_fivetran_log,2020-09-16T15:05:11,0b2f4399541033316d2f22a1d3a12e908b69fcb5,_get_utils_namespace docs,16,14,False,0.6428571428571429,3,0.6348684210526315,0.2598089864534769,0.042932808941943706,0.43849369865039517,0.1875,5,0.75,0.25,11,0,0,5,16,1
fivetran__dbt_fivetran_log,2020-10-28T15:13:54,e07a1937b8e7d54108562aa5dc865449604ea713,fix bug excluding first day api calls,16,14,False,0.6428571428571429,3,0.6348684210526315,0.2598089864534769,0.042932808941943706,0.4384936929026041,0.1875,5,0.75,0.25,11,0,0,5,16,1
fivetran__dbt_fivetran_log,2021-03-16T15:48:11,6fc4eff32c5dd0cb93f939aea81f31cdb291bbf5,connector status cleanup,18,18,False,0.7142857142857143,3,0.7016460905349794,0.2520237731216147,0.034547933078674764,0.5716728956431423,0.2777777777777778,5,0.777778,0.222222,11,0,0,7,18,1
fivetran__dbt_fivetran_log,2021-04-05T12:31:44,e5dffc338d2125eb3e5d634cc8ad2b1ce3ae6f59,macro add for connector type,19,19,False,0.6428571428571429,4,0.6811145510835913,0.2513281043585601,0.03421258181777822,0.5446968529103156,0.2631578947368421,5,0.789474,0.210526,12,0,0,7,19,1
fivetran__dbt_fivetran_log,2021-07-19T11:39:43,d90039c8ed95254137e0b8f9850135a97c96842a,error and warnings documentation and touch up,19,19,False,0.6428571428571429,4,0.6811145510835913,0.2513281043585601,0.03421258181777822,0.5446970233103052,0.2631578947368421,5,0.789474,0.210526,12,0,0,7,19,1
fivetran__dbt_fivetran_log,2021-10-14T14:53:35,0fd19958c6b6cc036d60b7d1160ee83b17c25b00,remove priority first syncs as warnings,19,19,False,0.6428571428571429,4,0.6811145510835913,0.2513281043585601,0.03421258181777822,0.5446970716413865,0.2631578947368421,5,0.789474,0.210526,12,0,0,7,19,1
fivetran__dbt_fivetran_log,2022-01-14T14:07:34,ea9f36e3905d36cd712b9d6a45ccc828bc53e626,Update models/fivetran_log__audit_table.sql,19,19,False,0.6428571428571429,4,0.6811145510835913,0.2513281043585601,0.03421258181777822,0.5446970688740868,0.2631578947368421,5,0.789474,0.210526,12,0,0,7,19,1
fivetran__dbt_fivetran_log,2022-03-17T10:37:18,40ad42023dac732eadb28c5644a59570dcee1f34,bugfix for connector status changes,19,19,False,0.6428571428571429,4,0.6811145510835913,0.2513281043585601,0.03421258181777822,0.5446970649210536,0.2631578947368421,5,0.789474,0.210526,12,0,0,7,19,1
fivetran__dbt_fivetran_log,2022-04-13T08:58:53,1f6dbd9fd771544abbdb853cc2506717e8ffa134,Update fivetran_log.yml,19,19,False,0.6428571428571429,4,0.6811145510835913,0.2513281043585601,0.03421258181777822,0.5446968770196207,0.2631578947368421,5,0.789474,0.210526,12,0,0,7,19,1
fivetran__dbt_fivetran_log,2022-05-12T11:27:49,83901da3be7b86b989a0c7b81ce26602719c8690,Merge branch 'main' into feature/pricing-update-2,20,20,False,0.7142857142857143,4,0.6757142857142857,0.1992905751767455,0.027122841732603816,0.602594471083292,0.25,5,0.8,0.2,13,0,0,7,20,1
fivetran__dbt_fivetran_log,2022-06-06T11:06:01,b51fe7413233793a6823c8bf09c24682630b0d06,enabled rework and minor adjustments,20,20,False,0.7142857142857143,4,0.6757142857142857,0.1992905751767455,0.027122841732603816,0.602594368952505,0.25,5,0.8,0.2,13,0,0,7,20,1
fivetran__dbt_fivetran_log,2022-08-03T16:09:10,e3b8a60f91f33365a95124f4f459f98edc50498b,Use dbt native source disablement config,20,20,False,0.7142857142857143,4,0.6757142857142857,0.1992905751767455,0.027122841732603816,0.602594479327398,0.25,5,0.8,0.2,13,0,0,7,20,1
fivetran__dbt_fivetran_log,2022-11-09T16:03:07,09161908d4fe6ffec4c4d8b48339399a1b65736d,docs regenerated,20,20,False,0.6428571428571429,4,0.6757142857142857,0.1992905751767461,0.02712284173260389,0.6025943558509522,0.25,5,0.8,0.2,13,0,0,7,20,1
fivetran__dbt_fivetran_log,2022-11-22T21:54:46,6a35c67a49742cb30e3dd6d74978511190c90dd2,Update fivetran_log__mar_table_history.sql,20,20,False,0.6428571428571429,4,0.6757142857142857,0.1992905751767461,0.02712284173260389,0.6025944748778865,0.25,5,0.8,0.2,13,0,0,7,20,1
fivetran__dbt_fivetran_log,2022-12-21T13:40:57,f2f727050094f6b205267bc74cfd19d3c0b106c5,Merge branch 'main' into feature/incremental-mar-update,20,20,False,0.6428571428571429,4,0.6757142857142857,0.1992905751767461,0.02712284173260389,0.6025944667174313,0.25,5,0.8,0.2,13,0,0,7,20,1
fivetran__dbt_fivetran_log,2023-02-09T14:40:21,062daa6f72ed638d42169cc3e8fa94ad6e24120c,adding coalesce statements,20,20,False,0.6428571428571429,4,0.6757142857142857,0.1992905751767461,0.02712284173260389,0.6025944955837317,0.25,5,0.8,0.2,13,0,0,7,20,1
fivetran__dbt_fivetran_log,2023-03-06T11:08:57,30c63b004b0440f359ff7a4f7711b4dfef71779b,"docs gen, changelog update, readme update",20,20,False,0.6428571428571429,4,0.6757142857142857,0.1992905751767461,0.02712284173260389,0.6025945168693663,0.25,5,0.8,0.2,13,0,0,7,20,1
fivetran__dbt_fivetran_log,2023-03-31T10:56:57,ad585b342a00dcf5b2df7a3e3e8d76eb9e11fbdf,fill staging columns for log staging model,21,21,False,0.7142857142857143,4,0.6527293844367015,0.19152768375446588,0.02523171688353774,0.6280948827066113,0.23809523809523808,5,0.809524,0.190476,14,0,0,7,21,1
fivetran__dbt_fivetran_log,2023-05-08T16:12:45,0f73363e0d90f5f1ac042a4bb2f4ad6ff0c08b96,document,21,21,False,0.7142857142857143,4,0.6527293844367015,0.19152768375446588,0.02523171688353774,0.6280948025479973,0.23809523809523808,5,0.809524,0.190476,14,0,0,7,21,1
fivetran__dbt_fivetran_log,2023-05-11T13:25:24,23c8bffc1eb4d9f68e03ec5519ecd391325e7330,joe feedback,21,21,False,0.7142857142857143,4,0.6527293844367015,0.19152768375446588,0.02523171688353774,0.6280948864086825,0.23809523809523808,5,0.809524,0.190476,14,0,0,7,21,1
fivetran__dbt_fivetran_log,2023-07-07T15:28:57,4b25beb9aaf3a280fd3866662000f6fc8f6fbb71,docs,20,21,False,0.7142857142857143,4,0.6353658536585366,0.19152768375446588,0.02523171688353774,0.6280948063330938,0.25,4,0.85,0.15,13,0,0,7,20,1
fivetran__dbt_fivetran_log,2023-08-07T11:22:50,302ccd86e1879bf8e8a4251024bbcad7102540ae,rename ctes to standards,20,21,False,0.7142857142857143,4,0.6353658536585366,0.19152768375446588,0.02523171688353774,0.6280948100723117,0.25,4,0.85,0.15,13,0,0,7,20,1
fivetran__dbt_fivetran_log,2023-08-24T12:22:07,73641c6e5c296d58a12490edb62ffed3b15f9d9e,bugfix/schema-name,20,21,False,0.7142857142857143,4,0.6353658536585366,0.19152768375446588,0.02523171688353774,0.6280948974334629,0.25,4,0.85,0.15,13,0,0,7,20,1
fivetran__dbt_fivetran_log,2023-11-06T15:40:02,2d5d0a11cea580fcf607f826d0807b6e67211527,deprecation city,17,17,False,0.7142857142857143,3,0.6143790849673203,0.19612486189031306,0.027176768758522058,0.494898096711642,0.23529411764705882,4,0.823529,0.176471,11,0,0,6,17,1
fivetran__dbt_fivetran_log,2023-12-07T10:50:23,471412977bec0609670b5d697cd99ec475690475,Merge branch 'releases/v1.3.latest' into feature/sql-server-compatibility,18,22,False,0.6428571428571429,3,0.6059431524547804,0.2038304902311575,0.025760461509356094,0.687593505866805,0.3333333333333333,2,0.944444,0.055556,11,0,0,7,18,1
fivetran__dbt_fivetran_log,2024-01-04T03:14:26,7540592838a6a592d1a5854afe815ed704b4aa9f,"Update seeds, regen docs, merge 1.4.1 changes",18,22,False,0.6428571428571429,3,0.6059431524547804,0.2038304902311575,0.025760461509356094,0.6875934977218416,0.3333333333333333,2,0.944444,0.055556,11,0,0,7,18,1
fivetran__dbt_fivetran_log,2024-01-23T09:06:03,e7d80b4e24a5afafa656144238a4cc046e9aafeb,PR fix + docs regen,18,22,False,0.6428571428571429,3,0.6059431524547804,0.2038304902311575,0.025760461509356094,0.6875934986659477,0.3333333333333333,2,0.944444,0.055556,11,0,0,7,18,1
fivetran__dbt_fivetran_log,2024-02-19T16:49:45,41e07925338a054a72683629522591ed6a84755d,update,18,22,False,0.6428571428571429,3,0.6059431524547804,0.2038304902311575,0.025760461509356094,0.6875935557160968,0.3333333333333333,2,0.944444,0.055556,11,0,0,7,18,1
fivetran__dbt_fivetran_log,2024-04-04T08:49:50,acb8b615302165203f5ce63d79e4edd8200c50d9,feature/databricks-sql-warehouse-compatibility (#121),18,22,False,0.6428571428571429,3,0.6059431524547804,0.2038304902311575,0.025760461509356094,0.6875935042791319,0.3333333333333333,2,0.944444,0.055556,11,0,0,7,18,1
fivetran__dbt_fivetran_log,2024-05-14T16:08:09,8b325b8766f477c61a332d6ca3c4af86fd2ebc26,Bug/postgres performance (#126),18,22,False,0.6428571428571429,3,0.6059431524547804,0.2038304902311575,0.025760461509356094,0.6875934916592716,0.3333333333333333,2,0.944444,0.055556,11,0,0,7,18,1
fivetran__dbt_fivetran_log,2024-06-11T16:56:42,ce41a02a27dd341229210e78411b8f20e22d8882,feature/databricks-delta-incremental-support (#130),18,22,False,0.6428571428571429,3,0.6059431524547804,0.2038304902311575,0.025760461509356094,0.6875935469603656,0.3333333333333333,2,0.944444,0.055556,11,0,0,7,18,1
fivetran__dbt_fivetran_log,2024-07-25T12:35:33,b82e78e9698666402fb52c488686c079d00ed50b,Feature/connector name update (#132),19,23,False,0.6428571428571429,3,0.5903890160183066,0.19613297854728193,0.024785568770500272,0.6300365709407109,0.3157894736842105,2,0.947368,0.052632,12,0,0,7,19,1
fivetran__dbt_fivetran_log,2024-11-21T11:00:25,244f2c579a86866c8395f5915f22be092938d2df,Update api_calls to extract_summary (#138),19,23,False,0.6428571428571429,3,0.5903890160183066,0.19613297854728193,0.024785568770500272,0.6300365498891077,0.3157894736842105,2,0.947368,0.052632,12,0,0,7,19,1
fivetran__dbt_fivetran_log,2024-12-20T22:15:27,9066d57a10ab9d8cb667040af3f7b18e0fb429f4,try new schema,21,25,False,0.6428571428571429,4,0.5811467444120505,0.13785261997568327,0.017416771087635438,0.6487696394168658,0.2857142857142857,2,0.952381,0.047619,14,0,0,7,21,1
fivetran__dbt_fivetran_log,2025-01-22T15:59:26,9f095e8939740dfe8cab0e6084aef5cc1736cbbb,Update models/staging/src_fivetran_platform.yml,20,24,False,0.6428571428571429,4,0.5904255319148937,0.16796290311027676,0.02122116219343517,0.636977987798826,0.3,2,0.95,0.05,13,0,0,7,20,1
fivetran__dbt_fivetran_log,2025-02-19T17:08:40,405295e027b3f07ce4025b080a2486b4ca9c3899,feature/update-definitions-feb-2025 (#147),20,24,False,0.6428571428571429,4,0.5904255319148937,0.16796290311027676,0.02122116219343517,0.6369780072697233,0.3,2,0.95,0.05,13,0,0,7,20,1
fivetran__dbt_fivetran_log,2025-03-12T14:37:42,e47853f53cd201a9f14492ca9437844acae72402,feature/remove-dbtdate,20,25,False,0.5,4,0.5904255319148937,0.17282837860973718,0.02143124609961334,0.6570326616291216,0.35,2,0.95,0.05,13,0,0,7,20,1
fivetran__dbt_fivetran_log,2025-06-23T17:44:12,73b36bfdc104df4c514f319eeeef39bb5cefecab,release/v2.2.0 (#157),20,25,False,0.5,4,0.5904255319148937,0.17282837860973718,0.02143124609961334,0.6570326843656468,0.35,2,0.95,0.05,13,0,0,7,20,1
fivetran__dbt_fivetran_log,2025-07-09T09:34:21,6647c44687d0b1e009ffd00cb700532e58262a88,Patch/json bigquery compatibility (#160),20,25,False,0.5,4,0.5904255319148937,0.17282837860973718,0.02143124609961334,0.6570325752758243,0.35,2,0.95,0.05,13,0,0,7,20,1
fivetran__dbt_fivetran_log,2025-08-14T14:47:56,348ac40a2749eca8f0003b84c45eb859eecf1a73,release/v2.3.0 (#164),20,25,False,0.5,4,0.5904255319148937,0.17282837860973718,0.02143124609961334,0.6570325601206365,0.35,2,0.95,0.05,13,0,0,7,20,1
fivetran__dbt_fivetran_log,2025-11-13T09:49:26,c04868db00d04e0f7e3616af99aea917acddba5f,Optimize `fivetran_platform__audit_table` (#174),20,25,False,0.5,4,0.5904255319148937,0.17282837860973718,0.02143124609961334,0.6570326901578342,0.35,2,0.95,0.05,13,0,0,7,20,1
fivetran__dbt_fivetran_log,2026-04-02T10:19:01,63e5200fa65c2788f68d8fb77c863671fae0cb5d,Handle de-selected columns (#183),20,25,False,0.5,4,0.5904255319148937,0.17282837860973718,0.02143124609961334,0.657032661449748,0.35,2,0.95,0.05,13,0,0,7,20,1
fivetran__dbt_github,2020-05-22T16:10:49,d3e10cb9e43d4165247017afbd40f72d27b3bb1e,updates for initial release,13,13,False,0.7857142857142857,2,0.378698224852071,0.29262838418232057,0.03232608302375002,0.5101244768779915,0.07692307692307693,1,1.0,0.0,0,7,0,6,13,1
fivetran__dbt_github,2020-10-23T09:42:52,991e257d7aed0ca302046d112b12cdeaeaa6026d,move macros to fivetran_utils,13,13,False,0.7857142857142857,2,0.378698224852071,0.29262838418232057,0.03232608302375002,0.5101244768765703,0.07692307692307693,1,1.0,0.0,0,7,0,6,13,1
fivetran__dbt_github,2021-02-02T16:24:27,7f16630ab4ad292de029637671fea4cbd45a18e7,yml and readme changes,14,14,False,0.7142857142857143,2,0.35714285714285715,0.28135663037701414,0.028031102059197826,0.5571023276420094,0.07142857142857142,1,1.0,0.0,0,8,0,6,14,1
fivetran__dbt_github,2021-06-10T15:08:13,c5cd0bbce7770848c301cbf742d41764b99d60e6,disable repo team stuff,14,14,False,0.7142857142857143,2,0.35714285714285715,0.28135663037701414,0.028031102059197826,0.5571023276151851,0.07142857142857142,1,1.0,0.0,0,8,0,6,14,1
fivetran__dbt_github,2022-02-11T11:30:19,6326f2994447e0e7615eca90f3fad67b5688e242,Feature/Label-Addition initial commit,15,15,False,0.6428571428571429,3,0.3377777777777778,0.25673116897595866,0.02554270184095187,0.46586633241581316,0.06666666666666667,1,1.0,0.0,0,9,0,6,15,1
fivetran__dbt_github,2022-03-10T09:36:49,052b2ca6806cc632d19c555181ff0bf64c265e39,change to use case when,15,15,False,0.6428571428571429,3,0.3377777777777778,0.25673116897595866,0.02554270184095187,0.46586677600328225,0.06666666666666667,1,1.0,0.0,0,9,0,6,15,1
fivetran__dbt_github,2022-10-13T15:48:24,00086ab927dfee6b1b32f224b625325aec227bcf,Updates for dbt-utils to dbt-core cross-db macro migration,15,15,False,0.6428571428571429,3,0.3377777777777778,0.25673116897595866,0.02554270184095187,0.4658662880168155,0.06666666666666667,1,1.0,0.0,0,9,0,6,15,1
fivetran__dbt_github,2023-02-07T13:13:49,1bee6fb559c2f323a0348dffb5d6e44ad87d93d3,"update models, docs, and regen docs",15,15,False,0.6428571428571429,3,0.3377777777777778,0.25673116897595866,0.02554270184095187,0.46586635220424316,0.06666666666666667,1,1.0,0.0,0,9,0,6,15,1
fivetran__dbt_github,2024-10-22T08:56:30,415541718431d9c29ecf967ec749a3cfcfe779e8,current timestamp updates + pull request join fix,15,15,False,0.6428571428571429,3,0.3377777777777778,0.25673116897595866,0.02554270184095187,0.4658667929802438,0.06666666666666667,1,1.0,0.0,0,9,0,6,15,1
fivetran__dbt_github,2025-07-02T14:50:05,f68f20902e102fafb4084d39fa552b5a218e97fe,"Add disabling variables for `issue_assignee`, `issue_label`, `label`, and `requested_reviewer_history` (#64)",15,15,False,0.6428571428571429,3,0.3377777777777778,0.25673116897595866,0.02554270184095187,0.46586669463623653,0.06666666666666667,1,1.0,0.0,0,9,0,6,15,1
fivetran__dbt_github,2025-08-14T16:29:00,4de793be13b4e23028117104dd61ae56fb484dbc,Consolidate source + remove tests (#67),43,51,False,0.6428571428571429,8,0.23711810305517556,0.0869881271236861,0.006160009740573091,0.9310347096741141,0.20930232558139536,1,1.0,0.0,28,9,0,6,43,1
fivetran__dbt_github,2025-10-27T12:51:40,48ceaa54a3ff3474323612a1b34f3bf39dd82783,feature/union-data (#71),43,51,False,0.6428571428571429,8,0.23711810305517556,0.0869881271236861,0.006160009740573091,0.931034714102691,0.20930232558139536,1,1.0,0.0,28,9,0,6,43,1
fivetran__dbt_github,2026-06-22T19:43:06,e913743f666165c4b14fc7976f420e59873e9426,Standardize unioning macros to use fivetran_utils versions (#80),43,51,False,0.6428571428571429,8,0.23711810305517556,0.0869881271236861,0.006160009740573091,0.9310347146605401,0.20930232558139536,1,1.0,0.0,28,9,0,6,43,1
fivetran__dbt_github_source,2020-05-26T09:54:09,146e5d1008a11605b84ec2bb3cbc9af23c16fa9b,fix error,11,0,False,,,0.0,0.0,0.0,0.0,0.0,11,0.090909,1.0,11,0,0,0,11,1
fivetran__dbt_github_source,2020-12-01T10:56:01,3b0f24a534307757d775d0324d2b40a2ddaa5a42,removal of unnecessary passthrough columns,22,11,False,0.9285714285714286,1,0.5,2.0,1.0,0.0,0.0,11,0.090909,0.0,22,0,0,0,22,1
fivetran__dbt_github_source,2021-02-02T16:23:51,cd75ee100112ceacb736a4114e12c9cfa47168b9,yml readme and format changes,26,13,False,0.9285714285714286,1,0.5,2.0,1.0,0.0,0.0,13,0.076923,0.0,26,0,0,0,26,1
fivetran__dbt_github_source,2021-02-15T12:33:44,db81131d7cf64130c8c40a827f7548a04375b55a,remove bio reference from staging and src yml files,26,13,False,0.9285714285714286,1,0.5,2.0,1.0,0.0,0.0,13,0.076923,0.0,26,0,0,0,26,1
fivetran__dbt_github_source,2021-06-10T12:06:17,90f0f5ce74a9789cf8e205fa4802eb3b18743c39,repo_team variable,26,13,False,0.9285714285714286,1,0.5,2.0,1.0,0.0,0.0,13,0.076923,0.0,26,0,0,0,26,1
fivetran__dbt_github_source,2022-01-25T11:27:09,d7d379af23171dae2b263bd8c6dd4e655bd821a4,issue merged timestamp cast,26,13,False,0.9285714285714286,1,0.5,2.0,1.0,0.0,0.0,13,0.076923,0.0,26,0,0,0,26,1
fivetran__dbt_github_source,2022-02-11T11:12:53,f3f471d1acbdb1585ea586d0f17a6b83f2687224,label rename,28,14,False,0.9285714285714286,1,0.5,2.0,1.0,0.0,0.0,14,0.071429,0.0,28,0,0,0,28,1
fivetran__dbt_github_source,2022-10-13T15:48:42,9e554fa8c9c050df7a52953334e3f413c6d7f2a1,Updates for dbt-utils to dbt-core cross-db macro migration,28,14,False,0.9285714285714286,1,0.5,2.0,1.0,0.0,0.0,14,0.071429,0.0,28,0,0,0,28,1
fivetran__dbt_github_source,2022-11-07T09:19:26,3c22bf740d174d96bdf039fb8f1db293575815ee,testing databricks,28,14,False,0.9285714285714286,1,0.5,2.0,1.0,0.0,0.0,14,0.071429,0.0,28,0,0,0,28,1
fivetran__dbt_github_source,2023-01-30T13:38:00,ea395888f50b2efdd932b4d3dd61653a6d4b4682,bug/add-disable-teams,28,14,False,0.9285714285714286,1,0.5,2.0,1.0,0.0,0.0,14,0.071429,0.0,28,0,0,0,28,1
fivetran__dbt_github_source,2023-08-05T17:34:05,3f87abe3374f5851b89f65bfa7031c6b6e42fdef,Capitalize Fivetran,28,14,False,0.9285714285714286,1,0.5,2.0,1.0,0.0,0.0,14,0.071429,0.0,28,0,0,0,28,1
fivetran__dbt_github_source,2024-03-21T19:17:32,e47cf5186002a979bd24b1d38c2f87ad06d85f5b,release/v0.8.0,28,14,False,0.9285714285714286,1,0.5,2.0,1.0,0.0,0.0,14,0.071429,0.0,28,0,0,0,28,1
fivetran__dbt_github_source,2025-07-02T13:18:28,c5df0ad89d5ea28f2298ea9431650c7b8bd5e1e9,"Add disabling variables for `issue_assignee`, `issue_label`, `label`, and `requested_reviewer_history` (#45)",28,14,False,0.9285714285714286,1,0.5,2.0,1.0,0.0,0.0,14,0.071429,0.0,28,0,0,0,28,1
fivetran__dbt_google_ads,2020-11-04T09:09:02,140daf17de3e4f3d1e56a20df5435435cbdccf69,convert refs to variables,3,0,True,,,,,,,,3,0.333333,1.0,0,0,0,3,3,1
fivetran__dbt_google_ads,2021-03-23T09:29:48,d0fb22eb334a9b70e2eb56878af3591885263578,custom schema and docs update,3,0,True,,,,,,,,3,0.333333,1.0,0,0,0,3,3,1
fivetran__dbt_google_ads,2021-10-01T14:15:21,e7c9e9c195e70fa3bc941a6d7d36e960caf54ae0,api_source default set,3,0,True,,,,,,,,3,0.333333,1.0,0,0,0,3,4,1
fivetran__dbt_google_ads,2022-02-04T09:45:17,0535876bb1a92f98661321f17fd90a0a14d109be,New Google Ads API Support,3,0,True,,,,,,,,3,0.333333,1.0,0,0,0,3,4,1
fivetran__dbt_google_ads,2022-06-24T16:21:27,b847a62f6d03ae2fef718c23aa78138b4df86abd,decision log and minor adjustments,6,0,False,,,0.0,0.0,0.0,0.0,0.0,6,0.166667,1.0,0,0,0,6,6,1
fivetran__dbt_google_ads,2022-06-29T16:34:00,3c3ee0e09784d093060a341e423ec9b8061e328d,utm to url renaming and documentation/docs updates,6,0,False,,,0.0,0.0,0.0,0.0,0.0,6,0.166667,1.0,0,0,0,6,6,1
fivetran__dbt_google_ads,2022-08-19T16:40:52,022467ae7b06cd8f5e82a82051bcac6d58b30cf6,final before merge updates,6,0,False,,,0.0,0.0,0.0,0.0,0.0,6,0.166667,1.0,0,0,0,6,6,1
fivetran__dbt_google_ads,2022-08-31T14:43:05,a3878d57520c4b37fc219e54a34258dcf9638b40,seed and tests,6,0,False,,,0.0,0.0,0.0,0.0,0.0,6,0.166667,1.0,0,0,0,6,6,1
fivetran__dbt_google_ads,2022-11-09T14:13:21,ef44f6260bda48885f8dee33058da28302fb6f78,updating ad report model,6,0,False,,,0.0,0.0,0.0,0.0,0.0,6,0.166667,1.0,0,0,0,6,6,1
fivetran__dbt_google_ads,2022-12-19T20:50:56,7d21ca2867c56db1af8efd1086469571bd9f1ef5,Merge branch 'main' into MagicBot/dbt-utils-cross-db-migration,6,0,False,,,0.0,0.0,0.0,0.0,0.0,6,0.166667,1.0,0,0,0,6,6,1
fivetran__dbt_google_ads,2023-01-17T21:34:36,552da512750aa0fc63e81a88502907f96f5cd15e,Adjust join key on key word report,6,0,False,,,0.0,0.0,0.0,0.0,0.0,6,0.166667,1.0,0,0,0,6,6,1
fivetran__dbt_google_ads,2023-06-06T10:50:12,f2f795a31ddb7e6b0b5bf584c787ac12ffc948ec,yml,6,0,False,,,0.0,0.0,0.0,0.0,0.0,6,0.166667,1.0,0,0,0,6,6,1
fivetran__dbt_google_ads,2023-09-01T14:23:03,4e1a73ec1412d11b488b53f61b63bc0cdae3235e,update model,6,0,False,,,0.0,0.0,0.0,0.0,0.0,6,0.166667,1.0,0,0,0,6,6,1
fivetran__dbt_google_ads,2023-12-11T10:47:33,a24070e56fab404acf770549d43f1aa05dd88a25,Update package to use the package extract_url_parameter macro,6,0,False,,,0.0,0.0,0.0,0.0,0.0,6,0.166667,1.0,0,0,0,6,6,1
fivetran__dbt_google_ads,2024-07-30T12:33:25,681ada7c194ce92e44f85fb8af7f9519cc1aaa31,Add conversion metrics! (#66),6,0,False,,,0.0,0.0,0.0,0.0,0.0,6,0.166667,1.0,0,0,0,6,6,1
fivetran__dbt_google_ads,2025-04-24T09:30:17,4c6ccd7ecea45d5557c4fa91b392c74e16b8aeb9,Create search_term_report (#76),7,0,False,,,0.0,0.0,0.0,0.0,0.0,7,0.142857,1.0,0,0,0,7,7,1
fivetran__dbt_google_ads,2025-05-15T11:36:06,4698bb3891a09f9bd1cf5171a1773431761ec593,Add `criterion_id` to search term report (#77),7,0,False,,,0.0,0.0,0.0,0.0,0.0,7,0.142857,1.0,0,0,0,7,7,1
fivetran__dbt_google_ads,2025-08-15T04:38:25,315bf5c5548f412d83acdea898c8cacf5f8931dc,Consolidate source + remove tests (#82),29,39,False,0.6428571428571429,6,0.5311374163664436,0.1943243977008914,0.0186723264170118,0.8738125055119536,0.3793103448275862,1,1.0,0.0,22,0,0,7,29,1
fivetran__dbt_google_ads,2025-11-24T10:21:02,706b0290212d19c5748ea915a5c8328177f371b2,Bugfix/constant expressions (#89),29,39,False,0.6428571428571429,6,0.5311374163664436,0.1943243977008914,0.0186723264170118,0.8738124927631912,0.3793103448275862,1,1.0,0.0,22,0,0,7,29,1
fivetran__dbt_google_ads,2026-04-01T12:24:22,fc0740304534e288922c9b24a34fd3150f9aa878,Feature/bid budget reports (#95),40,48,False,0.8571428571428571,6,0.538425925925926,0.11088617081284279,0.010537694966076037,0.47858192733667865,0.225,1,1.0,0.0,30,1,0,9,40,1
fivetran__dbt_google_ads,2026-05-11T09:41:10,ca35c090879824e1a3de80f981cee9810992968d,bug/campaign-history-date-time (#98),40,48,False,0.8571428571428571,6,0.538425925925926,0.11088617081284279,0.010537694966076037,0.47858187557709453,0.225,1,1.0,0.0,30,1,0,9,40,1
fivetran__dbt_google_ads,2026-06-22T20:26:41,5f90a793a56a4d734d5365d35032de0a7969a767,Standardize unioning macros to use fivetran_utils versions (#101),40,48,False,0.8571428571428571,6,0.538425925925926,0.11088617081284279,0.010537694966076037,0.4785818338945008,0.225,1,1.0,0.0,30,1,0,9,40,1
fivetran__dbt_google_ads_source,2020-11-04T09:10:04,269809ffec17e77684d7a64a34cb2118bae2301f,final review edits,6,3,False,0.9285714285714286,1,0.5,2.0,1.0,0.0,0.0,3,0.333333,0.0,6,0,0,0,6,1
fivetran__dbt_google_ads_source,2021-04-16T09:20:15,497e05b6b3323a8ca5f053eff2d7ff4b00985464,Spark compatibility,6,3,False,0.9285714285714286,1,0.5,2.0,1.0,0.0,0.0,3,0.333333,0.0,6,0,0,0,6,1
fivetran__dbt_google_ads_source,2021-06-01T11:28:38,372082463ce41f71a1be17a26a97644a3599d93e,Remove gclid unique test,6,3,False,0.9285714285714286,1,0.5,2.0,1.0,0.0,0.0,3,0.333333,0.0,6,0,0,0,6,1
fivetran__dbt_google_ads_source,2021-08-11T09:36:26,87d10eeff05745d28a49fa74d597dbbbe67c8602,review updates to readme and utm_term existing outside of conditional,6,3,False,0.9285714285714286,1,0.5,2.0,1.0,0.0,0.0,3,0.333333,0.0,6,0,0,0,6,1
fivetran__dbt_google_ads_source,2021-09-28T18:18:54,c3672354f95f29c443cb3e06bdc530f65bdf73e5,add passthrough columns,18,9,False,0.9285714285714286,1,0.5,2.0,1.0,0.0,0.0,9,0.111111,0.0,18,0,0,0,18,1
fivetran__dbt_google_ads_source,2022-02-11T15:56:53,ee5ec8faac9ed05496b9a52194ddf73eec2d6d86,removed source test and moved to staging,16,8,False,0.9285714285714286,1,0.5,2.0,1.0,0.0,0.0,8,0.125,0.0,16,0,0,0,16,1
fivetran__dbt_google_ads_source,2022-06-28T14:23:22,42fd68acd0d7125ea9c4d1ee3fff22ee801b6375,added yml documentation for test warning,20,10,False,0.9285714285714286,1,0.5,2.0,1.0,0.0,0.0,10,0.1,0.0,20,0,0,0,20,1
fivetran__dbt_google_ads_source,2022-08-26T14:09:31,710a4f6b0bd2f1587fd680e2a6afd83840a1df52,source config code reuction and docs generation,20,10,False,0.9285714285714286,1,0.5,2.0,1.0,0.0,0.0,10,0.1,0.0,20,0,0,0,20,1
fivetran__dbt_google_ads_source,2022-09-01T10:22:22,b91182c583a9bd122a5378d11e584430c4bb4fdc,spark split,20,10,False,0.9285714285714286,1,0.5,2.0,1.0,0.0,0.0,10,0.1,0.0,20,0,0,0,20,1
fivetran__dbt_google_ads_source,2022-10-13T15:49:15,38cb34c08e6496b695ce1cde29cae11c9933ead0,Updates for dbt-utils to dbt-core cross-db macro migration,20,10,False,0.9285714285714286,1,0.5,2.0,1.0,0.0,0.0,10,0.1,0.0,20,0,0,0,20,1
fivetran__dbt_google_ads_source,2022-11-09T12:37:33,466a8856be10269d205ad9e819df40355c6c3899,modifying src.yml,20,10,False,0.9285714285714286,1,0.5,2.0,1.0,0.0,0.0,10,0.1,0.0,20,0,0,0,20,1
fivetran__dbt_google_ads_source,2022-12-14T10:31:59,152db0bfc6ae797baba83137f394277512f7d798,Merge branch 'main' into MagicBot/dbt-utils-cross-db-migration,20,10,False,0.9285714285714286,1,0.5,2.0,1.0,0.0,0.0,10,0.1,0.0,20,0,0,0,20,1
fivetran__dbt_google_ads_source,2023-05-08T12:34:54,d70f3e21fb5cd48cf8816ddc9c16f1e189c3f067,bug/databricks-target-database,20,10,False,0.9285714285714286,1,0.5,2.0,1.0,0.0,0.0,10,0.1,0.0,20,0,0,0,20,1
fivetran__dbt_google_ads_source,2023-08-17T11:45:40,c7c2d690720421c2ab27fab0d11f2f60e4122300,Docs,20,10,False,0.9285714285714286,1,0.5,2.0,1.0,0.0,0.0,10,0.1,0.0,20,0,0,0,20,1
fivetran__dbt_google_ads_source,2023-09-05T21:55:18,bfcf075c3be19dbb742e4d9c57020d4c36440238,updates,20,10,False,0.9285714285714286,1,0.5,2.0,1.0,0.0,0.0,10,0.1,0.0,20,0,0,0,20,1
fivetran__dbt_google_ads_source,2023-10-04T17:23:05,c391f4f2b4374c38ab6d490cc4dec4421de4d21b,resolve merge conflicts,20,10,False,0.9285714285714286,1,0.5,2.0,1.0,0.0,0.0,10,0.1,0.0,20,0,0,0,20,1
fivetran__dbt_google_ads_source,2023-12-11T10:41:10,c0cb9f48b25843064ae3e8ee5a6f69c8b310bcbb,Update package to use the package extract_url_parameter macro,20,10,False,0.9285714285714286,1,0.5,2.0,1.0,0.0,0.0,10,0.1,0.0,20,0,0,0,20,1
fivetran__dbt_google_ads_source,2024-07-30T18:36:17,933ebabcc41d02acf633a434b944c8422edec72c,Making changes to source Google Ads package to include conversion met… (#59),20,10,False,0.9285714285714286,1,0.5,2.0,1.0,0.0,0.0,10,0.1,0.0,20,0,0,0,20,1
fivetran__dbt_google_ads_source,2025-04-23T14:08:48,332b2cb78c5fa514c6d1b8547611b9293f2247a5,Incorporate `search_term_keyword_report`  (#65),22,11,False,0.9285714285714286,1,0.5,2.0,1.0,0.0,0.0,11,0.090909,0.0,22,0,0,0,22,1
fivetran__dbt_google_ads_source,2025-05-15T10:27:11,56c710f26f799fea1fa34eb565359f25a3e7e5b6,Add `criterion_id` to search term report (#67),22,11,False,0.9285714285714286,1,0.5,2.0,1.0,0.0,0.0,11,0.090909,0.0,22,0,0,0,22,1
fivetran__dbt_google_ads_source,2025-06-25T14:31:36,1704ede43e5dc197159688002fddbd9a615f2676,Update freshness config (#68),22,11,False,0.9285714285714286,1,0.5,2.0,1.0,0.0,0.0,11,0.090909,0.0,22,0,0,0,22,1
fivetran__dbt_greenhouse_source,2021-03-01T17:11:56,15507d3c1fd269942c898c90b4dd0c04070104a0,typo,62,31,False,0.9285714285714286,1,0.5,2.0,1.0,0.0,0.0,31,0.032258,0.0,62,0,0,0,62,1
fivetran__dbt_greenhouse_source,2021-03-17T10:13:08,5d71d98d7f5888ea9fe24dd679d82f4f7ac6dccc,add more disablement vars,62,31,False,0.9285714285714286,1,0.5,2.0,1.0,0.0,0.0,31,0.032258,0.0,62,0,0,0,62,1
fivetran__dbt_greenhouse_source,2021-11-17T09:59:24,e0e7965fdc4fe30a743167570096adfc070b8b55,added freshness disablement,62,31,False,0.9285714285714286,1,0.5,2.0,1.0,0.0,0.0,31,0.032258,0.0,62,0,0,0,62,1
fivetran__dbt_greenhouse_source,2022-06-24T15:54:55,ce54bc7a7e57b51fd921aade96ab783e573ec24f,docs generate and additional timestamp update,62,31,False,0.9285714285714286,1,0.5,2.0,1.0,0.0,0.0,31,0.032258,0.0,62,0,0,0,62,1
fivetran__dbt_greenhouse_source,2022-10-13T15:50:57,c8d5a87a668cfb03edb0c8e76aedfe3272c2d288,Updates for dbt-utils to dbt-core cross-db macro migration,62,31,False,0.9285714285714286,1,0.5,2.0,1.0,0.0,0.0,31,0.032258,0.0,62,0,0,0,62,1
fivetran__dbt_greenhouse_source,2022-10-31T18:30:47,bf30c48ee267276373a3ff500f493458f8abfceb,update readme and add identifiers,62,31,False,0.9285714285714286,1,0.5,2.0,1.0,0.0,0.0,31,0.032258,0.0,62,0,0,0,62,1
fivetran__dbt_greenhouse_source,2022-12-15T10:20:14,61dc09baba2471e5ce4a2adfa3f0575693a3ad99,docs regen,62,31,False,0.9285714285714286,1,0.5,2.0,1.0,0.0,0.0,31,0.032258,0.0,62,0,0,0,62,1
fivetran__dbt_greenhouse_source,2023-05-17T18:15:41,62b7a6c413d4ff59e10c2a2d4bd5115a759ebba6,update src yml,62,31,False,0.9285714285714286,1,0.5,2.0,1.0,0.0,0.0,31,0.032258,0.0,62,0,0,0,62,1
fivetran__dbt_greenhouse_source,2024-10-24T13:40:17,97935d4c439422a35cc850720dcd373e4798d42b,"flip to use tags and users tables first, and note in changelog",62,31,False,0.9285714285714286,1,0.5,2.0,1.0,0.0,0.0,31,0.032258,0.0,62,0,0,0,62,1
fivetran__dbt_greenhouse_source,2024-11-25T15:55:16,c76fce20d868a4792ededdc430dd50067678ce20,Bug/cast ids to string (#31),62,31,False,0.9285714285714286,1,0.5,2.0,1.0,0.0,0.0,31,0.032258,0.0,62,0,0,0,62,1
fivetran__dbt_greenhouse_source,2025-06-26T09:46:50,7a5b48a884223f055512fc2568a8747681ca2d33,feature/freshness-updates (#33),62,31,False,0.9285714285714286,1,0.5,2.0,1.0,0.0,0.0,31,0.032258,0.0,62,0,0,0,62,1
fivetran__dbt_greenhouse_source,2025-07-14T12:06:48,1a7582956147ccf2a8b91d2b408a74d8c836fb2b,feature/july-25-connector-updates (#35),62,31,False,0.9285714285714286,1,0.5,2.0,1.0,0.0,0.0,31,0.032258,0.0,62,0,0,0,62,1
fivetran__dbt_hubspot,2020-07-09T09:58:23,129a980bfcbbe10406b8fe97c49c1b8e02e4292b,adding enabled functionality,30,12,False,0.6428571428571429,4,0.8,0.12454412979246507,0.017538665834972416,0.5751767893455696,0.0,18,0.433333,0.566667,0,4,0,26,30,1
fivetran__dbt_hubspot,2020-10-30T14:27:00,4abb1205f2cc89b47f5bb36afb5a5960a13246b6,fix some typos,30,12,False,0.6428571428571429,4,0.8,0.12454412979246507,0.017538665834972416,0.5751767899647161,0.0,18,0.433333,0.566667,0,4,0,26,30,1
fivetran__dbt_hubspot,2021-04-09T14:29:31,314a47bb593b729be68dab95e3af9a675b8ad853,Merge branch 'master' into email-metric-vars,32,14,False,0.7142857142857143,4,0.7926136363636364,0.08184695356811279,0.011525918702523539,0.5477464623093607,0.0,18,0.46875,0.53125,0,5,0,27,32,1
fivetran__dbt_hubspot,2021-08-03T13:26:58,d54a496763dbe326c84f8627ccd35bfa34f26350,formatting fixes,33,15,False,0.7142857142857143,4,0.7878787878787878,0.08167051626348072,0.011418349193536717,0.5590160190059159,0.0,18,0.484848,0.515152,0,6,0,27,33,1
fivetran__dbt_hubspot,2022-01-31T16:40:07,e6cf4f9f421d2db841a2f4a556793e6558f31217,refactor deals_enhanced join`,33,15,False,0.7142857142857143,4,0.7878787878787878,0.08167051626348072,0.011418349193536717,0.5590160745519378,0.0,18,0.484848,0.515152,0,6,0,27,33,1
fivetran__dbt_hubspot,2022-06-13T13:56:37,1b21359546a8ec0231f4464751b1005d7792e6d9,updating model description,33,15,False,0.7142857142857143,4,0.7878787878787878,0.08167051626348072,0.011418349193536717,0.5590160570830022,0.0,18,0.484848,0.515152,0,6,0,27,33,1
fivetran__dbt_hubspot,2022-08-22T13:29:20,694df8743d1250f70f566868599b18f1fdfaf802,changelog and docs,33,15,False,0.7142857142857143,4,0.7878787878787878,0.08167051626348072,0.011418349193536717,0.5590160373645108,0.0,18,0.484848,0.515152,0,6,0,27,33,1
fivetran__dbt_hubspot,2022-10-31T15:31:43,05098853792e0921c748dd854c2f288e916413e7,revert,33,15,False,0.7142857142857143,4,0.7878787878787878,0.08167051626348072,0.011418349193536717,0.5590160499766311,0.0,18,0.484848,0.515152,0,6,0,27,33,1
fivetran__dbt_hubspot,2023-01-11T09:23:11,d11d12065c732fcf327e36928608cbbbb4268f5b,pr fixes,33,15,False,0.7142857142857143,4,0.7878787878787878,0.08167051626348072,0.011418349193536717,0.5590160600697448,0.0,18,0.484848,0.515152,0,6,0,27,33,1
fivetran__dbt_hubspot,2023-02-03T12:29:59,beb1539da59c4c22d356b1365b1a22b287afc1bb,review updates,33,15,False,0.7142857142857143,4,0.7878787878787878,0.08167051626348072,0.011418349193536717,0.5590160402772522,0.0,18,0.484848,0.515152,0,6,0,27,33,1
fivetran__dbt_hubspot,2023-03-24T14:32:41,4402573af403e3cfa54ae4115ac67d791b5825fe,joe feedback and docs,33,15,False,0.7142857142857143,4,0.7878787878787878,0.08167051626348072,0.011418349193536717,0.5590160584933638,0.0,18,0.484848,0.515152,0,6,0,27,33,1
fivetran__dbt_hubspot,2023-04-27T23:31:22,c4930ed51c2ed5c4bec5f03d926de70968ab2c0a,adjustments,33,15,False,0.7142857142857143,4,0.7878787878787878,0.08167051626348072,0.011418349193536717,0.5590160426205343,0.0,18,0.484848,0.515152,0,6,0,27,33,1
fivetran__dbt_hubspot,2023-06-26T15:20:15,3d75d85c5289defdc883ffc3bc4a4f121f7afd6b,use big int,33,15,False,0.7142857142857143,4,0.7878787878787878,0.08167051626348072,0.011418349193536717,0.5590160331036587,0.0,18,0.484848,0.515152,0,6,0,27,33,1
fivetran__dbt_hubspot,2023-07-10T16:35:05,58b08ebf3698f31feef25954ab448a3a1d7797b0,fix merge conflicts,33,15,False,0.7142857142857143,4,0.7878787878787878,0.08167051626348072,0.011418349193536717,0.5590160417325867,0.0,18,0.484848,0.515152,0,6,0,27,33,1
fivetran__dbt_hubspot,2023-10-27T14:12:22,769f18c01553a32592e0edb1dc62e2cd29420ca9,joe feedback,39,20,False,0.7142857142857143,4,0.7631257631257631,0.07685757959898634,0.01074502765229144,0.5453735170137985,0.0,19,0.435897,0.435897,0,10,0,29,39,1
fivetran__dbt_hubspot,2023-11-09T17:36:51,6b0df477f6ba0cf7363eccc09143128ac9c7d6c0,release/v0.15.0,39,20,False,0.7142857142857143,4,0.7631257631257631,0.07685757959898634,0.01074502765229144,0.5453735195957297,0.0,19,0.435897,0.435897,0,10,0,29,39,1
fivetran__dbt_hubspot,2023-12-12T21:52:14,ab112bf73e21b47d1b6d3a938478e14a99e8af9c,bug/owner-variable,39,20,False,0.7142857142857143,4,0.7631257631257631,0.07685757959898634,0.01074502765229144,0.5453735169276305,0.0,19,0.435897,0.435897,0,10,0,29,39,1
fivetran__dbt_hubspot,2024-01-08T14:07:11,dec16d0208497240301c977a75a124510c1cfa39,pre-existing typo + add new description to model docs,39,20,False,0.7142857142857143,4,0.7631257631257631,0.07685757959898634,0.01074502765229144,0.545373517474373,0.0,19,0.435897,0.435897,0,10,0,29,39,1
fivetran__dbt_hubspot,2024-02-21T14:23:59,5be67aa25e21dcd926c62cf2ca19c56d061b187e,update changelog and docs,39,20,False,0.7142857142857143,4,0.7631257631257631,0.07685757959898634,0.01074502765229144,0.5453735164438198,0.0,19,0.435897,0.435897,0,10,0,29,39,1
fivetran__dbt_hubspot,2024-03-05T09:11:32,bf9aec2d9b7056b3159bf96bd5f040eb6afa3e45,bugfix/variable-configs (#137),39,20,False,0.7142857142857143,4,0.7631257631257631,0.07685757959898634,0.01074502765229144,0.5453735117856116,0.0,19,0.435897,0.435897,0,10,0,29,39,1
fivetran__dbt_hubspot,2024-04-09T16:13:50,93bf2cd001b3b31a9055b9887edea6debbc78f82,try,39,20,False,0.7142857142857143,4,0.7631257631257631,0.07685757959898634,0.01074502765229144,0.5453735165636192,0.0,19,0.435897,0.435897,0,10,0,29,39,1
fivetran__dbt_hubspot,2024-05-10T00:55:12,8d35ba02b85c5a44b46036f85225ece48579e5e5,Compilation error fix,39,20,False,0.7142857142857143,4,0.7631257631257631,0.07685757959898634,0.01074502765229144,0.5453735142255077,0.0,19,0.435897,0.435897,0,10,0,29,39,1
fivetran__dbt_hubspot,2024-08-01T10:20:42,86b93f6e094117f9658026771fb21d5a28fa0c12,Bug/databricks sql incremental (#144),39,20,False,0.7142857142857143,4,0.7631257631257631,0.07685757959898634,0.01074502765229144,0.545373517076582,0.0,19,0.435897,0.435897,0,10,0,29,39,1
fivetran__dbt_hubspot,2025-03-05T14:20:30,7e8ba1f72c167288fde83703867432d5d7a672ca,Feature/contact list api updates (#156),39,20,False,0.7142857142857143,4,0.7631257631257631,0.07685757959898634,0.01074502765229144,0.5453735170169193,0.0,19,0.435897,0.435897,0,10,0,29,39,1
fivetran__dbt_hubspot,2025-04-17T11:43:14,428e9c37aab4a3ca2419f3f89d99defb44c44479,Feature/model expansion apr2025 (#157),42,23,False,0.5714285714285714,3,0.7492401215805471,0.07210350213663398,0.009955946709217461,0.5647045270570831,0.023809523809523808,20,0.452381,0.428571,0,12,0,30,42,1
fivetran__dbt_hubspot,2025-07-02T16:10:21,3dacd33189fa5df3618be3de2a5445b41cf6f81d,bugfix/calculated-metrics-rename (#160),42,23,False,0.5714285714285714,3,0.7492401215805471,0.07210350213663398,0.009955946709217461,0.5647045338111412,0.023809523809523808,20,0.452381,0.428571,0,12,0,30,42,1
fivetran__dbt_hubspot,2025-07-30T23:16:21,e96667edcd7738381a00711c149b8522937f2fc5,[Bug Fix] Ticket pipeline id casting (#165),42,23,False,0.5714285714285714,3,0.7492401215805471,0.07210350213663398,0.009955946709217461,0.5647044699114598,0.023809523809523808,20,0.452381,0.428571,0,12,0,30,42,1
fivetran__dbt_hubspot,2025-08-18T19:48:13,c6d0bdaf6c7c93737b749bf4941afcc915262b53,Consolidate source + remove tests (#167),154,124,False,0.5714285714285714,8,0.564977367908964,0.028337964945685332,0.0021238835197363087,0.7968889525248409,0.07142857142857142,41,0.558442,0.097403,112,12,0,30,154,1
fivetran__dbt_hubspot,2025-10-01T14:35:37,60c182a984d33bf3bfea55113cb11c2dfab410c3,Use different field to merge contacts (#171),154,124,False,0.5714285714285714,8,0.564977367908964,0.028337964945685332,0.0021238835197363087,0.7968898912094211,0.07142857142857142,41,0.558442,0.097403,112,12,0,30,154,1
fivetran__dbt_hubspot,2025-11-13T17:51:12,b9400fef0b7645ad92295057aded6cf82b34872e,Feature/union data (#187),154,125,False,0.5714285714285714,9,0.564977367908964,0.02834230727839988,0.0021242087620292663,0.7975332770978588,0.07792207792207792,41,0.558442,0.097403,112,12,0,30,154,1
fivetran__dbt_hubspot,2025-12-10T10:26:42,176f7211288890dc26c9ed92aacfae5ad68d71d7,sunset/calculated-merged-vids (#189),154,125,False,0.5714285714285714,9,0.564977367908964,0.02834230727839988,0.0021242087620292663,0.7975342112020586,0.07792207792207792,41,0.558442,0.097403,112,12,0,30,154,1
fivetran__dbt_hubspot,2026-02-04T09:12:09,7c0c5ca8b5bc086efca6062e66094cabea006171,"Remove engagement, contact list deprecated fields + old was_unsubscribed field in email events (#194)",154,125,False,0.5714285714285714,9,0.564977367908964,0.02834230727839988,0.0021242087620292663,0.7975333279498642,0.07792207792207792,41,0.558442,0.097403,112,12,0,30,154,1
fivetran__dbt_hubspot,2026-03-30T13:09:31,38114c72a02715ba32924489a61854f9c1fe73de,[Bugfix] Contact merge ids data type (#198),154,125,False,0.5714285714285714,9,0.564977367908964,0.02834230727839988,0.0021242087620292663,0.7975333131194053,0.07792207792207792,41,0.558442,0.097403,112,12,0,30,154,1
fivetran__dbt_hubspot,2026-06-22T19:46:13,be3a903c24d804bdeea3629c0dda005fb114527f,Standardize unioning macros to use fivetran_utils versions (#201),154,125,False,0.5714285714285714,9,0.564977367908964,0.02834230727839988,0.0021242087620292663,0.7975340062670561,0.07792207792207792,41,0.558442,0.097403,112,12,0,30,154,1
fivetran__dbt_hubspot,2026-08-03T17:40:22,2ac3ea475a4abe6df7cf60e17aab3b47c0cc7baf,Release/1.9.0 (#209),205,193,False,0.7142857142857143,12,0.5758506473953628,0.03589336229403284,0.0026507534490049743,0.7676123094645239,0.13170731707317074,39,0.668293,0.073171,140,29,0,36,205,1
fivetran__dbt_hubspot_source,2020-07-09T10:14:21,fd411d5b736efa6eb02b7dcde9c7ddc3a68802eb,adding enabled functionality,36,3,False,0.9285714285714286,1,0.9166666666666666,2.0,1.0,0.0,0.0,33,0.055556,0.833333,36,0,0,0,36,1
fivetran__dbt_hubspot_source,2020-07-15T10:21:29,26f62b729f96f965720cc9f0f8b10760a6166a6e,cross-database compatibility,36,3,False,0.9285714285714286,1,0.9166666666666666,2.0,1.0,0.0,0.0,33,0.055556,0.833333,36,0,0,0,36,1
fivetran__dbt_hubspot_source,2020-11-02T10:10:56,3614ad5f89478446a67cdc226d13640c74be5932,kristins feedback,36,3,False,0.9285714285714286,1,0.9166666666666666,2.0,1.0,0.0,0.0,33,0.055556,0.833333,36,0,0,0,36,1
fivetran__dbt_hubspot_source,2020-11-18T12:04:47,16ec941c8a177651786b4a95b5a0181c3eb2c3fa,removing adapters and finishing tmp models,66,33,False,0.9285714285714286,1,0.5,2.0,1.0,0.0,0.0,33,0.030303,0.0,66,0,0,0,66,1
fivetran__dbt_hubspot_source,2021-02-19T13:51:09,50d907603511444cbbe5abbf6425326b5813725b,add ticket staging models,42,3,False,0.9285714285714286,1,0.9285714285714286,2.0,1.0,0.0,0.0,39,0.047619,0.857143,42,0,0,0,42,1
fivetran__dbt_hubspot_source,2021-04-06T15:48:26,4c8fe7965705a016ff8930d39a43d7765ef3d38d,Update models/stg_hubspot__ticket.yml,86,43,False,0.9285714285714286,1,0.5,2.0,1.0,0.0,0.0,43,0.023256,0.0,86,0,0,0,86,1
fivetran__dbt_hubspot_source,2021-05-05T16:49:12,82ef814a536d7bb8430cb8d7a5cce5a07e669364,Merge pull request #40 from fivetran/engagement-task-cast,86,43,False,0.9285714285714286,1,0.5,2.0,1.0,0.0,0.0,43,0.023256,0.0,86,0,0,0,86,1
fivetran__dbt_hubspot_source,2021-06-03T09:26:03,c63b86077d0696dfccceb2377a0237f747d3d9d4,freshness test disable ability,86,43,False,0.9285714285714286,1,0.5,2.0,1.0,0.0,0.0,43,0.023256,0.0,86,0,0,0,86,1
fivetran__dbt_hubspot_source,2021-08-04T10:28:45,a74cd5d7365cd275075b9e461a4f78a9aec4281a,Update models/stg_hubspot__contact.yml,88,44,False,0.9285714285714286,1,0.5,2.0,1.0,0.0,0.0,44,0.022727,0.0,88,0,0,0,88,1
fivetran__dbt_hubspot_source,2021-08-16T10:54:51,797cb565933199da88be7e2f994f304f4e67e685,macro percent removal,88,44,False,0.9285714285714286,1,0.5,2.0,1.0,0.0,0.0,44,0.022727,0.0,88,0,0,0,88,1
fivetran__dbt_hubspot_source,2021-09-17T09:31:36,a545c4d6a199fdb92fd3f60a274ede3adf5ebeb1,distinct removal,88,44,False,0.9285714285714286,1,0.5,2.0,1.0,0.0,0.0,44,0.022727,0.0,88,0,0,0,88,1
fivetran__dbt_hubspot_source,2022-01-31T16:28:49,c05db8cdb320f5ecfbaecade1c638edbb46106be,switch to string casting,88,44,False,0.9285714285714286,1,0.5,2.0,1.0,0.0,0.0,44,0.022727,0.0,88,0,0,0,88,1
fivetran__dbt_hubspot_source,2022-05-04T11:59:51,6ff512d6c347057b74a411a5bdd542ade2fa6407,fixed macro ref in model,90,45,False,0.9285714285714286,1,0.5,2.0,1.0,0.0,0.0,45,0.022222,0.0,90,0,0,0,90,1
fivetran__dbt_hubspot_source,2022-05-19T14:40:56,22233dd18ad0b07d4c22714a7e025111f8e56c43,additional clause and CHANGELOG updates,90,45,False,0.9285714285714286,1,0.5,2.0,1.0,0.0,0.0,45,0.022222,0.0,90,0,0,0,90,1
fivetran__dbt_hubspot_source,2022-06-13T12:28:56,8bb20c77a1be2fd0b95aa164855b967935ff73cd,specifying macros,90,45,False,0.9285714285714286,1,0.5,2.0,1.0,0.0,0.0,45,0.022222,0.0,90,0,0,0,90,1
fivetran__dbt_hubspot_source,2022-08-26T14:53:50,10394183bac635438de9aea7687f45e4edcabd90,fixes,90,45,False,0.9285714285714286,1,0.5,2.0,1.0,0.0,0.0,45,0.022222,0.0,90,0,0,0,90,1
fivetran__dbt_hubspot_source,2022-09-13T10:05:05,aa1c45c2e7eb66ad8485f9ea8fa5d06f52e1ebbf,update src_hubspot.yml and *_tmp.sql with var name change,90,45,False,0.9285714285714286,1,0.5,2.0,1.0,0.0,0.0,45,0.022222,0.0,90,0,0,0,90,1
fivetran__dbt_hubspot_source,2022-10-17T10:36:25,25df85344fcf16ffa36e94caad942e3bd58692ff,Updates for dbt-utils to dbt-core cross-db macro migration,90,45,False,0.9285714285714286,1,0.5,2.0,1.0,0.0,0.0,45,0.022222,0.0,90,0,0,0,90,1
fivetran__dbt_hubspot_source,2022-11-07T15:00:55,c80675175f43c04b7bc7dc14b2f59dc725d92636,tweaks,90,45,False,0.9285714285714286,1,0.5,2.0,1.0,0.0,0.0,45,0.022222,0.0,90,0,0,0,90,1
fivetran__dbt_hubspot_source,2023-01-10T12:12:35,169c70624be8cb799fe6786e57b73e11480cc2be,updating yml docs,90,45,False,0.9285714285714286,1,0.5,2.0,1.0,0.0,0.0,45,0.022222,0.0,90,0,0,0,90,1
fivetran__dbt_hubspot_source,2023-03-29T10:35:12,4f12a4715c1c95e16a4188455f5bab7c0a6ecfda,Merge pull request #100 from fivetran/hotfix/pass-through-all-columns,90,45,False,0.9285714285714286,1,0.5,2.0,1.0,0.0,0.0,45,0.022222,0.0,90,0,0,0,90,1
fivetran__dbt_hubspot_source,2023-04-26T12:45:12,8bc57b884f73058af3c9a06248b2e35c36756556,feature/email-event-filter,90,45,False,0.9285714285714286,1,0.5,2.0,1.0,0.0,0.0,45,0.022222,0.0,90,0,0,0,90,1
fivetran__dbt_hubspot_source,2023-05-03T16:06:44,2cf10fb26845e515c03fbee85f1bbafa4c0f7624,hubspot_using_all_email_events,90,45,False,0.9285714285714286,1,0.5,2.0,1.0,0.0,0.0,45,0.022222,0.0,90,0,0,0,90,1
fivetran__dbt_hubspot_source,2023-06-22T10:49:22,172959d6050325a0a2c37609e69e7afb9dd42363,trailing comma fix,90,45,False,0.9285714285714286,1,0.5,2.0,1.0,0.0,0.0,45,0.022222,0.0,90,0,0,0,90,1
fivetran__dbt_hubspot_source,2023-07-14T13:05:55,b1d1973ee661b0854d7be0b6c130fae79aabe09a,macro edits wide scale,90,45,False,0.9285714285714286,1,0.5,2.0,1.0,0.0,0.0,45,0.022222,0.0,90,0,0,0,90,1
fivetran__dbt_hubspot_source,2023-09-27T13:25:34,29d4d283d71c8c8e0b8486e61649fe9726cf1dd2,bugfix/duplicate-columns,90,45,False,0.9285714285714286,1,0.5,2.0,1.0,0.0,0.0,45,0.022222,0.0,90,0,0,0,90,1
fivetran__dbt_hubspot_source,2023-10-27T09:46:30,c57a9b5d48332f05283ea0f8d8dd5050860ca28b,additional review updates,90,45,False,0.9285714285714286,1,0.5,2.0,1.0,0.0,0.0,45,0.022222,0.0,90,0,0,0,90,1
fivetran__dbt_hubspot_source,2023-11-13T17:38:26,7fca0dc2307abf8db4e26b63efbf94672a976b3a,updates from pr,94,47,False,0.9285714285714286,1,0.5,2.0,1.0,0.0,0.0,47,0.021277,0.0,94,0,0,0,94,1
fivetran__dbt_hubspot_source,2024-02-20T22:02:49,a9adfa6b974f4b6e3d5ffa943ab6b70c6f268ca2,Update models/stg_hubspot__deal.yml,96,48,False,0.9285714285714286,1,0.5,2.0,1.0,0.0,0.0,48,0.020833,0.0,96,0,0,0,96,1
fivetran__dbt_hubspot_source,2024-07-31T10:11:57,d1d6e9cd2650a5b94143ab79743e6468ec5c4830,update/get-ticket-property-history-columns (#126),96,48,False,0.9285714285714286,1,0.5,2.0,1.0,0.0,0.0,48,0.020833,0.0,96,0,0,0,96,1
fivetran__dbt_hubspot_source,2024-10-10T12:30:48,77c42614b508578d17f933281feed6a038ec39aa,rm the hubspot_source prefix,96,48,False,0.9285714285714286,1,0.5,2.0,1.0,0.0,0.0,48,0.020833,0.0,96,0,0,0,96,1
fivetran__dbt_hubspot_source,2024-11-06T15:52:36,cebe8a6463b672c6463a960b0c70a9b9e7e82e68,rm category from merged_deal,96,48,False,0.9285714285714286,1,0.5,2.0,1.0,0.0,0.0,48,0.020833,0.0,96,0,0,0,96,1
fivetran__dbt_hubspot_source,2025-03-05T09:42:39,2ce3f08ca4d6f051898b08afa1bb74a91aa67f54,feature/contact-list-api-updates (#137),96,48,False,0.9285714285714286,1,0.5,2.0,1.0,0.0,0.0,48,0.020833,0.0,96,0,0,0,96,1
fivetran__dbt_hubspot_source,2025-04-17T09:28:16,28acd88034c4d9bfe6b99d781e69a08e34ff64c1,Feature/model expansion apr2025 (#142),112,56,False,0.9285714285714286,1,0.5,2.0,1.0,0.0,0.0,56,0.017857,0.0,112,0,0,0,112,1
fivetran__dbt_hubspot_source,2025-06-26T10:00:23,95ab87de8122583d4f8e2a50b170454e6d792cf2,feature/freshness-updates (#144),112,56,False,0.9285714285714286,1,0.5,2.0,1.0,0.0,0.0,56,0.017857,0.0,112,0,0,0,112,1
fivetran__dbt_hubspot_source,2025-07-29T13:14:51,3094b38ae7b3ca55a8df99dbb55b307f145669e5,PR suggestions,112,56,False,0.9285714285714286,1,0.5,2.0,1.0,0.0,0.0,56,0.017857,0.0,112,0,0,0,112,1
fivetran__dbt_intercom,2020-12-09T11:38:33,ab849ebd40156d043db2aa4cfe85770f2807b6a3,ReadMe Fixes and Naming Convention Updates,10,8,False,0.7857142857142857,3,0.43333333333333335,0.5448659874787012,0.08749607294872028,0.32159863279662193,0.1,3,0.8,0.2,0,5,5,0,10,1
fivetran__dbt_intercom,2021-01-05T14:15:37,476b4b6415646db36d43594446aedfe35d93dd76,yml name change,11,12,False,0.6428571428571429,3,0.3333333333333333,0.4858079007595199,0.06650616233262695,0.38556707838125415,0.18181818181818182,1,1.0,0.0,0,5,0,6,11,1
fivetran__dbt_intercom,2021-02-08T14:06:46,7af2506858c4a6ca56bdb11bfa2d5da233d3683f,customer changes PR,12,13,False,0.7857142857142857,3,0.32142857142857145,0.46469024086120736,0.06318071869185944,0.4162932823221017,0.16666666666666666,1,1.0,0.0,0,6,0,6,12,1
fivetran__dbt_intercom,2021-02-11T09:18:07,0e75eb8eeec3bee25d9207195ca9fef423515689,latest contact simplification,12,13,False,0.7857142857142857,3,0.32142857142857145,0.46469024086120736,0.06318071869185944,0.4162935524533603,0.16666666666666666,1,1.0,0.0,0,6,0,6,12,1
fivetran__dbt_intercom,2021-03-25T09:45:57,2d402e580dd598ea50b1bfed4714163ef622888e,global variable naming update,12,13,False,0.7857142857142857,3,0.32142857142857145,0.46469024086120736,0.06318071869185944,0.41629329589338143,0.16666666666666666,1,1.0,0.0,0,6,0,6,12,1
fivetran__dbt_intercom,2021-05-12T16:51:48,208741f0c2b460dc66f17b669bfbdc9f330186d9,add distinct clause in the listagg function,12,13,False,0.7857142857142857,3,0.32142857142857145,0.46469024086120736,0.06318071869185944,0.4162932907372102,0.16666666666666666,1,1.0,0.0,0,6,0,6,12,1
fivetran__dbt_intercom,2021-06-09T15:09:32,af27be86762dbd882064f9d5cecedec51ad64c8d,addition disctinct,12,13,False,0.7857142857142857,3,0.32142857142857145,0.46469024086120736,0.06318071869185944,0.4162932928267297,0.16666666666666666,1,1.0,0.0,0,6,0,6,12,1
fivetran__dbt_intercom,2021-09-16T15:59:44,e8076cf83f82dd25a5789874e49892ca47f81e35,polish docs,12,13,False,0.7857142857142857,3,0.32142857142857145,0.46469024086120736,0.06318071869185944,0.4162935488480207,0.16666666666666666,1,1.0,0.0,0,6,0,6,12,1
fivetran__dbt_intercom,2022-01-18T12:47:01,472ddc61d751739caa5787be0967959f4f15ef3b,add inline comments,12,13,False,0.7857142857142857,3,0.32142857142857145,0.46469024086120736,0.06318071869185944,0.41629329180139774,0.16666666666666666,1,1.0,0.0,0,6,0,6,12,1
fivetran__dbt_intercom,2022-07-26T11:07:59,08a54a13fe08230df4155c036e979f654877fcef,PR review changes,13,14,False,0.6428571428571429,4,0.29980276134122286,0.42204619863789505,0.057275663929265204,0.29009505440772065,0.15384615384615385,1,1.0,0.0,0,7,0,6,13,1
fivetran__dbt_intercom,2022-10-13T15:52:25,8ead3bb083d9b0c3a51cab704a27acb514778c1c,Updates for dbt-utils to dbt-core cross-db macro migration,13,14,False,0.6428571428571429,4,0.29980276134122286,0.42204619863789505,0.057275663929265204,0.29009514797041963,0.15384615384615385,1,1.0,0.0,0,7,0,6,13,1
fivetran__dbt_intercom,2023-03-20T13:55:42,f5a15dcfdc16b2e49d243a5edf77aa8e24249727,Merge branch 'release/v0.6.1' into bugfix/first-admin-response,13,14,False,0.6428571428571429,4,0.29980276134122286,0.42204619863789505,0.057275663929265204,0.2900950526051826,0.15384615384615385,1,1.0,0.0,0,7,0,6,13,1
fivetran__dbt_intercom,2023-04-25T12:40:52,d7c22f39e5629c9413007bc0411c591c7c65679d,review updates and docs regen,13,14,False,0.6428571428571429,4,0.29980276134122286,0.42204619863789505,0.057275663929265204,0.2900951499375285,0.15384615384615385,1,1.0,0.0,0,7,0,6,13,1
fivetran__dbt_intercom,2023-05-01T10:08:26,3c35d8f8dedafdc1d52cb1f1041ee359eef275af,doc updates,13,14,False,0.6428571428571429,4,0.29980276134122286,0.42204619863789505,0.057275663929265204,0.29009505307106337,0.15384615384615385,1,1.0,0.0,0,7,0,6,13,1
fivetran__dbt_intercom,2023-11-07T13:43:15,934f24ff5530b55a4244fc0b23cb4f344c3ee59f,Update models/intermediate/int_intercom__conversation_part_aggregates.sql,9,9,False,0.7857142857142857,3,0.37037037037037035,0.49051649926416874,0.08355439132464709,0.3846098477639133,0.1111111111111111,1,1.0,0.0,0,3,0,6,9,1
fivetran__dbt_intercom,2023-12-20T15:51:57,201bf4e024843419ddd7470756db03e51f9c6e96,bugfix/contact-history-ref,9,9,False,0.7857142857142857,3,0.37037037037037035,0.49051649926416874,0.08355439132464709,0.3846097486438428,0.1111111111111111,1,1.0,0.0,0,3,0,6,9,1
fivetran__dbt_intercom,2025-08-12T18:50:24,12e529fb9057dd8706f270a009f59542ac520fb9,Consolidate dbt source into transform,35,42,False,0.6428571428571429,5,0.3281512605042017,0.1532586366997672,0.016022210380663843,0.5388616105315827,0.2571428571428571,2,0.942857,0.0,26,3,0,6,35,1
fivetran__dbt_intercom,2025-10-01T12:18:21,c316dee424ae922003dca46b0d7cce65a7168fe1,[Bug Fix] Simplify Intermediate conversation model logic (#69),35,42,False,0.6428571428571429,5,0.3281512605042017,0.1532586366997672,0.016022210380663843,0.5388616329446075,0.2571428571428571,2,0.942857,0.0,26,3,0,6,35,1
fivetran__dbt_intercom,2025-11-06T16:25:49,6da861bbda9ee976282625663d46e0827a7bf311,[Feature] Union Data (#70),35,42,False,0.6428571428571429,5,0.3281512605042017,0.1532586366997672,0.016022210380663843,0.5388616446917022,0.2571428571428571,2,0.942857,0.0,26,3,0,6,35,1
fivetran__dbt_intercom,2025-12-01T20:52:23,039dd1034d39ecd163f51c9479a458f6006e715a,dbt bump to v3.0.0 (#71),35,42,False,0.6428571428571429,5,0.3281512605042017,0.1532586366997672,0.016022210380663843,0.5388615536535177,0.2571428571428571,2,0.942857,0.0,26,3,0,6,35,1
fivetran__dbt_intercom,2025-12-15T13:24:40,074c27da0e03aa79e7abb4a55fcc712c5df775bd,"feat: add article, collection, and help_center models (#74)",42,49,False,0.6428571428571429,5,0.36718496922578553,0.05263753932578089,0.005502863480088657,0.8141579164381879,0.21428571428571427,2,0.952381,0.0,32,3,0,7,42,1
fivetran__dbt_intercom,2026-01-14T09:09:50,1e2c824106b79ec46348f7692937d0284d5f27d1,bugfix/assignee_type_deprecation (#75),42,50,False,0.7857142857142857,5,0.35652038593215063,0.08243428876990765,0.007891495237991266,0.8001059581475484,0.23809523809523808,2,0.952381,0.0,32,3,0,7,42,1
fivetran__dbt_intercom,2026-03-25T14:21:53,cdb24db65f95498fe6d25a6bf98dad2d67afa07b,feature/filter_historical_records_on_fivetran_active (#82),42,50,False,0.7857142857142857,5,0.35652038593215063,0.08243428876990765,0.007891495237991266,0.8001062811697085,0.23809523809523808,2,0.952381,0.0,32,3,0,7,42,1
fivetran__dbt_intercom,2026-06-22T20:18:35,067394cd42e7f9cdc52e6708dc91b6f820ba6074,Standardize unioning macros to use fivetran_utils versions (#84),42,50,False,0.7857142857142857,5,0.35652038593215063,0.08243428876990765,0.007891495237991266,0.8001059900688477,0.23809523809523808,2,0.952381,0.0,32,3,0,7,42,1
fivetran__dbt_intercom_source,2020-12-14T08:23:36,af18f4ad7945edc67df3a831c11f92647bf2d421,sql cleaning and readme updates,26,13,False,0.9285714285714286,1,0.5,2.0,1.0,0.0,0.0,13,0.076923,0.0,26,0,0,0,26,1
fivetran__dbt_intercom_source,2021-01-15T17:23:40,f30ca908c3c7e0512768c98c1b23c137b3a1260e,customer feedback updates,26,13,False,0.9285714285714286,1,0.5,2.0,1.0,0.0,0.0,13,0.076923,0.0,26,0,0,0,26,1
fivetran__dbt_intercom_source,2021-02-08T15:22:22,d20fbc682f0282496bd37b04044a6bb0aee18905,variable fixes and documenation updated,26,13,False,0.9285714285714286,1,0.5,2.0,1.0,0.0,0.0,13,0.076923,0.0,26,0,0,0,26,1
fivetran__dbt_intercom_source,2021-03-25T17:26:28,eb2abec69da79644c6f4013df3fe016a8ddc3aab,remove old team admin var,26,13,False,0.9285714285714286,1,0.5,2.0,1.0,0.0,0.0,13,0.076923,0.0,26,0,0,0,26,1
fivetran__dbt_intercom_source,2021-12-22T22:49:49,ddf617190aba1d5dd6de16cb31fe17e6ea351a14,Update src_intercom.yml,26,13,False,0.9285714285714286,1,0.5,2.0,1.0,0.0,0.0,13,0.076923,0.0,26,0,0,0,26,1
fivetran__dbt_intercom_source,2022-07-21T14:23:25,c5f69e939a804b8e3a042d0613ff6eb108cc2066,Add dbt expectations packages and test,26,13,False,0.9285714285714286,1,0.5,2.0,1.0,0.0,0.0,13,0.076923,0.0,26,0,0,0,26,1
fivetran__dbt_intercom_source,2022-10-31T17:03:10,0a6f72f8d36cf3a9416bd1881a163ace67f00d99,identifier var add,26,13,False,0.9285714285714286,1,0.5,2.0,1.0,0.0,0.0,13,0.076923,0.0,26,0,0,0,26,1
fivetran__dbt_intercom_source,2023-03-20T14:38:59,936f5a13bb8c32aa93377c22ab161a3b9f289ba5,docs regen,26,13,False,0.9285714285714286,1,0.5,2.0,1.0,0.0,0.0,13,0.076923,0.0,26,0,0,0,26,1
fivetran__dbt_intercom_source,2023-05-17T17:54:12,386379b41d631e6b70e2b3fd9f52b0b8254588d3,MagicBot/databricks-compatibility updates,26,13,False,0.9285714285714286,1,0.5,2.0,1.0,0.0,0.0,13,0.076923,0.0,26,0,0,0,26,1
fivetran__dbt_intercom_source,2023-09-22T16:52:21,9d486a6dd5d0acea1e614b5fbb51147cfdd33e9a,remove unique test on company_id in history table,26,13,False,0.9285714285714286,1,0.5,2.0,1.0,0.0,0.0,13,0.076923,0.0,26,0,0,0,26,1
fivetran__dbt_intercom_source,2023-11-06T09:33:15,49a936974f148008e878f05b6a879fb8d460332c,timestamp cast,26,13,False,0.9285714285714286,1,0.5,2.0,1.0,0.0,0.0,13,0.076923,0.0,26,0,0,0,26,1
fivetran__dbt_intercom_source,2025-06-26T10:17:07,aedbfe295b85fd508b3f2d89a9f3b0886981a064,feature/freshness-updates (#42),26,13,False,0.9285714285714286,1,0.5,2.0,1.0,0.0,0.0,13,0.076923,0.0,26,0,0,0,26,1
fivetran__dbt_iterable,2021-04-12T16:55:15,ae6aa73c60862d24a1bd36d916bdfe1563a0caa8,list user history add,6,4,False,0.8571428571428571,1,0.4444444444444444,1.0,0.3333333333333333,0.0,0.0,2,0.5,0.0,0,4,0,2,6,1
fivetran__dbt_iterable,2021-06-30T22:41:02,0e89a1a43dc970ac12449bdd2670accf1ff6a817,Update models/intermediate/int_iterable__latest_user_device.sql,19,20,False,0.7857142857142857,4,0.5384615384615384,0.08758956474662719,0.013205918117026745,0.6684002988728227,0.15789473684210525,2,0.947368,0.052632,0,13,0,6,19,1
fivetran__dbt_iterable,2021-09-30T18:07:20,4963cda53fc7c0e174e7bda9e6643823630364af,remove unnecessary exclusion line,19,20,False,0.7857142857142857,4,0.5384615384615384,0.08758956474662719,0.013205918117026745,0.6684002983210774,0.15789473684210525,2,0.947368,0.052632,0,13,0,6,19,1
fivetran__dbt_iterable,2022-10-13T15:53:51,aa5df9fe91e31f9c88722edd0953bf7362a208ce,Updates for dbt-utils to dbt-core cross-db macro migration,19,20,False,0.7857142857142857,4,0.5384615384615384,0.08758956474662719,0.013205918117026745,0.668400297356622,0.15789473684210525,2,0.947368,0.052632,0,13,0,6,19,1
fivetran__dbt_iterable,2022-11-08T22:39:45,4de671ccd7792954cc4b2c3f59d2efb08eae52fb,var using_campaign_suppression_list_history,19,20,False,0.7857142857142857,4,0.5384615384615384,0.08758956474662719,0.013205918117026745,0.6684002988957648,0.15789473684210525,2,0.947368,0.052632,0,13,0,6,19,1
fivetran__dbt_iterable,2022-12-19T16:14:12,ec7379640a61ff2536104c857e89ba97be36321c,review updates and docs regen,19,20,False,0.7857142857142857,4,0.5384615384615384,0.08758956474662719,0.013205918117026745,0.6684002967622921,0.15789473684210525,2,0.947368,0.052632,0,13,0,6,19,1
fivetran__dbt_iterable,2023-05-02T10:34:24,9a7639fb90abcc38faad180f961ddbbd11fa679e,add partition,19,20,False,0.7857142857142857,4,0.5384615384615384,0.08758956474662719,0.013205918117026745,0.6684002978632592,0.15789473684210525,2,0.947368,0.052632,0,13,0,6,19,1
fivetran__dbt_iterable,2023-05-03T10:26:57,e2219caf6d90357e3eaf88084ee5416e94e2eaa7,snowflake,19,20,False,0.7857142857142857,4,0.5384615384615384,0.08758956474662719,0.013205918117026745,0.668400296689058,0.15789473684210525,2,0.947368,0.052632,0,13,0,6,19,1
fivetran__dbt_iterable,2023-06-27T09:36:07,69f6159813e609d3f79858ea02be470255e95068,update incremental strategies,19,20,False,0.7857142857142857,4,0.5384615384615384,0.08758956474662719,0.013205918117026745,0.6684003001227642,0.15789473684210525,2,0.947368,0.052632,0,13,0,6,19,1
fivetran__dbt_iterable,2023-07-06T14:59:53,109243f8c7b83fc772ea20d7648192bfbd2e3ce5,update model,19,20,False,0.7857142857142857,4,0.5384615384615384,0.08758956474662719,0.013205918117026745,0.6684002978319596,0.15789473684210525,2,0.947368,0.052632,0,13,0,6,19,1
fivetran__dbt_iterable,2023-08-08T13:42:05,302953b77ba16ea828735f7d7ad2d0b0c89d6e49,Update with template id fixes,19,20,False,0.7857142857142857,4,0.5384615384615384,0.08758956474662719,0.013205918117026745,0.6684002978308375,0.15789473684210525,2,0.947368,0.052632,0,13,0,6,19,1
fivetran__dbt_iterable,2023-10-27T17:02:38,81228dae98fbfde67c9ffffb6ef68015a70a36f6,update user unsubscriptions model to include for non history,18,19,False,0.6428571428571429,4,0.5326797385620915,0.09570765216114786,0.014430116752548882,0.6984311397946382,0.16666666666666666,2,0.944444,0.055556,0,12,0,6,18,1
fivetran__dbt_iterable,2023-11-15T08:49:25,285eb0e25ac2e5d8d2708f1bda3b195b5c0803ad,add channel id to unique test in unsub model,18,19,False,0.6428571428571429,4,0.5326797385620915,0.09570765216114786,0.014430116752548882,0.6984311395852497,0.16666666666666666,2,0.944444,0.055556,0,12,0,6,18,1
fivetran__dbt_iterable,2024-07-25T13:10:38,0a9b49eef58a4b40c6e2fc9d30ad3eaa9af9d5a0,update to prefix unique,18,19,False,0.6428571428571429,4,0.5326797385620915,0.09570765216114786,0.014430116752548882,0.6984311388298076,0.16666666666666666,2,0.944444,0.055556,0,12,0,6,18,1
fivetran__dbt_iterable,2024-10-10T11:43:32,c59f8d5b20de5e45a116d60821558ec550d37893,new field for open or click,18,19,False,0.6428571428571429,4,0.5326797385620915,0.09570765216114786,0.014430116752548882,0.6984311404481658,0.16666666666666666,2,0.944444,0.055556,0,12,0,6,18,1
fivetran__dbt_iterable,2024-10-31T11:43:55,2100686ffeb1c296ded6b709153cf96d97e4fb5a,remove created_at from unique test on event model and update seed event_Data,18,19,False,0.6428571428571429,4,0.5326797385620915,0.09570765216114786,0.014430116752548882,0.6984311379553781,0.16666666666666666,2,0.944444,0.055556,0,12,0,6,18,1
fivetran__dbt_iterable,2025-07-02T14:12:31,da8e8cc4ca551893b7d7125d32abbd3443ca7897,Bug fix for databricks incremental table updates (#59),18,19,False,0.6428571428571429,4,0.5326797385620915,0.09570765216114786,0.014430116752548882,0.6984311392758532,0.16666666666666666,2,0.944444,0.055556,0,12,0,6,18,1
fivetran__dbt_iterable,2025-08-14T15:44:38,c1057dc15733fb094a9fb90e52d51c8185e334f3,Consolidate source + remove tests (#63),44,47,False,0.7857142857142857,7,0.4395501405810684,0.07234557565433111,0.008609598268269581,0.7042795559067976,0.09090909090909091,1,1.0,0.0,26,12,0,6,44,1
fivetran__dbt_iterable,2025-11-07T15:59:17,e54fe6d229fba038520bab3694f24ee7c851a098,patch/move-deleted-filter (#70),44,47,False,0.7857142857142857,7,0.4395501405810684,0.07234557565433111,0.008609598268269581,0.704280501922179,0.09090909090909091,1,1.0,0.0,26,12,0,6,44,1
fivetran__dbt_iterable,2025-12-08T14:39:34,4f307e5236fe406f16668932c98e70a6ebc6ae41,Feature/add list user (#71),46,50,False,0.6428571428571429,6,0.4399169761852742,0.06657723298348513,0.007923098744263984,0.7175997139650756,0.10869565217391304,1,1.0,0.0,28,12,0,6,46,1
fivetran__dbt_iterable,2026-01-05T10:22:01,5411fe826bdb1f477aec8f40efb3899561b04dad,bug/users-passthrough-cols (#74),46,50,False,0.6428571428571429,6,0.4399169761852742,0.06657723298348513,0.007923098744263984,0.7175997156532549,0.10869565217391304,1,1.0,0.0,28,12,0,6,46,1
fivetran__dbt_iterable,2026-04-07T20:45:29,0bf08458d97305a18eb59aac32b8cb00c147b83f,bug/databricks-array-int (#78),46,50,False,0.6428571428571429,6,0.4399169761852742,0.06657723298348513,0.007923098744263984,0.7175989340554988,0.10869565217391304,1,1.0,0.0,28,12,0,6,46,1
fivetran__dbt_iterable,2026-06-22T19:47:23,0b65c481a984f8f0e63829366dae317bae955e63,Standardize unioning macros to use fivetran_utils versions (#81),46,50,False,0.6428571428571429,6,0.4399169761852742,0.06657723298348513,0.007923098744263984,0.7175997076244477,0.10869565217391304,1,1.0,0.0,28,12,0,6,46,1
fivetran__dbt_iterable_source,2021-04-20T17:35:46,0e0070b4c8aa2202222eb5def1b8a4b97b827892,additional updates,26,13,False,0.9285714285714286,1,0.5,2.0,1.0,0.0,0.0,13,0.076923,0.0,26,0,0,0,26,1
fivetran__dbt_iterable_source,2021-06-25T10:28:36,d2e62ae5f341417465c87db1ee06aff8f411054c,use new spelling of suppression,28,14,False,0.9285714285714286,1,0.5,2.0,1.0,0.0,0.0,14,0.071429,0.0,28,0,0,0,28,1
fivetran__dbt_iterable_source,2021-09-10T15:56:19,964ee88a91aac2ba3d2bcb1ec3572bc564117e27,rename var,28,14,False,0.9285714285714286,1,0.5,2.0,1.0,0.0,0.0,14,0.071429,0.0,28,0,0,0,28,1
fivetran__dbt_iterable_source,2022-10-13T15:54:09,438897883b93e8c39ba5cdf79d4196035f020a7e,Updates for dbt-utils to dbt-core cross-db macro migration,28,14,False,0.9285714285714286,1,0.5,2.0,1.0,0.0,0.0,14,0.071429,0.0,28,0,0,0,28,1
fivetran__dbt_iterable_source,2022-11-10T13:54:59,7d8775bb81c6623762af43791935b0eb048fdeec,docs and fixes,28,14,False,0.9285714285714286,1,0.5,2.0,1.0,0.0,0.0,14,0.071429,0.0,28,0,0,0,28,1
fivetran__dbt_iterable_source,2022-12-15T14:38:47,8d111ecad506bc5617e3b4d6dd46e5ad747978a2,Merge branch 'main' into MagicBot/dbt-utils-cross-db-migration,28,14,False,0.9285714285714286,1,0.5,2.0,1.0,0.0,0.0,14,0.071429,0.0,28,0,0,0,28,1
fivetran__dbt_iterable_source,2023-01-24T16:20:26,794a10642cde7dc8162ca04021214e246c9b5ac9,regen docs,28,14,False,0.9285714285714286,1,0.5,2.0,1.0,0.0,0.0,14,0.071429,0.0,28,0,0,0,28,1
fivetran__dbt_iterable_source,2023-05-17T18:16:37,66486f174a4abac117f7e380c93d7e3db85e8d42,update src yml,28,14,False,0.9285714285714286,1,0.5,2.0,1.0,0.0,0.0,14,0.071429,0.0,28,0,0,0,28,1
fivetran__dbt_iterable_source,2023-11-20T15:57:54,6b8f9de0c200fc78e8a7a94145ae9cfaeab9a826,change test back,26,13,False,0.9285714285714286,1,0.5,2.0,1.0,0.0,0.0,13,0.076923,0.0,26,0,0,0,26,1
fivetran__dbt_iterable_source,2024-05-20T19:39:31,79c6b170771e7735e6ff539a99bd9f6cfad643dd,Catch all recent unsubscribes by updating partitions,26,13,False,0.9285714285714286,1,0.5,2.0,1.0,0.0,0.0,13,0.076923,0.0,26,0,0,0,26,1
fivetran__dbt_iterable_source,2024-07-17T18:03:30,313b3ca392c3633ca5cb449390ec04456c078200,add event_extension var,26,13,False,0.9285714285714286,1,0.5,2.0,1.0,0.0,0.0,13,0.076923,0.0,26,0,0,0,26,1
fivetran__dbt_iterable_source,2024-07-25T11:28:54,0d8f8c388b9213c22a0a5b10787ca22eb9e7b315,add enable config,26,13,False,0.9285714285714286,1,0.5,2.0,1.0,0.0,0.0,13,0.076923,0.0,26,0,0,0,26,1
fivetran__dbt_iterable_source,2024-10-31T11:40:04,4bdc8f7aed661eb7fdf22740e9fd63b83267df03,rm unique test on created_at in event  and update docs and seed,26,13,False,0.9285714285714286,1,0.5,2.0,1.0,0.0,0.0,13,0.076923,0.0,26,0,0,0,26,1
fivetran__dbt_iterable_source,2025-07-08T13:30:52,e20b657869003ec2b1221e2a94a3d32cb16925c0,patch/json-bigquery-compatibility (#43),26,13,False,0.9285714285714286,1,0.5,2.0,1.0,0.0,0.0,13,0.076923,0.0,26,0,0,0,26,1
fivetran__dbt_jira,2020-12-22T14:46:51,a2d5c99714aeb447a6a1232868c59227cc40ac98,snowflake star macro issues,20,23,False,0.5,5,0.4764367816091954,0.09051492241470915,0.013373085914807424,0.5556113183385247,0.2,1,1.0,0.0,0,16,0,4,20,1
fivetran__dbt_jira,2021-01-15T12:32:47,ce40a6cc5cf122a054f3e9a5d08010ac479354b0,Merge pull request #10 from fivetran/create_comment_variable,20,23,False,0.5,5,0.4764367816091954,0.09051492241470915,0.013373085914807424,0.5556110015498055,0.2,1,1.0,0.0,0,16,0,4,20,1
fivetran__dbt_jira,2021-02-12T12:42:58,a4c42caedba5bf556ae2fe3bb2f04eeb760e5c56,add comments,21,24,False,0.5,4,0.47112462006079026,0.07079494295256324,0.010459566545198147,0.637681088108377,0.19047619047619047,1,1.0,0.0,0,17,0,4,21,1
fivetran__dbt_jira,2021-03-19T14:32:26,3affe1a40843b41959ffd3e3b347a051491b7bb1,disable component related models,21,25,False,0.5,4,0.32932799287939474,0.20308423409654822,0.027272713571121206,0.587505917645413,0.23809523809523808,1,1.0,0.0,0,17,0,4,21,1
fivetran__dbt_jira,2021-04-13T16:01:16,4ac1fc022eb4c45aeaa82a4f1bef206da9aab31b,change unique key daily history,21,25,False,0.5,4,0.32932799287939474,0.20308423409654822,0.027272713571121206,0.587505919893414,0.23809523809523808,1,1.0,0.0,0,17,0,4,21,1
fivetran__dbt_jira,2021-05-20T09:42:22,9cf4eb908b31804448a019ba71a94ab9610dbc79,Merge pull request #26 from fivetran/dbt-compile-fix,21,25,False,0.5,4,0.32932799287939474,0.20308423409654822,0.027272713571121206,0.5875059157493779,0.23809523809523808,1,1.0,0.0,0,17,0,4,21,1
fivetran__dbt_jira,2021-07-15T13:28:20,27042e5c139c9c76874926b4d971636b0da00d96,fix for snowflake customers,22,27,False,0.7142857142857143,4,0.32219251336898397,0.2029946460415512,0.02589524181331225,0.6026795411397498,0.2727272727272727,1,1.0,0.0,0,18,0,4,22,1
fivetran__dbt_jira,2021-08-19T17:11:04,bbee907d07064c888530727bee7f31737c2685ec,versions disable and docs update,22,27,False,0.7142857142857143,4,0.32219251336898397,0.2029946460415512,0.02589524181331225,0.6026795343602269,0.2727272727272727,1,1.0,0.0,0,18,0,4,22,1
fivetran__dbt_jira,2021-08-24T10:29:32,e9af7b221f216333f7600be69c9e5c6dee222fa9,Merge pull request #37 from fivetran/fix/field-history-partition,22,27,False,0.7142857142857143,4,0.32219251336898397,0.2029946460415512,0.02589524181331225,0.6026795910525213,0.2727272727272727,1,1.0,0.0,0,18,0,4,22,1
fivetran__dbt_jira,2021-09-20T10:25:10,27b8c7e9c139627eeadbd13c6150000af56c4eda,dbt utils snowflake conditional revert,22,27,False,0.7142857142857143,4,0.32219251336898397,0.2029946460415512,0.02589524181331225,0.6026795426534229,0.2727272727272727,1,1.0,0.0,0,18,0,4,22,1
fivetran__dbt_jira,2021-12-01T11:35:05,35c063616be2737248206e937020282863666f3f,Merge pull request #47 from fivetran/hotfix/current-date-utc,22,27,False,0.7142857142857143,4,0.32219251336898397,0.2029946460415512,0.02589524181331225,0.6026795421479382,0.2727272727272727,1,1.0,0.0,0,18,0,4,22,1
fivetran__dbt_jira,2022-04-14T13:00:04,51881da427fb759422162c4e58204b2d33904ed3,Whitespace,22,27,False,0.7142857142857143,4,0.32219251336898397,0.2029946460415512,0.02589524181331225,0.6026795349122777,0.2727272727272727,1,1.0,0.0,0,18,0,4,22,1
fivetran__dbt_jira,2022-05-17T08:29:31,f3d53ae43faada05a6cb904faf1dcb50b6c53496,Merge branch 'main' into main,22,27,False,0.7142857142857143,4,0.32219251336898397,0.2029946460415512,0.02589524181331225,0.6026795382501585,0.2727272727272727,1,1.0,0.0,0,18,0,4,22,1
fivetran__dbt_jira,2022-06-27T11:37:11,51cb9bd2bc2958eadb04834534e29d5a8ecb6e1c,Corrected status to be refered to field_id,22,27,False,0.7142857142857143,4,0.32219251336898397,0.2029946460415512,0.02589524181331225,0.6026795420842652,0.2727272727272727,1,1.0,0.0,0,18,0,4,22,1
fivetran__dbt_jira,2022-10-13T15:54:28,d0ebe4d8aa9632c399207221b168365ab2116d8e,Updates for dbt-utils to dbt-core cross-db macro migration,22,27,False,0.7142857142857143,4,0.32219251336898397,0.2029946460415512,0.02589524181331225,0.6026795409083607,0.2727272727272727,1,1.0,0.0,0,18,0,4,22,1
fivetran__dbt_jira,2022-11-07T18:14:10,3a3eb56848acea65cae0a460e5768e5d7fbb5b13,regen docs,22,27,False,0.7142857142857143,4,0.32219251336898397,0.2029946460415512,0.02589524181331225,0.6026795367427017,0.2727272727272727,1,1.0,0.0,0,18,0,4,22,1
fivetran__dbt_jira,2022-11-22T15:14:12,1489a54e325c44f96fb8cdc42b48e6008752fc74,update int_jira__issue_sprint,22,27,False,0.7142857142857143,4,0.32219251336898397,0.2029946460415512,0.02589524181331225,0.6026795396246143,0.2727272727272727,1,1.0,0.0,0,18,0,4,22,1
fivetran__dbt_jira,2022-12-19T20:18:59,a6ea6c475a2d90b764de070f60b077f2982968a6,docs regen,22,27,False,0.7142857142857143,4,0.32219251336898397,0.2029946460415512,0.02589524181331225,0.602679583944889,0.2727272727272727,1,1.0,0.0,0,18,0,4,22,1
fivetran__dbt_jira,2023-02-06T16:53:02,7735f3ad489aa5f35e2f23f459f0cb43d9b7b012,Update issue field history to fix component bug,22,27,False,0.7142857142857143,4,0.32219251336898397,0.2029946460415512,0.02589524181331225,0.6026795402534366,0.2727272727272727,1,1.0,0.0,0,18,0,4,22,1
fivetran__dbt_jira,2023-02-13T14:23:48,cc2ba88970a8a9adf42e2dbd2de6655cc32e136c,last whitespace,22,27,False,0.7142857142857143,4,0.32219251336898397,0.2029946460415512,0.02589524181331225,0.6026795333341076,0.2727272727272727,1,1.0,0.0,0,18,0,4,22,1
fivetran__dbt_jira,2023-04-06T11:27:58,df6f64552f9cc9ef9a9807c9a40b90a18004ded3,removing comment,22,27,False,0.7142857142857143,4,0.32219251336898397,0.2029946460415512,0.02589524181331225,0.602679589248958,0.2727272727272727,1,1.0,0.0,0,18,0,4,22,1
fivetran__dbt_jira,2023-05-10T16:10:50,0f2dafaff756f616d3428a2cf1a6b8a126eae137,"Modified issue field history to account for incremental loads, regen docs",22,27,False,0.7142857142857143,4,0.32219251336898397,0.2029946460415512,0.02589524181331225,0.6026795432197392,0.2727272727272727,1,1.0,0.0,0,18,0,4,22,1
fivetran__dbt_jira,2023-06-08T15:04:13,957b922904ec9f380405f73662f5078cbcc38c0c,bigquery fix for timestamp datatype,22,28,False,0.5,4,0.3378893833439288,0.20838312164567319,0.026582534353641718,0.6082063331506041,0.3181818181818182,1,1.0,0.0,0,18,0,4,22,1
fivetran__dbt_jira,2023-06-13T15:06:47,51f5a410c7e36ca5746ff22877abf93908ff6b59,Merge branch 'release/v0.14.0' into bugfix/updated-issues-field-tracking,22,28,False,0.5,4,0.3378893833439288,0.20838312164567319,0.026582534353641718,0.6082063335139194,0.3181818181818182,1,1.0,0.0,0,18,0,4,22,1
fivetran__dbt_jira,2023-09-19T17:50:09,217282575fec231edbe97cb6939ad79957973d9a,update,22,28,False,0.5,4,0.3378893833439288,0.20838312164567319,0.026582534353641718,0.6082063186425686,0.3181818181818182,1,1.0,0.0,0,18,0,4,22,1
fivetran__dbt_jira,2024-03-25T10:02:23,c1e6fc845a1c838372d7c0487ea2b212db2948b7,bugfix/revised-parent-id-datatype (#122),22,28,False,0.5,4,0.3378893833439288,0.20838312164567319,0.026582534353641718,0.608206319444842,0.3181818181818182,1,1.0,0.0,0,18,0,4,22,1
fivetran__dbt_jira,2024-04-30T18:37:12,251785a20bc59c587d956b74d9538f43f4fc9754,Feature/performance enhancement (#127),19,25,False,0.7857142857142857,4,0.3501611170784103,0.2650561105082121,0.03381206476367746,0.516285116186083,0.3684210526315789,1,1.0,0.0,0,15,0,4,19,1
fivetran__dbt_jira,2024-10-16T14:00:36,947433271b71f12992f197125e6faa2454242b03,bug/too-many-partitions (#131),19,25,False,0.7857142857142857,4,0.3501611170784103,0.2650561105082121,0.03381206476367746,0.5162850870907297,0.3684210526315789,1,1.0,0.0,0,15,0,4,19,1
fivetran__dbt_jira,2024-11-12T16:34:10,9ece92fc1f30f79a0a3ef11a813c4a30a8d08cfb,Bug/string agg limit (#133),19,25,False,0.7857142857142857,4,0.3501611170784103,0.2650561105082121,0.03381206476367746,0.5162851167321373,0.3684210526315789,1,1.0,0.0,0,15,0,4,19,1
fivetran__dbt_jira,2025-04-30T15:32:46,14923fdb3062cc468fe969c5c04e752873a114b4,[Feature] Sprint enhanced models & daily sprint-issue history (to build velocity report) (#136),21,29,False,0.5714285714285714,4,0.43260694108151737,0.3035567019950625,0.035752901124747063,0.4586779296473308,0.42857142857142855,1,1.0,0.0,0,15,0,6,21,1
fivetran__dbt_jira,2025-06-26T12:08:05,301e706c5171f4407508fdefb8c5df8e3318574b,Feature/freshness updates (#140),21,29,False,0.5714285714285714,4,0.43260694108151737,0.3035567019950625,0.035752901124747063,0.45867784767011,0.42857142857142855,1,1.0,0.0,0,15,0,6,21,1
fivetran__dbt_jira,2025-08-14T19:50:59,b5aa419bfa469d6376d942891921d550de7b1585,Consolidate source + remove tests (#145),55,72,False,0.5,8,0.3290796160361378,0.2116285876378911,0.017207276156536888,0.21676285934051231,0.34545454545454546,2,0.963636,0.0,34,15,0,6,55,1
fivetran__dbt_jira,2025-10-28T09:44:34,aacdc9b344e13e7e34c8d4b4386737a9cf2da60d,PR changes,61,89,False,0.5714285714285714,6,0.38152011922503726,0.22698676963614617,0.017373644310814,0.2244405758747836,0.4918032786885246,2,0.967213,0.0,36,17,0,8,61,1
fivetran__dbt_jira,2025-11-11T09:10:04,2077805a1ec22857ea65c4874d568eee12a2ca6e,Final PR review,61,90,False,0.7142857142857143,6,0.38064012490242,0.22700554542250004,0.017369176061610717,0.22182066143104345,0.5081967213114754,2,0.967213,0.0,36,17,0,8,61,1
fivetran__dbt_jira,2025-12-10T10:27:55,496a987a37675cdb2799d5d305721f8e76bc7e4d,Release v1.3.1 (#161),61,90,False,0.7142857142857143,6,0.38064012490242,0.22700554542250004,0.017369176061610717,0.22182060097677458,0.5081967213114754,2,0.967213,0.0,36,17,0,8,61,1
fivetran__dbt_jira,2026-01-20T08:56:04,f04da67e3786cd89950b85bb56ac502d10127baa,Update `.quickstart.yml` and `README` (#165),61,90,False,0.7142857142857143,6,0.38064012490242,0.22700554542250004,0.017369176061610717,0.2218194307014143,0.5081967213114754,2,0.967213,0.0,36,17,0,8,61,1
fivetran__dbt_jira,2026-02-03T17:03:47,14ed96b7ceb9a34cdee6f91bb1cee90e2052b189,release v1.5.0 (#168),61,91,False,0.7857142857142857,6,0.37627590473244665,0.21432675231193452,0.016406300663883943,0.46624990622593576,0.5245901639344263,2,0.967213,0.0,36,17,0,8,61,1
fivetran__dbt_jira,2026-03-17T14:48:47,c0bb30357a32919ec9f9643d1eaee35a8618ce47,Refactor + resolve & persist docs errors (#175),61,91,False,0.7857142857142857,6,0.37627590473244665,0.21432675231193452,0.016406300663883943,0.4662478313539848,0.5245901639344263,2,0.967213,0.0,36,17,0,8,61,1
fivetran__dbt_jira,2026-04-15T15:36:24,d2e28d19e6527855e181e62fb721c5a0555e2c9f,Release v1.8.0 (#182),61,91,False,0.7857142857142857,6,0.37627590473244665,0.21432675231193452,0.016406300663883943,0.4662500747850408,0.5245901639344263,2,0.967213,0.0,36,17,0,8,61,1
fivetran__dbt_jira,2026-05-11T09:17:01,fc481bc951c6b873ca9a82e9c634443b03279ed8,Feature/add team variable to jira sprint enhanced (#186),61,91,False,0.7857142857142857,6,0.37627590473244665,0.21432675231193452,0.016406300663883943,0.46624782866765746,0.5245901639344263,2,0.967213,0.0,36,17,0,8,61,1
fivetran__dbt_jira,2026-06-24T11:24:32,6b7d33392a306ae41a54b9a111c5d9f14a83dcb5,bug/string-limit-bq-sf (#193),61,90,False,0.7142857142857143,7,0.37728226245047003,0.21425683015705005,0.016406502486086893,0.4739198031921977,0.5081967213114754,2,0.967213,0.0,36,17,0,8,61,1
fivetran__dbt_jira_source,2020-12-11T17:34:51,bb36254e2d07ae98562b802fa65570826f581c63,readme,32,16,False,0.9285714285714286,1,0.5,2.0,1.0,0.0,0.0,16,0.0625,0.0,32,0,0,0,32,1
fivetran__dbt_jira_source,2021-01-11T10:42:34,11baca09d8c593b17534778a82c22e46d78e23fa,further remove references to board,28,14,False,0.9285714285714286,1,0.5,2.0,1.0,0.0,0.0,14,0.071429,0.0,28,0,0,0,28,1
fivetran__dbt_jira_source,2021-01-15T11:39:07,930bf8468a6e91b29e0fe5cea6ff507f6d5a4feb,update name of sprint variable,28,14,False,0.9285714285714286,1,0.5,2.0,1.0,0.0,0.0,14,0.071429,0.0,28,0,0,0,28,1
fivetran__dbt_jira_source,2021-03-19T14:59:58,c1942c4c49623c993ec77f41ac84836f48dcf1ca,Merge pull request #9 from fivetran/disable_component,30,15,False,0.9285714285714286,1,0.5,2.0,1.0,0.0,0.0,15,0.066667,0.0,30,0,0,0,30,1
fivetran__dbt_jira_source,2021-04-18T19:49:54,6fa24903293d35cfc2165ff7351586ec60952afa,Update field_option variable reference,30,15,False,0.9285714285714286,1,0.5,2.0,1.0,0.0,0.0,15,0.066667,0.0,30,0,0,0,30,1
fivetran__dbt_jira_source,2021-07-06T16:45:06,903d5558e925f63011156db12959fbaa58d277aa,add status category,34,17,False,0.9285714285714286,1,0.5,2.0,1.0,0.0,0.0,17,0.058824,0.0,34,0,0,0,34,1
fivetran__dbt_jira_source,2021-08-19T16:39:29,c329f84a7a60d602e92663ea7fd57fb3407c9fce,docs and yml updates,34,17,False,0.9285714285714286,1,0.5,2.0,1.0,0.0,0.0,17,0.058824,0.0,34,0,0,0,34,1
fivetran__dbt_jira_source,2021-12-07T09:25:17,203f883fd2d9b0bd71efc2c77164594b5c869162,remove unecessary casting for other warehouses,34,17,False,0.9285714285714286,1,0.5,2.0,1.0,0.0,0.0,17,0.058824,0.0,34,0,0,0,34,1
fivetran__dbt_jira_source,2021-12-08T18:43:36,ce645875e7555fb86ddad39add4913e7162be2a4,changelog and batch conditional update,34,17,False,0.9285714285714286,1,0.5,2.0,1.0,0.0,0.0,17,0.058824,0.0,34,0,0,0,34,1
fivetran__dbt_jira_source,2022-04-29T15:54:34,0512192ffc71209a27c198f0f2b3580ed6edc57c,due date fix,34,17,False,0.9285714285714286,1,0.5,2.0,1.0,0.0,0.0,17,0.058824,0.0,34,0,0,0,34,1
fivetran__dbt_jira_source,2022-06-01T09:21:37,993c98c886b83b467a4f7cb18a4aa4874da141b5,Update src_jira.yml,34,17,False,0.9285714285714286,1,0.5,2.0,1.0,0.0,0.0,17,0.058824,0.0,34,0,0,0,34,1
fivetran__dbt_jira_source,2022-06-30T10:42:17,340046c43b002d8dc4d8da9d61a42e9f5aec2fff,configuration modifications,34,17,False,0.9285714285714286,1,0.5,2.0,1.0,0.0,0.0,17,0.058824,0.0,34,0,0,0,34,1
fivetran__dbt_jira_source,2022-09-20T15:53:21,a7e7e2aaa6eeb66580bbfc842ecb44adac053ef9,missed priority updates,34,17,False,0.9285714285714286,1,0.5,2.0,1.0,0.0,0.0,17,0.058824,0.0,34,0,0,0,34,1
fivetran__dbt_jira_source,2022-10-25T13:16:03,2961b3d3eab279d2e2476995eaa4cde45f9f696a,pr updates,34,17,False,0.9285714285714286,1,0.5,2.0,1.0,0.0,0.0,17,0.058824,0.0,34,0,0,0,34,1
fivetran__dbt_jira_source,2025-03-06T00:36:17,6bcfb261ac901f5550d82ba7812276793b318a84,Add is-active,34,17,False,0.9285714285714286,1,0.5,2.0,1.0,0.0,0.0,17,0.058824,0.0,34,0,0,0,34,1
fivetran__dbt_jira_source,2025-04-30T09:26:42,df9ef181cdb75881f5008849890ecf4be124ad9b,Final PR review notes,34,17,False,0.9285714285714286,1,0.5,2.0,1.0,0.0,0.0,17,0.058824,0.0,34,0,0,0,34,1
fivetran__dbt_jira_source,2025-06-26T10:37:04,869977573a020d3a045f78b38bc2fabf94223ea2,feature/freshness-updates (#45),34,17,False,0.9285714285714286,1,0.5,2.0,1.0,0.0,0.0,17,0.058824,0.0,34,0,0,0,34,1
fivetran__dbt_jira_source,2025-07-21T09:15:17,7054ad4eea007b1474db43b5cceacb2c1848d31f,freature/work-type-support (#47),34,17,False,0.9285714285714286,1,0.5,2.0,1.0,0.0,0.0,17,0.058824,0.0,34,0,0,0,34,1
fivetran__dbt_klaviyo,2021-05-21T08:54:19,8339ef55a79177d8e7e5399d24d7c582dd73a538,more parameters for spark,8,7,False,0.6428571428571429,3,0.5654761904761905,0.30647479777212744,0.06529735850286968,0.35052001978971103,0.0,1,1.0,0.0,0,3,0,5,8,1
fivetran__dbt_klaviyo,2021-06-08T15:40:55,2066695ad8f7bea0ebb3baab9a43ddfacd0fe982,comments,8,7,False,0.6428571428571429,3,0.5654761904761905,0.30647479777212744,0.06529735850286968,0.35052001978975755,0.0,1,1.0,0.0,0,3,0,5,8,1
fivetran__dbt_klaviyo,2021-10-14T14:10:28,e1cb9c503c5df3ace2d0121244d8d378627b9e1c,remove duplicate source_relation from klaviyo__campaigns and klaviyo__flows,8,7,False,0.6428571428571429,3,0.5654761904761905,0.30647479777212744,0.06529735850286968,0.3505200197897734,0.0,1,1.0,0.0,0,3,0,5,8,1
fivetran__dbt_klaviyo,2021-10-27T12:58:47,6ade524b1fb82ddac13725962fe0b2deb8963699,feedback,8,7,False,0.6428571428571429,3,0.5654761904761905,0.30647479777212744,0.06529735850286968,0.3505200197897586,0.0,1,1.0,0.0,0,3,0,5,8,1
fivetran__dbt_klaviyo,2021-12-06T17:34:59,7ea4bbfdb257f4673542128e4d8cb87ccdfd1522,unique event id yml addition,8,7,False,0.6428571428571429,3,0.5654761904761905,0.30647479777212744,0.06529735850286968,0.35052001978977104,0.0,1,1.0,0.0,0,3,0,5,8,1
fivetran__dbt_klaviyo,2022-03-25T10:57:38,864732b7e427aaf3431c415140054200aa97d303,macro moved to fivetran_utils,8,7,False,0.6428571428571429,3,0.5654761904761905,0.30647479777212744,0.06529735850286968,0.3505200197897708,0.0,1,1.0,0.0,0,3,0,5,8,1
fivetran__dbt_klaviyo,2022-10-13T11:36:30,dd8ae1ae223807733608e2f5db3d2664de26e6b5,redshift too,8,7,False,0.6428571428571429,3,0.5654761904761905,0.30647479777212744,0.06529735850286968,0.3505200197897543,0.0,1,1.0,0.0,0,3,0,5,8,1
fivetran__dbt_klaviyo,2022-10-17T10:37:49,c14d05578ddf7ac11bbb6664693399f6169a6d90,Updates for dbt-utils to dbt-core cross-db macro migration,8,7,False,0.6428571428571429,3,0.5654761904761905,0.30647479777212744,0.06529735850286968,0.350520019789717,0.0,1,1.0,0.0,0,3,0,5,8,1
fivetran__dbt_klaviyo,2023-10-31T17:06:15,4a3dfcdf44991986f505515d8bc1aaf0f7d4fcc8,docs and rm not null for email,8,7,False,0.6428571428571429,3,0.5654761904761905,0.30647479777212744,0.06529735850286968,0.3505200197897263,0.0,1,1.0,0.0,0,3,0,5,8,1
fivetran__dbt_klaviyo,2024-02-29T14:47:38,2a75537fb9f41d4e4dec700f6ad323d0a218ee4c,updates,8,7,False,0.6428571428571429,3,0.5654761904761905,0.30647479777212744,0.06529735850286968,0.35052001978974906,0.0,1,1.0,0.0,0,3,0,5,8,1
fivetran__dbt_klaviyo,2024-09-16T15:37:55,db28cd76da639b3158c87985158854d674032e77,bugfix/too-many-partitions (#41),8,7,False,0.6428571428571429,3,0.5654761904761905,0.30647479777212744,0.06529735850286968,0.3505200197897578,0.0,1,1.0,0.0,0,3,0,5,8,1
fivetran__dbt_klaviyo,2025-08-14T21:15:49,dda50fe800eb2ec1ee7737018538cff567cd70a9,Consolidate source + remove tests (#51),18,20,False,0.7857142857142857,5,0.31417624521072796,0.20743805817412128,0.02814302898673679,0.8266341324495639,0.16666666666666666,1,1.0,0.0,10,3,0,5,18,1
fivetran__dbt_klaviyo,2025-09-17T13:12:30,e0d58beeb2b03b76d51a3be7a4ff059b96f41e29,Bug/last touch attribution (#53),18,21,False,0.42857142857142855,5,0.30952380952380953,0.26794919243112125,0.036158884558677974,0.8049529357564844,0.2222222222222222,1,1.0,0.0,10,3,0,5,18,1
fivetran__dbt_klaviyo,2025-10-07T12:07:48,c4e95ffdde9fc7965706b3969ea11946a77a2558,update/property-attribution-extraction (#54),18,21,False,0.42857142857142855,5,0.30952380952380953,0.26794919243112125,0.036158884558677974,0.8049527460812572,0.2222222222222222,1,1.0,0.0,10,3,0,5,18,1
fivetran__dbt_klaviyo,2025-12-09T14:14:06,b7fbd123d0e6c5f5eca2fdf34a1d7d37bf6bff98,feature/no-renaming-support (#56),18,21,False,0.42857142857142855,5,0.30952380952380953,0.26794919243112125,0.036158884558677974,0.8049529710126396,0.2222222222222222,1,1.0,0.0,10,3,0,5,18,1
fivetran__dbt_klaviyo,2026-02-12T18:07:52,6b46a8e378a70097ce7ccc82e57d2109a2c772e3,test/json-all-warehouses (#59),18,21,False,0.42857142857142855,5,0.30952380952380953,0.26794919243112125,0.036158884558677974,0.8049528380245197,0.2222222222222222,1,1.0,0.0,10,3,0,5,18,1
fivetran__dbt_klaviyo,2026-06-22T20:43:25,9b5a32ecefb393dfb6ce84abc16de6ae3d65eb47,Standardize unioning macros to use fivetran_utils versions (#62),18,21,False,0.42857142857142855,5,0.30952380952380953,0.26794919243112125,0.036158884558677974,0.8049529265324042,0.2222222222222222,1,1.0,0.0,10,3,0,5,18,1
fivetran__dbt_linkedin,2020-08-10T17:51:32,ff1075073326d99c35aaa5549689559ee9727eae,cross db compatibility,4,3,True,,,,,,,,1,1.0,0.0,0,0,0,4,4,1
fivetran__dbt_linkedin,2020-11-06T15:06:55,356ef8adb3bf3757222a86bb44673c73c9b6dc11,fixing tests,4,3,True,,,,,,,,1,1.0,0.0,0,0,0,4,4,1
fivetran__dbt_linkedin,2021-03-23T15:26:33,0c34e152caa8ff402182631562b24a758533062c,remove default [] values,4,3,True,,,,,,,,1,1.0,0.0,0,0,0,4,4,1
fivetran__dbt_linkedin,2022-08-02T14:40:38,69e78c3a1479407936814a35319c1d2e08809045,merging with main:,5,0,False,,,0.0,0.0,0.0,0.0,0.0,5,0.2,1.0,0,0,0,5,5,1
fivetran__dbt_linkedin,2022-08-23T16:24:24,6ca33f37b0d0dba5bf7cb8468284e9c4451a909d,before merge updates,5,0,False,,,0.0,0.0,0.0,0.0,0.0,5,0.2,1.0,0,0,0,5,5,1
fivetran__dbt_linkedin,2022-12-14T12:13:19,2900f82658db3d60835c2bd41b6973c8989df60f,pr updates,5,0,False,,,0.0,0.0,0.0,0.0,0.0,5,0.2,1.0,0,0,0,5,5,1
fivetran__dbt_linkedin,2023-02-03T15:37:42,9079e619f3dc92b442d4a47d4d8bf25af28e9518,creative report test failures,5,0,False,,,0.0,0.0,0.0,0.0,0.0,5,0.2,1.0,0,0,0,5,5,1
fivetran__dbt_linkedin,2023-02-08T13:21:39,e89e6e4f1cbd296fa2420796f387c8873f1d9b59,updating creative model,5,0,False,,,0.0,0.0,0.0,0.0,0.0,5,0.2,1.0,0,0,0,5,5,1
fivetran__dbt_linkedin,2023-09-01T14:26:22,68abd189d3a0628fc5f4b4694cc19108acce5a9e,magicbot revisions,5,0,False,,,0.0,0.0,0.0,0.0,0.0,5,0.2,1.0,0,0,0,5,5,1
fivetran__dbt_linkedin,2024-07-30T12:34:18,51d8b744838c6ddd5a1b867d7cdecf4d0227c3b3,Add conversions to Linkedin Ads Transform package (#36),5,0,False,,,0.0,0.0,0.0,0.0,0.0,5,0.2,1.0,0,0,0,5,5,1
fivetran__dbt_linkedin,2024-11-04T12:01:46,42acae1684b7177e1dfec8e7e43bdf9673902cee,Bugfix/backwards compatible conversion value (#41),5,0,False,,,0.0,0.0,0.0,0.0,0.0,5,0.2,1.0,0,0,0,5,5,1
fivetran__dbt_linkedin,2024-12-16T12:19:35,15e32ce3a745e54a8cffe037486d97dcf95e13f4,feature/click-uri-updates (#38),5,0,False,,,0.0,0.0,0.0,0.0,0.0,5,0.2,1.0,0,0,0,5,5,1
fivetran__dbt_linkedin,2025-04-29T16:41:35,ae12d5988b76e62e8baa8daf0406d45a77f54a8e,feature/country-region-reports (#44),7,0,False,,,0.0,0.0,0.0,0.0,0.0,7,0.142857,1.0,0,0,0,7,7,1
fivetran__dbt_linkedin,2025-08-14T20:08:26,c7ccd70a1770b8a4b63c1d8b066b3e7c7308ab2b,Consolidate source + remove tests (#51),25,40,False,0.7142857142857143,5,0.58,0.31866935639502375,0.02878622332496298,0.13691596019003238,0.64,1,1.0,0.0,18,0,0,7,25,1
fivetran__dbt_linkedin,2026-01-20T10:21:33,c8954466e092be5a89cf275069c06d8cf8f69769,Update `.quickstart.yml` and `README` (#58),25,40,False,0.7142857142857143,5,0.58,0.31866935639502375,0.02878622332496298,0.13691596018964095,0.64,1,1.0,0.0,18,0,0,7,25,1
fivetran__dbt_linkedin,2026-06-22T20:27:45,32ae9638e669435dd56efb9e564a73880d7b2a47,Standardize unioning macros to use fivetran_utils versions (#63),25,40,False,0.7142857142857143,5,0.58,0.31866935639502375,0.02878622332496298,0.13691596019175273,0.64,1,1.0,0.0,18,0,0,7,25,1
fivetran__dbt_mailchimp,2020-04-28T15:36:12,41053836e454a80d6f72350d16793893b4afff27,testing clean up,34,53,False,0.5714285714285714,4,0.553508150248051,0.18358961747816754,0.016372902207762025,0.6304263844784951,0.6176470588235294,2,0.970588,0.029412,12,13,0,9,34,1
fivetran__dbt_mailchimp,2020-10-27T08:10:45,c7868eeb25b0ad0372d72a1572149ecadacf3fa3,update to dbt 0.18.0,34,53,False,0.5714285714285714,4,0.553508150248051,0.18358961747816754,0.016372902207762025,0.6304263854615131,0.6176470588235294,2,0.970588,0.029412,12,13,0,9,34,1
fivetran__dbt_mailchimp,2021-09-28T22:48:54,d9793e05f5b7a42d8e8daf8f73cd713b3804a0da,moving stg files to source package,22,32,False,0.5,4,0.6063174114021571,0.18563557229621402,0.021895625192140764,0.5679481271164745,0.5,1,1.0,0.0,0,13,0,9,22,1
fivetran__dbt_mailchimp,2021-10-21T21:19:58,e724a0572eb25f08eed71a0e4cd0ed8dd0db4bdb,"clean/ add comments, int models to ephemeral",22,32,False,0.6428571428571429,4,0.6063174114021571,0.18563557229621383,0.02189562519214074,0.5679481275080569,0.5,1,1.0,0.0,0,13,0,9,22,1
fivetran__dbt_mailchimp,2022-10-13T15:58:21,63f6930cc10449889fe638daa7b0b70cbde21bb6,Updates for dbt-utils to dbt-core cross-db macro migration,22,32,False,0.6428571428571429,4,0.6063174114021571,0.18563557229621383,0.02189562519214074,0.567948127431703,0.5,1,1.0,0.0,0,13,0,9,22,1
fivetran__dbt_mailchimp,2023-05-09T12:52:11,4aae6687b29b43df8e8bb12697aa3a18715cf226,feature/databricks-compatibility,22,32,False,0.6428571428571429,4,0.6063174114021571,0.18563557229621383,0.02189562519214074,0.5679481274360242,0.5,1,1.0,0.0,0,13,0,9,22,1
fivetran__dbt_mailchimp,2023-07-28T22:58:45,09665db049346af5b95858d5698ffd18c185914c,updates,22,32,False,0.6428571428571429,4,0.6063174114021571,0.18563557229621383,0.02189562519214074,0.5679481274722071,0.5,1,1.0,0.0,0,13,0,9,22,1
fivetran__dbt_mailchimp,2023-08-07T18:33:17,d1edef222abeee8de1aa51680f290c1665ab97e0,updates,22,32,False,0.6428571428571429,4,0.6063174114021571,0.18563557229621383,0.02189562519214074,0.5679481277216933,0.5,1,1.0,0.0,0,13,0,9,22,1
fivetran__dbt_mailchimp,2024-12-09T18:50:13,4624d00dd4f9839a8041f99c9569bfcec3d074a7,Feature/using unsubscribes var (#46),22,32,False,0.6428571428571429,4,0.6063174114021571,0.18563557229621383,0.02189562519214074,0.5679481280488704,0.5,1,1.0,0.0,0,13,0,9,22,1
fivetran__dbt_mailchimp,2025-08-14T23:44:47,4d814357257cefd7436e74231d6c6da745f88819,Consolidate source + remove tests (#55),46,66,False,0.7142857142857143,5,0.5061711079943899,0.12208077084184721,0.010750018728597445,0.6248658008238557,0.4782608695652174,2,0.956522,0.0,24,13,0,9,46,1
fivetran__dbt_mailchimp,2025-11-06T20:12:06,6ec73c9df551535c05eee3037da6156cebf59d8c,Feature/union data (#57),46,66,False,0.7142857142857143,5,0.5061711079943899,0.12208077084184721,0.010750018728597445,0.6248659897953855,0.4782608695652174,2,0.956522,0.0,24,13,0,9,46,1
fivetran__dbt_mailchimp,2026-06-22T19:49:27,64c110c9715022c5b5af06335edef31a1990ba82,Standardize unioning macros to use fivetran_utils versions (#64),46,66,False,0.7142857142857143,5,0.5061711079943899,0.12208077084184721,0.010750018728597445,0.6248659820024385,0.4782608695652174,2,0.956522,0.0,24,13,0,9,46,1
fivetran__dbt_marketo_source,2020-06-03T10:51:38,3ccd9880b5cfd9e7a626c9d93152e237c9d2137d,Merge pull request #1 from fivetran/kristin_review,16,4,False,0.7857142857142857,2,0.7875,0.5188056959079843,0.12441125563507043,0.19142259864980668,0.0,12,0.3125,0.6875,16,0,0,0,16,1
fivetran__dbt_marketo_source,2020-11-02T13:53:50,3338ace6413bef2094d74c740759f09bf8ecd57e,use variables + fix redshift error,16,4,False,0.7857142857142857,2,0.7875,0.5188056959079843,0.12441125563507043,0.19142259864980538,0.0,12,0.3125,0.6875,16,0,0,0,16,1
fivetran__dbt_marketo_source,2020-11-18T14:40:28,de39292c4a21e280d745e0f668a84810b98fc693,updates,29,17,False,0.7142857142857143,3,0.4862068965517241,0.3819660112501048,0.08653093146783744,0.22751873704984485,0.0,12,0.241379,0.0,29,0,0,0,29,1
fivetran__dbt_marketo_source,2021-05-22T13:48:11,e82f7d1399971282be6f265a02ac29032fc9e9ed,add flags,29,17,False,0.7142857142857143,3,0.4862068965517241,0.3819660112501048,0.08653093146783744,0.23106728373873056,0.0,12,0.241379,0.0,29,0,0,0,29,1
fivetran__dbt_marketo_source,2022-01-25T15:41:52,65bdc95479215155ef458c2e398a920279251c05,replace slightly ambiguous using joins,29,17,False,0.7142857142857143,3,0.4862068965517241,0.3819660112501048,0.08653093146783744,0.36198722315168463,0.0,12,0.241379,0.0,29,0,0,0,29,1
fivetran__dbt_marketo_source,2022-04-27T15:04:42,6f21ecfd9ea30a0e18dea99abd1350fed1ea66c1,remove comments,29,17,False,0.7142857142857143,3,0.4862068965517241,0.3819660112501048,0.08653093146783744,0.22335929486048312,0.0,12,0.241379,0.0,29,0,0,0,29,1
fivetran__dbt_marketo_source,2022-08-23T17:27:47,d2e425a096a160be3db260b7603434e4397278e5,update email send id for all,29,17,False,0.7142857142857143,3,0.4862068965517241,0.3819660112501048,0.08653093146783744,0.37228352293973976,0.0,12,0.241379,0.0,29,0,0,0,29,1
fivetran__dbt_marketo_source,2022-10-04T10:05:26,df816c248ce8aea42dbec00bdb44421890de9e19,update docs and regen,28,14,False,0.9285714285714286,1,0.5,2.0,1.0,0.0,0.0,14,0.071429,0.0,28,0,0,0,28,1
fivetran__dbt_marketo_source,2022-10-25T17:29:57,51bd3a729a9edd6db446cb504eee98d019da230e,buildkite,28,14,False,0.9285714285714286,1,0.5,2.0,1.0,0.0,0.0,14,0.071429,0.0,28,0,0,0,28,1
fivetran__dbt_marketo_source,2023-07-12T10:52:42,3c3933b7f461de11bf9a6f65694b378a23a9a3e6,Update stg_marketo__lead.sql,28,14,False,0.9285714285714286,1,0.5,2.0,1.0,0.0,0.0,14,0.071429,0.0,28,0,0,0,28,1
fivetran__dbt_marketo_source,2024-04-02T08:00:20,70ad2751bba3f08fad09b86468e4b7505156c286,expand LEAD default columns (#35),28,14,False,0.9285714285714286,1,0.5,2.0,1.0,0.0,0.0,14,0.071429,0.0,28,0,0,0,28,1
fivetran__dbt_marketo_source,2024-12-20T03:21:40,e115e7ce1defb3ac617e2360e47c50827d70614c,switch disable default config to enable default,28,14,False,0.9285714285714286,1,0.5,2.0,1.0,0.0,0.0,14,0.071429,0.0,28,0,0,0,28,1
fivetran__dbt_microsoft_ads,2020-09-03T12:49:47,521a1303ef6a834f13791b3900ff9540274e449e,bing-> microsoft,4,3,True,,,,,,,,1,1.0,0.0,0,0,0,4,4,1
fivetran__dbt_microsoft_ads,2020-11-24T13:48:07,6ece9e043636592550fce4774eceb3fb0b6e8fc9,Adding variables functionality,4,3,True,,,,,,,,1,1.0,0.0,0,0,0,4,4,1
fivetran__dbt_microsoft_ads,2022-07-07T15:23:33,b255b5913ce5e36a961e35bb13612dd7a28de793,changelog,7,0,False,,,0.0,0.0,0.0,0.0,0.0,7,0.142857,1.0,0,0,0,7,7,1
fivetran__dbt_microsoft_ads,2022-07-21T08:02:51,c2013dd24ed18f867c6fe91bb35764b101637afc,filtering url report,7,0,False,,,0.0,0.0,0.0,0.0,0.0,7,0.142857,1.0,0,0,0,7,7,1
fivetran__dbt_microsoft_ads,2022-08-30T20:53:31,007c596e5714c7cc38c74b14c4468b8c9e86d240,not null testing,7,0,False,,,0.0,0.0,0.0,0.0,0.0,7,0.142857,1.0,0,0,0,7,7,1
fivetran__dbt_microsoft_ads,2022-10-28T11:45:20,4739374b872df05d746d417be4984570e8585000,fixes,7,0,False,,,0.0,0.0,0.0,0.0,0.0,7,0.142857,1.0,0,0,0,7,7,1
fivetran__dbt_microsoft_ads,2022-12-14T12:17:21,078687f5f0560ba3568cd192c581bd2eb035ab1b,pr updates,7,0,False,,,0.0,0.0,0.0,0.0,0.0,7,0.142857,1.0,0,0,0,7,7,1
fivetran__dbt_microsoft_ads,2023-09-01T17:11:23,7d5d04bd903824ddd0eaf2b340a1e95e49b77704,magicbot revisions,7,0,False,,,0.0,0.0,0.0,0.0,0.0,7,0.142857,1.0,0,0,0,7,7,1
fivetran__dbt_microsoft_ads,2023-12-11T11:15:14,d9ac657d2ffbb881d706dcdb9cff08579c56534a,Update package to use the package extract_url_parameter macro,7,0,False,,,0.0,0.0,0.0,0.0,0.0,7,0.142857,1.0,0,0,0,7,7,1
fivetran__dbt_microsoft_ads,2024-10-21T15:38:46,e64e8a9aa6d728e78b2bf4e03e8a3374c7ce1d20,Add conversions (#34),7,0,False,,,0.0,0.0,0.0,0.0,0.0,7,0.142857,1.0,0,0,0,7,7,1
fivetran__dbt_microsoft_ads,2025-04-28T02:05:00,227b4ff0f2cfa165ab8d7e9c60aa6a7b0941b2b5,PR review,9,0,False,,,0.0,0.0,0.0,0.0,0.0,9,0.111111,1.0,0,0,0,9,9,1
fivetran__dbt_microsoft_ads,2025-08-14T21:15:06,cd7e58fad0a9419dc045527809f3e5d38034965b,Consolidate source + remove tests (#48),33,49,False,0.7142857142857143,6,0.5800865800865801,0.19715230405064163,0.016083610823333882,0.9013925781747455,0.5151515151515151,1,1.0,0.0,24,0,0,9,33,1
fivetran__dbt_microsoft_ads,2026-01-20T10:20:14,07d3b84dfcb9c099ebaf31f1d5251c768365570a,Update `.quickstart.yml` and `README` (#52),33,49,False,0.7142857142857143,6,0.5800865800865801,0.19715230405064163,0.016083610823333882,0.9013926533514155,0.5151515151515151,1,1.0,0.0,24,0,0,9,33,1
fivetran__dbt_microsoft_ads,2026-06-22T20:28:43,dbb98f9a99c4e6aac0de1e87a61792c9a3de5f75,Standardize unioning macros to use fivetran_utils versions (#58),33,49,False,0.7142857142857143,6,0.5800865800865801,0.19715230405064163,0.016083610823333882,0.9013926550138732,0.5151515151515151,1,1.0,0.0,24,0,0,9,33,1
fivetran__dbt_microsoft_ads_source,2020-09-03T12:49:26,ece642a675805e13c09a5fcf1a106f2690ccb539,bing -> microsoft,5,0,False,,,0.0,0.0,0.0,0.0,0.0,5,0.2,1.0,5,0,0,0,5,1
fivetran__dbt_microsoft_ads_source,2020-11-09T10:44:47,e3db844de051d7eb91999249ccc4772e3d44fc2c,Add Integration Tests,5,0,False,,,0.0,0.0,0.0,0.0,0.0,5,0.2,1.0,5,0,0,0,5,1
fivetran__dbt_microsoft_ads_source,2021-04-16T08:49:34,c829d945615592dd432dcc34e2af5cd54f2da774,spark compatibility,5,0,False,,,0.0,0.0,0.0,0.0,0.0,5,0.2,1.0,5,0,0,0,5,1
fivetran__dbt_microsoft_ads_source,2021-08-11T09:58:58,dea9d1180e122899809a1c0ef73ed696155c846c,review updates to documentation and utm_term outside conditional `,5,2,False,0.8571428571428571,1,0.6,0.9999999999999997,0.3333333333333332,0.0,0.0,3,0.6,0.4,5,0,0,0,5,1
fivetran__dbt_microsoft_ads_source,2022-01-14T11:25:51,76ead1fe6c9a3d4384a95284e41ddbf38f6f806a,fix join,5,2,False,0.8571428571428571,1,0.6,0.9999999999999997,0.3333333333333332,0.0,0.0,3,0.6,0.4,5,0,0,0,5,1
fivetran__dbt_microsoft_ads_source,2022-03-03T14:03:45,234f2c84e017279345b571037154e735cafe8739,removing url fields from staging models,5,0,False,,,0.0,0.0,0.0,0.0,0.0,5,0.2,1.0,5,0,0,0,5,1
fivetran__dbt_microsoft_ads_source,2022-07-07T14:38:13,844e830aa623fd58aa543c2909a13a43c8e490ba,docs,22,11,False,0.9285714285714286,1,0.5,2.0,1.0,0.0,0.0,11,0.090909,0.0,22,0,0,0,22,1
fivetran__dbt_microsoft_ads_source,2022-07-21T15:07:07,f7cb5e27603004b0e680de3c493b181f56528db8,updated passthrough logic,22,11,False,0.9285714285714286,1,0.5,2.0,1.0,0.0,0.0,11,0.090909,0.0,22,0,0,0,22,1
fivetran__dbt_microsoft_ads_source,2022-08-26T15:51:14,2927ce5876294f3a848fc70db64509236c58276f,before merge additional changes,22,11,False,0.9285714285714286,1,0.5,2.0,1.0,0.0,0.0,11,0.090909,0.0,22,0,0,0,22,1
fivetran__dbt_microsoft_ads_source,2022-11-03T17:37:52,029f362c5a1df567b736d563f45bad7d22c82edd,revert requirements,22,11,False,0.9285714285714286,1,0.5,2.0,1.0,0.0,0.0,11,0.090909,0.0,22,0,0,0,22,1
fivetran__dbt_microsoft_ads_source,2023-09-15T15:44:04,9f5fa3d865019fe17a3631c12e4c284cbe189172,update pkgs,22,11,False,0.9285714285714286,1,0.5,2.0,1.0,0.0,0.0,11,0.090909,0.0,22,0,0,0,22,1
fivetran__dbt_microsoft_ads_source,2024-07-15T09:25:03,5a8e19e7c1f678778d0b45644fc302f558864ea7,Add new budget fields to campaign_daily_report + adjust uniqueness test (#31),22,11,False,0.9285714285714286,1,0.5,2.0,1.0,0.0,0.0,11,0.090909,0.0,22,0,0,0,22,1
fivetran__dbt_microsoft_ads_source,2024-10-21T14:48:17,68ef8cf0b352f201641762d88eff24aec9cc0693,Add conversions (#32),22,11,False,0.9285714285714286,1,0.5,2.0,1.0,0.0,0.0,11,0.090909,0.0,22,0,0,0,22,1
fivetran__dbt_microsoft_ads_source,2025-02-20T14:59:44,2a33d2498b9f543636d533793da72614315cf51a,allow variable ad name,22,11,False,0.9285714285714286,1,0.5,2.0,1.0,0.0,0.0,11,0.090909,0.0,22,0,0,0,22,1
fivetran__dbt_microsoft_ads_source,2025-03-12T19:46:08,4bea979ba92ef74b93fa07027166fb586f41a451,updates,22,11,False,0.9285714285714286,1,0.5,2.0,1.0,0.0,0.0,11,0.090909,0.0,22,0,0,0,22,1
fivetran__dbt_microsoft_ads_source,2025-04-19T01:09:01,e2c7fcfc8541a9b78dcc902cb5e440b491ab0468,variables,24,12,False,0.9285714285714286,1,0.5,2.0,1.0,0.0,0.0,12,0.083333,0.0,24,0,0,0,24,1
fivetran__dbt_microsoft_ads_source,2025-04-28T01:20:28,fcacfbb173afe836fd63ca53f6278bac2288ec43,update state with region,24,12,False,0.9285714285714286,1,0.5,2.0,1.0,0.0,0.0,12,0.083333,0.0,24,0,0,0,24,1
fivetran__dbt_microsoft_ads_source,2025-06-25T14:32:16,dcc01c642686c4744a9ff7b8b68677b826fd58b9,Update freshness config (#41),24,12,False,0.9285714285714286,1,0.5,2.0,1.0,0.0,0.0,12,0.083333,0.0,24,0,0,0,24,1
fivetran__dbt_netsuite,2020-04-16T12:42:57,bbc3b34151acacffa8a44a7cf422cef3b2f9ef46,Merge pull request #14 from fivetran/fix/installation-instructions,7,6,False,0.7857142857142857,1,0.5714285714285714,0.9999999999999999,0.14285714285714285,0.26798722252259866,0.0,1,1.0,0.0,0,0,0,7,7,1
fivetran__dbt_netsuite,2020-06-24T13:15:07,63ed9af55e0d9b14e246ead3f5efe577e5af1674,remove partners,7,6,False,0.7857142857142857,1,0.5714285714285714,0.9999999999999999,0.14285714285714285,0.35895079279911196,0.0,1,1.0,0.0,0,0,0,7,7,1
fivetran__dbt_netsuite,2020-10-23T12:23:50,d5406410534928392ecb527818872a0dfdb45b06,dbt 0.18.0 update,7,6,False,0.7857142857142857,1,0.5714285714285714,0.9999999999999999,0.14285714285714285,0.29350636189245954,0.0,1,1.0,0.0,0,4,0,3,7,1
fivetran__dbt_netsuite,2020-12-17T15:56:33,5c966c51910abcd2b47d504976b776ea4593d16c,working updates commit,7,6,False,0.7857142857142857,1,0.5714285714285714,0.9999999999999999,0.14285714285714285,0.24640507963841624,0.0,1,1.0,0.0,0,4,0,3,7,1
fivetran__dbt_netsuite,2021-01-04T16:42:29,891a7f516cef2e542d24acb70efcb02cf91395d5,transaction details for balance sheet and IS,7,8,False,0.7857142857142857,2,0.4642857142857143,0.9999999999999999,0.14285714285714285,0.3315139110458706,0.2857142857142857,1,1.0,0.0,0,4,0,3,7,1
fivetran__dbt_netsuite,2021-06-14T09:44:50,bbc94f0bf9f7927b557f2e93e4790cd7057ac93b,merge conflict fixes,7,8,False,0.7857142857142857,2,0.4642857142857143,0.9999999999999999,0.14285714285714285,0.5072291153460954,0.2857142857142857,1,1.0,0.0,0,4,0,3,7,1
fivetran__dbt_netsuite,2021-07-05T14:01:19,081e928d357c2700bcec8fb90ce513f51b635b4b,Removing Limit in Balance Sheet,7,8,False,0.7857142857142857,2,0.4642857142857143,0.9999999999999999,0.14285714285714285,0.2143379270305575,0.2857142857142857,1,1.0,0.0,0,4,0,3,7,1
fivetran__dbt_netsuite,2021-09-16T12:30:11,720a70882a9bb760d7e9399f69e5efd395cc9eda,docs and final updates,7,8,False,0.7857142857142857,2,0.4642857142857143,0.9999999999999999,0.14285714285714285,0.6212335894257903,0.2857142857142857,1,1.0,0.0,0,4,0,3,7,1
fivetran__dbt_netsuite,2022-07-19T17:15:30,4e89a561cde74e40c5c6bc6bd4687716ba238dc6,final review notes updates,20,31,False,0.7857142857142857,4,0.4596774193548387,0.5794317102969803,0.06245970508396475,0.6642769586338962,0.65,2,0.65,0.0,0,14,0,6,20,1
fivetran__dbt_netsuite,2022-08-11T10:53:56,2572675b6c6dd2d809fdf6b937b9cda4d41ecfe7,persist passthrough logic,20,31,False,0.7857142857142857,4,0.4596774193548387,0.5794317102969803,0.06245970508396475,0.6642766998778034,0.65,2,0.65,0.0,0,14,0,6,20,1
fivetran__dbt_netsuite,2022-09-06T15:36:15,8d926b0ac6b16498d04a29c8271c0233e60dd355,working,20,30,False,0.7142857142857143,4,0.49333333333333335,0.8671903098173016,0.09354930979841054,0.7001687733758585,0.65,3,0.6,0.05,0,14,0,6,20,1
fivetran__dbt_netsuite,2022-10-13T15:59:13,c3837975d445bddcddbd6a8bf46c2e5c8538e1f3,Updates for dbt-utils to dbt-core cross-db macro migration,20,30,False,0.7142857142857143,4,0.49333333333333335,0.8671903098173016,0.09354930979841054,0.7001687734728195,0.65,3,0.6,0.05,0,14,0,6,20,1
fivetran__dbt_netsuite,2022-12-01T16:15:27,0693548d916538beeb8dcfebe911277993f36b75,bugfix/netsuite2-income-statement,20,30,False,0.7142857142857143,4,0.49333333333333335,0.8671903098173016,0.09354930979841054,0.7001687734609094,0.65,3,0.6,0.05,0,14,0,6,20,1
fivetran__dbt_netsuite,2022-12-19T13:47:28,f0561805b6928c4f1c2cca5b4d67b9d14958de05,merge conflicts,20,30,False,0.7142857142857143,4,0.49333333333333335,0.8671903098173016,0.09354930979841054,0.7001687734705018,0.65,3,0.6,0.05,0,14,0,6,20,1
fivetran__dbt_netsuite,2023-02-02T12:28:45,cf6efd546773b941d5c8e57d3f36680101a3e01e,balance sheet fix,20,30,False,0.7142857142857143,4,0.49333333333333335,0.8671903098173016,0.09354930979841054,0.7001687734761708,0.65,3,0.6,0.05,0,14,0,6,20,1
fivetran__dbt_netsuite,2023-04-12T15:54:20,19a5fdaca3afa52fa52c3b6aaa2886744e910b0a,databricks and docs,20,30,False,0.7142857142857143,4,0.49333333333333335,0.8671903098173016,0.09354930979841054,0.7001687733937818,0.65,3,0.6,0.05,0,14,0,6,20,1
fivetran__dbt_netsuite,2023-08-08T14:59:54,49b169590d25a85217ff1b7df564b7bf1d8185dc,merge conflicts,20,30,False,0.7142857142857143,4,0.49333333333333335,0.8671903098173016,0.09354930979841054,0.7001687735068478,0.65,3,0.6,0.05,0,14,0,6,20,1
fivetran__dbt_netsuite,2023-09-08T12:50:30,1917af7cce89d7cf1dec63ee3eb1a5e5981469c4,add several id and name fields,20,30,False,0.7142857142857143,4,0.49333333333333335,0.8671903098173016,0.09354930979841054,0.7001687735276362,0.65,3,0.6,0.05,0,14,0,6,20,1
fivetran__dbt_netsuite,2023-10-11T15:36:53,a180a36f9c8e980a77668f709b90322eb634a96b,comment removal,20,30,False,0.7142857142857143,4,0.49333333333333335,0.8671903098173016,0.09354930979841054,0.7001687734677398,0.65,3,0.6,0.05,0,14,0,6,20,1
fivetran__dbt_netsuite,2023-11-09T15:07:31,03d58b0a4b7c06c6594ebe79a6ced5bc2801e1c1,model and doc updates,19,30,False,0.7142857142857143,4,0.4666666666666667,0.8671903098173016,0.09354930979841054,0.7001687734359267,0.6842105263157895,2,0.631579,0.0,0,13,0,6,19,1
fivetran__dbt_netsuite,2023-11-13T19:46:03,e13bdcce96ce44badbb16f02746de778175d2dc7,update changelog and small fixes,19,30,False,0.7142857142857143,4,0.4666666666666667,0.8671903098173016,0.09354930979841054,0.700168773499849,0.6842105263157895,2,0.631579,0.0,0,13,0,6,19,1
fivetran__dbt_netsuite,2024-04-30T18:43:23,d16bb4a7b73bb64d7d1b064482ef61e654cd476b,dbt_netsuite v0.13.0 release (#117),19,30,False,0.7142857142857143,4,0.4666666666666667,0.8671903098173016,0.09354930979841054,0.7001687734400762,0.6842105263157895,2,0.631579,0.0,0,13,0,6,19,1
fivetran__dbt_netsuite,2024-09-25T15:21:33,0300d33ad60178e5c6cc8cb450f7f4b228f7b7fe,Release branch: v0.14.0 (#139),19,30,False,0.7142857142857143,4,0.4666666666666667,0.8671903098173016,0.09354930979841054,0.700168773501911,0.6842105263157895,2,0.631579,0.0,0,13,0,6,19,1
fivetran__dbt_netsuite,2024-12-02T17:01:18,379cb286ea70d24a43e3113ca55449a24807f5b2,Release/v0.16.0 (#149),19,30,False,0.7142857142857143,4,0.4666666666666667,0.8671903098173016,0.09354930979841054,0.7001687734636431,0.6842105263157895,2,0.631579,0.0,0,13,0,6,19,1
fivetran__dbt_netsuite,2024-12-17T16:19:16,19261a9274ca8a6b5e1fabd7e5083e417422b857,Releases/v0.17.latest (#154),19,30,False,0.7142857142857143,4,0.4666666666666667,0.8671903098173016,0.09354930979841054,0.7001687734824606,0.6842105263157895,2,0.631579,0.0,0,13,0,6,19,1
fivetran__dbt_netsuite,2025-01-15T12:38:37,4ce1678999d9a812e4a132a2f161095c3b2c90b6,Update variable declarations (#155),19,30,False,0.7142857142857143,4,0.4666666666666667,0.8671903098173016,0.09354930979841054,0.7001687734551679,0.6842105263157895,2,0.631579,0.0,0,13,0,6,19,1
fivetran__dbt_netsuite,2025-04-16T12:59:32,d9ca63209a136aee1e399ec2e1ca1b5d5c7587ce,Feature/netsuite2 fiscal year end (#160),19,30,False,0.7142857142857143,4,0.4666666666666667,0.8671903098173016,0.09354930979841054,0.7001687735251125,0.6842105263157895,2,0.631579,0.0,0,13,0,6,19,1
fivetran__dbt_netsuite,2025-08-14T18:11:35,4de52d5a453a733094d14f2ae4348f95422b3938,Consolidate source + remove tests (#168),103,139,False,0.7857142857142857,8,0.3228329957393309,0.14207346806995896,0.008278039445317612,0.938085623306042,0.4077669902912621,6,0.524272,0.0,84,13,0,6,103,1
fivetran__dbt_netsuite,2025-10-15T19:44:41,533166d7c26e3da1a06ba1526326bc8cedd927b0,Release/v1.1.0 (#178),110,149,False,0.5714285714285714,8,0.3305064063453325,0.1942170333959275,0.010692966854850184,0.7079645118308748,0.4090909090909091,6,0.554545,0.0,90,13,0,7,110,1
fivetran__dbt_netsuite,2025-11-06T10:36:37,1dc9b17278100a756153f251136f03d4e35af3ba,feature/non-converted-fields (#185),110,149,False,0.5714285714285714,8,0.3305064063453325,0.1942170333959275,0.010692966854850184,0.7079645980731978,0.4090909090909091,6,0.554545,0.0,90,13,0,7,110,1
fivetran__dbt_netsuite,2025-12-01T13:36:03,97ff722a726553ee99bef721268ceb51c6b8af76,Feature/retained earnings to sub calendar (#187),110,149,False,0.5714285714285714,8,0.3305064063453325,0.1942170333959275,0.010692966854850184,0.7079645768447885,0.4090909090909091,6,0.554545,0.0,90,13,0,7,110,1
fivetran__dbt_netsuite,2026-04-21T10:10:04,a9ea69ad465e4e4864a02318a97f2ce61d7f5427,Hotfix: Balance Sheet + Passthrough Column Data Types (#199),110,147,False,0.6428571428571429,6,0.3232529375386518,0.1891526184156749,0.01041491122492179,0.2761542610084878,0.39090909090909093,6,0.554545,0.0,90,13,0,7,110,1
fivetran__dbt_netsuite,2026-05-12T13:06:16,f039c52ba905dd636bb1a41ee40381c29d7ff6b8,v1.6.0 - Add fields and persist passthrough cols (#200),110,147,False,0.6428571428571429,6,0.3232529375386518,0.1891526184156749,0.01041491122492179,0.27615433564175307,0.39090909090909093,6,0.554545,0.0,90,13,0,7,110,1
fivetran__dbt_netsuite,2026-06-22T21:11:35,986fb90aab6ea658bf15c532a094e4f9d8ada1be,Standardize unioning macros to use fivetran_utils versions (#203),110,147,False,0.6428571428571429,6,0.3232529375386518,0.1891526184156749,0.01041491122492179,0.2761602935923155,0.39090909090909093,6,0.554545,0.0,90,13,0,7,110,1
fivetran__dbt_netsuite_source,2021-01-08T09:25:51,167d57e97d19fb67ec91caa0b6ae6f4689c4d6ea,CircleCi and yml updates from changes,34,17,False,0.9285714285714286,1,0.5,2.0,1.0,0.0,0.0,17,0.058824,0.0,34,0,0,0,34,1
fivetran__dbt_netsuite_source,2021-06-14T16:25:40,6f85874c74d5b41b22e78911a7831504728be2d3,deleted field added,34,17,False,0.9285714285714286,1,0.5,2.0,1.0,0.0,0.0,17,0.058824,0.0,34,0,0,0,34,1
fivetran__dbt_netsuite_source,2021-09-10T14:35:47,48bf826fd911bf9e45119edee45557bcb5895d48,feat: dm-444,34,17,False,0.9285714285714286,1,0.5,2.0,1.0,0.0,0.0,17,0.058824,0.0,34,0,0,0,34,1
fivetran__dbt_netsuite_source,2021-09-16T11:06:23,52a7b2a93b0065a42edcec4dd60b212cc5dc7653,subsidiary full name added,34,17,False,0.9285714285714286,1,0.5,2.0,1.0,0.0,0.0,17,0.058824,0.0,34,0,0,0,34,1
fivetran__dbt_netsuite_source,2021-10-28T15:39:54,f46239125ef4080a04c9a9cebbb9178e3ae22e9c,locations pass through column addition,34,17,False,0.9285714285714286,1,0.5,2.0,1.0,0.0,0.0,17,0.058824,0.0,34,0,0,0,34,1
fivetran__dbt_netsuite_source,2022-01-27T10:27:02,05439e081a29a0d4fe705ff7f91d081a690d2cc1,Remove pass through from fields CTE,34,17,False,0.9285714285714286,1,0.5,2.0,1.0,0.0,0.0,17,0.058824,0.0,34,0,0,0,34,1
fivetran__dbt_netsuite_source,2022-04-01T11:39:52,051019fcb072cc74a8c24a91134954447c4a1363,added entity model,40,20,False,0.9285714285714286,1,0.5,2.0,1.0,0.0,0.0,20,0.05,0.0,40,0,0,0,68,1
fivetran__dbt_netsuite_source,2022-04-13T11:33:26,d101fbbf5ea24beaf793d3c5aa3064c1c905c0a3,fill_pass_through_columns,40,20,False,0.9285714285714286,1,0.5,2.0,1.0,0.0,0.0,20,0.05,0.0,40,0,0,0,68,1
fivetran__dbt_netsuite_source,2022-07-08T15:57:32,b9354809399758b81047185f8eaf3e9845ec3fcc,review/jm-netsuite2-updates,80,40,False,0.9285714285714286,1,0.5,2.0,1.0,0.0,0.0,40,0.025,0.0,80,0,0,0,80,1
fivetran__dbt_netsuite_source,2022-07-19T16:45:47,853bcc06c8fa0be6ceb30134d3f3ea93c319d243,Merge branch 'review/jm-netsuite2-updates' of https://github.com/fivetran/dbt_netsuite_source into review/jm-netsuite2-u,80,40,False,0.9285714285714286,1,0.5,2.0,1.0,0.0,0.0,40,0.025,0.0,80,0,0,0,80,1
fivetran__dbt_netsuite_source,2022-09-06T15:11:06,643ba3ca4000506dbe360e243578127660f575f3,working,80,40,False,0.9285714285714286,1,0.5,2.0,1.0,0.0,0.0,40,0.025,0.0,80,0,0,0,80,1
fivetran__dbt_netsuite_source,2022-10-05T09:10:49,8de364bfed0200b8ebe2d297fa8884ee1b7aa44e,add pass through vendors and items,80,40,False,0.9285714285714286,1,0.5,2.0,1.0,0.0,0.0,40,0.025,0.0,80,0,0,0,80,1
fivetran__dbt_netsuite_source,2023-02-02T16:17:56,516a5cc792bb9b5057751847fbaa2da945b30741,Merge branch 'releases/v0.6.latest' into feature/vendor-and-item-passthrough,80,40,False,0.9285714285714286,1,0.5,2.0,1.0,0.0,0.0,40,0.025,0.0,80,0,0,0,80,1
fivetran__dbt_netsuite_source,2023-02-14T12:01:24,fccbace268c75f19b65859dce8d742e0b64c7215,Docs,80,40,False,0.9285714285714286,1,0.5,2.0,1.0,0.0,0.0,40,0.025,0.0,80,0,0,0,80,1
fivetran__dbt_netsuite_source,2023-08-01T18:29:50,667a8958b679b0f489ef2d4d72024a441832a461,update field to id and fix typo,80,40,False,0.9285714285714286,1,0.5,2.0,1.0,0.0,0.0,40,0.025,0.0,80,0,0,0,80,1
fivetran__dbt_netsuite_source,2023-08-07T18:58:10,363b7e864640ccbf797d6eff356a7aa7e986e254,up version,80,40,False,0.9285714285714286,1,0.5,2.0,1.0,0.0,0.0,40,0.025,0.0,80,0,0,0,80,1
fivetran__dbt_netsuite_source,2023-10-27T15:09:19,1434ba24d9a9cc2a99a734e779efcfdef0ce0469,feature/subsidiary-currency,80,40,False,0.9285714285714286,1,0.5,2.0,1.0,0.0,0.0,40,0.025,0.0,80,0,0,0,80,1
fivetran__dbt_netsuite_source,2023-11-21T19:05:01,6c900faa67723ee969335c3afc1785136d2520f1,update tests,80,40,False,0.9285714285714286,1,0.5,2.0,1.0,0.0,0.0,40,0.025,0.0,80,0,0,0,80,1
fivetran__dbt_netsuite_source,2024-04-15T14:27:08,a03310f07402a613b80c51d6ad5b28ba647627fe,update yml,80,40,False,0.9285714285714286,1,0.5,2.0,1.0,0.0,0.0,40,0.025,0.0,80,0,0,0,80,1
fivetran__dbt_netsuite_source,2024-07-09T21:20:13,bee344c3b02ee43ca1a99373c99fc05ad1066d84,Enable teams to configure additional columns for staging entities models,80,40,False,0.9285714285714286,1,0.5,2.0,1.0,0.0,0.0,40,0.025,0.0,80,0,0,0,80,1
fivetran__dbt_netsuite_source,2024-08-18T06:36:08,57529feb6bee8bf83455fdd452a5d2f1a171ac9e,"Add employees model, fix timestamps, and add common fields",82,41,False,0.9285714285714286,1,0.5,2.0,1.0,0.0,0.0,41,0.02439,0.0,82,0,0,0,82,1
fivetran__dbt_netsuite_source,2024-09-18T08:13:41,c609675a0fc816370135a1103ae143d7d6bca4f6,Add config,82,41,False,0.9285714285714286,1,0.5,2.0,1.0,0.0,0.0,41,0.02439,0.0,82,0,0,0,82,1
fivetran__dbt_netsuite_source,2025-01-15T10:18:22,40846a9051a9fda267c423ce7374c3178c17f49c,Update variable declarations (#59),82,41,False,0.9285714285714286,1,0.5,2.0,1.0,0.0,0.0,41,0.02439,0.0,82,0,0,0,82,1
fivetran__dbt_netsuite_source,2025-04-16T09:48:50,a126283e52650c09798e2e83e8d459c7a2f89375,Feature/netsuite2 fiscal year end (#61),84,42,False,0.9285714285714286,1,0.5,2.0,1.0,0.0,0.0,42,0.02381,0.0,84,0,0,0,84,1
fivetran__dbt_netsuite_source,2025-07-07T13:14:37,8b666e7393dfeb7b9ba601432b7b0e2a9ff39092,Fold in accounting_periods passthrough columns (#64),84,42,False,0.9285714285714286,1,0.5,2.0,1.0,0.0,0.0,42,0.02381,0.0,84,0,0,0,84,1
fivetran__dbt_pinterest,2020-08-16T16:10:52,f87ab9644e7c4b5793eff9eb946f11b314dde594,Add docs,6,5,False,0.7857142857142857,1,0.43333333333333335,1.0,0.16666666666666666,0.2570689806014372,0.0,1,1.0,0.0,0,3,0,3,6,1
fivetran__dbt_pinterest,2020-11-02T13:07:16,293e3f3d309e76a7f87bb3fca1ed10b58ad02a1f,use variables,6,5,False,0.7857142857142857,1,0.43333333333333335,1.0,0.16666666666666666,0.20723162533836043,0.0,1,1.0,0.0,0,3,0,3,6,1
fivetran__dbt_pinterest,2021-01-06T11:28:12,b89ef04c25cfdb82e395bb970f440bf93e6776a9,work in progress,6,5,False,0.7857142857142857,1,0.43333333333333335,1.0,0.16666666666666666,0.18069208128008657,0.0,1,1.0,0.0,0,3,0,3,6,1
fivetran__dbt_pinterest,2021-06-08T14:50:51,40ea98cc6cc6a545d1ae7700e2a8d7437bd0e907,revert complex variable changes,6,5,False,0.7857142857142857,1,0.43333333333333335,1.0,0.16666666666666666,0.2572592102191674,0.0,1,1.0,0.0,0,3,0,3,6,1
fivetran__dbt_pinterest,2022-07-05T11:03:03,c03b2cc39cb72fa9469274abeff09399717bed7d,docs updates and generation,6,0,False,,,0.0,0.0,0.0,0.0,0.0,6,0.166667,1.0,0,0,0,6,6,1
fivetran__dbt_pinterest,2022-07-20T14:37:56,bb0eee4a1a44fec713c4520eb9e501b36c3ca415,model adjustment for grain,6,0,False,,,0.0,0.0,0.0,0.0,0.0,6,0.166667,1.0,0,0,0,6,6,1
fivetran__dbt_pinterest,2022-08-22T10:13:49,704ede740563da77f39ce2165f05cccfff627133,before merge updates,6,0,False,,,0.0,0.0,0.0,0.0,0.0,6,0.166667,1.0,0,0,0,6,6,1
fivetran__dbt_pinterest,2022-12-14T12:23:10,159532665d9c5e8192ca9d2259a7058e0bdc38fa,pr updates,6,0,False,,,0.0,0.0,0.0,0.0,0.0,6,0.166667,1.0,0,0,0,6,6,1
fivetran__dbt_pinterest,2023-05-24T08:56:38,186bae18d742622c18d3d78a2b2b89cfef101d46,feature/keywords-variable-addition,6,0,False,,,0.0,0.0,0.0,0.0,0.0,6,0.166667,1.0,0,0,0,6,6,1
fivetran__dbt_pinterest,2023-07-14T14:03:24,7855a39f3fe34770e52f097393bf9173a2e24e68,revert last commit,6,0,False,,,0.0,0.0,0.0,0.0,0.0,6,0.166667,1.0,0,0,0,6,6,1
fivetran__dbt_pinterest,2023-09-05T11:09:53,594d97e51d85f5dc8810d956423bdf0fb64b0e1a,magicbot revisions,6,0,False,,,0.0,0.0,0.0,0.0,0.0,6,0.166667,1.0,0,0,0,6,6,1
fivetran__dbt_pinterest,2024-10-21T16:30:08,2700b8a0a5ba9e4d5edefeb5aae1204d41283775,Add conversions (#34),6,0,False,,,0.0,0.0,0.0,0.0,0.0,6,0.166667,1.0,0,0,0,6,6,1
fivetran__dbt_pinterest,2025-04-30T08:47:47,fbf3a924d8d043eef826f5ceac4ea3f980dc30c1,Feature/geo reports (#39),8,0,False,,,0.0,0.0,0.0,0.0,0.0,8,0.125,1.0,0,0,0,8,8,1
fivetran__dbt_pinterest,2025-08-13T22:35:07,bf62f578e5dd84a92255fc7aac784b29a98f3a17,Consolidate source + remove tests (#43),34,46,False,0.6428571428571429,6,0.5238272524199553,0.19461359272272086,0.017423570215798632,0.8957239262432666,0.38235294117647056,1,1.0,0.0,26,0,0,8,34,1
fivetran__dbt_pinterest,2025-10-31T15:27:43,ebbcfa11ac73368b2dbcc6df39024aa81f15d31a,add_config_to_keyword_history,34,46,False,0.6428571428571429,6,0.5238272524199553,0.19461359272272086,0.017423570215798632,0.8957235232746762,0.38235294117647056,1,1.0,0.0,26,0,0,8,34,1
fivetran__dbt_pinterest,2026-04-08T09:07:54,ba1e0725673215264f61414014755ad3cc19be7e,feature/add_partition_by_macro (#54),34,46,False,0.6428571428571429,6,0.5238272524199553,0.19461359272272086,0.017423570215798632,0.895723511547836,0.38235294117647056,1,1.0,0.0,26,0,0,8,34,1
fivetran__dbt_pinterest,2026-06-22T20:29:23,d3cfa7b113476962499ba5500e73be8398109645,Standardize unioning macros to use fivetran_utils versions (#57),34,46,False,0.6428571428571429,6,0.5238272524199553,0.19461359272272086,0.017423570215798632,0.8957239456821944,0.38235294117647056,1,1.0,0.0,26,0,0,8,34,1
fivetran__dbt_pinterest_source,2020-08-16T16:10:33,6d73f760aa961a3253fa67340bd9dd2c70b34f30,Adding docs,4,0,True,,,,,,,,4,0.25,1.0,4,0,0,0,4,1
fivetran__dbt_pinterest_source,2020-11-16T14:04:38,53ebb0f5821aa634014b15eecd0c5a5e63c84188,best practices,8,4,False,0.9285714285714286,1,0.5,2.0,1.0,0.0,0.0,4,0.25,0.0,8,0,0,0,8,1
fivetran__dbt_pinterest_source,2021-01-06T11:16:38,cdb0384e388f93211463aac92de717026a88633b,passthrough test,4,0,True,,,,,,,,4,0.25,1.0,4,0,0,0,4,1
fivetran__dbt_pinterest_source,2021-04-16T15:12:16,9c0568d5947aa512955595d1c53ee9c06b7eb368,Spark compatibility,8,4,False,0.9285714285714286,1,0.5,2.0,1.0,0.0,0.0,4,0.25,0.0,8,0,0,0,8,1
fivetran__dbt_pinterest_source,2021-06-08T11:02:25,8a5acfd5fd4cb723838187f3a1e60c31006fe489,revert complexity variable update,8,4,False,0.9285714285714286,1,0.5,2.0,1.0,0.0,0.0,4,0.25,0.0,8,0,0,0,8,1
fivetran__dbt_pinterest_source,2022-07-05T11:06:28,2f121f684c235f48e5e98789d615c89378281273,moving postgres back temporarily,20,10,False,0.9285714285714286,1,0.5,2.0,1.0,0.0,0.0,10,0.1,0.0,20,0,0,0,20,1
fivetran__dbt_pinterest_source,2022-07-20T14:21:58,14b521c15053a0e0ea73f80ede76c254c25c73e0,after review notes update and docs generation,20,10,False,0.9285714285714286,1,0.5,2.0,1.0,0.0,0.0,10,0.1,0.0,20,0,0,0,20,1
fivetran__dbt_pinterest_source,2022-08-30T13:43:17,81e33a3ab9cf2d244e9bbac219de7627ed5f46c4,updating date_trunc,20,10,False,0.9285714285714286,1,0.5,2.0,1.0,0.0,0.0,10,0.1,0.0,20,0,0,0,20,1
fivetran__dbt_pinterest_source,2022-10-13T16:02:32,b0441cd8cdb8ef49cd31a16fdc92574aa8eb3072,Updates for dbt-utils to dbt-core cross-db macro migration,20,10,False,0.9285714285714286,1,0.5,2.0,1.0,0.0,0.0,10,0.1,0.0,20,0,0,0,20,1
fivetran__dbt_pinterest_source,2022-10-26T16:20:09,50d757de546de9b45f60ec248970ee4bdefe2666,pr updates,20,10,False,0.9285714285714286,1,0.5,2.0,1.0,0.0,0.0,10,0.1,0.0,20,0,0,0,20,1
fivetran__dbt_pinterest_source,2023-02-16T10:01:02,dc1844c2464cf51164a5cd5def754ec6fb26a450,Update stg_pinterest_ads.yml,20,10,False,0.9285714285714286,1,0.5,2.0,1.0,0.0,0.0,10,0.1,0.0,20,0,0,0,20,1
fivetran__dbt_pinterest_source,2023-05-24T08:51:38,84be2fccc67fcb3bd0b87110d4e3dfe109fd3d1e,feature/keywords-variable-addition,20,10,False,0.9285714285714286,1,0.5,2.0,1.0,0.0,0.0,10,0.1,0.0,20,0,0,0,20,1
fivetran__dbt_pinterest_source,2023-07-14T14:59:26,493e8c3dd32dfac65b193349ca1aca73521477b9,update docs and rename seeds,20,10,False,0.9285714285714286,1,0.5,2.0,1.0,0.0,0.0,10,0.1,0.0,20,0,0,0,20,1
fivetran__dbt_pinterest_source,2023-09-06T15:03:26,eed902a039f4f2f03ccf707cfc0c7d5f1238eada,updates,20,10,False,0.9285714285714286,1,0.5,2.0,1.0,0.0,0.0,10,0.1,0.0,20,0,0,0,20,1
fivetran__dbt_pinterest_source,2023-10-09T16:25:44,00d7382ff24933b989d9581da98b3f487cf978dd,update variables,20,10,False,0.9285714285714286,1,0.5,2.0,1.0,0.0,0.0,10,0.1,0.0,20,0,0,0,20,1
fivetran__dbt_pinterest_source,2023-12-11T11:22:19,b44b6c883074a701ceadf80931443ef29c7d7c25,Update package to use the package extract_url_parameter macro,20,10,False,0.9285714285714286,1,0.5,2.0,1.0,0.0,0.0,10,0.1,0.0,20,0,0,0,20,1
fivetran__dbt_pinterest_source,2024-09-03T15:53:22,4d60143ba29f5ad3422009732e618d9a1965943a,cast all ids as strings for safe measure,20,10,False,0.9285714285714286,1,0.5,2.0,1.0,0.0,0.0,10,0.1,0.0,20,0,0,0,20,1
fivetran__dbt_pinterest_source,2024-09-20T15:41:35,d766f07e89922d2e20ef609aa5950b1840f5eaad,coalesce,20,10,False,0.9285714285714286,1,0.5,2.0,1.0,0.0,0.0,10,0.1,0.0,20,0,0,0,20,1
fivetran__dbt_pinterest_source,2025-04-30T07:38:16,c35c6380c853622eeeac231099c73f5705de33da,feature/geo-reports (#39),26,13,False,0.9285714285714286,1,0.5,2.0,1.0,0.0,0.0,13,0.076923,0.0,26,0,0,0,26,1
fivetran__dbt_pinterest_source,2025-06-25T14:34:11,61e4647785fede487eb2992f6290671995963a4d,update freshness config (#40),26,13,False,0.9285714285714286,1,0.5,2.0,1.0,0.0,0.0,13,0.076923,0.0,26,0,0,0,26,1
fivetran__dbt_quickbooks,2021-02-12T09:29:34,1d5083cdb697a5d59fd78f542f708d051509d550,ap_ar estimate fix,33,34,False,0.8571428571428571,4,0.35818181818181816,0.08532807924515246,0.005325916810880127,0.7379263077474111,0.09090909090909091,2,0.909091,0.0,0,29,0,4,33,1
fivetran__dbt_quickbooks,2021-03-19T10:14:00,b9bccfa8586370cfe9d0b9a653ed6c55082abef8,review updates,35,36,False,0.7142857142857143,4,0.40588235294117647,0.07817186026065553,0.004879227948893063,0.6948905970843141,0.08571428571428572,2,0.914286,0.0,0,29,0,6,35,1
fivetran__dbt_quickbooks,2021-04-20T08:49:06,2009e2255e87095923bed752b3d7992ce5bb1300,sum fix,35,36,False,0.7142857142857143,4,0.40588235294117647,0.07817186026065553,0.004879227948893063,0.69489074987346,0.08571428571428572,2,0.914286,0.0,0,29,0,6,35,1
fivetran__dbt_quickbooks,2021-05-20T17:11:44,075079143db2d9e60b068892e4039f162ad605a9,account_id added to pl and bs,35,36,False,0.7142857142857143,4,0.40588235294117647,0.07817186026065553,0.004879227948893063,0.6948902912572815,0.08571428571428572,2,0.914286,0.0,0,29,0,6,35,1
fivetran__dbt_quickbooks,2021-06-01T13:59:02,e339d0d38ebc2442d1a93e61a8f985bc5100085c,Merge pull request #20 from fivetran/account-id-add,35,36,False,0.7142857142857143,4,0.40588235294117647,0.07817186026065553,0.004879227948893063,0.6948908896424015,0.08571428571428572,2,0.914286,0.0,0,29,0,6,35,1
fivetran__dbt_quickbooks,2021-07-01T10:25:04,05f1408f94fef7fb9dfa027801af98c9c8d0b176,Merge pull request #22 from fivetran/customer-id-add,35,36,False,0.7142857142857143,4,0.40588235294117647,0.07817186026065553,0.004879227948893063,0.6948904348922755,0.08571428571428572,2,0.914286,0.0,0,29,0,6,35,1
fivetran__dbt_quickbooks,2022-04-07T13:18:10,a9913268443d87f56f270edc6486f8d3fd70edf8,casting account_name,35,36,False,0.7142857142857143,4,0.40588235294117647,0.07817186026065553,0.004879227948893063,0.6948904245366762,0.08571428571428572,2,0.914286,0.0,0,29,0,6,35,1
fivetran__dbt_quickbooks,2022-08-12T19:13:50,9ac90525f8e85a96a056a9d129b1d1ca1e73e6e8,Add in subindices to match every subledger model,35,36,False,0.7142857142857143,4,0.40588235294117647,0.07817186026065553,0.004879227948893063,0.6948906722719824,0.08571428571428572,2,0.914286,0.0,0,29,0,6,35,1
fivetran__dbt_quickbooks,2022-08-24T14:41:29,4f3bc13977775290d3aa381aab6ac4d25ed6eec4,move unique id to first field,35,36,False,0.7142857142857143,4,0.40588235294117647,0.07817186026065553,0.004879227948893063,0.694890742129708,0.08571428571428572,2,0.914286,0.0,0,29,0,6,35,1
fivetran__dbt_quickbooks,2022-09-27T10:28:07,164f82b6079f2fb12483c8445391fde8f08adb6b,added proper intermediate models for credit card payments,36,37,False,0.7857142857142857,4,0.39763014763014765,0.07716288226452223,0.004534063944388567,0.7114440664783576,0.08333333333333333,2,0.916667,0.0,0,30,0,6,36,1
fivetran__dbt_quickbooks,2022-11-10T15:00:41,3d3eefd96b3c1de4de22b8876ef8bea7606f7ad2,swapping credit and debit accounts,36,37,False,0.7857142857142857,4,0.39763014763014765,0.07716288226452223,0.004534063944388567,0.7114439709682349,0.08333333333333333,2,0.916667,0.0,0,30,0,6,36,1
fivetran__dbt_quickbooks,2022-12-07T17:07:58,c429a81c0270f338522d7966bc9ade0334be69c1,"Fix joins, test errors.",36,37,False,0.7857142857142857,4,0.39763014763014765,0.07716288226452223,0.004534063944388567,0.7114444918650932,0.08333333333333333,2,0.916667,0.0,0,30,0,6,36,1
fivetran__dbt_quickbooks,2023-01-10T12:44:05,1f445da791c2ca5d4e6dbb016f76fd9550742527,"Update README, dbt_project.yml, added seed file example",38,39,False,0.7857142857142857,4,0.42620137299771166,0.06709353597887656,0.003942392655065324,0.4854664308382005,0.07894736842105263,2,0.921053,0.0,0,30,0,8,38,1
fivetran__dbt_quickbooks,2023-01-23T14:38:45,4c193c0f9c672d893ed90d3eb1c2dd786625290b,Create DECISIONLOG for Cash Flow and Financial Ordinal logic,38,26,False,0.7142857142857143,4,0.6751767478397486,0.07112292348249367,0.00870797129531693,0.6316188086034694,0.07894736842105263,15,0.578947,0.342105,0,31,0,7,38,1
fivetran__dbt_quickbooks,2023-02-28T14:37:52,bca8d74dcdd75087e47baac0adf08523a1a6216f,syntax,38,26,False,0.7142857142857143,4,0.6751767478397486,0.07112292348249367,0.00870797129531693,0.6316187982381632,0.07894736842105263,15,0.578947,0.342105,0,31,0,7,38,1
fivetran__dbt_quickbooks,2023-04-10T13:20:03,fa90d3bf0ef3e555ef1edd2c8b07b03be0fe2b9c,Merge branch 'feature/add-department-id' into release/v0.8.0,38,26,False,0.7142857142857143,4,0.6751767478397486,0.07112292348249367,0.00870797129531693,0.6316188099343488,0.07894736842105263,15,0.578947,0.342105,0,31,0,7,38,1
fivetran__dbt_quickbooks,2023-05-02T14:57:30,bb5941a2798cc71e3a226fe288dcfaa785a1b3a8,Update int_quickbooks__invoice_double_entry.sql,38,26,False,0.7142857142857143,4,0.6751767478397486,0.07112292348249367,0.00870797129531693,0.6316188111995789,0.07894736842105263,15,0.578947,0.342105,0,31,0,7,38,1
fivetran__dbt_quickbooks,2023-05-19T14:14:58,2f1850462451fba97d946dfeaa5fc7e29fcfdf55,only transform adjustment,38,26,False,0.7142857142857143,4,0.6751767478397486,0.07112292348249367,0.00870797129531693,0.6316188167270499,0.07894736842105263,15,0.578947,0.342105,0,31,0,7,38,1
fivetran__dbt_quickbooks,2023-07-06T09:12:12,fbddba28b80f77d85735c3392a5ae752a9247ddf,remove comments,38,26,False,0.7142857142857143,4,0.6751767478397486,0.07112292348249367,0.00870797129531693,0.6316188164698443,0.07894736842105263,15,0.578947,0.342105,0,31,0,7,38,1
fivetran__dbt_quickbooks,2023-08-04T13:30:18,01f166812c2b4f76c067c0bc33ae402883a285fb,Merge branch 'bugfix/set-account-type-variables' into main,38,26,False,0.7142857142857143,4,0.6751767478397486,0.07112292348249367,0.00870797129531693,0.6316188105629054,0.07894736842105263,15,0.578947,0.342105,0,31,0,7,38,1
fivetran__dbt_quickbooks,2023-08-28T13:48:00,15ebccef1d88971bb0eaa5bfbff1f000e49c6e7c,mirror upstream changes in source PR,38,26,False,0.7142857142857143,4,0.6751767478397486,0.07112292348249367,0.00870797129531693,0.6316188027691525,0.07894736842105263,15,0.578947,0.342105,0,31,0,7,38,1
fivetran__dbt_quickbooks,2023-11-21T14:42:00,b10353f76d143d230d264dd11fa96daf4c492966,bugfix/double-entry-account-joins,38,26,False,0.7142857142857143,4,0.6751767478397486,0.07112292348249367,0.00870797129531693,0.6316188111050668,0.07894736842105263,15,0.578947,0.342105,0,31,0,7,38,1
fivetran__dbt_quickbooks,2024-01-04T22:42:53,d3aa087e2c8f130c07d67ab7b3f8362e4037c4e6,updates,38,26,False,0.7142857142857143,4,0.6751767478397486,0.07112292348249367,0.00870797129531693,0.6316187957809392,0.07894736842105263,15,0.578947,0.342105,0,31,0,7,38,1
fivetran__dbt_quickbooks,2024-01-11T14:42:08,84a8782b48942d7230c3069f1050184d59a776ba,bug/sales-item-account-id,38,26,False,0.7142857142857143,4,0.6751767478397486,0.07112292348249367,0.00870797129531693,0.631618801853351,0.07894736842105263,15,0.578947,0.342105,0,31,0,7,38,1
fivetran__dbt_quickbooks,2024-04-03T11:04:05,505a2f48c0f07f10d6ef0ef516b84e1a7800c48f,fix/datespine-empty (#119),38,26,False,0.7142857142857143,4,0.6751767478397486,0.07112292348249367,0.00870797129531693,0.6316188154387963,0.07894736842105263,15,0.578947,0.342105,0,31,0,7,38,1
fivetran__dbt_quickbooks,2024-04-24T16:13:20,eddfffef9f647e2faec80814807529da097b2687,Merge branch 'main' into bugfix/source_relations,38,26,False,0.7142857142857143,4,0.6751767478397486,0.07112292348249367,0.00870797129531693,0.6316188030625024,0.07894736842105263,15,0.578947,0.342105,0,31,0,7,38,1
fivetran__dbt_quickbooks,2024-05-20T16:44:49,e604697a51880e2f57bc89606517bb499eb6a017,add back in period date fields (#125),38,26,False,0.7142857142857143,4,0.6751767478397486,0.07112292348249367,0.00870797129531693,0.6316188038683292,0.07894736842105263,15,0.578947,0.342105,0,31,0,7,38,1
fivetran__dbt_quickbooks,2024-06-26T15:46:22,a39bf68e43937de5022eeffd5b76f2af6337f86d,PR fixes,38,26,False,0.7142857142857143,4,0.6751767478397486,0.07112292348249367,0.00870797129531693,0.6316188079003243,0.07894736842105263,15,0.578947,0.342105,0,31,0,7,38,1
fivetran__dbt_quickbooks,2024-07-17T23:44:38,258fdf808c5e67d55e3f163b6f509ad47d4c96cc,schema,38,26,False,0.7142857142857143,4,0.6751767478397486,0.07112292348249367,0.00870797129531693,0.6316188066978126,0.07894736842105263,15,0.578947,0.342105,0,31,0,7,38,1
fivetran__dbt_quickbooks,2024-08-08T15:30:43,68e3541d0de02f8ff332b57d71e9d1e727e2d5fd,Fix divide by zero error,38,26,False,0.7142857142857143,4,0.6751767478397486,0.07112292348249367,0.00870797129531693,0.6316188163962713,0.07894736842105263,15,0.578947,0.342105,0,31,0,7,38,1
fivetran__dbt_quickbooks,2024-10-17T14:12:33,89242ebc239253c9ed6fe7d87642f7b1807ea37a,bugfix/invoice-transaction-id-adjustment (#142),38,26,False,0.7142857142857143,4,0.6751767478397486,0.07112292348249367,0.00870797129531693,0.6316188035088134,0.07894736842105263,15,0.578947,0.342105,0,31,0,7,38,1
fivetran__dbt_quickbooks,2024-11-21T13:47:36,c65bad5cb96e004dfa9eaf9646bf077297fc0672,PR fixes,38,26,False,0.7142857142857143,4,0.6751767478397486,0.07112292348249367,0.00870797129531693,0.6316188032117541,0.07894736842105263,15,0.578947,0.342105,0,31,0,7,38,1
fivetran__dbt_quickbooks,2024-12-19T08:59:45,b5a5f3a8c50fc64ac663bf09eee3edf653042ae3,PR fixes,38,26,False,0.7142857142857143,4,0.6751767478397486,0.07112292348249367,0.00870797129531693,0.6316188078243239,0.07894736842105263,15,0.578947,0.342105,0,31,0,7,38,1
fivetran__dbt_quickbooks,2025-05-28T03:24:28,d6668e1256d37c2b77bbc4be5b5270946d67b2f6,[Bug Fix] Make sure all expense accounts are brought into `quickbooks__expenses_sales_enhanced` (#159),38,26,False,0.7142857142857143,4,0.6751767478397486,0.07112292348249367,0.00870797129531693,0.6316188104619951,0.07894736842105263,15,0.578947,0.342105,0,31,0,7,38,1
fivetran__dbt_quickbooks,2025-06-12T17:19:14,dfc8f6836105e5ef55b4e961455eeee71bf5626c,bugfix/bill-payment-rollback (#164),38,26,False,0.7142857142857143,4,0.6751767478397486,0.07112292348249367,0.00870797129531693,0.6316188034053923,0.07894736842105263,15,0.578947,0.342105,0,31,0,7,38,1
fivetran__dbt_quickbooks,2025-08-14T22:46:56,48b9cdf8235b3cff84dbf95fec2ec18dfe7b02b7,Remove combo tests and move `loaded_at_field` (#173),38,26,False,0.7142857142857143,4,0.6751767478397486,0.07112292348249367,0.00870797129531693,0.6316188198548639,0.07894736842105263,15,0.578947,0.342105,0,31,0,7,38,1
fivetran__dbt_quickbooks,2025-09-11T16:38:20,a51213d507ffe0769e6c725e582097376f52e45c,[Bug Fix] Add credit card + transfer exchange rate multicurrency support (#176),38,26,False,0.7142857142857143,4,0.6751767478397486,0.07112292348249367,0.00870797129531693,0.6316188183397805,0.07894736842105263,15,0.578947,0.342105,0,31,0,7,38,1
fivetran__dbt_quickbooks,2025-10-02T00:15:20,f9c08cbe5e621dceb7282eb02f1eb5f02ae83286,Consolidate source + remove tests (#178),132,174,False,0.7857142857142857,11,0.48044635544635544,0.04898107126062659,0.0029769509512141768,0.9388259484911979,0.3712121212121212,7,0.893939,0.0,94,31,0,7,132,1
fivetran__dbt_quickbooks,2025-10-30T11:57:41,e7b6059ae479db61f640c8938eeb627a460a589e,Release/v1.1.0 (#185),132,174,False,0.7857142857142857,11,0.48044635544635544,0.04898107126062659,0.0029769509512141768,0.9388259337300938,0.3712121212121212,7,0.893939,0.0,94,31,0,7,132,1
fivetran__dbt_quickbooks,2025-12-10T12:58:42,74ba053a2c70723311c0575d1351598d3ef7ec26,[Pre-release] Fix tax line and multicurrency bugs (#187),132,174,False,0.7857142857142857,11,0.48044635544635544,0.04898107126062659,0.0029769509512141768,0.9388259368000088,0.3712121212121212,7,0.893939,0.0,94,31,0,7,132,1
fivetran__dbt_quickbooks,2026-01-14T10:42:34,3ecb00fc59a78a0252f864b25f621aa145777270,bugfix/tests-and-sales-tax-qs (#192),132,174,False,0.7857142857142857,11,0.48044635544635544,0.04898107126062659,0.0029769509512141768,0.938825944387029,0.3712121212121212,7,0.893939,0.0,94,31,0,7,132,1
fivetran__dbt_quickbooks,2026-02-09T18:08:52,5a4867301fd7cd6e90346c7bd126c7b89a535559,bugfix/running-balance-ordering (#196),132,174,False,0.7857142857142857,11,0.48044635544635544,0.04898107126062659,0.0029769509512141768,0.9388259373487027,0.3712121212121212,7,0.893939,0.0,94,31,0,7,132,1
fivetran__dbt_quickbooks,2026-03-03T12:56:22,e2bdd8f3532a1699858f9c48bc5b66fa05596c4a,v1.4.2 release (#199),132,174,False,0.7857142857142857,11,0.48044635544635544,0.04898107126062659,0.0029769509512141768,0.9388259455511091,0.3712121212121212,7,0.893939,0.0,94,31,0,7,132,1
fivetran__dbt_quickbooks,2026-04-20T14:42:56,34619d40d34fffb309f8e631bc52ea596354b4d5,Patch on YML field documentation (#203),132,174,False,0.7857142857142857,11,0.48044635544635544,0.04898107126062659,0.0029769509512141768,0.9388259357525112,0.3712121212121212,7,0.893939,0.0,94,31,0,7,132,1
fivetran__dbt_quickbooks,2026-04-29T14:18:29,cb2231c8cf786481ca93e0b9f3e5290b8331bc09,add_customer_type_table (#204),134,178,False,0.7857142857142857,11,0.4752561694837073,0.04898319794893081,0.002975903028123578,0.939233039539549,0.3805970149253731,7,0.895522,0.0,96,31,0,7,134,1
fivetran__dbt_quickbooks,2026-06-22T21:10:02,57d0364fc9b9ec01fea6a9b773772c0ffed32d35,Standardize unioning macros to use fivetran_utils versions (#209),134,178,False,0.7857142857142857,11,0.4752561694837073,0.04898319794893081,0.002975903028123578,0.9392330369192002,0.3805970149253731,7,0.895522,0.0,96,31,0,7,134,1
fivetran__dbt_quickbooks,2026-07-13T14:32:33,cf1867c4bd77d88931ff624d5e8cbd2f75c9843d,Release/1.9.0 (#213),144,208,False,0.7142857142857143,12,0.492432502596054,0.04871227295344004,0.0027512471359375083,0.941764777440087,0.4861111111111111,6,0.916667,0.0,104,32,0,8,144,1
fivetran__dbt_quickbooks_source,2021-02-05T15:37:11,ab2917e36148a0d402e4f280f4da1bddb84f9805,documenation fix and sales receipt var add,72,36,False,0.9285714285714286,1,0.5,2.0,1.0,0.0,0.0,36,0.027778,0.0,72,0,0,0,72,1
fivetran__dbt_quickbooks_source,2021-02-09T16:40:30,481cfa5181230beb90c87ce6adf3db911b483d1a,changed default to false for PO,78,39,False,0.9285714285714286,1,0.5,2.0,1.0,0.0,0.0,39,0.025641,0.0,78,0,0,0,78,1
fivetran__dbt_quickbooks_source,2021-03-12T13:09:41,ea3270e357f28bae6846a4dae9eb69d31fb46242,parent account casting fix,78,39,False,0.9285714285714286,1,0.5,2.0,1.0,0.0,0.0,39,0.025641,0.0,78,0,0,0,78,1
fivetran__dbt_quickbooks_source,2021-04-12T15:39:36,f1709c5e6171131857a3aa4035ac952310b110da,postgres compatibility updates,78,39,False,0.9285714285714286,1,0.5,2.0,1.0,0.0,0.0,39,0.025641,0.0,78,0,0,0,78,1
fivetran__dbt_quickbooks_source,2021-06-23T15:16:40,a3f3e6bf76027b1360dd1a9cc36773fa32b889d5,cast not needed for amount,78,39,False,0.9285714285714286,1,0.5,2.0,1.0,0.0,0.0,39,0.025641,0.0,78,0,0,0,78,1
fivetran__dbt_quickbooks_source,2022-03-25T10:56:49,ad1880c5fdf1da22cafaf25f2f8b1bb56c892845,invoice billing address id cast as string,78,39,False,0.9285714285714286,1,0.5,2.0,1.0,0.0,0.0,39,0.025641,0.0,78,0,0,0,78,1
fivetran__dbt_quickbooks_source,2022-09-26T15:50:15,fd1c3d28fae70c5fcace696a38191bcdc1994c2d,feature/credit-card-payments;,80,40,False,0.9285714285714286,1,0.5,2.0,1.0,0.0,0.0,40,0.025,0.0,80,0,0,0,80,1
fivetran__dbt_quickbooks_source,2022-10-24T17:30:14,f193d1cc406070f1ca0e5ec465fdafbacf97677a,credit card payment fixes and docs regen,80,40,False,0.9285714285714286,1,0.5,2.0,1.0,0.0,0.0,40,0.025,0.0,80,0,0,0,80,1
fivetran__dbt_quickbooks_source,2022-11-22T13:25:11,47ec3a2ca972615d84328260b27ff9250b47925a,Add class ids to source models,80,40,False,0.9285714285714286,1,0.5,2.0,1.0,0.0,0.0,40,0.025,0.0,80,0,0,0,80,1
fivetran__dbt_quickbooks_source,2022-12-01T08:23:49,8a2af71b8c6bc559651b6f1b0142dea5fc29b656,Add index to unique combination tests,80,40,False,0.9285714285714286,1,0.5,2.0,1.0,0.0,0.0,40,0.025,0.0,80,0,0,0,80,1
fivetran__dbt_quickbooks_source,2023-01-18T02:01:10,89825768502314eed69d5b8833a6d405d840dcac,Documentation updates,80,40,False,0.9285714285714286,1,0.5,2.0,1.0,0.0,0.0,40,0.025,0.0,80,0,0,0,80,1
fivetran__dbt_quickbooks_source,2023-02-13T19:40:54,94841bbf8176bea8868fd7d70ebebfe19eaea860,Remove stg_quickbooks__bill_linked_txn not null test,80,40,False,0.9285714285714286,1,0.5,2.0,1.0,0.0,0.0,40,0.025,0.0,80,0,0,0,80,1
fivetran__dbt_quickbooks_source,2023-04-19T12:57:53,1ed6f1a2d5462dbfab524b21e32760286d1c65a2,address merge conflicts,80,40,False,0.9285714285714286,1,0.5,2.0,1.0,0.0,0.0,40,0.025,0.0,80,0,0,0,80,1
fivetran__dbt_quickbooks_source,2023-05-17T18:47:15,7297b1d50bb63030cb32bb72b49364912cc20909,MagicBot/databricks-compatibility updates,80,40,False,0.9285714285714286,1,0.5,2.0,1.0,0.0,0.0,40,0.025,0.0,80,0,0,0,80,1
fivetran__dbt_quickbooks_source,2023-07-12T11:30:10,1276da15434a87b4cd8482c1775f58626439d9cb,update version,80,40,False,0.9285714285714286,1,0.5,2.0,1.0,0.0,0.0,40,0.025,0.0,80,0,0,0,80,1
fivetran__dbt_quickbooks_source,2023-08-22T11:18:01,197796389d23951578f2cd483f69227596136596,updates,80,40,False,0.9285714285714286,1,0.5,2.0,1.0,0.0,0.0,40,0.025,0.0,80,0,0,0,80,1
fivetran__dbt_quickbooks_source,2023-08-25T16:22:02,e671520ddde095738389e02ad40d1cfb2926391b,yml updates,80,40,False,0.9285714285714286,1,0.5,2.0,1.0,0.0,0.0,40,0.025,0.0,80,0,0,0,80,1
fivetran__dbt_quickbooks_source,2024-07-17T15:41:10,5fb091807a2a877e0444c8d8c7936632d8cf0ad1,PR review changes,80,40,False,0.9285714285714286,1,0.5,2.0,1.0,0.0,0.0,40,0.025,0.0,80,0,0,0,80,1
fivetran__dbt_quickbooks_source,2024-09-06T14:39:06,c82c1d7b420a4066e0df44ba4431a1ea23e01ba7,Filter deleted accounts from stg table,80,40,False,0.9285714285714286,1,0.5,2.0,1.0,0.0,0.0,40,0.025,0.0,80,0,0,0,80,1
fivetran__dbt_quickbooks_source,2024-10-29T18:03:51,3473036f877454356e3d6c8cb14e123ffc9521e3,PR review,80,40,False,0.9285714285714286,1,0.5,2.0,1.0,0.0,0.0,40,0.025,0.0,80,0,0,0,80,1
fivetran__dbt_quickbooks_source,2024-11-21T12:58:30,d6202c863241e594b851952fe036b7d9bd78f1b0,PR fixes,80,40,False,0.9285714285714286,1,0.5,2.0,1.0,0.0,0.0,40,0.025,0.0,80,0,0,0,80,1
fivetran__dbt_quickbooks_source,2025-06-26T12:12:09,590f376d79de4446c1d6d27d40e057f1908a958d,feature/freshness-updates (#64),80,40,False,0.9285714285714286,1,0.5,2.0,1.0,0.0,0.0,40,0.025,0.0,80,0,0,0,80,1
fivetran__dbt_quickbooks_source,2025-09-11T15:37:19,31c370cf4a5474c38cd596d963d57e242c4e2c0b,Bugfix/add credit card txn transfer exchange rates (#72),80,40,False,0.9285714285714286,1,0.5,2.0,1.0,0.0,0.0,40,0.025,0.0,80,0,0,0,80,1
fivetran__dbt_recharge,2023-04-05T14:18:26,9cf58b202dc71256e93d850a849fb59938389e1f,updates,7,9,False,0.5714285714285714,2,0.3492063492063492,0.665585781661023,0.12477204701742711,0.44153300454269123,0.42857142857142855,1,1.0,0.0,0,3,0,4,7,1
fivetran__dbt_recharge,2023-04-26T15:03:31,2623b490f9ad66e78d7048a9eef4f863909ea5cd,regen docs,9,8,False,0.6428571428571429,3,0.49382716049382713,0.6638136896666731,0.12513781672724097,0.4208777020476328,0.2222222222222222,3,0.777778,0.222222,0,3,0,6,9,1
fivetran__dbt_recharge,2023-05-30T17:22:45,28f1d8c3db9d37e566cbb75efda090724cb31e9f,api updates,9,8,False,0.6428571428571429,3,0.49382716049382713,0.6638136896666731,0.12513781672724097,0.4208778284566996,0.2222222222222222,3,0.777778,0.222222,0,3,0,6,9,1
fivetran__dbt_recharge,2023-09-07T20:23:44,d28e6dd30665203f35e64a9e0c186a5ca67c02e1,feature/update-joins,9,8,False,0.6428571428571429,3,0.49382716049382713,0.6638136896666731,0.12513781672724097,0.42087769734511477,0.2222222222222222,3,0.777778,0.222222,0,3,0,6,9,1
fivetran__dbt_recharge,2024-08-14T13:52:09,e9e85ff1a35447259e46e186f9900cdc294e8d02,Feature/cdm line item (#17),10,8,False,0.6428571428571429,3,0.5444444444444444,0.6638136896666731,0.12513781672724097,0.4208778264855712,0.2,4,0.7,0.3,0,3,0,7,10,1
fivetran__dbt_recharge,2025-04-04T16:57:16,fc2760ddc0e6dfcf13182a940f8228df5529550c,update charge line item history model,10,8,False,0.6428571428571429,3,0.5444444444444444,0.6638136896666731,0.12513781672724097,0.4208778276070767,0.2,4,0.7,0.3,0,3,0,7,10,1
fivetran__dbt_recharge,2025-05-28T14:25:11,67f51c3aedb143edb57da30b5b8a2427e58f487e,features/enable-std-billing-model (#28),10,8,False,0.6428571428571429,3,0.5444444444444444,0.6638136896666731,0.12513781672724097,0.4208778367313071,0.2,4,0.7,0.3,0,3,0,7,10,1
fivetran__dbt_recharge,2025-07-14T15:38:18,e93c3bed8605ee0cc749d43f9617264648e487d9,bugfix/is-prepaid-fix (#31),10,8,False,0.6428571428571429,3,0.5444444444444444,0.6638136896666731,0.12513781672724097,0.42087781943720726,0.2,4,0.7,0.3,0,3,0,7,10,1
fivetran__dbt_recharge,2025-08-14T17:22:35,a28ec5c9087f682998fe1a0474d0ff9c601b18e3,Consolidate source + remove tests (#34),44,45,False,0.6428571428571429,5,0.5345246356696738,0.16771277464622367,0.019028578494014577,0.5724820969098255,0.18181818181818182,7,0.727273,0.0,34,3,0,7,44,1
fivetran__dbt_recharge,2025-09-10T11:22:17,a1698b74ee08eb730da3de4dfd4bcb71898c251a,update/order-source-sunset (#35),44,45,False,0.6428571428571429,5,0.5345246356696738,0.16771277464622367,0.019028578494014577,0.5724821103187666,0.18181818181818182,7,0.727273,0.0,34,3,0,7,44,1
fivetran__dbt_recharge,2025-11-11T15:28:16,1d585e769fee49137e84fd80257d819654d94644,feature/union-data (#41),44,46,False,0.7857142857142857,6,0.5378787878787878,0.1996200980159139,0.022640941596388877,0.5145202659127536,0.20454545454545456,7,0.727273,0.0,34,3,0,7,44,1
fivetran__dbt_recharge,2026-06-22T19:54:24,d50142fbefdd38bd8f5110bdf4731ac080b48fcb,Standardize unioning macros to use fivetran_utils versions (#49),44,46,False,0.7857142857142857,5,0.5408407382091592,0.2058805303356332,0.022845257366892895,0.49658281970291496,0.20454545454545456,7,0.727273,0.0,34,3,0,7,44,1
fivetran__dbt_recurly,2022-10-12T18:49:33,f803e3649609e4bc5fd28d5bde0cb74a5c0f7f5d,syntax,10,14,False,0.6428571428571429,3,0.5580645161290323,0.3959041083298203,0.061088585867426506,0.65282215000646,0.5,1,1.0,0.0,0,4,0,6,10,1
fivetran__dbt_recurly,2022-10-31T20:59:39,294cee0ed7f71a3b29d1facb79403da0e7fe8e25,Buildkite integration and dbt package compatibility updates,10,14,False,0.6428571428571429,3,0.5580645161290323,0.3959041083298203,0.061088585867426506,0.6528221418837377,0.5,1,1.0,0.0,0,4,0,6,10,1
fivetran__dbt_recurly,2022-12-28T18:00:06,f013aeb6a7d1b580f3dae18e2135d8398bd41684,Generate docs + update dbt_utils macros,12,16,False,0.5714285714285714,4,0.5398550724637681,0.3718272518529032,0.05678443844049691,0.6979405981673533,0.4166666666666667,1,1.0,0.0,0,6,0,6,12,1
fivetran__dbt_recurly,2023-03-10T14:06:08,298c74298cfee34a532be09cc3a044307a94eaf8,"Update current_timestamp_backcompat macro, update changelog, regen docs",12,16,False,0.5714285714285714,4,0.5398550724637681,0.3718272518529032,0.05678443844049691,0.6979408496790711,0.4166666666666667,1,1.0,0.0,0,6,0,6,12,1
fivetran__dbt_recurly,2024-05-30T16:38:20,8efa48162ed2a20f8ba203f4ba88de3cd007b8c6,naming and ordering,13,16,False,0.5714285714285714,4,0.5752508361204013,0.3718272518529032,0.05678443844049691,0.6979408664054624,0.38461538461538464,2,0.923077,0.076923,0,6,0,7,13,1
fivetran__dbt_recurly,2024-06-21T10:49:16,6d439ce6cf6cab9f9b2ce14e58b6da8c67ae6574,concat addition,13,16,False,0.5714285714285714,4,0.5752508361204013,0.3718272518529032,0.05678443844049691,0.6979405769929082,0.38461538461538464,2,0.923077,0.076923,0,6,0,7,13,1
fivetran__dbt_recurly,2024-08-06T14:16:40,b1dbf91e87a193c7ab790a03bc66fe7cd242fc21,disable by default and documentation updates,13,16,False,0.5714285714285714,4,0.5752508361204013,0.3718272518529032,0.05678443844049691,0.6979408468664978,0.38461538461538464,2,0.923077,0.076923,0,6,0,7,13,1
fivetran__dbt_recurly,2025-05-28T14:25:21,ebb30efa28c902db48b676bd7b18939a6c0aea8d,Features/enable std billing model (#33),13,16,False,0.5714285714285714,4,0.5752508361204013,0.3718272518529032,0.05678443844049691,0.6979405748346837,0.38461538461538464,2,0.923077,0.076923,0,6,0,7,13,1
fivetran__dbt_recurly,2025-08-14T19:15:40,dd8415a0dbecfc3b1f886cc3c43cc1491118f8de,Consolidate source + remove tests (#37),49,47,False,0.7142857142857143,5,0.6624442880600516,0.3191369124358373,0.034118808853496135,0.3985640298328431,0.22448979591836735,13,0.510204,0.0,36,6,0,7,49,1
fivetran__dbt_recurly,2025-11-12T13:12:24,bd6195ff5b6ed5318fac2e6c81215ec63ee01a27,feature-union-data (#40),49,47,False,0.7142857142857143,5,0.6624442880600516,0.3191369124358373,0.034118808853496135,0.39856450450603187,0.22448979591836735,13,0.510204,0.0,36,6,0,7,49,1
fivetran__dbt_recurly,2026-03-13T13:16:21,8e49f280be5090f2938a8d9ab4abf3ba508b9568,Datatype numeric/float update (#45),49,47,False,0.7142857142857143,5,0.6624442880600516,0.3191369124358373,0.034118808853496135,0.3985640589205155,0.22448979591836735,13,0.510204,0.0,36,6,0,7,49,1
fivetran__dbt_recurly,2026-06-22T19:55:03,b8b545c7fe0e2078a6c946b20c0ed01d5905e332,Standardize unioning macros to use fivetran_utils versions (#47),49,47,False,0.7142857142857143,5,0.6624442880600516,0.3191369124358373,0.034118808853496135,0.3985644959781168,0.22448979591836735,13,0.510204,0.0,36,6,0,7,49,1
fivetran__dbt_sage_intacct,2022-03-03T12:46:27,bee915f354839d8261c8f30cd8745c716f367851,cleanup,8,7,False,0.6428571428571429,2,0.5,0.3403209584817712,0.07303527892146124,0.26865525060677514,0.125,2,0.875,0.125,0,3,0,5,8,1
fivetran__dbt_sage_intacct,2022-03-31T22:53:05,c05d28163d1a157692b61ecf17bddcbf9fe02dd9,feat(sage_intacct__using_invoices): new var,8,7,False,0.6428571428571429,2,0.5,0.3403209584817712,0.07303527892146124,0.26865525147216374,0.125,2,0.875,0.125,0,3,0,5,8,1
fivetran__dbt_sage_intacct,2022-04-21T11:59:03,daba9951032f0388def2a3ba481b0f5e2d088ad3,move retained earnings away to other branch,8,7,False,0.6428571428571429,2,0.5,0.3403209584817712,0.07303527892146124,0.26865524962707105,0.125,2,0.875,0.125,0,3,0,5,8,1
fivetran__dbt_sage_intacct,2022-05-13T14:24:26,c94f571e5eaeb65a153c58778f3e21d63a871eb5,add retaiend earnings to yml,9,9,False,0.7857142857142857,2,0.5042735042735043,0.3030415357144462,0.05732557620709403,0.3219753668694661,0.2222222222222222,2,0.888889,0.111111,0,4,0,5,9,1
fivetran__dbt_sage_intacct,2022-10-13T16:04:11,d64516bce63e34e56e6bb2525e2211449614f309,Updates for dbt-utils to dbt-core cross-db macro migration,9,9,False,0.7857142857142857,2,0.5042735042735043,0.3030415357144462,0.05732557620709403,0.3219753685906233,0.2222222222222222,2,0.888889,0.111111,0,4,0,5,9,1
fivetran__dbt_sage_intacct,2023-06-06T16:33:39,a9265b1b4df27d424fd30ba58527aa6539a6ac23,add null to coalesce,9,9,False,0.7857142857142857,2,0.5042735042735043,0.3030415357144462,0.05732557620709403,0.3219753669090673,0.2222222222222222,2,0.888889,0.111111,0,4,0,5,9,1
fivetran__dbt_sage_intacct,2023-12-01T10:17:53,26852e05043ff34ae73a8b6640410249d097d23d,final updates and docs generation,10,10,False,0.7142857142857143,2,0.4696969696969697,0.259912455922661,0.04802939738365788,0.35783011149277394,0.2,2,0.9,0.1,0,5,0,5,10,1
fivetran__dbt_sage_intacct,2024-05-15T14:33:40,241050f77b95f5dd49d2d4fa1b8e98718e745458,Bugfix/union data type comp (#22),10,10,False,0.7142857142857143,2,0.4696969696969697,0.259912455922661,0.04802939738365788,0.3578301119151112,0.2,2,0.9,0.1,0,5,0,5,10,1
fivetran__dbt_sage_intacct,2024-07-29T20:54:14,7b73bf9e57df54f1ce420b46951cfbdb913a6468,Update the datespine model to handle empty general ledger table,10,10,False,0.7142857142857143,2,0.4696969696969697,0.259912455922661,0.04802939738365788,0.3578301115308736,0.2,2,0.9,0.1,0,5,0,5,10,1
fivetran__dbt_sage_intacct,2025-02-04T03:23:40,b323600405319e93807b2d33c576b636985965ce,Final PR changes,10,10,False,0.7142857142857143,2,0.4696969696969697,0.259912455922661,0.04802939738365788,0.3578301113888393,0.2,2,0.9,0.1,0,5,0,5,10,1
fivetran__dbt_sage_intacct,2025-08-14T19:08:17,c8a91afd085dfb9ffb29f47db81a0bf82676cbfd,Consolidate source + remove tests (#37),24,24,False,0.7142857142857143,4,0.4565972222222222,0.13362306146813563,0.024071152704798267,0.4153472793797575,0.08333333333333333,2,0.625,0.0,14,5,0,5,24,1
fivetran__dbt_sage_intacct,2025-11-06T15:32:27,8baf748af96776afec8ce311ebc45fbeb0c8fdd2,feature/union_data (#38),24,24,False,0.7142857142857143,4,0.4565972222222222,0.13362306146813563,0.024071152704798267,0.41534725676962064,0.08333333333333333,2,0.625,0.0,14,5,0,5,24,1
fivetran__dbt_sage_intacct,2026-06-22T19:55:57,b3aa7165e419065a75820b248fd46954bb20973c,Standardize unioning macros to use fivetran_utils versions (#43),24,24,False,0.7142857142857143,4,0.4565972222222222,0.13362306146813563,0.024071152704798267,0.41534701769439686,0.08333333333333333,2,0.625,0.0,14,5,0,5,24,1
fivetran__dbt_sage_intacct_source,2022-03-01T17:15:13,6954e23e9d1e4a6c65915017f733460714f154df,add package modules,12,6,False,0.9285714285714286,1,0.5,2.0,1.0,0.0,0.0,6,0.166667,0.0,12,0,0,0,12,1
fivetran__dbt_sage_intacct_source,2022-03-31T22:53:03,26b073bb583a036c6508357e9ea33cc0c70a3ece,feat(sage_intacct__using_invoices): new var,12,6,False,0.9285714285714286,1,0.5,2.0,1.0,0.0,0.0,6,0.166667,0.0,12,0,0,0,12,1
fivetran__dbt_sage_intacct_source,2022-04-19T15:23:34,d3e4a89dcd9a507c635db3c92a5c046c902b678d,update fivetran_deleted filter,12,6,False,0.9285714285714286,1,0.5,2.0,1.0,0.0,0.0,6,0.166667,0.0,12,0,0,0,12,1
fivetran__dbt_sage_intacct_source,2022-05-12T09:51:01,598ee6e4707f4565f994ea15a8af1482add572f1,soft deletes removal for accounts,12,6,False,0.9285714285714286,1,0.5,2.0,1.0,0.0,0.0,6,0.166667,0.0,12,0,0,0,12,1
fivetran__dbt_sage_intacct_source,2022-10-27T16:26:01,51f63b6668aeb8c2168f7346539af23882298810,updates,12,6,False,0.9285714285714286,1,0.5,2.0,1.0,0.0,0.0,6,0.166667,0.0,12,0,0,0,12,1
fivetran__dbt_sage_intacct_source,2022-10-31T17:03:38,9943031a9c0adfb12e4969f25db4a60669dd30cc,identifier add,12,6,False,0.9285714285714286,1,0.5,2.0,1.0,0.0,0.0,6,0.166667,0.0,12,0,0,0,12,1
fivetran__dbt_sage_intacct_source,2023-10-10T11:40:18,6ddec524cfe6baf7834bf0c153b58925e6521290,start fix,12,6,False,0.9285714285714286,1,0.5,2.0,1.0,0.0,0.0,6,0.166667,0.0,12,0,0,0,12,1
fivetran__dbt_sage_intacct_source,2023-10-31T13:09:31,92248a3c218a09076bfe543dcc801ed0a8a1df01,carry out updates,12,6,False,0.9285714285714286,1,0.5,2.0,1.0,0.0,0.0,6,0.166667,0.0,12,0,0,0,12,1
fivetran__dbt_sage_intacct_source,2023-12-04T09:22:58,2543c8bca1d124908850225e3b49385a7e5cb5bc,review updates;,14,7,False,0.9285714285714286,1,0.5,2.0,1.0,0.0,0.0,7,0.142857,0.0,14,0,0,0,14,1
fivetran__dbt_sage_intacct_source,2024-02-27T10:27:11,2034a32c55467720e09f36d5b987600860a22ec9,bugfix/using-bills-variable,14,7,False,0.9285714285714286,1,0.5,2.0,1.0,0.0,0.0,7,0.142857,0.0,14,0,0,0,14,1
fivetran__dbt_sage_intacct_source,2025-02-05T12:09:11,a38eff1c8e151443d5d3f9a683e334fd674af08c,PR changes,14,7,False,0.9285714285714286,1,0.5,2.0,1.0,0.0,0.0,7,0.142857,0.0,14,0,0,0,14,1
fivetran__dbt_sage_intacct_source,2025-06-26T11:21:34,717e0ce69f8ba158f87e5bca7f8f365f676231bd,feature/freshness-updates (#23),14,7,False,0.9285714285714286,1,0.5,2.0,1.0,0.0,0.0,7,0.142857,0.0,14,0,0,0,14,1
fivetran__dbt_salesforce,2020-05-08T11:48:04,e7a36f599a9097e25a58ae03b03ee830ca9d9a46,initial model build,9,11,False,0.7857142857142857,2,0.5252525252525253,0.4672150968199447,0.07288443202410716,0.3161480431911731,0.3333333333333333,1,1.0,0.0,4,1,0,4,9,1
fivetran__dbt_salesforce,2020-05-21T17:02:02,b273401365689b618c63d91423a0ad32f34a6b46,having clause fix,9,11,False,0.7857142857142857,2,0.5252525252525253,0.4672150968199447,0.07288443202410716,0.3161480317690448,0.3333333333333333,1,1.0,0.0,4,1,0,4,9,1
fivetran__dbt_salesforce,2020-10-23T11:50:55,53becf7b713f25e37de7118ae2907e2d91ac0295,upgrade dbt version and source package,5,4,False,0.7857142857142857,2,0.6666666666666666,0.5188056959079844,0.12441125563507043,0.19142259864980626,0.0,1,1.0,0.0,0,1,0,4,5,1
fivetran__dbt_salesforce,2020-11-25T17:07:01,f1d592067f0b5127253075f3e2a26ef248cfc630,cleanup,5,4,False,0.7857142857142857,2,0.6666666666666666,0.5188056959079843,0.12441125563507045,0.1914225986498072,0.0,1,1.0,0.0,0,1,0,4,5,1
fivetran__dbt_salesforce,2022-01-26T13:57:30,5afea73ad393094b21f48a5265f1f5aa9dc725f2,make group by dynamic,5,4,False,0.7857142857142857,2,0.6666666666666666,0.5188056959079843,0.12441125563507045,0.1914225986498068,0.0,1,1.0,0.0,0,1,0,4,5,1
fivetran__dbt_salesforce,2022-05-03T18:31:06,f717a887ed1fa07939480e534974981419faf251,more updates,5,4,False,0.7857142857142857,2,0.6666666666666666,0.5188056959079843,0.12441125563507045,0.19142259864980463,0.0,1,1.0,0.0,0,1,0,4,5,1
fivetran__dbt_salesforce,2022-07-06T16:45:42,0101892ab5bb0b428286e77967515813a6367eea,round,9,5,False,0.7857142857142857,2,0.7619047619047619,0.5188056959079844,0.12441125563507043,0.19142259864980515,0.0,4,0.555556,0.222222,0,2,0,7,9,1
fivetran__dbt_salesforce,2022-08-24T14:59:24,78762054016f9494835837cec0c31619d391c08d,Add additional passthrough joins to contact_enhanced and opportunity_line_item_enhanced.,9,5,False,0.7857142857142857,2,0.7619047619047619,0.5188056959079844,0.12441125563507043,0.19142259864980726,0.0,4,0.555556,0.222222,0,2,0,7,9,1
fivetran__dbt_salesforce,2022-10-13T16:17:39,ba9612bc83f598f72f5643efb36339a595f8e620,Updates for dbt-utils to dbt-core cross-db macro migration,9,5,False,0.7857142857142857,2,0.7619047619047619,0.5188056959079844,0.12441125563507043,0.19142259864980696,0.0,4,0.555556,0.222222,0,2,0,7,9,1
fivetran__dbt_salesforce,2023-04-30T22:40:15,6dc547b345ebd2a6668592e1004d80a958204817,udpates,9,5,False,0.7857142857142857,2,0.7619047619047619,0.5188056959079844,0.12441125563507043,0.19142259864980396,0.0,4,0.555556,0.222222,0,2,0,7,9,1
fivetran__dbt_salesforce,2023-05-11T08:34:16,49cfcc69e2ec1b70dc946423fc8d7c38fa5aacc5,bugfix/opportunity-model-passthrough,9,5,False,0.7857142857142857,2,0.7619047619047619,0.5188056959079844,0.12441125563507043,0.19142259864980407,0.0,4,0.555556,0.222222,0,2,0,7,9,1
fivetran__dbt_salesforce,2023-09-26T02:31:33,1637195370e26fcd0e2e58be0cdedb4844771ac1,Update date spine variable logic,9,5,False,0.7857142857142857,2,0.7619047619047619,0.5188056959079844,0.12441125563507043,0.19142259864980654,0.0,4,0.555556,0.222222,0,2,0,7,9,1
fivetran__dbt_salesforce,2023-10-27T11:50:05,4ce1be79d2a9a02cce00296c1f3bdaa993f8c377,update spine,12,5,False,0.7857142857142857,2,0.8214285714285714,0.5188056959079845,0.12441125563507052,0.1914225986498053,0.0,7,0.416667,0.416667,0,2,0,10,12,1
fivetran__dbt_salesforce,2023-10-30T18:47:12,12e6932c79e2e688e068b43f389d1ce023882616,New first date limit at 2020,12,5,False,0.7857142857142857,2,0.8214285714285714,0.5188056959079845,0.12441125563507052,0.19142259864980551,0.0,7,0.416667,0.416667,0,2,0,10,12,1
fivetran__dbt_salesforce,2024-02-14T13:26:48,74387f7247212789d38541a2c08c009773ff8857,Ensure successful run without lead data,12,5,False,0.7857142857142857,2,0.8214285714285714,0.5188056959079845,0.12441125563507052,0.1914225986498073,0.0,7,0.416667,0.416667,0,2,0,10,12,1
fivetran__dbt_salesforce,2024-06-17T10:11:49,614880a579af74e2c38d4b9401513c4f272b28b2,bug/spine-empty-lead-update (#52),12,5,False,0.7857142857142857,2,0.8214285714285714,0.5188056959079845,0.12441125563507052,0.19142259864980732,0.0,7,0.416667,0.416667,0,2,0,10,12,1
fivetran__dbt_salesforce,2024-07-24T15:29:02,bd882149020173c9680cb42c0a40fa51c16dac48,bug/renamed-columns-datespine (#56),12,5,False,0.7857142857142857,2,0.8214285714285714,0.5188056959079845,0.12441125563507052,0.191422598649806,0.0,7,0.416667,0.416667,0,2,0,10,12,1
fivetran__dbt_salesforce,2025-08-19T00:14:52,5a68ce8b57096aa24157e23d0015bfa4d9ae4cdc,Consolidate source + remove tests (#67),26,27,False,0.6428571428571429,3,0.6425891181988743,0.15566187008176685,0.020591938094736802,0.599554006052882,0.2692307692307692,6,0.615385,0.038462,14,2,0,10,26,1
fivetran__dbt_salesforce,2026-07-20T15:05:21,87e05378f2f5de92911624492f03137adfbfd138,Feature/campaign performance (#84),31,32,False,0.5714285714285714,4,0.6516129032258065,0.17702069151479152,0.020960132993137023,0.5196477439514067,0.25806451612903225,7,0.645161,0.064516,17,2,0,12,31,1
fivetran__dbt_salesforce_source,2020-05-08T09:46:16,8b6bc8fb97479a3029989134269805ffc9d3ef7a,initial models,4,0,True,,,,,,,,4,0.25,1.0,4,0,0,0,4,1
fivetran__dbt_salesforce_source,2020-10-23T11:16:16,3ed7952d471626e4128b8eae8c690252239aa05c,file structure clean up,4,0,True,,,,,,,,4,0.25,1.0,4,0,0,0,4,1
fivetran__dbt_salesforce_source,2020-11-30T13:01:27,b1e1c2be173c1494e436d6a36879c80ebd12f995,post review changes,8,4,False,0.9285714285714286,1,0.5,2.0,1.0,0.0,0.0,4,0.25,0.0,8,0,0,0,8,1
fivetran__dbt_salesforce_source,2021-05-28T17:54:05,4e2c394154b1d36db27028fb1231b22e3a3899f0,dbt run -m stg_salesforce__item,12,6,False,0.9285714285714286,1,0.5,2.0,1.0,0.0,0.0,6,0.166667,0.0,12,0,0,0,12,1
fivetran__dbt_salesforce_source,2021-06-04T15:10:54,993ec028e14ecfb338c19cdf7cf83b96e36def59,Subscription units c (#5),14,7,False,0.9285714285714286,1,0.5,2.0,1.0,0.0,0.0,7,0.142857,0.0,14,0,0,0,14,1
fivetran__dbt_salesforce_source,2021-08-12T13:48:16,a6f268e232331e88a8a7b5802261f1ccf759bdec,final review notes,8,4,False,0.9285714285714286,1,0.5,2.0,1.0,0.0,0.0,4,0.25,0.0,8,0,0,0,8,1
fivetran__dbt_salesforce_source,2021-10-04T14:37:58,667aec5a3376b175d91ebeb03fb20f3129bf3966,Merge branch 'master' of https://github.com/fivetran/dbt_salesforce_source into fivetran-master,14,7,False,0.9285714285714286,1,0.5,2.0,1.0,0.0,0.0,7,0.142857,0.0,14,0,0,0,14,1
fivetran__dbt_salesforce_source,2022-01-20T09:23:09,8cc21a4995c0096436f3ac45ea5224ccda133447,type numeric,8,4,False,0.9285714285714286,1,0.5,2.0,1.0,0.0,0.0,4,0.25,0.0,8,0,0,0,8,1
fivetran__dbt_salesforce_source,2022-01-26T15:17:43,51b8ca45f0004f6309fbd8ae56cc29fe0ad547a9,added user role test to circleci,8,4,False,0.9285714285714286,1,0.5,2.0,1.0,0.0,0.0,4,0.25,0.0,8,0,0,0,8,1
fivetran__dbt_salesforce_source,2022-03-02T08:32:20,7424b8edd8520b909ba5687bd5804cff7e1c3ab7,bugfix/timestamp_cast,8,4,False,0.9285714285714286,1,0.5,2.0,1.0,0.0,0.0,4,0.25,0.0,8,0,0,0,8,1
fivetran__dbt_salesforce_source,2022-06-23T14:07:52,06c3e7ec427ece47e99624237360d0909e86c8ae,update columns,22,11,False,0.9285714285714286,1,0.5,2.0,1.0,0.0,0.0,11,0.090909,0.0,22,0,0,0,22,1
fivetran__dbt_salesforce_source,2022-06-30T16:28:11,35aff4f2802a40687336dd5e646c5e06d0d39dfe,add enable/disable configs,22,11,False,0.9285714285714286,1,0.5,2.0,1.0,0.0,0.0,11,0.090909,0.0,22,0,0,0,22,1
fivetran__dbt_salesforce_source,2022-10-17T10:40:57,809877c98aea15e84289fefcf176ca76c961e09d,Updates for dbt-utils to dbt-core cross-db macro migration,22,11,False,0.9285714285714286,1,0.5,2.0,1.0,0.0,0.0,11,0.090909,0.0,22,0,0,0,22,1
fivetran__dbt_salesforce_source,2022-10-25T17:01:16,841aaf4716bd53e1e62c84e3750e4fffe42bcabf,jm review updates,22,11,False,0.9285714285714286,1,0.5,2.0,1.0,0.0,0.0,11,0.090909,0.0,22,0,0,0,22,1
fivetran__dbt_salesforce_source,2023-04-30T22:27:49,e7b272cf81ba73839920aca61dc7ef0b41dd62b3,get updated,22,11,False,0.9285714285714286,1,0.5,2.0,1.0,0.0,0.0,11,0.090909,0.0,22,0,0,0,22,1
fivetran__dbt_salesforce_source,2023-09-06T13:26:15,1a82a3bb18ba4669368a93fa467493d90b089912,"update seed files, regen docs",38,19,False,0.9285714285714286,1,0.5,2.0,1.0,0.0,0.0,19,0.052632,0.0,38,0,0,0,38,1
fivetran__dbt_salesforce_source,2023-10-16T00:38:20,1625140585f691c91c4ddbdc72181596ad53a07c,"update with filter variables, documetnation updates",42,21,False,0.9285714285714286,1,0.5,2.0,1.0,0.0,0.0,21,0.047619,0.0,42,0,0,0,42,1
fivetran__dbt_salesforce_source,2023-10-29T22:29:05,e4e3ba65427b2cab708f6aaaae608d2b406a751c,review/jm-final-adjustments,14,0,False,,,0.0,0.0,0.0,0.0,0.0,14,0.071429,1.0,14,0,0,0,14,1
fivetran__dbt_salesforce_source,2024-04-15T09:27:16,22b744c8514a35b3c9bb570158265cd76c3b6202,add missing salesforce_history src version tag (#44),14,0,False,,,0.0,0.0,0.0,0.0,0.0,14,0.071429,1.0,14,0,0,0,14,1
fivetran__dbt_salesforce_source,2024-07-15T09:38:54,197838b81810a58bba5215a93e47d55fd65df075,Bug/renamed columns option3 (#48),14,0,False,,,0.0,0.0,0.0,0.0,0.0,14,0.071429,1.0,14,0,0,0,14,1
fivetran__dbt_salesforce_source,2025-06-26T11:02:24,e3ed6add3f7e75adc6195dd6f30e7355ab4dc869,feature/freshness-updates (#57),14,0,False,,,0.0,0.0,0.0,0.0,0.0,14,0.071429,1.0,14,0,0,0,14,1
fivetran__dbt_shopify,2020-09-20T14:31:09,e559d2bdc8d935b347be313ca0a33c0817a8d92f,docs on docs on docs,8,7,False,0.7142857142857143,2,0.425,0.2508824522534782,0.05354393339568444,0.2842109834241911,0.0,1,1.0,0.0,0,2,0,6,8,1
fivetran__dbt_shopify,2020-11-24T13:31:01,3282eae6a67b33aace73fed8b70f387546de27f9,adding vars to xf package,8,7,False,0.7142857142857143,2,0.425,0.2508824522534782,0.05354393339568444,0.2842109833326245,0.0,1,1.0,0.0,0,2,0,6,8,1
fivetran__dbt_shopify,2021-01-26T20:50:24,7eabd2277b59125253025926f43a302ea6ca53e2,Remove duplicate columns related to customer aggregates,8,7,False,0.7142857142857143,2,0.425,0.2508824522534782,0.05354393339568444,0.2842109836061631,0.0,1,1.0,0.0,0,2,0,6,8,1
fivetran__dbt_shopify,2021-02-17T12:41:59,fdf2a00eada3fead877dd1146985da0e08076b1d,Merge pull request #11 from MartinGuindon/fix/null_customer_id_in_order_aggregates,8,7,False,0.7142857142857143,2,0.425,0.2508824522534782,0.05354393339568444,0.28421098340483725,0.0,1,1.0,0.0,0,2,0,6,8,1
fivetran__dbt_shopify,2021-03-10T12:04:29,7c000261451278bc1eeecfab1dc1a3f53b1a3f1c,Fix whitespace issues,9,7,False,0.7142857142857143,2,0.4888888888888889,0.2508824522534782,0.05354393339568444,0.28421098352408813,0.0,2,0.888889,0.111111,0,2,0,7,9,1
fivetran__dbt_shopify,2021-05-28T12:36:43,80c7655f452b61ddf3bb3c5bad781b8dd3969888,fixing tests + typo,10,10,False,0.7142857142857143,3,0.4176470588235294,0.18144779549624135,0.03330813173528256,0.4217554226801701,0.1,1,1.0,0.0,0,3,0,7,10,1
fivetran__dbt_shopify,2021-07-02T10:14:19,727adecb810154645cbad24edfbe5490e86984df,null if addition to transaction exchange rates,10,10,False,0.7142857142857143,3,0.4176470588235294,0.18144779549624135,0.03330813173528256,0.4217554223085076,0.1,1,1.0,0.0,0,3,0,7,10,1
fivetran__dbt_shopify,2021-08-17T12:25:47,e8e0cc1c1f4f41838ec3d91f6599a2ad97bd5fdb,default boolean fix,10,10,False,0.7142857142857143,3,0.4176470588235294,0.18144779549624135,0.03330813173528256,0.4217554152485162,0.1,1,1.0,0.0,0,3,0,7,10,1
fivetran__dbt_shopify,2021-09-10T17:04:55,95b72b9e86ec5686331de7f96f70376d54eed027,Merge pull request #23 from lizdeika/patch-2,10,10,False,0.7142857142857143,3,0.4176470588235294,0.18144779549624135,0.03330813173528256,0.42175542479485595,0.1,1,1.0,0.0,0,3,0,7,10,1
fivetran__dbt_shopify,2021-11-03T15:58:18,821bb59f36a39a583ed93de221a1ba4f7318d9a9,remove commented-out code,10,10,False,0.7142857142857143,3,0.4176470588235294,0.18144779549624135,0.03330813173528256,0.4217554576746558,0.1,1,1.0,0.0,0,3,0,7,10,1
fivetran__dbt_shopify,2022-10-13T16:15:34,2ea08ce0a514b2db8e86b8aeb29a0aa9fb43d439,Updates for dbt-utils to dbt-core cross-db macro migration,10,10,False,0.7142857142857143,3,0.4176470588235294,0.18144779549624135,0.03330813173528256,0.4217554630138399,0.1,1,1.0,0.0,0,3,0,7,10,1
fivetran__dbt_shopify,2023-01-13T16:43:08,ff221c1515bd0bcaa91c9f6692efb84ba0787d99,updates to discounts and adde dthe daily shop model,21,25,False,0.7142857142857143,5,0.6004140786749482,0.1723743823380358,0.02055284803978197,0.3590906242630409,0.23809523809523808,1,1.0,0.0,0,9,0,12,21,1
fivetran__dbt_shopify,2023-01-31T09:36:51,032e387a5eaf5ed1f5164f883b9e1464fba1c536,Update models/shopify.yml,33,32,False,0.7142857142857143,6,0.7177033492822966,0.19609334190030192,0.02321563606655918,0.8767687182360039,0.21212121212121213,8,0.787879,0.212121,0,14,0,19,33,1
fivetran__dbt_shopify,2023-05-16T15:22:22,0882caf65b07379680f0ba39535dd7552b0225fe,Try this,33,32,False,0.7142857142857143,6,0.7177033492822966,0.19609334190030192,0.02321563606655918,0.8767677688285395,0.21212121212121213,8,0.787879,0.212121,0,14,0,19,33,1
fivetran__dbt_shopify,2023-06-22T15:24:50,b4cf4de1cb6bb7db0be1482e02f56b15ad88cd90,feature/shopify-api-updates,33,32,False,0.7142857142857143,6,0.7177033492822966,0.19609334190030192,0.02321563606655918,0.876768721543072,0.21212121212121213,8,0.787879,0.212121,0,14,0,19,33,1
fivetran__dbt_shopify,2023-10-04T12:45:50,7ce132179cd1115ae5717c069629d88363624bf1,rm dbt expectations,33,32,False,0.7142857142857143,6,0.7177033492822966,0.19609334190030192,0.02321563606655918,0.8767687242476758,0.21212121212121213,8,0.787879,0.212121,0,14,0,19,33,1
fivetran__dbt_shopify,2024-03-06T13:59:20,7cc06076939937265ab4e11b75a7b34c89c46000,Update partition logic with source relation (#74),33,32,False,0.7142857142857143,6,0.7177033492822966,0.19609334190030192,0.02321563606655918,0.8767677940543762,0.21212121212121213,8,0.787879,0.212121,0,14,0,19,33,1
fivetran__dbt_shopify,2024-05-01T13:47:24,fc20889f54525fd0cb9d69b24de251467c1360e9,Release/v0.12.0 (#79),33,32,False,0.7142857142857143,6,0.7177033492822966,0.19609334190030192,0.02321563606655918,0.8767687167408408,0.21212121212121213,8,0.787879,0.212121,0,14,0,19,33,1
fivetran__dbt_shopify,2024-06-11T14:29:24,9dc9de34fb342edc9eccd9ec7d5d34ec5820ec19,Releases/v0.12.latest (#82),33,32,False,0.7142857142857143,6,0.7177033492822966,0.19609334190030192,0.02321563606655918,0.8767686974620124,0.21212121212121213,8,0.787879,0.212121,0,14,0,19,33,1
fivetran__dbt_shopify,2024-07-09T17:06:05,be8b599de43d6c64e986bb6775027d9698d0679b,more updates,34,32,False,0.7142857142857143,6,0.7260061919504643,0.19609334190030192,0.02321563606655918,0.876768694077132,0.20588235294117646,9,0.764706,0.235294,0,14,0,20,34,1
fivetran__dbt_shopify,2024-08-06T17:12:06,4525509bdf504ebefafcb3f8934b67b2d256924b,revert changes but apply discount at order level,34,33,False,0.7857142857142857,5,0.7291825821237586,0.1888444211630518,0.022354365223005754,0.4106403100786428,0.20588235294117646,8,0.794118,0.205882,0,14,0,20,34,1
fivetran__dbt_shopify,2024-08-27T16:30:57,470b8dad1b1a29709a2615e6429504a24393791d,Bug Fix: Coalesce incremental fields (#87),34,33,False,0.7857142857142857,5,0.7291825821237586,0.1888444211630518,0.022354365223005754,0.4106376586913125,0.20588235294117646,8,0.794118,0.205882,0,14,0,20,34,1
fivetran__dbt_shopify,2024-10-21T14:56:27,903e5629b4afd3b47af5caffcb69196e78e7106f,Bug/null customer tags (#89),34,33,False,0.7857142857142857,5,0.7291825821237586,0.1888444211630518,0.022354365223005754,0.41063758783997034,0.20588235294117646,8,0.794118,0.205882,0,14,0,20,34,1
fivetran__dbt_shopify,2024-12-02T15:47:18,295a91974f072014791601653e7c99f2f4c08ee6,Bugfix/redshift constant expressions (#92),34,33,False,0.7857142857142857,5,0.7291825821237586,0.1888444211630518,0.022354365223005754,0.41063760979449304,0.20588235294117646,8,0.794118,0.205882,0,14,0,20,34,1
fivetran__dbt_shopify,2025-01-07T17:38:12,35b21ab07e151865dd4ed148fa73da0dd23fc1b9,Feature/product inventory api update (#94),34,33,False,0.7857142857142857,5,0.7291825821237586,0.1888444211630518,0.022354365223005754,0.4106376284280559,0.20588235294117646,8,0.794118,0.205882,0,14,0,20,34,1
fivetran__dbt_shopify,2025-02-05T09:28:28,0f418b67cc035f66971757c2be473070d1597040,Multivalue metafield macro support (#99),34,33,False,0.7857142857142857,5,0.7291825821237586,0.1888444211630518,0.022354365223005754,0.41064035746041333,0.20588235294117646,8,0.794118,0.205882,0,14,0,20,34,1
fivetran__dbt_shopify,2025-02-18T11:41:07,df17e2717ef1d82d5dd10f61cd3ca5853a0db10c,Feature/add inventory quantity (#100),34,33,False,0.7857142857142857,5,0.7291825821237586,0.1888444211630518,0.022354365223005754,0.4106403023783194,0.20588235294117646,8,0.794118,0.205882,0,14,0,20,34,1
fivetran__dbt_shopify,2025-05-28T08:29:26,7dcfcb97e171b7d3c24270ab2cb98c187cfe9424,"Add media discount models, deprecate product image and price rule (#104)",34,34,False,0.7142857142857143,4,0.7171945701357466,0.14261753918437922,0.016880960002930597,0.8773245421473317,0.20588235294117646,7,0.823529,0.176471,0,15,0,19,34,1
fivetran__dbt_shopify,2025-07-23T15:21:40,d83094f4764a670247e2e7e555b2179c6a4c0201,bugfix/discount-code-test-update (#108),34,34,False,0.7142857142857143,4,0.7171945701357466,0.14261753918437922,0.016880960002930597,0.8773241709249371,0.20588235294117646,7,0.823529,0.176471,0,15,0,19,34,1
fivetran__dbt_shopify,2025-08-20T13:27:52,927fc4c0cc86cb18e624cb8b2cad8e918ede16c1,bugfix/inventory_levels_product_variant_media_join (#119),76,83,False,0.6428571428571429,7,0.679113323850166,0.05403408468178977,0.004439853253060709,0.6972494265947962,0.2631578947368421,13,0.842105,0.157895,0,39,0,37,76,1
fivetran__dbt_shopify,2025-09-23T21:06:24,77748fc9edb2184a31e30f4bff490ce982af3ea8,Consolidate source (#123),254,299,False,0.8571428571428571,11,0.5365986509750797,0.014516338538315365,0.0010181718174178218,0.826399750038706,0.2677165354330709,23,0.874016,0.047244,178,39,0,37,254,1
fivetran__dbt_shopify,2025-10-23T16:19:34,392b89952ed3504e4f35b434b493b9f84f02dfa3,Enable and incorporate metafields by default (#132),254,288,False,0.7142857142857143,13,0.5428066706056842,0.014825927956361989,0.0011196445514273456,0.8394156314172149,0.23622047244094488,26,0.838583,0.047244,178,39,0,37,254,1
fivetran__dbt_shopify,2025-11-24T15:22:11,67faaaf613132a2022c9cf1c748187770c3214c4,Bug/discounts unique key (#135),254,288,False,0.7142857142857143,13,0.5428066706056842,0.014825927956361989,0.0011196445514273456,0.8394155122742866,0.23622047244094488,26,0.838583,0.047244,178,39,0,37,254,1
fivetran__dbt_shopify,2025-12-09T16:37:26,85f4adc05ec3f83b78c50c716a49d0356cb7b7ee,Incorporate New GQL Table Names (#137),254,288,False,0.7142857142857143,13,0.5428066706056842,0.014825927956361989,0.0011196445514273456,0.8394154938301427,0.23622047244094488,26,0.838583,0.047244,178,39,0,37,254,1
fivetran__dbt_shopify,2026-01-06T11:07:47,c8e83aff3ca04aa1b12fb8bfc4b63b3e61eb961e,Metafield fix (#141),254,288,False,0.7142857142857143,13,0.5428066706056842,0.014825927956361989,0.0011196445514273456,0.8394139431212596,0.23622047244094488,26,0.838583,0.047244,178,39,0,37,254,1
fivetran__dbt_shopify,2026-03-31T17:41:31,9bd631fdc8764e32bf71f39e9d91120c4d936490,"[Project] Refunds, returns, discounts daily metric updates (#147)",264,325,False,0.7142857142857143,10,0.5572213147368642,0.014346577616345984,0.0010727150841270898,0.8501395727139083,0.32196969696969696,24,0.859848,0.045455,184,39,0,41,264,1
fivetran__dbt_shopify,2026-04-29T14:28:59,d768d54a59fe1114939066da114b630c0c726f0b,Schema Change: Field deprecations/sunsetting (#155),264,325,False,0.7142857142857143,10,0.5572213147368642,0.014346577616345984,0.0010727150841270898,0.8501381269649915,0.32196969696969696,24,0.859848,0.045455,184,39,0,41,264,1
fivetran__dbt_shopify,2026-06-22T20:42:31,c70853d0f271150a1a5ebbfa7f80f1b6aaaccd76,Standardize unioning macros to use fivetran_utils versions (#159),264,325,False,0.7142857142857143,10,0.5572213147368642,0.014346577616345984,0.0010727150841270898,0.8501394996042958,0.32196969696969696,24,0.859848,0.045455,184,39,0,41,264,1
fivetran__dbt_shopify,2026-07-29T15:52:48,1a4b7d18dd793c55ac6ce9841a5b1d7e38c1f5fe,feature/deprecate_created_by_columns (#162),264,325,False,0.7142857142857143,10,0.5572213147368642,0.014346577616345984,0.0010727150841270898,0.8501383456478211,0.32196969696969696,24,0.859848,0.045455,184,39,0,41,264,1
fivetran__dbt_shopify_source,2020-09-29T12:50:27,88f4b6516202fa6b00f0b4ba3f20ffb1f2f40dfa,keyword fix,10,5,False,0.9285714285714286,1,0.5,2.0,1.0,0.0,0.0,5,0.2,0.0,10,0,0,0,10,1
fivetran__dbt_shopify_source,2021-01-26T20:31:01,34a260ad5e070c558cc386b4f3e1cd9e617b051b,Rename state column in customer model to avoid ambiguity with address-related state,10,5,False,0.9285714285714286,1,0.5,2.0,1.0,0.0,0.0,5,0.2,0.0,10,0,0,0,10,1
fivetran__dbt_shopify_source,2021-02-17T12:21:11,06f331bf18e9d6ba6310e4b13afdae7f5fdba8b4,update yml file with updated names,10,5,False,0.9285714285714286,1,0.5,2.0,1.0,0.0,0.0,5,0.2,0.0,10,0,0,0,10,1
fivetran__dbt_shopify_source,2021-03-10T12:03:36,785d257df2caeadb3538b6842ded87b1fc143337,Fix whitespace issues,12,6,False,0.9285714285714286,1,0.5,2.0,1.0,0.0,0.0,6,0.166667,0.0,12,0,0,0,12,1
fivetran__dbt_shopify_source,2021-04-26T15:25:29,3a1b0ec219dc7ad5b963ddebe9ab212510d405ed,Added transaction table,14,7,False,0.9285714285714286,1,0.5,2.0,1.0,0.0,0.0,7,0.142857,0.0,14,0,0,0,14,1
fivetran__dbt_shopify_source,2021-05-28T11:50:24,2a9e7feb1bea559658c6273c95dfc8d37f558573,merge and fix tests,18,9,False,0.9285714285714286,1,0.5,2.0,1.0,0.0,0.0,9,0.111111,0.0,18,0,0,0,18,1
fivetran__dbt_shopify_source,2021-06-16T15:15:55,c303c3773275dcf6f89ac41c4074a7bccfffe4bf,move source_relation to fivetran_utils,18,9,False,0.9285714285714286,1,0.5,2.0,1.0,0.0,0.0,9,0.111111,0.0,18,0,0,0,18,1
fivetran__dbt_shopify_source,2021-08-17T10:47:58,2d1fa3ccba4ce2cf3f8fa431cee73726fbe97614,deactivate config for adjustment and refunds,18,9,False,0.9285714285714286,1,0.5,2.0,1.0,0.0,0.0,9,0.111111,0.0,18,0,0,0,18,1
fivetran__dbt_shopify_source,2021-12-20T13:46:24,029ac527a12402923122bd974cb83725e170f65d,union variable update and packages for spark update,18,9,False,0.9285714285714286,1,0.5,2.0,1.0,0.0,0.0,9,0.111111,0.0,18,0,0,0,18,1
fivetran__dbt_shopify_source,2022-05-18T15:15:07,f5a17d7f588a6c69ab8af5752783a8f515108716,revert back orders,18,9,False,0.9285714285714286,1,0.5,2.0,1.0,0.0,0.0,9,0.111111,0.0,18,0,0,0,18,1
fivetran__dbt_shopify_source,2022-10-13T16:15:51,4d72c7d43294c3c3ef9e461711ec49580425b198,Updates for dbt-utils to dbt-core cross-db macro migration,18,9,False,0.9285714285714286,1,0.5,2.0,1.0,0.0,0.0,9,0.111111,0.0,18,0,0,0,18,1
fivetran__dbt_shopify_source,2022-10-26T14:13:09,eb35770fb06d15394955164f56bbeaf9adaf87a4,pr updates,18,9,False,0.9285714285714286,1,0.5,2.0,1.0,0.0,0.0,9,0.111111,0.0,18,0,0,0,18,1
fivetran__dbt_shopify_source,2022-12-16T14:49:07,10efb1bd7ddda6b2d608b70f7f37fcb8f18dabf5,use dbt date macro,62,31,False,0.9285714285714286,1,0.5,2.0,1.0,0.0,0.0,31,0.032258,0.0,62,0,0,0,62,1
fivetran__dbt_shopify_source,2023-01-13T16:40:58,1df74dadfd3b82c11261c8f65d8e8ce5d1f44022,fulfillment event table added,66,33,False,0.9285714285714286,1,0.5,2.0,1.0,0.0,0.0,33,0.030303,0.0,66,0,0,0,66,1
fivetran__dbt_shopify_source,2023-02-10T10:56:19,950684df1ba169d862ee7e08ed0ab2023fbddd05,working branch,68,34,False,0.9285714285714286,1,0.5,2.0,1.0,0.0,0.0,34,0.029412,0.0,68,0,0,0,68,1
fivetran__dbt_shopify_source,2023-03-15T15:00:27,5d86f6546f7333653951c09507bd7994eb67be90,databricks,68,34,False,0.9285714285714286,1,0.5,2.0,1.0,0.0,0.0,34,0.029412,0.0,68,0,0,0,68,1
fivetran__dbt_shopify_source,2023-06-27T14:14:46,2c080e2c700ed74d79c5754e31b88024b8637fb0,merge conflict fixes,68,34,False,0.9285714285714286,1,0.5,2.0,1.0,0.0,0.0,34,0.029412,0.0,68,0,0,0,68,1
fivetran__dbt_shopify_source,2024-03-06T10:56:49,738491aef12c2b8faf0ce031ba5f93c3cb1f5381,"Update partition logic, add source relation (#78)",68,34,False,0.9285714285714286,1,0.5,2.0,1.0,0.0,0.0,34,0.029412,0.0,68,0,0,0,68,1
fivetran__dbt_shopify_source,2024-05-01T12:47:22,c4949c160e53aad0f8768855876b6276ab0e041b,Release/v0.12.0 (#82),68,34,False,0.9285714285714286,1,0.5,2.0,1.0,0.0,0.0,34,0.029412,0.0,68,0,0,0,68,1
fivetran__dbt_shopify_source,2024-06-11T13:59:56,34a31b22658ead447ee72c423205a7e80d02fdff,Releases/v0.12.latest (#87),68,34,False,0.9285714285714286,1,0.5,2.0,1.0,0.0,0.0,34,0.029412,0.0,68,0,0,0,68,1
fivetran__dbt_shopify_source,2024-12-02T13:43:16,de1f561c84a14960f88a1669357faad9f7710f19,Bugfix/redshift constant expressions (#91),68,34,False,0.9285714285714286,1,0.5,2.0,1.0,0.0,0.0,34,0.029412,0.0,68,0,0,0,68,1
fivetran__dbt_shopify_source,2025-01-07T16:44:04,5963347119107838d6eb658f53723a649c551ea5,feature/product-inventory-api-update (#93),68,34,False,0.9285714285714286,1,0.5,2.0,1.0,0.0,0.0,34,0.029412,0.0,68,0,0,0,68,1
fivetran__dbt_shopify_source,2025-01-22T12:53:53,9456612a6396baec86d049f9d5f19c0796611859,Create redshift limit one macro (#95),68,34,False,0.9285714285714286,1,0.5,2.0,1.0,0.0,0.0,34,0.029412,0.0,68,0,0,0,68,1
fivetran__dbt_shopify_source,2025-02-18T10:48:03,df1670c063ef5882e931820ddf6929c66fce5de0,Feature/add inventory quantity (#97),70,35,False,0.9285714285714286,1,0.5,2.0,1.0,0.0,0.0,35,0.028571,0.0,70,0,0,0,70,1
fivetran__dbt_shopify_source,2025-03-26T14:27:51,d2d8c8e5bad295c4d895e828046fdcc8590540df,remove dbt date (#98),70,35,False,0.9285714285714286,1,0.5,2.0,1.0,0.0,0.0,35,0.028571,0.0,70,0,0,0,70,1
fivetran__dbt_shopify_source,2025-05-28T04:07:34,ced17044a2449e7a8b0643a18a81f092f8f66408,"Add media and discount models, deprecate discount code, product image and price rule (#100)",86,43,False,0.9285714285714286,1,0.5,2.0,1.0,0.0,0.0,43,0.023256,0.0,86,0,0,0,86,1
fivetran__dbt_shopify_source,2025-07-23T15:39:58,0fb37dac9674cdc619d98db6dafe08d2cd173d96,bugfix/media-image-tests (#104),86,43,False,0.9285714285714286,1,0.5,2.0,1.0,0.0,0.0,43,0.023256,0.0,86,0,0,0,86,1
fivetran__dbt_shopify_source,2025-08-14T15:40:01,37f944fe4682cce6746201e75b24364bffe6eb21,Remove combo tests and move `loaded_at_field` (#111),178,89,False,0.9285714285714286,1,0.5,2.0,1.0,0.0,0.0,89,0.011236,0.0,178,0,0,0,178,1
fivetran__dbt_snapchat_ads,2021-04-28T12:01:24,79273f570905e5692a367be9add6cecce137a8f2,docs on docs on docs on docs,5,4,False,0.7857142857142857,1,0.7,1.0,0.2,0.15689275503041206,0.0,1,1.0,0.0,0,1,0,4,5,1
fivetran__dbt_snapchat_ads,2021-05-03T17:51:05,93caea0a1bf53392d12c00dfa53e6e82a5616f47,url-tags most recent record + docs,5,4,False,0.7857142857142857,1,0.7,1.0,0.2,0.16757600233083086,0.0,1,1.0,0.0,0,1,0,4,5,1
fivetran__dbt_snapchat_ads,2022-03-10T18:43:42,1c44fda150081fa251a199e7baae3a7a3329c726,update yml,5,4,False,0.7857142857142857,1,0.7,1.0,0.2,0.17443158401316577,0.0,1,1.0,0.0,0,1,0,4,5,1
fivetran__dbt_snapchat_ads,2022-07-20T22:58:40,31ac0c768a3574d79465f25c20208c742bf395e4,reroute name from hourly reports,6,2,False,0.8571428571428571,1,0.8333333333333334,0.9999999999999997,0.3333333333333332,0.0,0.0,4,0.5,0.5,0,1,0,5,6,1
fivetran__dbt_snapchat_ads,2022-08-19T13:05:14,cf89242079470d3ad02550c993ae279afab85d85,add enable config,6,2,False,0.8571428571428571,1,0.8333333333333334,0.9999999999999997,0.3333333333333332,0.0,0.0,4,0.5,0.5,0,1,0,5,6,1
fivetran__dbt_snapchat_ads,2022-08-26T14:50:19,2a96bddd93a64a98d0b4fc9cdd4d5753cf749b76,additional before merge updates,6,2,False,0.8571428571428571,1,0.8333333333333334,0.9999999999999997,0.3333333333333332,0.0,0.0,4,0.5,0.5,0,1,0,5,6,1
fivetran__dbt_snapchat_ads,2022-10-25T11:55:53,47d6aaca8755a44e2dcd69cb4405e7c1e031b510,correcting dispatch;,6,2,False,0.8571428571428571,1,0.8333333333333334,0.9999999999999997,0.3333333333333332,0.0,0.0,4,0.5,0.5,0,1,0,5,6,1
fivetran__dbt_snapchat_ads,2022-12-14T16:11:59,561c820f1912bc7daf79a4c32adc701cc781f00d,yml revisions,6,2,False,0.8571428571428571,1,0.8333333333333334,0.9999999999999997,0.3333333333333332,0.0,0.0,4,0.5,0.5,0,1,0,5,6,1
fivetran__dbt_snapchat_ads,2023-02-09T10:28:15,d74423019415cc42338347ef625eae2f17f2de6f,"Add missing columns ad_squad_id, ad_squad_name, campaign_id and campaign_name to url_report model and snapchat.yml",6,2,False,0.8571428571428571,1,0.8333333333333334,0.9999999999999997,0.3333333333333332,0.0,0.0,4,0.5,0.5,0,1,0,5,6,1
fivetran__dbt_snapchat_ads,2023-09-05T18:19:18,0386d851df093e91e0f3828d52048cfe4725a428,magicbot revisions,6,2,False,0.8571428571428571,1,0.8333333333333334,0.9999999999999997,0.3333333333333332,0.0,0.0,4,0.5,0.5,0,1,0,5,6,1
fivetran__dbt_snapchat_ads,2023-12-11T11:29:29,2afd16d9ebf40e9f9b0598a4c18e0f0dba882c8a,Update snapchat_ads__creative_history_prep.sql,6,2,False,0.8571428571428571,1,0.8333333333333334,0.9999999999999997,0.3333333333333332,0.0,0.0,4,0.5,0.5,0,1,0,5,6,1
fivetran__dbt_snapchat_ads,2024-04-30T13:07:05,17f2db759f9944b8100d96a485217cbd661954fe,Releases/v0.6.latest (#24),6,2,False,0.8571428571428571,1,0.8333333333333334,0.9999999999999997,0.3333333333333332,0.0,0.0,4,0.5,0.5,0,1,0,5,6,1
fivetran__dbt_snapchat_ads,2024-10-29T12:29:55,f7f955816e8db2e5241e37ce3001ce8dafb54df7,Feature: Adding conversions (#28),6,2,False,0.8571428571428571,1,0.8333333333333334,0.9999999999999997,0.3333333333333332,0.0,0.0,4,0.5,0.5,0,1,0,5,6,1
fivetran__dbt_snapchat_ads,2025-02-19T14:09:37,2bcce6856b72d9ee963010b90aad6f4f0483c58b,Feature that added ad squad & campaign in the ad report (#33),6,2,False,0.8571428571428571,1,0.8333333333333334,0.9999999999999997,0.3333333333333332,0.0,0.0,4,0.5,0.5,0,1,0,5,6,1
fivetran__dbt_snapchat_ads,2025-04-30T11:10:47,2928c01c27d850afb461f59f18b04321c2477aee,"update quickstart, update docs",8,2,False,0.8571428571428571,1,0.875,0.9999999999999997,0.3333333333333332,0.0,0.0,6,0.375,0.625,0,1,0,7,8,1
fivetran__dbt_snapchat_ads,2025-08-18T14:09:19,36ed72e27dd898f54ad4e97f0364fd02e40f98f4,Consolidate source + remove tests (#41),30,43,False,0.6428571428571429,6,0.5263565891472868,0.19776543954051248,0.01809558080526175,0.6548238299108345,0.4666666666666667,1,1.0,0.0,22,1,0,7,30,1
fivetran__dbt_snapchat_ads,2026-06-22T20:34:54,011fde6a92be66e5e05737187d9fa9ba206b1b9d,Standardize unioning macros to use fivetran_utils versions (#50),30,43,False,0.6428571428571429,6,0.5263565891472868,0.19776543954051248,0.01809558080526175,0.6548238578222606,0.4666666666666667,1,1.0,0.0,22,1,0,7,30,1
fivetran__dbt_snapchat_ads_source,2021-04-28T10:20:54,8cc8336d3f6d412e191783df130d25a2b18e036b,docs on docs on docs on docs,14,7,False,0.9285714285714286,1,0.5,2.0,1.0,0.0,0.0,7,0.142857,0.0,14,0,0,0,14,1
fivetran__dbt_snapchat_ads_source,2021-05-03T17:47:24,fedc81dac3e41750875e96867ba92af6e2733e16,most recent record for url tags,14,7,False,0.9285714285714286,1,0.5,2.0,1.0,0.0,0.0,7,0.142857,0.0,14,0,0,0,14,1
fivetran__dbt_snapchat_ads_source,2021-08-27T16:38:58,b61f9abb4add6c549ba863d693cf8d0b6eef689b,trailing comma,14,7,False,0.9285714285714286,1,0.5,2.0,1.0,0.0,0.0,7,0.142857,0.0,14,0,0,0,14,1
fivetran__dbt_snapchat_ads_source,2021-09-08T14:00:11,4808ad7f95879c9783f5756fb779280b5e505ef2,Update models/stg_snapchat__ad_hourly_report.sql,14,7,False,0.9285714285714286,1,0.5,2.0,1.0,0.0,0.0,7,0.142857,0.0,14,0,0,0,14,1
fivetran__dbt_snapchat_ads_source,2022-03-01T16:14:57,3eaff4f595f38d4fb2acbe9cc782f03906d7f20c,fixes,14,7,False,0.9285714285714286,1,0.5,2.0,1.0,0.0,0.0,7,0.142857,0.0,14,0,0,0,14,1
fivetran__dbt_snapchat_ads_source,2022-07-20T21:35:12,f112c5fa8b71131dfb15a5f5a7afd19df8344dcf,add not null tests,18,9,False,0.9285714285714286,1,0.5,2.0,1.0,0.0,0.0,9,0.111111,0.0,18,0,0,0,18,1
fivetran__dbt_snapchat_ads_source,2022-08-23T12:56:06,79e22631ba1a30c3546f7c8e77019fc5d2b76a49,fix,18,9,False,0.9285714285714286,1,0.5,2.0,1.0,0.0,0.0,9,0.111111,0.0,18,0,0,0,18,1
fivetran__dbt_snapchat_ads_source,2022-08-26T14:44:11,c8ca77e3af4b3006888d3da94b6305b4c8ed353d,addition before merge updates and corrections,18,9,False,0.9285714285714286,1,0.5,2.0,1.0,0.0,0.0,9,0.111111,0.0,18,0,0,0,18,1
fivetran__dbt_snapchat_ads_source,2022-10-13T16:06:44,337a1122195ec9341a5b37320541b59416b91cd5,Updates for dbt-utils to dbt-core cross-db macro migration,18,9,False,0.9285714285714286,1,0.5,2.0,1.0,0.0,0.0,9,0.111111,0.0,18,0,0,0,18,1
fivetran__dbt_snapchat_ads_source,2022-10-24T14:00:23,28ebbbdd2d355e343f380fb28c94e84e46cd4373,PR updates,18,9,False,0.9285714285714286,1,0.5,2.0,1.0,0.0,0.0,9,0.111111,0.0,18,0,0,0,18,1
fivetran__dbt_snapchat_ads_source,2023-09-05T21:36:54,9dcadf976967a25781c764db25e060b6c538c9dc,updates,18,9,False,0.9285714285714286,1,0.5,2.0,1.0,0.0,0.0,9,0.111111,0.0,18,0,0,0,18,1
fivetran__dbt_snapchat_ads_source,2024-10-29T11:37:37,1341fe6569bb99994ee2dd965ccb904cd82b9a09,[Feature] Add conversions (#24),18,9,False,0.9285714285714286,1,0.5,2.0,1.0,0.0,0.0,9,0.111111,0.0,18,0,0,0,18,1
fivetran__dbt_snapchat_ads_source,2025-04-30T16:37:34,4483225505409b1106d09aef765bd1b942876194,fix and docs,22,11,False,0.9285714285714286,1,0.5,2.0,1.0,0.0,0.0,11,0.090909,0.0,22,0,0,0,22,1
fivetran__dbt_snapchat_ads_source,2025-06-25T14:36:42,91b2eeab782fe4922f9fc4c792074e69c28cff36,Update freshness config (#28),22,11,False,0.9285714285714286,1,0.5,2.0,1.0,0.0,0.0,11,0.090909,0.0,22,0,0,0,22,1
fivetran__dbt_stripe,2020-06-10T13:25:58,374743cb5368a4e2c336bb1eaf9671087e3c06e2,added descriptions,10,11,False,0.7857142857142857,2,0.8090909090909091,0.9659581641965093,0.1279837453221447,0.7248754064889144,0.4,3,0.8,0.2,0,2,0,8,10,1
fivetran__dbt_stripe,2020-07-23T09:38:00,d82ca5fb1dc8ba0343cdc338f41854f1b276508b,updates,10,11,False,0.7857142857142857,2,0.8090909090909091,0.9659581641965093,0.1279837453221447,0.7248754064889135,0.4,3,0.8,0.2,0,2,0,8,10,1
fivetran__dbt_stripe,2020-08-05T17:13:04,e81be8611ecc4c61fd475be7858dee4768739327,refund fix,11,9,False,0.7857142857142857,3,0.7393939393939394,0.5448659874787005,0.08749607294872018,0.3215986217442673,0.09090909090909091,3,0.727273,0.090909,0,2,0,9,11,1
fivetran__dbt_stripe,2021-03-16T18:19:38,f676db1c535f3229e514c79308ac510f61c9595b,update overhaul,10,8,False,0.7142857142857143,2,0.7,0.7269271369323332,0.11853417680294029,0.2830756131940237,0.1,3,0.7,0.1,0,1,0,9,10,1
fivetran__dbt_stripe,2021-03-25T09:35:08,9db3c8600255f1a3165b4e18bbc70c61b7cfc1de,minor typo fix,10,8,False,0.7142857142857143,2,0.7,0.7269271369323332,0.11853417680294029,0.2830756131940106,0.1,3,0.7,0.1,0,1,0,9,10,1
fivetran__dbt_stripe,2021-06-11T09:47:45,56f6d0a4fea749b0100ac32276214bd3cae15712,Merge branch 'master' into feature/date-timezones,10,8,False,0.7142857142857143,2,0.7,0.7269271369323332,0.11853417680294029,0.2830756131940212,0.1,3,0.7,0.1,0,1,0,9,10,1
fivetran__dbt_stripe,2021-11-03T19:52:38,e7baeb1f11ed265ab782712096e781eb084091ac,add metadata var to customer overview,10,8,False,0.7142857142857143,2,0.7,0.7269271369323332,0.11853417680294029,0.2830756131940242,0.1,3,0.7,0.1,0,1,0,9,10,1
fivetran__dbt_stripe,2022-03-08T17:26:21,18e613896ad7cbd7af2244289f649db36888815d,updating transactions with no associated customer,10,8,False,0.7142857142857143,2,0.7,0.7269271369323332,0.11853417680294029,0.2830756131940114,0.1,3,0.7,0.1,0,1,0,9,10,1
fivetran__dbt_stripe,2022-10-13T16:07:18,a073b8a4407af16f8d52d1e8002940e58abf2331,Updates for dbt-utils to dbt-core cross-db macro migration,10,8,False,0.7142857142857143,2,0.7,0.7269271369323332,0.11853417680294029,0.2830756131940111,0.1,3,0.7,0.1,0,1,0,9,10,1
fivetran__dbt_stripe,2022-12-13T02:34:15,d50715935f6afe3a0e58000949e5b1bd6c60deb9,yml updates,13,14,False,0.7857142857142857,3,0.7272727272727273,0.4741096902889227,0.07125509905692379,0.38620712733452545,0.3076923076923077,3,0.769231,0.076923,0,3,0,10,13,1
fivetran__dbt_stripe,2022-12-19T14:56:18,86845581bfa09821302aa546c56160884dbf4b6e,merge conflicts,10,8,False,0.7142857142857143,2,0.7,0.7269271369323332,0.11853417680294029,0.28307561319402136,0.1,3,0.7,0.1,0,1,0,9,10,1
fivetran__dbt_stripe,2023-01-30T22:00:07,0ffee1d7875aca1faabc72bee6f2eeebca293201,docs and updates,11,11,False,0.7142857142857143,3,0.5702479338842975,0.3485348644524608,0.06469151000336196,0.4441304308993655,0.2727272727272727,3,0.727273,0.090909,0,5,0,6,11,1
fivetran__dbt_stripe,2023-03-13T12:38:52,27ac68dbdc27c97bc60575aebf687958f24d4486,add source relation,12,12,False,0.7142857142857143,2,0.5545977011494253,0.22270990375968,0.04132769040965499,0.456714724585541,0.25,3,0.75,0.083333,0,6,0,6,12,1
fivetran__dbt_stripe,2023-03-19T16:40:09,482ac34300b2e65aaf75e3dd047e4698952cb879,add test update,11,11,False,0.7142857142857143,3,0.5702479338842975,0.3485348644524608,0.06469151000336196,0.4441304360782782,0.2727272727272727,3,0.727273,0.090909,0,5,0,6,11,1
fivetran__dbt_stripe,2023-09-08T15:59:46,51518ee834a70a511b29357689dabaad52f7f3df,fixes,14,13,False,0.7142857142857143,3,0.6130952380952381,0.3485348644524608,0.06469151000336196,0.44413042987605406,0.21428571428571427,4,0.571429,0.071429,0,6,0,8,14,1
fivetran__dbt_stripe,2023-09-22T14:25:32,3bea4692634b03e1f386442e9b9bb2efda110cba,try snowflake fix 2,17,15,False,0.6428571428571429,3,0.6380090497737556,0.34853486445246157,0.06469151000336205,0.44413042754696475,0.17647058823529413,5,0.470588,0.058824,0,7,0,10,17,1
fivetran__dbt_stripe,2023-10-18T18:29:00,1778c682d28366e373197838197d2be0e8abaa2f,updates,15,15,False,0.5714285714285714,4,0.7230769230769231,0.2768654361308987,0.034028048899958356,0.6307983602829593,0.2,3,0.8,0.066667,0,5,0,10,15,1
fivetran__dbt_stripe,2024-03-06T10:04:58,f98e84de52a2d7a60c45e0a73ba722ec4434fdcc,add customer phone + remove deleted-customer filter  (#75),15,15,False,0.5714285714285714,4,0.7230769230769231,0.2768654361308987,0.034028048899958356,0.6307982866053204,0.2,3,0.8,0.066667,0,5,0,10,15,1
fivetran__dbt_stripe,2024-06-04T17:14:56,91fe0c7cecb9b00798e622fe3933c06a368186d8,updates,16,15,False,0.5714285714285714,4,0.7403846153846154,0.2768654361308987,0.034028048899958356,0.6307983646487844,0.1875,4,0.75,0.125,0,5,0,11,16,1
fivetran__dbt_stripe,2024-06-17T14:35:01,1348ff6885ac21593e1e58032a3f15b760f605c2,feature/standardized-billing-line-item-model,16,15,False,0.5714285714285714,4,0.7403846153846154,0.2768654361308987,0.034028048899958356,0.6307983085480459,0.1875,4,0.75,0.125,0,5,0,11,16,1
fivetran__dbt_stripe,2024-08-13T17:46:24,e4f9074a96a6c50998b8856418a34af4aaf87642,fix the default var,16,15,False,0.5714285714285714,4,0.7403846153846154,0.2768654361308987,0.034028048899958356,0.6307982992937361,0.1875,4,0.75,0.125,0,5,0,11,16,1
fivetran__dbt_stripe,2024-10-02T17:25:24,7cfdfc5ea37ee32e1be2df5601229b4096b6f6d3,Continuation of #88 - handle multiple disputes in stripe__balance_transactions (#92),16,15,False,0.5714285714285714,4,0.7403846153846154,0.2768654361308987,0.034028048899958356,0.6307983455737515,0.1875,4,0.75,0.125,0,5,0,11,16,1
fivetran__dbt_stripe,2024-12-03T08:35:08,eb669b50b73c7f4bf7510df9512dbeff64874419,PR fixes,16,15,False,0.5714285714285714,4,0.7403846153846154,0.2768654361308987,0.034028048899958356,0.630798300651042,0.1875,4,0.75,0.125,0,5,0,11,16,1
fivetran__dbt_stripe,2024-12-28T02:26:38,31384e33badb695afeff50c8a9f0429e709dd3c0,"add blanket divide variable, add docs to readme and changelog, add to run script",16,15,False,0.5714285714285714,4,0.7403846153846154,0.2768654361308987,0.034028048899958356,0.6307982796575166,0.1875,4,0.75,0.125,0,5,0,11,16,1
fivetran__dbt_stripe,2025-01-21T23:46:38,2b20318b2d107b1e0db2bf1fb537901c8e96f614,fixes to docs,16,15,False,0.5714285714285714,4,0.7403846153846154,0.2768654361308987,0.034028048899958356,0.6307983070999239,0.1875,4,0.75,0.125,0,5,0,11,16,1
fivetran__dbt_stripe,2025-02-25T11:31:34,d8606678730af9599ad18c4b417829c56661537a,ensure successful compile with built-in default in date_spine for non dbt runs/builds (#105),16,15,False,0.5714285714285714,4,0.7403846153846154,0.2768654361308987,0.034028048899958356,0.6307982889186604,0.1875,4,0.75,0.125,0,5,0,11,16,1
fivetran__dbt_stripe,2025-03-13T17:33:44,bd52c6b332f322aee6f2a35ccd7e7c0a34d31b0d,Feature/payout balance transaction (#107),16,15,False,0.5714285714285714,4,0.7403846153846154,0.2768654361308987,0.034028048899958356,0.630798373682925,0.1875,4,0.75,0.125,0,5,0,11,16,1
fivetran__dbt_stripe,2025-04-02T16:52:13,c545401f646aca369cb00a5aa45bac0eb398699e,Bug/does table exist (#108),16,15,False,0.5714285714285714,4,0.7403846153846154,0.2768654361308987,0.034028048899958356,0.630798346329958,0.1875,4,0.75,0.125,0,5,0,11,16,1
fivetran__dbt_stripe,2025-05-28T14:04:44,6d97ee7d654d8fe3329811d21a74d54b8251d086,features/enable-std-billing-model (#109),16,15,False,0.5714285714285714,4,0.7403846153846154,0.2768654361308987,0.034028048899958356,0.6307982980873523,0.1875,4,0.75,0.125,0,5,0,11,16,1
fivetran__dbt_stripe,2025-07-30T09:59:22,a809dda007cc3b2b4ad50d09b4eed4387318d058,bugfix/remove-trailing-spaces (#120),16,15,False,0.5714285714285714,4,0.7403846153846154,0.2768654361308987,0.034028048899958356,0.6307982886677133,0.1875,4,0.75,0.125,0,5,0,11,16,1
fivetran__dbt_stripe,2025-08-18T14:16:25,4ca1febef9c8a8ec6dadcfaf490c66b373598657,Consolidate source + remove tests (#122),60,83,False,0.7142857142857143,5,0.5051867219917012,0.22017563557681144,0.009521867183171126,0.8567074622597113,0.43333333333333335,3,0.933333,0.0,44,5,0,11,60,1
fivetran__dbt_stripe,2025-09-17T13:54:10,bd2e22d3bb24428a72bc070e02b86d3567b9b510,add_subscription_item_to_dbt_stripe_package (#125),63,87,False,0.6428571428571429,6,0.5019201228878648,0.2146288702345825,0.009280335519306718,0.6366365496469452,0.42857142857142855,3,0.936508,0.0,46,6,0,11,63,1
fivetran__dbt_stripe,2026-02-12T16:05:41,ee3b0bdc72b2f0b576e297db2239239f915e5727,Feature/new union macro metadata fields and variable configs (#140),67,94,False,0.6428571428571429,6,0.5008545060954768,0.184432562608633,0.007973145419899219,0.43521564981779187,0.44776119402985076,3,0.940299,0.0,48,7,0,12,67,1
fivetran__dbt_stripe,2026-03-18T11:08:45,2951f5cd70c987bd9e8674aec10d29bea407715c,feature/update_mrr_to_reference_subscription_discount (#141),69,95,False,0.7142857142857143,6,0.5069708491761724,0.10551491947921694,0.004561483742970978,0.907997429888358,0.42028985507246375,3,0.942029,0.0,50,7,0,12,69,1
fivetran__dbt_stripe,2026-04-13T15:16:17,823d1c035325f8be984df6550c9be8df458de44a,release/v1.7.0 (#147),69,95,False,0.7142857142857143,6,0.5069708491761724,0.10551491947921694,0.004561483742970978,0.9079978289256604,0.42028985507246375,3,0.942029,0.0,50,7,0,12,69,1
fivetran__dbt_stripe,2026-06-22T19:57:35,7a2d08e3a50dffdb91a3b0695601cac1387d09ac,Standardize unioning macros to use fivetran_utils versions (#152),69,95,False,0.7142857142857143,6,0.5069708491761724,0.10551491947921694,0.004561483742970978,0.9079977347356731,0.42028985507246375,3,0.942029,0.0,50,7,0,12,69,1
fivetran__dbt_stripe,2026-07-21T15:25:50,5159f928fcc54d1cf808550a8d343ef5a4999324,bugfix/restore_stripe_mrr_history (#153),69,96,False,0.7142857142857143,6,0.5060978944490019,0.11361040206232963,0.004911436814562952,0.9036488161144101,0.43478260869565216,3,0.942029,0.0,50,7,0,12,69,1
fivetran__dbt_stripe_source,2020-06-10T11:37:38,6505aa1fa483a07432e76cea5830a196601be12a,invoice changes,13,0,False,,,0.0,0.0,0.0,0.0,0.0,13,0.076923,1.0,13,0,0,0,13,1
fivetran__dbt_stripe_source,2020-07-30T17:13:18,08fe6654593ffe4c32c7efde64f2eabb4437f1ce,bigquery syntax,14,0,False,,,0.0,0.0,0.0,0.0,0.0,14,0.071429,1.0,14,0,0,0,14,1
fivetran__dbt_stripe_source,2020-10-22T14:17:50,8ebb0a5306449388eac6851f3e5b030922486eb9,remove is_deleted reference and upgrade dbt utils,14,0,False,,,0.0,0.0,0.0,0.0,0.0,14,0.071429,1.0,14,0,0,0,14,1
fivetran__dbt_stripe_source,2021-02-26T15:28:35,2775d0a6381f550ce3f9ff4adc0c7388e1ed020a,correct quoted instead of backticked column name,14,0,False,,,0.0,0.0,0.0,0.0,0.0,14,0.071429,1.0,14,0,0,0,14,1
fivetran__dbt_stripe_source,2021-04-08T09:53:25,d64c6b7858f604ca3bbddc9bae53a15ea91e689d,backtick-fix,28,14,False,0.9285714285714286,1,0.5,2.0,1.0,0.0,0.0,14,0.071429,0.0,28,0,0,0,28,1
fivetran__dbt_stripe_source,2021-04-29T19:18:18,65181de318e336802ab455fb466d62af886bbc09,Adjust true / false evaluations to be warehouse agnostic,28,14,False,0.9285714285714286,1,0.5,2.0,1.0,0.0,0.0,14,0.071429,0.0,28,0,0,0,28,1
fivetran__dbt_stripe_source,2021-07-08T16:40:08,8c9786ad03b5f7a7b3b1b62df7e87487f5d970f1,add var,28,14,False,0.9285714285714286,1,0.5,2.0,1.0,0.0,0.0,14,0.071429,0.0,28,0,0,0,28,1
fivetran__dbt_stripe_source,2021-07-12T16:41:09,c0c37a175ac1ad79e63c3df376ed2547a14f7526,reformulate variable,28,14,False,0.9285714285714286,1,0.5,2.0,1.0,0.0,0.0,14,0.071429,0.0,28,0,0,0,28,1
fivetran__dbt_stripe_source,2021-08-30T15:00:40,d4e0a48a8180d6be76593cc27c0b185e4a93fa51,pivot utils and documentation for metadata,32,16,False,0.9285714285714286,1,0.5,2.0,1.0,0.0,0.0,16,0.0625,0.0,32,0,0,0,32,1
fivetran__dbt_stripe_source,2021-11-01T10:12:08,01030cb711749fc1b240e962c516114adf7e280f,add metadata column,32,16,False,0.9285714285714286,1,0.5,2.0,1.0,0.0,0.0,16,0.0625,0.0,32,0,0,0,32,1
fivetran__dbt_stripe_source,2021-11-15T13:14:18,0c6ffe222e17f7a4d861d43f07abb89e987fb465,created at cast,32,16,False,0.9285714285714286,1,0.5,2.0,1.0,0.0,0.0,16,0.0625,0.0,32,0,0,0,32,1
fivetran__dbt_stripe_source,2021-12-08T11:06:07,86562212c9a0c8408c1c20afe34d918b1e8f95df,timestamp without time zone,32,16,False,0.9285714285714286,1,0.5,2.0,1.0,0.0,0.0,16,0.0625,0.0,32,0,0,0,32,1
fivetran__dbt_stripe_source,2022-02-09T15:00:30,321da3e58eb417fa9236a90823cad91650598640,t up PR for dbt_utils release,32,16,False,0.9285714285714286,1,0.5,2.0,1.0,0.0,0.0,16,0.0625,0.0,32,0,0,0,32,1
fivetran__dbt_stripe_source,2022-04-13T16:42:40,78b9f38d4adada87c84b2a3ba1e9bcbe49dfe8f6,updated variable to be more accurate with current connector state,32,16,False,0.9285714285714286,1,0.5,2.0,1.0,0.0,0.0,16,0.0625,0.0,32,0,0,0,32,1
fivetran__dbt_stripe_source,2022-05-27T13:16:25,c527dd5f41ee4cd2a00cabcbd42123a6fd66e8f3,adding subscription_id in invoice table for use in the main stripe package,32,16,False,0.9285714285714286,1,0.5,2.0,1.0,0.0,0.0,16,0.0625,0.0,32,0,0,0,32,1
fivetran__dbt_stripe_source,2022-06-17T13:26:38,4c8d92f8fdcf1e96a44933d7ffc83a9d477dc4fc,Merge branch 'pr/41' into timezone_description,32,16,False,0.9285714285714286,1,0.5,2.0,1.0,0.0,0.0,16,0.0625,0.0,32,0,0,0,32,1
fivetran__dbt_stripe_source,2022-09-13T10:52:26,f5d94dc37aafc95fc69add3ddb06dbbfdcda93d1,docs regen,32,16,False,0.9285714285714286,1,0.5,2.0,1.0,0.0,0.0,16,0.0625,0.0,32,0,0,0,32,1
fivetran__dbt_stripe_source,2022-10-25T22:35:27,81a5dbd9a67fe18dc803a899eedd7cd35d65d47b,versioning and replace sparks,32,16,False,0.9285714285714286,1,0.5,2.0,1.0,0.0,0.0,16,0.0625,0.0,32,0,0,0,32,1
fivetran__dbt_stripe_source,2022-11-30T18:43:30,aa9001b710cb80e6ab6e160b0119b80ea0217283,finish ymls,32,16,False,0.9285714285714286,1,0.5,2.0,1.0,0.0,0.0,16,0.0625,0.0,32,0,0,0,32,1
fivetran__dbt_stripe_source,2022-12-15T14:15:54,2b9f389b3048c4dd8008c411bba3047f19fed2b0,merge conflict adjustments,32,16,False,0.9285714285714286,1,0.5,2.0,1.0,0.0,0.0,16,0.0625,0.0,32,0,0,0,32,1
fivetran__dbt_stripe_source,2023-01-30T11:43:25,cf1620bd95d152a1b9790bb65703aa4d97b63cbb,Merge branch 'main' into stripe_updates,34,17,False,0.9285714285714286,1,0.5,2.0,1.0,0.0,0.0,17,0.058824,0.0,34,0,0,0,34,1
fivetran__dbt_stripe_source,2023-03-17T12:46:26,ea95d61fb79ff8836f070c19a78d60e59a77c052,Add metadata extraction pivot,34,17,False,0.9285714285714286,1,0.5,2.0,1.0,0.0,0.0,17,0.058824,0.0,34,0,0,0,34,1
fivetran__dbt_stripe_source,2023-04-12T14:57:40,ad909e8a090487dc148557668052d42598a02a9c,#63,34,17,False,0.9285714285714286,1,0.5,2.0,1.0,0.0,0.0,17,0.058824,0.0,34,0,0,0,34,1
fivetran__dbt_stripe_source,2023-05-11T00:17:13,3a78298e4d77761185d40a5800d5056fb0fda88e,updates,34,17,False,0.9285714285714286,1,0.5,2.0,1.0,0.0,0.0,17,0.058824,0.0,34,0,0,0,34,1
fivetran__dbt_stripe_source,2023-08-25T15:15:11,6a8d410787bb4580ec4731629750e6d699c402e5,add new models and fields,38,19,False,0.9285714285714286,1,0.5,2.0,1.0,0.0,0.0,19,0.052632,0.0,38,0,0,0,38,1
fivetran__dbt_stripe_source,2023-09-21T13:30:28,e4a39ecb5b009fcf856fd5e5e4b06db2f40af035,updates,38,19,False,0.9285714285714286,1,0.5,2.0,1.0,0.0,0.0,19,0.052632,0.0,38,0,0,0,38,1
fivetran__dbt_stripe_source,2023-10-18T14:08:24,6c8ffcec6cf8151bb011cf7d9fdba613a54e0fc0,updates,38,19,False,0.9285714285714286,1,0.5,2.0,1.0,0.0,0.0,19,0.052632,0.0,38,0,0,0,38,1
fivetran__dbt_stripe_source,2024-03-06T10:04:35,1f5823dc6499dbf9172cf6153f021e2ea90d0fe3,customer360 updates -- add customer.phone and remove filter on is_deleted (#72),38,19,False,0.9285714285714286,1,0.5,2.0,1.0,0.0,0.0,19,0.052632,0.0,38,0,0,0,38,1
fivetran__dbt_stripe_source,2024-04-17T10:45:33,b147150697a27e72861c4cdf29724fcb84b7f36e,src yml updates,38,19,False,0.9285714285714286,1,0.5,2.0,1.0,0.0,0.0,19,0.052632,0.0,38,0,0,0,38,1
fivetran__dbt_stripe_source,2024-06-15T01:16:39,e9455345ad3aa77c2c480682088396f188514677,fix unique key,42,21,False,0.9285714285714286,1,0.5,2.0,1.0,0.0,0.0,21,0.047619,0.0,42,0,0,0,42,1
fivetran__dbt_stripe_source,2024-10-02T15:59:29,4657edc90aed2af967f1f5cbcd3786720c19f9a6,Releases/v0.12.latest (#83),42,21,False,0.9285714285714286,1,0.5,2.0,1.0,0.0,0.0,21,0.047619,0.0,42,0,0,0,42,1
fivetran__dbt_stripe_source,2025-01-22T17:11:23,d41ea2cbdd5ac2e491c22c7c3250c7fa2d0fe90e,convert cent based fields to major currency unit based (#87),42,21,False,0.9285714285714286,1,0.5,2.0,1.0,0.0,0.0,21,0.047619,0.0,42,0,0,0,42,1
fivetran__dbt_stripe_source,2025-03-13T16:20:23,67c4d1b502379817d4f0f92f42cb30a207d6de12,Feature/payout balance transaction (#89),44,22,False,0.9285714285714286,1,0.5,2.0,1.0,0.0,0.0,22,0.045455,0.0,44,0,0,0,44,1
fivetran__dbt_stripe_source,2025-04-02T15:11:31,c9986af6232585af1644fe79d97fb56049f82dc7,Update does_table_exist.sql (#91),44,22,False,0.9285714285714286,1,0.5,2.0,1.0,0.0,0.0,22,0.045455,0.0,44,0,0,0,44,1
fivetran__dbt_stripe_source,2025-06-26T10:45:30,6c2cc21465d1af712389f9e43eb8d8c497a7a568,feature/freshness-updates (#96),44,22,False,0.9285714285714286,1,0.5,2.0,1.0,0.0,0.0,22,0.045455,0.0,44,0,0,0,44,1
fivetran__dbt_stripe_source,2025-07-30T08:45:46,adc41770ab8aee29133880e7eaf4258fb9c1d58a,bugfix/trailing-spaces (#98),44,22,False,0.9285714285714286,1,0.5,2.0,1.0,0.0,0.0,22,0.045455,0.0,44,0,0,0,44,1
fivetran__dbt_tiktok_ads_source,2021-11-24T16:43:46,6c964833018ea66df07a83c2585cc9a5f739a340,fix adgroup,20,10,False,0.9285714285714286,1,0.5,2.0,1.0,0.0,0.0,10,0.1,0.0,20,0,0,0,20,1
fivetran__dbt_tiktok_ads_source,2021-12-17T15:39:45,eeb873c5d35f16992dc68574d0ec06baa4b6b535,update ymls,14,7,False,0.9285714285714286,1,0.5,2.0,1.0,0.0,0.0,7,0.142857,0.0,14,0,0,0,14,1
fivetran__dbt_tiktok_ads_source,2022-01-06T13:45:42,29df2a078ef429739b1ba76cf529ae61746b6fcd,remove white space,14,7,False,0.9285714285714286,1,0.5,2.0,1.0,0.0,0.0,7,0.142857,0.0,14,0,0,0,14,1
fivetran__dbt_tiktok_ads_source,2022-08-01T20:07:06,1bba2adcaa60ba8de73e9568ae3511e62ef18443,formatting,14,7,False,0.9285714285714286,1,0.5,2.0,1.0,0.0,0.0,7,0.142857,0.0,14,0,0,0,14,1
fivetran__dbt_tiktok_ads_source,2022-08-26T15:04:29,16e8ce0075f88edd2dd8cb7994c022484f832881,additional before merge updates and corrections,14,7,False,0.9285714285714286,1,0.5,2.0,1.0,0.0,0.0,7,0.142857,0.0,14,0,0,0,14,1
fivetran__dbt_tiktok_ads_source,2022-10-25T12:06:06,05bd6a3846f406a6e1908dd4286e39118f98fe66,jm review and docs regen,14,7,False,0.9285714285714286,1,0.5,2.0,1.0,0.0,0.0,7,0.142857,0.0,14,0,0,0,14,1
fivetran__dbt_tiktok_ads_source,2023-07-24T11:45:47,907606f5959da0a8b84e84f3479d3feb58954f59,PR fixes,14,7,False,0.9285714285714286,1,0.5,2.0,1.0,0.0,0.0,7,0.142857,0.0,14,0,0,0,14,1
fivetran__dbt_tiktok_ads_source,2023-09-15T16:33:33,ce5295599df73be48857c4c9bb6b4582dc7077fd,update adgroups,14,7,False,0.9285714285714286,1,0.5,2.0,1.0,0.0,0.0,7,0.142857,0.0,14,0,0,0,14,1
fivetran__dbt_tiktok_ads_source,2023-09-29T16:38:34,b4b7b654773c360a7f6dcceff73289d5d9f69b20,update identifiers,14,7,False,0.9285714285714286,1,0.5,2.0,1.0,0.0,0.0,7,0.142857,0.0,14,0,0,0,14,1
fivetran__dbt_tiktok_ads_source,2023-12-11T12:42:09,96e091af1bc5e99399f2f231817f773d4fb56275,Update package to use the package extract_url_parameter macro,14,7,False,0.9285714285714286,1,0.5,2.0,1.0,0.0,0.0,7,0.142857,0.0,14,0,0,0,14,1
fivetran__dbt_tiktok_ads_source,2024-10-21T15:05:15,ef98cc3c72560681d7fde260bd353a44769e078a,[Feature] Add conversion metrics (#23),14,7,False,0.9285714285714286,1,0.5,2.0,1.0,0.0,0.0,7,0.142857,0.0,14,0,0,0,14,1
fivetran__dbt_tiktok_ads_source,2024-12-09T17:50:31,389c54970d35aefeb4d08680ac4ad6af227f6418,feature/remove-age (#28),14,7,False,0.9285714285714286,1,0.5,2.0,1.0,0.0,0.0,7,0.142857,0.0,14,0,0,0,14,1
fivetran__dbt_tiktok_ads_source,2025-04-30T07:01:02,4a6b699cb3e834e14eea32c2b413bc9c68554678,feature/country-report (#30),16,8,False,0.9285714285714286,1,0.5,2.0,1.0,0.0,0.0,8,0.125,0.0,16,0,0,0,16,1
fivetran__dbt_tiktok_ads_source,2025-06-17T15:17:56,129d4e683c9026e028696493aaf6c0871583e9c5,Feature/update freshness config (#31),16,8,False,0.9285714285714286,1,0.5,2.0,1.0,0.0,0.0,8,0.125,0.0,16,0,0,0,16,1
fivetran__dbt_twitter,2020-10-05T17:16:00,9c337eb7f2a1447592e71899740cdba0ec8353d8,added packages.yml & table description,3,2,True,,,,,,,,1,1.0,0.0,0,0,0,3,3,1
fivetran__dbt_twitter,2020-11-24T13:42:26,b5ad09b35aff23961cf11d9dbe176b4b1ea11651,adding vars,3,2,True,,,,,,,,1,1.0,0.0,0,0,0,3,3,1
fivetran__dbt_twitter,2021-04-16T14:54:56,ee7cd6642416400077edca0a909f7c0425fc83ae,Spark compatibility,3,2,True,,,,,,,,1,1.0,0.0,0,0,0,3,3,1
fivetran__dbt_twitter,2022-08-10T10:54:27,829b673e31c511ecba500fdd70bcef47085e87bc,keyword var,6,0,False,,,0.0,0.0,0.0,0.0,0.0,6,0.166667,1.0,0,0,0,6,6,1
fivetran__dbt_twitter,2022-08-23T14:05:41,1470dd34fc302a5218599966b2af30bbc66f3c4c,before merge updates,6,0,False,,,0.0,0.0,0.0,0.0,0.0,6,0.166667,1.0,0,0,0,6,6,1
fivetran__dbt_twitter,2022-12-09T11:28:41,64e822e1a5d05c5f323eb6e285d7f9f870f924d7,update ymls,6,0,False,,,0.0,0.0,0.0,0.0,0.0,6,0.166667,1.0,0,0,0,6,6,1
fivetran__dbt_twitter,2022-12-14T15:16:48,324dcaf69a0a4f0ee86033ff3fb263027614a0a5,logic and document ation revisions,6,0,False,,,0.0,0.0,0.0,0.0,0.0,6,0.166667,1.0,0,0,0,6,6,1
fivetran__dbt_twitter,2023-09-01T18:38:13,ae20f1f05f1da0e29a2253bd86ffe86f39c96c67,MagicBot/add-union-schema updates,6,0,False,,,0.0,0.0,0.0,0.0,0.0,6,0.166667,1.0,0,0,0,6,6,1
fivetran__dbt_twitter,2023-09-05T18:43:10,55b3ffdf9ea8412dd5c2178ab61acf872da75e6a,magicbot revisions,6,0,False,,,0.0,0.0,0.0,0.0,0.0,6,0.166667,1.0,0,0,0,6,6,1
fivetran__dbt_twitter,2024-10-15T10:51:05,afd49748d9d2b0adfb6b1a95c31444b6d2f182d5,Add conversion metrics (#26),6,0,False,,,0.0,0.0,0.0,0.0,0.0,6,0.166667,1.0,0,0,0,6,6,1
fivetran__dbt_twitter,2025-04-30T11:32:14,11d1d738c763508cb9b159c801da376318994fd4,Add country and region reports (#31),8,0,False,,,0.0,0.0,0.0,0.0,0.0,8,0.125,1.0,0,0,0,8,8,1
fivetran__dbt_twitter,2025-08-18T14:12:52,d6418c9bff9a87a7b37816cfa03267ee35d41f8d,Consolidate source + remove tests (#36),32,44,False,0.6428571428571429,6,0.5411184210526315,0.26166683022353354,0.023118926726283153,0.5659164364216003,0.40625,1,1.0,0.0,24,0,0,8,32,1
fivetran__dbt_twitter,2025-09-22T16:03:45,30d3739b756c3b1319b93f6b683f4c85158a568a,fix/update_promoted_tweet_id_source (#38),32,44,False,0.6428571428571429,6,0.5411184210526315,0.26166683022353354,0.023118926726283153,0.5659164364291793,0.40625,1,1.0,0.0,24,0,0,8,32,1
fivetran__dbt_twitter,2026-01-20T10:17:45,747b23ab2fbd56639e3a3ecad1ab8d3901d73695,Update `.quickstart.yml` and `README` (#45),32,44,False,0.6428571428571429,6,0.5411184210526315,0.26166683022353354,0.023118926726283153,0.5659164364266325,0.40625,1,1.0,0.0,24,0,0,8,32,1
fivetran__dbt_twitter,2026-06-22T20:38:15,48f695b9704ee0ee13a26ed50b09f805d0ae4bc3,Standardize unioning macros to use fivetran_utils versions (#50),32,44,False,0.6428571428571429,6,0.5411184210526315,0.26166683022353354,0.023118926726283153,0.5659164364312682,0.40625,1,1.0,0.0,24,0,0,8,32,1
fivetran__dbt_twitter_source,2020-10-05T17:47:26,0b71c9fdbb12af57280aee1a06c3dc0ce5bafe72,docs on docs on docs,12,6,False,0.9285714285714286,1,0.5,2.0,1.0,0.0,0.0,6,0.166667,0.0,12,0,0,0,12,1
fivetran__dbt_twitter_source,2020-11-09T10:11:19,b654ca8e26d4e6248a2b414e379abfdba6c10086,Add Integration Tests,12,6,False,0.9285714285714286,1,0.5,2.0,1.0,0.0,0.0,6,0.166667,0.0,12,0,0,0,12,1
fivetran__dbt_twitter_source,2021-04-16T10:38:55,6d4d809dafb3a601200b53d362836e8e13ebb5cf,Spark compatibility,12,6,False,0.9285714285714286,1,0.5,2.0,1.0,0.0,0.0,6,0.166667,0.0,12,0,0,0,12,1
fivetran__dbt_twitter_source,2022-08-09T10:30:46,c895160faf0dea6febce65429f8ab0c90b16c01e,Merge branch 'feature/v2-updates' of https://github.com/fivetran/dbt_twitter_source into feature/v2-updates,20,10,False,0.9285714285714286,1,0.5,2.0,1.0,0.0,0.0,10,0.1,0.0,20,0,0,0,20,1
fivetran__dbt_twitter_source,2022-08-23T15:44:20,d6961ce9cbe03feb3d08c74177f7a652e9088d8b,remove unnecessary columns from macros,20,10,False,0.9285714285714286,1,0.5,2.0,1.0,0.0,0.0,10,0.1,0.0,20,0,0,0,20,1
fivetran__dbt_twitter_source,2022-10-25T12:19:53,d24a2f635a3e6b709618b74636e0fc062e227798,pr updates,20,10,False,0.9285714285714286,1,0.5,2.0,1.0,0.0,0.0,10,0.1,0.0,20,0,0,0,20,1
fivetran__dbt_twitter_source,2022-11-30T14:41:15,fd9821f786cf7e7fc5b00da0e9eb5a9bcade4cd8,copy joe's pr,20,10,False,0.9285714285714286,1,0.5,2.0,1.0,0.0,0.0,10,0.1,0.0,20,0,0,0,20,1
fivetran__dbt_twitter_source,2022-12-15T17:01:37,91741e82be1f932a2169ac9a6f576c484e8de697,Merge branch 'main' into MagicBot/dbt-utils-cross-db-migration,20,10,False,0.9285714285714286,1,0.5,2.0,1.0,0.0,0.0,10,0.1,0.0,20,0,0,0,20,1
fivetran__dbt_twitter_source,2023-09-01T18:38:19,d3caa45156997efd38a692cd7064d318ef35caa8,MagicBot/add-union-schema updates,20,10,False,0.9285714285714286,1,0.5,2.0,1.0,0.0,0.0,10,0.1,0.0,20,0,0,0,20,1
fivetran__dbt_twitter_source,2023-09-05T21:41:09,af08e2701ad5b820725b8a21959b8ae0413fbef1,updates,20,10,False,0.9285714285714286,1,0.5,2.0,1.0,0.0,0.0,10,0.1,0.0,20,0,0,0,20,1
fivetran__dbt_twitter_source,2023-12-11T12:50:56,395aba0e64752124a640629799bb0142c95819d3,dispatch update,20,10,False,0.9285714285714286,1,0.5,2.0,1.0,0.0,0.0,10,0.1,0.0,20,0,0,0,20,1
fivetran__dbt_twitter_source,2024-10-15T10:49:46,af0969316016ef0f04e94ba20031f5509194e0bf,Add conversions (#27),20,10,False,0.9285714285714286,1,0.5,2.0,1.0,0.0,0.0,10,0.1,0.0,20,0,0,0,20,1
fivetran__dbt_twitter_source,2025-04-30T10:18:27,6a56312bc205d07989f7a135069961d1a642969f,Add country and region reports (#30),24,12,False,0.9285714285714286,1,0.5,2.0,1.0,0.0,0.0,12,0.083333,0.0,24,0,0,0,24,1
fivetran__dbt_twitter_source,2025-06-25T14:37:22,73087b6fc9e45b5a34d1d5f8b00c84a246199370,Update freshness config (#31),24,12,False,0.9285714285714286,1,0.5,2.0,1.0,0.0,0.0,12,0.083333,0.0,24,0,0,0,24,1
fivetran__dbt_twitter_source,2025-07-31T13:32:54,082992a5daec032e9aabb26f7a86800445948433,Include `segment_name` in location and region reports (#33),24,12,False,0.9285714285714286,1,0.5,2.0,1.0,0.0,0.0,12,0.083333,0.0,24,0,0,0,24,1
fivetran__dbt_xero,2021-03-31T10:56:12,40750d0fb7be8d2bba1e8e5831a438320d1dd6de,finishing docs,5,4,False,0.8571428571428571,2,0.6,1.9999999999999987,0.4999999999999998,0.08197557043317444,0.2,2,0.8,0.2,0,0,0,5,5,1
fivetran__dbt_xero,2021-04-16T15:15:16,1c9c33b16f675172f44682ca81a06e88204aebde,"add requested fields, add LICENSE, update definitions",5,4,False,0.8571428571428571,2,0.6,1.9999999999999987,0.4999999999999998,0.08034457712972386,0.2,2,0.8,0.2,0,0,0,5,5,1
fivetran__dbt_xero,2021-05-26T09:52:38,4c16ec112b8262290651f16b96f96ce83937def8,add contact_name to general_ledger,5,4,False,0.8571428571428571,2,0.6,1.9999999999999987,0.4999999999999998,0.08167330031878836,0.2,2,0.8,0.2,0,0,0,5,5,1
fivetran__dbt_xero,2021-06-22T09:39:40,6aff368f9caae2eea7bb12ce857ac5d2fd664e3c,added variable to disable credit-note,5,4,False,0.8571428571428571,2,0.6,1.9999999999999987,0.4999999999999998,0.08401967644892132,0.2,2,0.8,0.2,0,0,0,5,5,1
fivetran__dbt_xero,2021-11-02T14:37:18,9690d23e9fbbaa275084843940600a4f687545ea,move ephemeral config to dbt project,5,4,False,0.8571428571428571,2,0.6,1.9999999999999987,0.4999999999999998,0.08681429016820137,0.2,2,0.8,0.2,0,0,0,5,5,1
fivetran__dbt_xero,2021-12-02T15:00:39,f3af509d95a75e444f7e6e15385e54483e16342f,switching account fields in gl model,5,4,False,0.8571428571428571,2,0.6,1.9999999999999987,0.4999999999999998,0.08130101746683129,0.2,2,0.8,0.2,0,0,0,5,5,1
fivetran__dbt_xero,2022-03-31T15:05:02,dfa403b272a96ffadd8deef1594ed16bccfc5004,snowflake coalesce handling,5,4,False,0.8571428571428571,2,0.6,1.9999999999999987,0.4999999999999998,0.08358683296292606,0.2,2,0.8,0.2,0,0,0,5,5,1
fivetran__dbt_xero,2022-06-14T14:50:01,c3b3de5b575998158b989b71650d6d83cfcf56ae,Fix net_amount duplication in balance sheet report by including source_relation in cross join.,5,4,False,0.8571428571428571,2,0.6,1.9999999999999987,0.4999999999999998,0.08677099712702217,0.2,2,0.8,0.2,0,0,0,5,5,1
fivetran__dbt_xero,2022-10-13T16:10:37,a233af0abb33840c8851dbb7f7561aaf5a568d04,Updates for dbt-utils to dbt-core cross-db macro migration,5,4,False,0.8571428571428571,2,0.6,1.9999999999999987,0.4999999999999998,0.08690906672378743,0.2,2,0.8,0.2,0,0,0,5,5,1
fivetran__dbt_xero,2022-10-26T23:03:41,2f373b8ac21a8038e7623e89daa99dff02b38290,update dbt utils to dbt,5,4,False,0.8571428571428571,2,0.6,1.9999999999999987,0.4999999999999998,0.08349237585781835,0.2,2,0.8,0.2,0,0,0,5,5,1
fivetran__dbt_xero,2023-11-06T07:31:08,57b51af1e39691d4e7206418c816eb0aa86c5441,Added journal_id to model test,5,4,False,0.8571428571428571,2,0.6,1.9999999999999987,0.4999999999999998,0.08183803789732773,0.2,2,0.8,0.2,0,0,0,5,5,1
fivetran__dbt_xero,2024-03-07T12:16:20,b2a7e6085821e749b188109236b60fdbfce2b92c,bugfix/leap-year-lookback (#46),5,4,False,0.8571428571428571,2,0.6,1.9999999999999987,0.4999999999999998,0.08500970755675076,0.2,2,0.8,0.2,0,0,0,5,5,1
fivetran__dbt_xero,2025-01-15T16:21:35,36ab6496cecd8dc1aee606f70ace9133c228840a,Bug/date not recognized (#54),5,4,False,0.8571428571428571,2,0.6,1.9999999999999987,0.4999999999999998,0.0802446729536262,0.2,2,0.8,0.2,0,0,0,5,5,1
fivetran__dbt_xero,2025-04-09T10:15:22,06eaf8520fa195067844d06e1b08f228eb77e1ad,variable configs,7,7,False,0.7142857142857143,2,0.5357142857142857,1.3819660112501058,0.29925418795460307,0.15384615384614164,0.2857142857142857,2,0.714286,0.0,0,2,0,5,7,1
fivetran__dbt_xero,2025-04-16T17:23:32,3da15245f4cf405148602e3a3a3e56b9eb7fa6e9,quote false,8,9,False,0.7142857142857143,3,0.5714285714285714,0.24340174613993254,0.05270678967129506,0.38852034553885495,0.25,1,1.0,0.0,0,3,0,5,8,1
fivetran__dbt_xero,2025-08-18T14:20:56,f48dc77a039a70cdd798360c64ff46a2a0f7044d,Consolidate source + remove tests (#64),36,40,False,0.7142857142857143,5,0.33872305140961856,0.13275536158464935,0.011853562409270007,0.6602131758710006,0.1388888888888889,1,1.0,0.0,28,3,0,5,36,1
fivetran__dbt_xero,2025-10-29T15:08:51,01741c725ac3ed48d38e99dd2131608cc94267eb,feature/add_xero___calendar_start_date_var,36,40,False,0.7142857142857143,5,0.33872305140961856,0.13275536158464935,0.011853562409270007,0.6602132051077259,0.1388888888888889,1,1.0,0.0,28,3,0,5,36,1
fivetran__dbt_xero,2025-12-09T11:10:11,a4e4bf833765f352c5520954b84ad23063307107,test/tracking-category-colname-dupe (#67),36,40,False,0.7142857142857143,5,0.33872305140961856,0.13275536158464935,0.011853562409270007,0.6602131555210647,0.1388888888888889,1,1.0,0.0,28,3,0,5,36,1
fivetran__dbt_xero,2026-01-29T15:07:54,cbefe516ff6ba9348aa1ee9732095e256f689d6b,New union data macro + add `xero__invoice_line_items.contact_id` (#72),36,40,False,0.7142857142857143,5,0.33872305140961856,0.13275536158464935,0.011853562409270007,0.6602131661290737,0.1388888888888889,1,1.0,0.0,28,3,0,5,36,1
fivetran__dbt_xero,2026-06-22T20:00:00,bb28ec2dfa25b8b40f8e027b02f01a9888c7eaf0,Standardize unioning macros to use fivetran_utils versions (#77),36,40,False,0.7142857142857143,5,0.33872305140961856,0.13275536158464935,0.011853562409270007,0.6602127653136223,0.1388888888888889,1,1.0,0.0,28,3,0,5,36,1
fivetran__dbt_xero,2026-07-27T17:51:35,51d236fe63baa3804923b791fae5302f81889517,Feature/update retained earnings split (#82),44,53,False,0.7142857142857143,4,0.41550802139037435,0.15893365797842035,0.013895509986368309,0.522867126466731,0.22727272727272727,1,1.0,0.0,34,4,0,6,44,1
fivetran__dbt_zendesk,2020-08-20T10:07:57,bb233f49f7fa76b42b095f0cd4da2dd4f610d37b,updates,27,34,False,0.6428571428571429,5,0.5344952795933188,0.11283126988918055,0.01546085254562654,0.7042503306295987,0.3333333333333333,2,0.814815,0.0,0,2,0,25,27,1
fivetran__dbt_zendesk,2020-09-14T16:46:25,0b14330184d1995a9cffabf3927622f285ef6ece,initial package release,28,40,False,0.5,4,0.5028344671201814,0.263172102663518,0.025687522311783926,0.39291699586019846,0.5,2,0.821429,0.0,0,3,0,25,28,1
fivetran__dbt_zendesk,2020-12-09T19:53:43,80a2000c03df193532fae561623cc82e9e627147,clean up unnecessary zendesk_field_history_scd.sql file,27,39,False,0.5,4,0.5112325440194293,0.263172102663518,0.025687522311783926,0.3929169688187905,0.5185185185185185,2,0.851852,0.0,0,3,0,24,27,1
fivetran__dbt_zendesk,2021-02-23T11:20:50,303d14f48ffb07e71ca061da29124ed6b50870ca,Kristin review updates,37,51,False,0.8571428571428571,5,0.40565335978180017,0.06367913184084678,0.0056045237836463,0.882469633234091,0.40540540540540543,1,1.0,0.0,0,32,0,5,37,1
fivetran__dbt_zendesk,2021-03-25T08:32:16,db8b1922ee7a7f0da8d9db9a5170e4eeb228e73f,postgres conditional fix,44,73,False,0.5714285714285714,4,0.5186170212765957,0.09960973119182147,0.00866385985119574,0.8185606652852755,0.6818181818181818,1,1.0,0.0,0,38,0,6,44,1
fivetran__dbt_zendesk,2021-04-21T17:55:32,b253b7894df73f1414ef682011484d1d570d3d91,incremental update,44,73,False,0.5714285714285714,4,0.5186170212765957,0.09960973119182147,0.00866385985119574,0.8185606724301543,0.6818181818181818,1,1.0,0.0,0,38,0,6,44,1
fivetran__dbt_zendesk,2021-04-28T09:57:44,1e4d18fecfd403723df5febf72b7a93e880bb38d,bigint add,44,73,False,0.5714285714285714,4,0.5186170212765957,0.09960973119182147,0.00866385985119574,0.8185606732678167,0.6818181818181818,1,1.0,0.0,0,38,0,6,44,1
fivetran__dbt_zendesk,2021-06-15T15:31:46,894f7052f0007681b6577448086374b939ea0a17,Update models/zendesk__ticket_metrics.sql,44,73,False,0.5714285714285714,4,0.5186170212765957,0.09960973119182147,0.00866385985119574,0.8185606723008968,0.6818181818181818,1,1.0,0.0,0,38,0,6,44,1
fivetran__dbt_zendesk,2021-07-22T10:51:11,bae9fc78ed409a45f33743a33db8f119a322e5dc,cleaner case when formatting,44,73,False,0.5714285714285714,4,0.5186170212765957,0.09960973119182147,0.00866385985119574,0.8185606765250814,0.6818181818181818,1,1.0,0.0,0,38,0,6,44,1
fivetran__dbt_zendesk,2021-09-16T14:55:48,c73ff46f636c14ccb34492b66baa5eb89f41e11d,adapted jira code + remove clusters,44,73,False,0.5714285714285714,4,0.5186170212765957,0.09960973119182147,0.00866385985119574,0.8185606710310132,0.6818181818181818,1,1.0,0.0,0,38,0,6,44,1
fivetran__dbt_zendesk,2021-10-20T16:22:26,93842d2a033d497f4a5938dfdb5817beba78b229,minor reply time update,44,73,False,0.5714285714285714,4,0.5186170212765957,0.09960973119182147,0.00866385985119574,0.8185606717757453,0.6818181818181818,1,1.0,0.0,0,38,0,6,44,1
fivetran__dbt_zendesk,2021-11-19T18:02:22,c39ae2ea2950761295bc8e1782121fac02c1444e,test fixes on reply time adjustments,44,73,False,0.5714285714285714,4,0.5186170212765957,0.09960973119182147,0.00866385985119574,0.8185606745038014,0.6818181818181818,1,1.0,0.0,0,38,0,6,44,1
fivetran__dbt_zendesk,2021-12-15T09:25:09,f23463e05cea5783470fe7ebe7f55047b77c5cea,keep conditional,44,73,False,0.5714285714285714,4,0.5186170212765957,0.09960973119182147,0.00866385985119574,0.8185606666874854,0.6818181818181818,1,1.0,0.0,0,38,0,6,44,1
fivetran__dbt_zendesk,2022-01-19T11:34:50,236ec16baa55b000511081812b7bdfd5a31e2549,spine,45,73,False,0.5714285714285714,4,0.5293144208037825,0.09960973119182147,0.00866385985119574,0.8185606753943202,0.6666666666666666,2,0.977778,0.022222,0,39,0,6,45,1
fivetran__dbt_zendesk,2022-02-16T14:08:09,5783be5a98490d19e485c03938fca1b82aa7b8a5,Merge pull request #64 from fivetran/timezone-tables,45,80,False,0.5,4,0.5176996091568956,0.09899215032390354,0.008508923356511329,0.8222894197484664,0.8,1,1.0,0.0,0,39,0,6,45,1
fivetran__dbt_zendesk,2022-03-01T10:40:56,28188f2deedbd1cc000f679d137c908ab4faec2a,bugfix/sla_duplicates,45,80,False,0.5,4,0.5176996091568956,0.09899215032390354,0.008508923356511329,0.8222894119841347,0.8,1,1.0,0.0,0,39,0,6,45,1
fivetran__dbt_zendesk,2022-03-28T10:50:40,d2117741250597c8744dba733d92343d06ed24ba,adjusted group by for field removal,45,80,False,0.5,4,0.5176996091568956,0.09899215032390354,0.008508923356511329,0.8222894202435143,0.8,1,1.0,0.0,0,39,0,6,45,1
fivetran__dbt_zendesk,2022-06-10T09:46:49,635caca8e661f77620139abcaa8f85695fad5ce8,fix submitter role case statement,45,80,False,0.5,4,0.5176996091568956,0.09899215032390354,0.008508923356511329,0.8222894128853545,0.8,1,1.0,0.0,0,39,0,6,45,1
fivetran__dbt_zendesk,2022-09-06T12:33:55,48e96c92ac8f4c099c9919beba949c8ccd004d0a,joe feedback,45,80,False,0.5,4,0.5176996091568956,0.09899215032390354,0.008508923356511329,0.8222894234007342,0.8,1,1.0,0.0,0,39,0,6,45,1
fivetran__dbt_zendesk,2022-10-04T10:34:47,0933f9e19941cd47d07b16719bc91e620e5dcedd,change references to source tables not stg,45,80,False,0.5,4,0.5176996091568956,0.09899215032390354,0.008508923356511329,0.8222894074799798,0.8,1,1.0,0.0,0,39,0,6,45,1
fivetran__dbt_zendesk,2022-10-27T10:36:04,c66a0c89bf64bc2bc96385930ff5a39d4e0d2628,pr updates,45,80,False,0.5,4,0.5176996091568956,0.09899215032390354,0.008508923356511329,0.8222894165429213,0.8,1,1.0,0.0,0,39,0,6,45,1
fivetran__dbt_zendesk,2022-12-20T16:28:31,de11a0f233e1d9378e07bdf4f922574d5e235992,merge conflicts,45,80,False,0.5,4,0.5176996091568956,0.09899215032390354,0.008508923356511329,0.8222894192227991,0.8,1,1.0,0.0,0,39,0,6,45,1
fivetran__dbt_zendesk,2023-03-03T13:57:19,5c99791d407b86504c3c6943aee3d1882f1acc00,hotfix/schedule-source-adjustment,45,80,False,0.5,4,0.5176996091568956,0.09899215032390354,0.008508923356511329,0.8222894214679497,0.8,1,1.0,0.0,0,39,0,6,45,1
fivetran__dbt_zendesk,2023-06-12T11:36:33,ba617bd481bbe6f0abdb2633854a391d1bc9d7bb,added descriptions for new and open status durations,45,80,False,0.5,4,0.5176996091568956,0.09899215032390354,0.008508923356511329,0.8222894244520215,0.8,1,1.0,0.0,0,39,0,6,45,1
fivetran__dbt_zendesk,2023-07-12T16:52:22,9e5eb0d2c9bd74e94f56c7b3437696b2ee3b34f2,review note update,45,80,False,0.5,4,0.5176996091568956,0.09899215032390354,0.008508923356511329,0.82228942077464,0.8,1,1.0,0.0,0,39,0,6,45,1
fivetran__dbt_zendesk,2023-07-28T13:05:27,4c324dd61a98ca96e1335f9943d4d98b680d2136,preserve whitespace in int_zendesk__field_history,45,80,False,0.5,4,0.5176996091568956,0.09899215032390354,0.008508923356511329,0.8222894235757778,0.8,1,1.0,0.0,0,39,0,6,45,1
fivetran__dbt_zendesk,2023-09-08T14:34:59,bfcfb3b91ddb27a6a2edc965e61463042b4a9fb9,copy over remaining files,45,80,False,0.5,4,0.5176996091568956,0.09899215032390354,0.008508923356511329,0.8222894235025936,0.8,1,1.0,0.0,0,39,0,6,45,1
fivetran__dbt_zendesk,2023-10-09T16:20:49,862c9d528807479cf2c4d92082f323e3bbeb22ed,final edits,45,80,False,0.5,4,0.5176996091568956,0.09899215032390354,0.008508923356511329,0.8222894126320454,0.8,1,1.0,0.0,0,39,0,6,45,1
fivetran__dbt_zendesk,2023-11-10T10:28:44,4c7711dad882f85bf4d17bf0065fb5099e9d255c,Apply customer changes,45,80,False,0.5,4,0.5176996091568956,0.09899215032390354,0.008508923356511329,0.8222894090406327,0.8,1,1.0,0.0,0,39,0,6,45,1
fivetran__dbt_zendesk,2023-12-05T12:52:37,ec2d637190ce38016302302ee390a6fb065916f0,proper change push,45,80,False,0.5,4,0.5176996091568956,0.09899215032390354,0.008508923356511329,0.8222894202512369,0.8,1,1.0,0.0,0,39,0,6,45,1
fivetran__dbt_zendesk,2024-02-07T16:05:42,8617d0e4c44bb15354fea86b52aba44d53c68517,upstream reference changes and additional filter in combined,45,80,False,0.5,4,0.5176996091568956,0.09899215032390354,0.008508923356511329,0.8222894106005555,0.8,1,1.0,0.0,0,39,0,6,45,1
fivetran__dbt_zendesk,2024-02-20T18:51:09,44bf9828787ee5271ded52f4f0c520d1952380dc,last support reference updates,45,80,False,0.5,4,0.5176996091568956,0.09899215032390354,0.008508923356511329,0.8222894079354683,0.8,1,1.0,0.0,0,39,0,6,45,1
fivetran__dbt_zendesk,2024-03-28T17:50:28,c957a78b0e4ea136376effa46d40ca9685682e52,Update int_zendesk__reply_time_combined.sql,45,80,False,0.5,4,0.5176996091568956,0.09899215032390354,0.008508923356511329,0.8222894093509637,0.8,1,1.0,0.0,0,39,0,6,45,1
fivetran__dbt_zendesk,2024-05-06T10:41:34,4e1a19048b4539ce34b4303df0366afabaf0579a,validation additions,45,83,False,0.6428571428571429,4,0.5274633123689727,0.2123537140060551,0.018152665307883755,0.8140324116336362,0.8666666666666667,1,1.0,0.0,0,39,0,6,45,1
fivetran__dbt_zendesk,2024-09-04T15:35:45,0b73c19d63c429c0c00ad1411c84f0e62c412af7,Release/v0.17.0 (#169),49,86,False,0.6428571428571429,4,0.5427059712773998,0.2123537140060551,0.018152665307883755,0.8140324083355717,0.7959183673469388,2,0.918367,0.0,0,42,0,7,49,1
fivetran__dbt_zendesk,2024-10-24T10:23:04,7fa81ffb0162b5372cb28efd26edbd1c169ce235,Give wiggle room for selecting SLA policy names if timestamps are off by milliseconds  (#174),53,89,False,0.7142857142857143,5,0.5303818154806121,0.09864426101088629,0.00838280353546113,0.8217864087632628,0.7169811320754716,2,0.924528,0.0,0,46,0,7,53,1
fivetran__dbt_zendesk,2024-12-02T13:10:01,4e495c4521c78fd715af9aa72f1032999a620ca8,Union Data V2 (#178),53,89,False,0.7142857142857143,5,0.5303818154806121,0.09864426101088629,0.00838280353546113,0.8217865860678055,0.7169811320754716,2,0.924528,0.0,0,46,0,7,53,1
fivetran__dbt_zendesk,2024-12-26T05:26:30,f4ddd16b9503bd9a0c63df39425dfc3d9fffaae8,Brand and organization variable configs,53,89,False,0.7142857142857143,5,0.5303818154806121,0.09864426101088629,0.00838280353546113,0.8217865976657153,0.7169811320754716,2,0.924528,0.0,0,46,0,7,53,1
fivetran__dbt_zendesk,2025-01-07T14:15:59,72fc50ad27ecd0766a72e14c8e5c3f6ee6034231,PR changes,53,89,False,0.7142857142857143,5,0.5303818154806121,0.09864426101088629,0.00838280353546113,0.8217865275919993,0.7169811320754716,2,0.924528,0.0,0,46,0,7,53,1
fivetran__dbt_zendesk,2025-03-27T09:48:00,1ad0a86859f8c589889e7a736130eadb04a4d6d2,Feature/remove dbt date (#191),53,89,False,0.7142857142857143,5,0.5303818154806121,0.09864426101088629,0.00838280353546113,0.8217865850694838,0.7169811320754716,2,0.924528,0.0,0,46,0,7,53,1
fivetran__dbt_zendesk,2025-05-01T13:48:16,95bf3846d16ecb448b89e457927a3b2ce91bdf3a,Update/handle chat slas (#187),53,89,False,0.7142857142857143,5,0.5303818154806121,0.09864426101088629,0.00838280353546113,0.8217864177828543,0.7169811320754716,2,0.924528,0.0,0,46,0,7,53,1
fivetran__dbt_zendesk,2025-06-30T16:03:42,dc0dc8b1fd2d850e4299fbf6ed8317e23efd19f8,Bugfix/description yml key (#202),55,91,False,0.42857142857142855,6,0.5247357293868922,0.08687753486809573,0.007044566422047407,0.8040196761879798,0.6909090909090909,2,0.927273,0.0,0,48,0,7,55,1
fivetran__dbt_zendesk,2025-07-28T15:43:43,1a57d7f4533cf141352f74b2cdad637e0f0f48ae,Avoid rounding of ticket and SLA metrics to match UI reports (#204),55,91,False,0.42857142857142855,6,0.5247357293868922,0.08687753486809573,0.007044566422047407,0.8040196775882481,0.6909090909090909,2,0.927273,0.0,0,48,0,7,55,1
fivetran__dbt_zendesk,2025-08-18T12:57:37,3886553f93ef6ccb2d104bc4c430eaf693bb069f,Update src_zendesk.yml (#212),95,156,False,0.5714285714285714,8,0.5217666013773931,0.09938648741258546,0.0057547815213695504,0.8722296927770732,0.6526315789473685,1,1.0,0.0,40,48,0,7,95,1
fivetran__dbt_zendesk,2025-09-03T14:34:46,f3e117fc1bf0c748c71b40b336d31ac7f9cc8dcf,Bug/duplicate user role histories (#208),95,156,False,0.5714285714285714,8,0.5217666013773931,0.09938648741258546,0.0057547815213695504,0.8722296608975011,0.6526315789473685,1,1.0,0.0,40,48,0,7,95,1
fivetran__dbt_zendesk,2025-10-01T11:36:20,891cfb6ad8a5d907c5828fa464d9748cd8a4c11e,Release v1.1.0  (#220),95,156,False,0.5714285714285714,8,0.5217666013773931,0.09938648741258546,0.0057547815213695504,0.8722301252140867,0.6526315789473685,1,1.0,0.0,40,48,0,7,95,1
fivetran__dbt_zendesk,2025-12-04T15:19:13,0a4cd726e9c60997be3511b44f329c7d229e681b,Support multi-year tickets (#240),95,156,False,0.5714285714285714,8,0.5217666013773931,0.09938648741258546,0.0057547815213695504,0.8722296210740528,0.6526315789473685,1,1.0,0.0,40,48,0,7,95,1
fivetran__dbt_zendesk,2026-01-20T08:56:56,86961c600ca7810f05ffab71930558060d9f097f,Update `.quickstart.yml` and `README` (#245),95,156,False,0.5714285714285714,8,0.5217666013773931,0.09938648741258546,0.0057547815213695504,0.8722296684379905,0.6526315789473685,1,1.0,0.0,40,48,0,7,95,1
fivetran__dbt_zendesk,2026-02-18T15:05:50,74cfe58cabe73b071987e42cebb526fdf6d13ef0,Audit log source config (#250),95,156,False,0.5714285714285714,8,0.5217666013773931,0.09938648741258546,0.0057547815213695504,0.8722301760609243,0.6526315789473685,1,1.0,0.0,40,48,0,7,95,1
fivetran__dbt_zendesk,2026-03-26T14:19:15,c81b04882f9ed14803e898d0cf25cadf07f4fe4e,feature/consolidate_zendesk_resolution_time_model (#256),98,156,False,0.5714285714285714,6,0.505546218487395,0.09874438981572692,0.005712945532245876,0.8788521509749996,0.6020408163265306,1,1.0,0.0,44,47,0,7,98,1
fivetran__dbt_zendesk,2026-03-31T15:34:15,84f6b64a99df11a6c0c6bd0b9f7b144ffca8c82b,bug/inconsistent-lapsed-business-mins (#255),98,156,False,0.5714285714285714,6,0.505546218487395,0.09874438981572692,0.005712945532245876,0.8788521922055903,0.6020408163265306,1,1.0,0.0,44,47,0,7,98,1
fivetran__dbt_zendesk,2026-05-27T12:04:04,26f355d575ecba85961939bc18db1221438325f0,feature/add_assignee_and_requester_id (#261),98,156,False,0.5714285714285714,6,0.505546218487395,0.09874438981572692,0.005712945532245876,0.8788516670815602,0.6020408163265306,1,1.0,0.0,44,47,0,7,98,1
fivetran__dbt_zendesk,2026-06-22T21:37:17,d4a8aa378862c51f0c6136eb16f87bef8c34e908,Standardize unioning macros to use fivetran_utils versions (#265),98,156,False,0.5714285714285714,6,0.505546218487395,0.09874438981572692,0.005712945532245876,0.8788517324916826,0.6020408163265306,1,1.0,0.0,44,47,0,7,98,1
fivetran__dbt_zendesk_source,2020-08-16T19:26:52,cc4aa6a967345bf35c04d3656bdd98243f873942,progress,12,0,False,,,0.0,0.0,0.0,0.0,0.0,12,0.083333,1.0,12,0,0,0,12,1
fivetran__dbt_zendesk_source,2020-09-14T16:46:58,2502f04af4f7c03f1d540491f9a5019f37ad90a9,cross db compatibility,9,0,False,,,0.0,0.0,0.0,0.0,0.0,9,0.111111,1.0,9,0,0,0,9,1
fivetran__dbt_zendesk_source,2020-09-29T12:39:34,d3314a875c60af51fccdd7f513f2dff881366fd7,group keyword fix,9,0,False,,,0.0,0.0,0.0,0.0,0.0,9,0.111111,1.0,9,0,0,0,9,1
fivetran__dbt_zendesk_source,2021-01-19T14:58:14,010b1398a278eac952db68f21604eb6b1eb2cd1e,update erd link and dbt version requirement,9,0,False,,,0.0,0.0,0.0,0.0,0.0,9,0.111111,1.0,9,0,0,0,9,1
fivetran__dbt_zendesk_source,2021-02-22T18:07:24,459ca1f68994a672385c7590660fa2d39ccbd959,add fivetran deleted removal,30,15,False,0.9285714285714286,1,0.5,2.0,1.0,0.0,0.0,15,0.066667,0.0,30,0,0,0,30,1
fivetran__dbt_zendesk_source,2021-02-25T16:07:13,095b5baeeb8fbc4b9bad8664ca2f0fc5bc07fd8d,satisfaction removal commit,28,14,False,0.9285714285714286,1,0.5,2.0,1.0,0.0,0.0,14,0.071429,0.0,28,0,0,0,28,1
fivetran__dbt_zendesk_source,2021-05-19T12:21:53,8dc4b82d0e509f06d420d4799dc347abca79cea9,Remove order by from `stg_zendesk__ticket_field_history`,28,14,False,0.9285714285714286,1,0.5,2.0,1.0,0.0,0.0,14,0.071429,0.0,28,0,0,0,28,1
fivetran__dbt_zendesk_source,2021-08-06T11:31:40,e27fa0132ac34615eb73f604c64197747ff0543b,organization tags,28,14,False,0.9285714285714286,1,0.5,2.0,1.0,0.0,0.0,14,0.071429,0.0,28,0,0,0,28,1
fivetran__dbt_zendesk_source,2021-12-20T12:16:20,56835a00bfdc63adb33a9893ca9c1cb3e5c2ee5f,update order of columns,28,14,False,0.9285714285714286,1,0.5,2.0,1.0,0.0,0.0,14,0.071429,0.0,28,0,0,0,28,1
fivetran__dbt_zendesk_source,2022-01-19T11:14:02,156d2a0a2a01d7ea388af579ae08ee5116cf01d0,offset calculations,32,16,False,0.9285714285714286,1,0.5,2.0,1.0,0.0,0.0,16,0.0625,0.0,32,0,0,0,32,1
fivetran__dbt_zendesk_source,2022-02-11T14:05:00,9da11cf08d3248ac663682b9d8cefb509cbf29b7,docs and tests,32,16,False,0.9285714285714286,1,0.5,2.0,1.0,0.0,0.0,16,0.0625,0.0,32,0,0,0,32,1
fivetran__dbt_zendesk_source,2022-04-19T12:18:47,14b42045d195d127708adf497145ebf01043dc20,explicit jinja templating,32,16,False,0.9285714285714286,1,0.5,2.0,1.0,0.0,0.0,16,0.0625,0.0,32,0,0,0,32,1
fivetran__dbt_zendesk_source,2022-05-12T15:11:37,ac6a09c65e0deef41bb0b908951ce131e8520776,feature/package-updates,32,16,False,0.9285714285714286,1,0.5,2.0,1.0,0.0,0.0,16,0.0625,0.0,32,0,0,0,32,1
fivetran__dbt_zendesk_source,2022-08-26T14:14:36,b50b89b19c7ccf2c79e4d550a0fc2c44d6dd945f,spark,32,16,False,0.9285714285714286,1,0.5,2.0,1.0,0.0,0.0,16,0.0625,0.0,32,0,0,0,32,1
fivetran__dbt_zendesk_source,2022-10-13T16:12:04,f04a1af13e5ee24efca3bd11346eadf58e9a432d,Updates for dbt-utils to dbt-core cross-db macro migration,32,16,False,0.9285714285714286,1,0.5,2.0,1.0,0.0,0.0,16,0.0625,0.0,32,0,0,0,32,1
fivetran__dbt_zendesk_source,2022-10-27T09:54:42,01c53689a06344f996a803fbfc7bda6e764a4a69,pr updates,32,16,False,0.9285714285714286,1,0.5,2.0,1.0,0.0,0.0,16,0.0625,0.0,32,0,0,0,32,1
fivetran__dbt_zendesk_source,2023-01-05T17:56:09,84ccb5b431e1261ae2af0f3b7231f10314db8555,Fix namespace of cross-db macros from dbt_utils to dbt,32,16,False,0.9285714285714286,1,0.5,2.0,1.0,0.0,0.0,16,0.0625,0.0,32,0,0,0,32,1
fivetran__dbt_zendesk_source,2023-04-13T16:23:51,1b9f0b09d511aaecfadc918416a253fd44ce7076,cast,34,17,False,0.9285714285714286,1,0.5,2.0,1.0,0.0,0.0,17,0.058824,0.0,34,0,0,0,34,1
fivetran__dbt_zendesk_source,2023-04-16T18:18:57,60b71866b6e39ef940771b78579a7050d8cef6c7,cast,34,17,False,0.9285714285714286,1,0.5,2.0,1.0,0.0,0.0,17,0.058824,0.0,34,0,0,0,34,1
fivetran__dbt_zendesk_source,2023-06-05T15:44:32,fe3ee378a91913732431d722b1b47afddbb359bc,source and staging adjustments,34,17,False,0.9285714285714286,1,0.5,2.0,1.0,0.0,0.0,17,0.058824,0.0,34,0,0,0,34,1
fivetran__dbt_zendesk_source,2023-06-27T15:30:59,9922f9cadc388f399b86233d2002451021e3d854,revert timestamp conversion for boolean,34,17,False,0.9285714285714286,1,0.5,2.0,1.0,0.0,0.0,17,0.058824,0.0,34,0,0,0,34,1
fivetran__dbt_zendesk_source,2023-07-18T14:25:57,c0fcf040c4125ef718d2dc62556372ffbdba27af,added config for source,34,17,False,0.9285714285714286,1,0.5,2.0,1.0,0.0,0.0,17,0.058824,0.0,34,0,0,0,34,1
fivetran__dbt_zendesk_source,2023-11-08T18:01:21,11591c611a4860d5fb47bccb1ff08a20ee1ba7bd,fix temp files for BigQuery behavior,34,17,False,0.9285714285714286,1,0.5,2.0,1.0,0.0,0.0,17,0.058824,0.0,34,0,0,0,34,1
fivetran__dbt_zendesk_source,2023-12-05T13:43:21,56a68df0b3946ada9f86726b94894d8dafc395a7,fix formatting,34,17,False,0.9285714285714286,1,0.5,2.0,1.0,0.0,0.0,17,0.058824,0.0,34,0,0,0,34,1
fivetran__dbt_zendesk_source,2024-01-08T13:46:00,0ddf561e65653c3b134005a5e8e0b7ab928e8feb,remove prefix from new var,34,17,False,0.9285714285714286,1,0.5,2.0,1.0,0.0,0.0,17,0.058824,0.0,34,0,0,0,34,1
fivetran__dbt_zendesk_source,2024-02-07T16:00:27,7699ef19ea9e88510c9456dedc1d867004c6f49f,bugfix/sla-datatype-updates,34,17,False,0.9285714285714286,1,0.5,2.0,1.0,0.0,0.0,17,0.058824,0.0,34,0,0,0,34,1
fivetran__dbt_zendesk_source,2024-02-29T14:53:27,73174a06ced5fbdd5727cb73c22e7a8dc2c08099,more docs and revert change,34,17,False,0.9285714285714286,1,0.5,2.0,1.0,0.0,0.0,17,0.058824,0.0,34,0,0,0,34,1
fivetran__dbt_zendesk_source,2024-04-15T09:46:17,92b09230c5b4528c3d2d1b36bb24d653f57b6670,Add passthrough columns for USER + ORG and add support for updated passthrough format for TICKET (#49),34,17,False,0.9285714285714286,1,0.5,2.0,1.0,0.0,0.0,17,0.058824,0.0,34,0,0,0,34,1
fivetran__dbt_zendesk_source,2024-09-04T14:27:20,fd7ffca469b7660e64e21ece0ddba7d757b18a24,Feature/unstructured data (#53),34,17,False,0.9285714285714286,1,0.5,2.0,1.0,0.0,0.0,17,0.058824,0.0,34,0,0,0,34,1
fivetran__dbt_zendesk_source,2024-10-10T14:49:22,8b9ca188482639e7413a8fe4d1c06466a13ae99e,Feature/historical schedules (#55),36,18,False,0.9285714285714286,1,0.5,2.0,1.0,0.0,0.0,18,0.055556,0.0,36,0,0,0,36,1
fivetran__dbt_zendesk_source,2024-12-02T10:30:23,94c1b56d57fdc7d6e52f963f30110573754d45bb,Feature/add union data (#44),36,18,False,0.9285714285714286,1,0.5,2.0,1.0,0.0,0.0,18,0.055556,0.0,36,0,0,0,36,1
fivetran__dbt_zendesk_source,2024-12-11T00:14:56,de7cdbf08609e626942a693ca01d55fcc7d05b69,Add enable/disable configuration for organization and brand,36,18,False,0.9285714285714286,1,0.5,2.0,1.0,0.0,0.0,18,0.055556,0.0,36,0,0,0,36,1
fivetran__dbt_zendesk_source,2025-05-01T11:59:49,65b4711b955348320320cd13f0f39d57dd6f8fc4,Update/handle chat slas (#63),40,20,False,0.9285714285714286,1,0.5,2.0,1.0,0.0,0.0,20,0.05,0.0,40,0,0,0,40,1
fivetran__dbt_zendesk_source,2025-06-02T12:00:27,9150b616db7cac9452e5bb47de3caefa6ce1a40d,update/user-role-history (#68),40,20,False,0.9285714285714286,1,0.5,2.0,1.0,0.0,0.0,20,0.05,0.0,40,0,0,0,40,1
fivetran__dbt_zendesk_source,2025-06-26T09:51:50,43d7d8f87d450ef96514ff8998994a8505f86f9b,feature/freshness-updates (#71),40,20,False,0.9285714285714286,1,0.5,2.0,1.0,0.0,0.0,20,0.05,0.0,40,0,0,0,40,1
fivetran__dbt_zendesk_source,2025-07-24T14:32:19,c2d0a39c34f14d0ddc635a9fc6d64c7ca213c5be,bugfix/empty-actor-id (#76),40,20,False,0.9285714285714286,1,0.5,2.0,1.0,0.0,0.0,20,0.05,0.0,40,0,0,0,40,1
flexanalytics__dbt-business-intelligence,2022-05-05T10:05:46,2a84b762d863e87a17acc8b616996d4df9e7d861,Updated raw seed data,11,15,False,0.7142857142857143,4,0.37662337662337664,0.9620194120350635,0.12676932864422816,0.5264928840511469,0.45454545454545453,1,1.0,0.0,5,0,4,2,11,1
flexanalytics__dbt-business-intelligence,2022-05-19T10:04:43,a9343c27e3a4ffbf5cf28e8add7aad752214e8a4,Clean up fact_sales,11,11,False,0.6428571428571429,4,0.6737967914438503,0.38196601125010476,0.061251098068248654,0.49121368190671494,0.09090909090909091,1,1.0,0.0,5,0,4,2,11,1
flexanalytics__dbt-business-intelligence,2022-06-29T15:37:49,d8c12158b4ba4e5e2e0913013341a6fb3e482012,Remove dbt_metrics_default_calendar,11,11,False,0.6428571428571429,4,0.6737967914438503,0.38196601125010476,0.061251098068248654,0.2529864973316099,0.09090909090909091,1,1.0,0.0,5,0,4,2,11,1
flexanalytics__dbt-business-intelligence,2022-07-29T13:48:30,280844d0de3e96645579e1855597280075afffa1,Add slowly changing dimensions,11,11,False,0.6428571428571429,4,0.6737967914438503,0.38196601125010476,0.061251098068248654,0.6233491390556266,0.09090909090909091,1,1.0,0.0,5,0,4,2,11,1
flexanalytics__dbt-business-intelligence,2022-10-05T11:37:25,9bcb137710843f8d7b6f120df78a49c283d5c9b8,Refer to target.schema,11,11,False,0.6428571428571429,4,0.6737967914438503,0.38196601125010476,0.061251098068248654,0.3597397679251789,0.09090909090909091,1,1.0,0.0,5,0,4,2,11,1
flexanalytics__dbt-business-intelligence,2022-10-26T16:36:41,de838ea95f33bb3b83d1180d5285efcef28eda99,Metric dimensions,11,11,False,0.6428571428571429,4,0.6737967914438503,0.38196601125010476,0.061251098068248654,0.3893717089707981,0.09090909090909091,1,1.0,0.0,5,0,4,2,11,1
flexanalytics__dbt-business-intelligence,2023-02-16T11:11:00,0ceb02cdde860e9ec63ac14885f36e0ee6cf30bf,Update schema.yml,11,11,False,0.6428571428571429,4,0.6737967914438503,0.38196601125010476,0.061251098068248654,0.3198033389415436,0.09090909090909091,1,1.0,0.0,5,0,4,2,11,1
flexanalytics__dbt-business-intelligence,2023-06-24T10:39:53,8c84320b2155228a565af2ffa20021e36ccb4ce5,Support dbt 1.5+,11,11,False,0.6428571428571429,4,0.6737967914438503,0.38196601125010476,0.061251098068248654,0.35425590204622665,0.09090909090909091,1,1.0,0.0,5,0,4,2,11,1
flexanalytics__dbt-business-intelligence,2024-02-20T11:10:49,d83b79af050b75d302be71448332ca611fb73e01,Update dbt_date and dbt_utils,12,11,False,0.6428571428571429,4,0.7009803921568627,0.38196601125010476,0.061251098068248654,0.38206257396504634,0.08333333333333333,2,0.916667,0.083333,6,0,5,1,12,1
flexanalytics__dbt-business-intelligence,2024-03-28T14:38:15,1c6950b6de82536671824737906720fcd57c94c3,add time_granularity to semantic_models date_day dimension,11,9,False,0.7142857142857143,5,0.7692307692307693,0.38196601125010493,0.061681215744512734,0.3538091524909307,0.0,2,0.909091,0.090909,6,0,5,0,11,1
flexanalytics__dbt-business-intelligence,2024-04-02T15:35:53,9612ad5539ebb953b8bff83e1b38c1ee8d1fed47,update entity names in foreign relationship tables,11,9,False,0.7142857142857143,5,0.7692307692307693,0.38196601125010493,0.061681215744512734,0.5023315705967509,0.0,2,0.909091,0.090909,6,0,5,0,11,1
flexanalytics__dbt-business-intelligence,2024-05-22T20:48:02,0e2d1e2491f3e7bdb98cce26a60e20c6a2a5e9d1,Update semantic_models.yml,11,9,False,0.7142857142857143,5,0.7692307692307693,0.38196601125010493,0.061681215744512734,0.36563132267681403,0.0,2,0.909091,0.090909,6,0,5,0,11,1
flexanalytics__dbt-business-intelligence,2024-09-16T14:48:04,6d2aea1079b018bba89b650d08fa0acd76f68122,add labels to models in semantic definitions,11,9,False,0.7142857142857143,5,0.7692307692307693,0.38196601125010493,0.061681215744512734,0.4538836684077226,0.0,2,0.909091,0.090909,6,0,5,0,11,1
flexanalytics__dbt-business-intelligence,2024-12-18T14:33:17,61bf6d36143347432da112e7fe78b37e71304b40,Remove contract enforcement,11,9,False,0.7142857142857143,5,0.7692307692307693,0.38196601125010493,0.061681215744512734,0.3257685196033364,0.0,2,0.909091,0.090909,6,0,5,0,11,1
flexanalytics__dbt-business-intelligence,2025-01-10T12:28:28,5e96cf8010a0d4613e9e56e81b0257e2cc2a58ea,Update metricflow_time_spine.sql,11,10,False,0.5714285714285714,4,0.7757575757575758,0.296019130683671,0.04720660618829893,0.5675654820969567,0.0,1,1.0,0.0,6,0,5,0,11,1
flexanalytics__dbt-business-intelligence,2025-01-31T06:50:46,03b1e1dab3456fee8e98c8e7e39d37f8aa7dfca8,Upgrade project to dbt 1.9,10,9,False,0.7142857142857143,5,0.7461538461538462,0.38196601125010493,0.061681215744512734,0.27832990527483475,0.0,1,1.0,0.0,5,0,5,0,10,1
flexanalytics__dbt-business-intelligence,2025-02-26T08:50:27,47166c7a4da3352ba5f3056be40b1eb604b47d14,Add tags to models and columns,10,9,False,0.7142857142857143,5,0.7461538461538462,0.38196601125010493,0.061681215744512734,0.27773005986540567,0.0,1,1.0,0.0,5,0,5,0,10,1
flexanalytics__dbt-business-intelligence,2025-06-03T16:45:34,e7a7108a2a26560a62aa5fd8622ceffd7b35c9cf,Merge pull request #54 from flexanalytics/feature/docs-improvements,10,9,False,0.7142857142857143,5,0.7461538461538462,0.38196601125010493,0.061681215744512734,0.5326030577113868,0.0,1,1.0,0.0,5,0,5,0,10,1
flexanalytics__dbt-business-intelligence,2025-07-16T15:11:21,719770c7a56bd547835e4afc6a9795325d970780,Add Customer Region (#60),10,9,False,0.7142857142857143,5,0.7461538461538462,0.38196601125010493,0.061681215744512734,0.32385639396354204,0.0,1,1.0,0.0,5,0,5,0,10,1
frizzleqq__f1-dbt-duckdb,2022-08-21T18:44:56,05ac0413e0822cc8df1ae581ca4828faa5fb4302,"change key to 'id', different usage of cte in models",5,3,False,0.8571428571428571,1,0.5,0.9999999999999997,0.3333333333333332,0.0,0.0,2,0.6,0.0,0,0,3,2,5,1
frizzleqq__f1-dbt-duckdb,2022-10-16T18:12:08,1fa04605e1bb7deadf65e7226f3d24c07fd8e753,add fact tables,14,7,False,0.9285714285714286,1,0.5,2.0,1.0,0.0,0.0,7,0.142857,0.0,0,0,7,7,14,1
frizzleqq__f1-dbt-duckdb,2022-11-12T16:51:11,0120b7c32e6ceb2674833b5983dafdc2bec6a45f,"rework full load and staging cli, add f_qualifying",16,10,False,0.8571428571428571,2,0.4583333333333333,0.585786437626905,0.17157287525380993,0.08333333333332911,0.0,6,0.25,0.0,0,0,8,8,16,1
frizzleqq__f1-dbt-duckdb,2023-01-08T13:48:49,2c515b167098830294571ffef64ff25feed94eab,add sqlfluff and conform sql,16,10,False,0.8571428571428571,2,0.4583333333333333,0.585786437626905,0.17157287525380993,0.08333333333332742,0.0,6,0.25,0.0,0,0,8,8,16,1
frizzleqq__f1-dbt-duckdb,2023-01-22T17:08:52,8306f7cba0f4f14d0ad282a27411afd6ffb39d41,"move type conversion to dbt stage models, rename reserved names",16,10,False,0.8571428571428571,2,0.4583333333333333,0.585786437626905,0.17157287525380993,0.08333333333328032,0.0,6,0.25,0.0,0,0,8,8,16,1
frizzleqq__f1-dbt-duckdb,2023-02-18T13:44:55,f0af508f4583fb1e8bf308f28a7eccab2f52a38d,"remove airflow (package conflicts), update dependencies, remove snapshot",16,10,False,0.8571428571428571,2,0.4583333333333333,0.585786437626905,0.17157287525380993,0.08333333333332643,0.0,6,0.25,0.0,0,0,8,8,16,1
frizzleqq__f1-dbt-duckdb,2023-06-13T17:58:49,e329183b1f2c907ff9ea4b0507a3f8ed7139264b,experiment with external materialization of dbt-duckdb,20,13,False,0.7857142857142857,2,0.5657894736842105,0.4384471871911697,0.09611796797792434,0.22599467198452977,0.0,7,0.3,0.0,0,0,9,11,20,1
frizzleqq__f1-dbt-duckdb,2023-06-25T17:46:44,2e794e12262e6ab740832595a66ae769f62a4325,add bridge table for drivers-constructors,21,14,False,0.6428571428571429,3,0.6047619047619047,0.3217196499578084,0.0695061326453343,0.25872533797364167,0.0,7,0.333333,0.0,0,0,10,11,21,1
frizzleqq__f1-dbt-duckdb,2023-08-15T16:55:14,da57d2eb6957e557bc6591e6e11e9aa05cd559db,"add driver and constructor standings, use json to get certain fields",25,17,False,0.6428571428571429,3,0.6133333333333333,0.3217196499578084,0.0695061326453343,0.2587253383977808,0.0,8,0.28,0.0,0,0,12,13,25,1
frizzleqq__f1-dbt-duckdb,2023-11-05T16:15:59,2cb6a5823490952d18cf4bbf0f44bc2d6a7785d4,"update versions, add some relationships tests, small sqlfluff changes",25,17,False,0.6428571428571429,3,0.6133333333333333,0.3217196499578084,0.0695061326453343,0.2587253440063355,0.0,8,0.28,0.0,0,0,12,13,25,1
frizzleqq__f1-dbt-duckdb,2024-02-01T08:55:31,c9e11fc136f3c3086b08802480aa6d8fa178ca9e,"replace black/isort with ruff, test with relative variable",25,17,False,0.6428571428571429,3,0.6133333333333333,0.3217196499578084,0.0695061326453343,0.25872533729922137,0.0,8,0.28,0.0,0,0,12,13,25,1
frizzleqq__f1-dbt-duckdb,2024-03-12T09:38:39,b25a92f355ee24280e50f0f0332aa0709f3340c7,fix driver without dob,23,15,False,0.7142857142857143,3,0.5603864734299517,0.38196601125010504,0.08877200286730275,0.19801980198020697,0.0,8,0.26087,0.0,0,0,12,11,23,1
frizzleqq__f1-dbt-duckdb,2024-04-18T16:29:51,4a9d8f152531d4d04d6a78bb74ae7f65d6f72af5,"correct jsonpath, update launch.json",23,15,False,0.7142857142857143,3,0.5603864734299517,0.38196601125010504,0.08877200286730275,0.19801980198020508,0.0,8,0.26087,0.0,0,0,12,11,23,1
frizzleqq__f1-dbt-duckdb,2024-05-30T20:44:09,b08d1f82c86f0b43b2ac669887ec1c3b07d81de2,update dbt model,21,23,False,0.7142857142857143,4,0.508843537414966,0.3344724628346839,0.03256133174695024,0.5202575735616434,0.23809523809523808,3,0.857143,0.047619,0,0,8,13,21,1
frizzleqq__f1-dbt-duckdb,2024-07-06T12:10:35,eabe7e13dc421c2e9d4ca2aff448284590b9052b,cleanup,21,23,False,0.7142857142857143,4,0.508843537414966,0.3344724628346839,0.03256133174695024,0.5202571193695673,0.23809523809523808,3,0.857143,0.047619,0,0,8,13,21,1
frizzleqq__f1-dbt-duckdb,2024-07-26T21:34:31,2162da3e76ea550adab0c4100b6ce14b200603eb,add more columns to f_results (#10),21,24,False,0.6428571428571429,3,0.47883597883597884,0.33188562217383594,0.029645045292643137,0.4695133701780687,0.23809523809523808,2,0.904762,0.0,0,0,8,13,21,1
frizzleqq__f1-dbt-duckdb,2024-08-18T16:49:31,9bb45e99a589d3f3f2b31abb121bd033f27a91a7,"use new dagster-dbt fetch feature, fallback to duckdb database as that works better with fetching metadata",21,24,False,0.6428571428571429,3,0.47883597883597884,0.33188562217383594,0.029645045292643137,0.4695134442419336,0.23809523809523808,2,0.904762,0.0,0,0,8,13,21,1
frizzleqq__f1-dbt-duckdb,2025-04-11T17:41:48,ed9a7553527ce44e9bc38c3f2268a9648bd6d062,"Dagster duckdb-only, support motherduck (#12)",21,24,False,0.6428571428571429,3,0.47883597883597884,0.33188562217383594,0.029645045292643137,0.4695129751387821,0.23809523809523808,2,0.904762,0.0,0,0,8,13,21,1
get-select__dbt-snowflake-monitoring,2022-10-30T08:05:40,772367b884f0a13fae4e44d0513e7a28edac1242,Ensure row per top level service and coalesce nulls to 0 (#20),11,11,False,0.6428571428571429,3,0.42045454545454547,0.18996086384539262,0.030683351925522403,0.4197021917869302,0.09090909090909091,1,1.0,0.0,7,0,0,4,11,2
get-select__dbt-snowflake-monitoring,2022-12-06T16:36:57,f9523e85902bab7b267f22d33659b3a3f1dbb0a0,feature - Add serverless tasks and spend (#37),12,13,False,0.7142857142857143,3,0.4166666666666667,0.34600757070928556,0.042679409725850576,0.440555404343612,0.16666666666666666,1,1.0,0.0,8,0,0,4,12,2
get-select__dbt-snowflake-monitoring,2023-01-12T10:53:32,0d042880552d55098fc55b5a1068086aef2ba87d,Inner join daily_rates to avoid $0 entries in daily_spend for incompl… (#66),18,17,False,0.7142857142857143,3,0.53584229390681,0.22673541023919455,0.027758292432032858,0.5031334850836175,0.1111111111111111,3,0.833333,0.055556,10,0,0,8,18,2
get-select__dbt-snowflake-monitoring,2023-02-11T10:56:00,4669557d3bef98619dd9ce9beea8938a7096dac2,Add node refs,21,19,False,0.7142857142857143,3,0.5406162464985994,0.22673541023919455,0.027758292432032858,0.5031334851406365,0.09523809523809523,4,0.714286,0.047619,11,0,0,10,21,2
get-select__dbt-snowflake-monitoring,2023-02-28T22:11:01,353f0cfa8f7b305644fb43e7f2ed416e687e5923,Jinja-ify dbt_cloud_url var,21,19,False,0.7142857142857143,3,0.5406162464985994,0.22673541023919455,0.027758292432032858,0.5031333567212055,0.09523809523809523,4,0.714286,0.047619,11,0,0,10,21,2
get-select__dbt-snowflake-monitoring,2023-04-08T11:14:00,338470002d813c187e7bc095de638784efb94d81,Update stop threshold to only consider metering_history for global data freshness (#97),23,21,False,0.7142857142857143,3,0.5522914218566393,0.22673541023919455,0.027758292432032858,0.5031334998390042,0.08695652173913043,4,0.652174,0.043478,11,0,0,12,23,2
get-select__dbt-snowflake-monitoring,2023-05-05T16:48:35,c619cceb33db524b8c4bbe1a9d00fc8bee8a4cdd,Add currency to all models with spend data (#103) (#105),23,21,False,0.7142857142857143,3,0.5522914218566393,0.22673541023919455,0.027758292432032858,0.5031334617383001,0.08695652173913043,4,0.652174,0.043478,11,0,0,12,23,2
get-select__dbt-snowflake-monitoring,2023-06-09T17:56:18,47b2b08f6f5c54aaf0469aafd04887f152145c62,Get test passing,25,22,False,0.6428571428571429,3,0.5353846153846153,0.1259309053293568,0.015500289271557374,0.5054049677631058,0.04,4,0.68,0.04,11,0,0,14,25,2
get-select__dbt-snowflake-monitoring,2023-06-21T15:35:51,d95c8542e900e65e56051ce3452793fcb091e772,Coalesce to false,25,22,False,0.6428571428571429,3,0.5353846153846153,0.1259309053293568,0.015500289271557374,0.5054049648026778,0.04,4,0.68,0.04,11,0,0,14,25,2
get-select__dbt-snowflake-monitoring,2023-08-09T09:44:45,ac76fc6a253522f59d042b7342e70ef6b5cd0eb8,Add snowpipe streaming to hourly spend,26,23,False,0.7142857142857143,3,0.5242165242165242,0.11929262842503377,0.013133199190043549,0.5297175122850852,0.038461538461538464,4,0.692308,0.038462,12,0,0,14,26,2
get-select__dbt-snowflake-monitoring,2023-08-24T16:57:16,1b2249a4d5eff19c41a50263bfcaf2c4b62acb14,Merge branch 'main' into Feature/add_credit_consumption_to_cost_per_query_65,26,23,False,0.7142857142857143,3,0.5242165242165242,0.11929262842503377,0.013133199190043549,0.5297175728907562,0.038461538461538464,4,0.692308,0.038462,12,0,0,14,26,2
get-select__dbt-snowflake-monitoring,2023-11-06T14:42:17,31b31402b86802b4881dc6190d47780d74ff1934,Merge branch 'main' into remove_regex_udf,26,23,False,0.7142857142857143,3,0.5242165242165242,0.11929262842503377,0.013133199190043549,0.5297175063574202,0.038461538461538464,4,0.692308,0.038462,12,0,0,14,26,2
get-select__dbt-snowflake-monitoring,2023-11-30T11:07:36,a9cc3bc925bd16d26c5238855c0820a38fca0d36,alias stg_metering_history,26,23,False,0.7142857142857143,3,0.5242165242165242,0.11929262842503377,0.013133199190043549,0.5297174949536141,0.038461538461538464,4,0.692308,0.038462,12,0,0,14,26,2
get-select__dbt-snowflake-monitoring,2024-01-16T13:04:33,c0d38010d5febaf2c09ec77b53380990614202be,Update models/dbt_queries.yml,26,24,False,0.6428571428571429,3,0.5242914979757085,0.2077725488661782,0.022779827797829624,0.5329715049338255,0.07692307692307693,4,0.692308,0.038462,12,0,0,14,26,2
get-select__dbt-snowflake-monitoring,2024-04-03T08:53:33,f2c62099aa896e1451942af70da59cd3c8eafa08,Fix service_type filters in hourly_spend,26,24,False,0.6428571428571429,3,0.5242914979757085,0.2077725488661782,0.022779827797829624,0.5329709750870276,0.07692307692307693,4,0.692308,0.038462,12,0,0,14,26,2
get-select__dbt-snowflake-monitoring,2024-05-06T12:23:40,9a74d5af1b3cdaaa760a93f9ae587e0016043b13,Improve service spend coverage on the hourly_spend model,26,24,False,0.6428571428571429,3,0.5242914979757085,0.2077725488661782,0.022779827797829624,0.5329714617832357,0.07692307692307693,4,0.692308,0.038462,12,0,0,14,26,2
get-select__dbt-snowflake-monitoring,2024-05-28T14:34:53,f31de555ce1c3a0b9be57a45fe97e49ce4d32c2e,"feat: add root_query_id, parent_query_id to stg_access_history (#156)",26,24,False,0.6428571428571429,3,0.5242914979757085,0.2077725488661782,0.022779827797829624,0.5329709732488571,0.07692307692307693,4,0.692308,0.038462,12,0,0,14,26,2
get-select__dbt-snowflake-monitoring,2024-06-12T16:26:29,b0e69f5d0b35d4e563a9709acf1ba8ddb782620f,Add columns for serverless task history,24,23,False,0.6428571428571429,3,0.5029761904761905,0.2077725488661782,0.022779827797829624,0.532970922200915,0.08333333333333333,3,0.75,0.041667,11,0,0,13,24,2
get-select__dbt-snowflake-monitoring,2024-08-23T10:23:25,d979c82ba05b7de5c772d03d9f92c187cca603fa,Add incremental variable for overlap,24,23,False,0.6428571428571429,3,0.5029761904761905,0.2077725488661782,0.022779827797829624,0.5329709611903978,0.08333333333333333,3,0.75,0.041667,11,0,0,13,24,2
get-select__dbt-snowflake-monitoring,2024-10-01T10:38:16,84fe5425684157f0876455373edf6a2d99eed8d2,Fix query_direct_table_access column name in docs,24,23,False,0.6428571428571429,3,0.5029761904761905,0.2077725488661782,0.022779827797829624,0.5329714606932313,0.08333333333333333,3,0.75,0.041667,11,0,0,13,24,2
get-select__dbt-snowflake-monitoring,2024-10-24T11:27:42,2ccd675e3f53ea0fa3fb818595b71cb88df699a4,updating lookback in hours_list,24,23,False,0.6428571428571429,3,0.5029761904761905,0.2077725488661782,0.022779827797829624,0.5329714615289474,0.08333333333333333,3,0.75,0.041667,11,0,0,13,24,2
get-select__dbt-snowflake-monitoring,2025-01-31T10:50:45,963f81f73fe7cc4d74c5b482ac6cdaebef52da37,Merge pull request #167 from bisset-a/update-lookback-period-cost-per-query,24,23,False,0.6428571428571429,3,0.5029761904761905,0.2077725488661782,0.022779827797829624,0.5329709699756514,0.08333333333333333,3,0.75,0.041667,11,0,0,13,24,2
get-select__dbt-snowflake-monitoring,2025-02-27T15:47:33,6e5a6043ec3e2afcbf2a5b33609865c366481593,Fix AI services now it's in metering history,24,23,False,0.6428571428571429,3,0.5029761904761905,0.2077725488661782,0.022779827797829624,0.5329709670428555,0.08333333333333333,3,0.75,0.041667,11,0,0,13,24,2
get-select__dbt-snowflake-monitoring,2025-03-24T08:23:40,d2dcbc264f565e950375a9ef0fe0c22eac39c7b2,Update the injected account locator everywhere to name as locator is deprecated,24,23,False,0.6428571428571429,3,0.5029761904761905,0.2077725488661782,0.022779827797829624,0.5329714391921686,0.08333333333333333,3,0.75,0.041667,11,0,0,13,24,2
get-select__dbt-snowflake-monitoring,2025-05-28T23:33:14,1078a91e066248af500b88ba486adae8b984e91d,required config for dbt-fusion,24,23,False,0.6428571428571429,3,0.5029761904761905,0.2077725488661782,0.022779827797829624,0.5329709410932939,0.08333333333333333,3,0.75,0.041667,11,0,0,13,24,2
get-select__dbt-snowflake-monitoring,2025-06-06T13:02:45,3b7116711c6c9905f262da8a7e84709a1f3ef114,Update query_history_enriched.sql,24,23,False,0.6428571428571429,3,0.5029761904761905,0.2077725488661782,0.022779827797829624,0.5329709030682498,0.08333333333333333,3,0.75,0.041667,11,0,0,13,24,2
get-select__dbt-snowflake-monitoring,2025-10-15T10:08:37,838b591ea6669c78d159de9de7ce53f2124328d4,Update column docs,24,23,False,0.6428571428571429,3,0.5029761904761905,0.2077725488661782,0.022779827797829624,0.5329715094696218,0.08333333333333333,3,0.75,0.041667,11,0,0,13,24,2
get-select__dbt-snowflake-monitoring,2025-11-10T11:42:17,9004728dcf43a44019d659ee014d9dbbc0b03485,Merge branch 'main' into erlendb/custom_source_input,25,24,False,0.7142857142857143,3,0.49379310344827587,0.19890818934095308,0.019723619156082138,0.5348252973348776,0.08,3,0.76,0.04,12,0,0,13,25,2
get-select__dbt-snowflake-monitoring,2026-01-28T09:23:52,c621270ad6bae1378daee7a144cfdd9839493598,Remove merge_objects UDF in favor of native map_cat,25,24,False,0.7142857142857143,3,0.49379310344827587,0.19890818934095308,0.019723619156082138,0.5348253156781454,0.08,3,0.76,0.04,12,0,0,13,25,2
get-select__dbt-snowflake-monitoring,2026-03-09T16:23:35,ddb657a39f6cdbd7230daae154ba11c7480c510e,Update deprecated dbt_snowflake_query_tags dependency to dbt_query_tags v3.0.x,25,24,False,0.7142857142857143,3,0.49379310344827587,0.19890818934095308,0.019723619156082138,0.534825792441433,0.08,3,0.76,0.04,12,0,0,13,25,2
giftHEALTH__dbt_zendesk_source,2020-08-16T19:26:52,cc4aa6a967345bf35c04d3656bdd98243f873942,progress,12,0,False,,,0.0,0.0,0.0,0.0,0.0,12,0.083333,1.0,12,0,0,0,12,1
giftHEALTH__dbt_zendesk_source,2020-09-14T16:46:58,2502f04af4f7c03f1d540491f9a5019f37ad90a9,cross db compatibility,9,0,False,,,0.0,0.0,0.0,0.0,0.0,9,0.111111,1.0,9,0,0,0,9,1
giftHEALTH__dbt_zendesk_source,2020-09-29T12:39:34,d3314a875c60af51fccdd7f513f2dff881366fd7,group keyword fix,9,0,False,,,0.0,0.0,0.0,0.0,0.0,9,0.111111,1.0,9,0,0,0,9,1
giftHEALTH__dbt_zendesk_source,2021-01-19T14:58:14,010b1398a278eac952db68f21604eb6b1eb2cd1e,update erd link and dbt version requirement,9,0,False,,,0.0,0.0,0.0,0.0,0.0,9,0.111111,1.0,9,0,0,0,9,1
giftHEALTH__dbt_zendesk_source,2021-02-22T18:07:24,459ca1f68994a672385c7590660fa2d39ccbd959,add fivetran deleted removal,30,15,False,0.9285714285714286,1,0.5,2.0,1.0,0.0,0.0,15,0.066667,0.0,30,0,0,0,30,1
giftHEALTH__dbt_zendesk_source,2021-02-25T16:07:13,095b5baeeb8fbc4b9bad8664ca2f0fc5bc07fd8d,satisfaction removal commit,28,14,False,0.9285714285714286,1,0.5,2.0,1.0,0.0,0.0,14,0.071429,0.0,28,0,0,0,28,1
giftHEALTH__dbt_zendesk_source,2021-05-19T12:21:53,8dc4b82d0e509f06d420d4799dc347abca79cea9,Remove order by from `stg_zendesk__ticket_field_history`,28,14,False,0.9285714285714286,1,0.5,2.0,1.0,0.0,0.0,14,0.071429,0.0,28,0,0,0,28,1
giftHEALTH__dbt_zendesk_source,2021-08-06T11:31:40,e27fa0132ac34615eb73f604c64197747ff0543b,organization tags,28,14,False,0.9285714285714286,1,0.5,2.0,1.0,0.0,0.0,14,0.071429,0.0,28,0,0,0,28,1
giftHEALTH__dbt_zendesk_source,2021-12-20T12:16:20,56835a00bfdc63adb33a9893ca9c1cb3e5c2ee5f,update order of columns,28,14,False,0.9285714285714286,1,0.5,2.0,1.0,0.0,0.0,14,0.071429,0.0,28,0,0,0,28,1
giftHEALTH__dbt_zendesk_source,2022-01-19T11:14:02,156d2a0a2a01d7ea388af579ae08ee5116cf01d0,offset calculations,32,16,False,0.9285714285714286,1,0.5,2.0,1.0,0.0,0.0,16,0.0625,0.0,32,0,0,0,32,1
giftHEALTH__dbt_zendesk_source,2022-02-11T14:05:00,9da11cf08d3248ac663682b9d8cefb509cbf29b7,docs and tests,32,16,False,0.9285714285714286,1,0.5,2.0,1.0,0.0,0.0,16,0.0625,0.0,32,0,0,0,32,1
giftHEALTH__dbt_zendesk_source,2022-04-19T12:18:47,14b42045d195d127708adf497145ebf01043dc20,explicit jinja templating,32,16,False,0.9285714285714286,1,0.5,2.0,1.0,0.0,0.0,16,0.0625,0.0,32,0,0,0,32,1
giftHEALTH__dbt_zendesk_source,2022-06-27T09:17:33,4b5aff8945695e12e0ab11f1c0776dfbee603ec5,update .yml,34,17,False,0.9285714285714286,1,0.5,2.0,1.0,0.0,0.0,17,0.058824,0.0,34,0,0,0,34,1
giftHEALTH__dbt_zendesk_source,2022-12-29T09:19:34,2d1f4049ce9ac8ff5c5d2fe605866b2c57f0e5d9,update dbt_utils to v1.0.0,34,17,False,0.9285714285714286,1,0.5,2.0,1.0,0.0,0.0,17,0.058824,0.0,34,0,0,0,34,1
giftHEALTH__dbt_zendesk_source,2023-01-30T11:23:31,cdcf80a508b633df3eaefed4ecf989ebbc03db03,update with call leg table,36,18,False,0.9285714285714286,1,0.5,2.0,1.0,0.0,0.0,18,0.055556,0.0,36,0,0,0,36,1
giftHEALTH__dbt_zendesk_source,2023-03-27T14:27:54,64d9fb14e939ae6c0c9d2002a9d5591ab68f2508,update call metrics,36,18,False,0.9285714285714286,1,0.5,2.0,1.0,0.0,0.0,18,0.055556,0.0,36,0,0,0,36,1
giftHEALTH__dbt_zendesk_source,2025-03-03T11:09:21,7c4470e40b4330e5e3796462e5368a6dfcc289ff,add ticket custom field table (#4),38,19,False,0.9285714285714286,1,0.5,2.0,1.0,0.0,0.0,19,0.052632,0.0,38,0,0,0,38,1
gnosischain__dbt-cerebro,2024-09-25T11:34:52,f90c1ce6b53b525bd1e92df64a1b90ce9182aec7,Configs,18,7,False,0.7857142857142857,1,0.6574074074074074,0.9999999999999999,0.14285714285714285,0.20640693661403267,0.0,11,0.388889,0.5,0,0,0,18,18,1
gnosischain__dbt-cerebro,2024-10-23T11:18:02,cc504db50a843b9918f44c8e0943247a4edfb95f,add grafana dashboards,25,11,False,0.7857142857142857,1,0.6776470588235294,0.9999999999999999,0.14285714285714285,0.23440905113495594,0.0,14,0.28,0.44,0,0,0,25,25,1
gnosischain__dbt-cerebro,2024-11-02T13:39:56,02a41ce33327aaf33d30cb4e5a42af915cc789ce,models updated,11,5,False,0.7857142857142857,1,0.8363636363636363,1.0,0.25,0.12546387155400143,0.0,6,0.363636,0.363636,0,0,0,11,11,1
gnosischain__dbt-cerebro,2025-04-17T20:32:20,3182778241687bc6139500450c625aab879ff413,update: new models. fix incremental macro,21,17,False,0.7857142857142857,2,0.6666666666666666,0.14943000726744113,0.01860635724328274,0.5165811402794371,0.0,4,0.619048,0.047619,0,0,0,21,21,1
gnosischain__dbt-cerebro,2025-05-21T21:42:50,f2c01eaf78536025844c5c98aab6e870854c8452,add circles contracts,41,19,False,0.7857142857142857,2,0.7907573812580231,0.14943000726744216,0.01860635724328287,0.5165811402809873,0.0,22,0.317073,0.439024,0,0,0,41,41,1
gnosischain__dbt-cerebro,2025-06-06T12:08:20,8bca48b94197cc6b3cef92905da22f539d51ad61,new models. dbt docs,55,21,False,0.7857142857142857,2,0.8363636363636363,0.13648343079672726,0.016973079385213405,0.5236567337230141,0.0,34,0.254545,0.527273,0,0,0,55,55,1
gnosischain__dbt-cerebro,2025-08-22T17:39:15,58bea6699306cf8e8ad9bffed36cb82050d2fdc6,update models and decoding,132,109,False,0.8571428571428571,7,0.7624807395993837,0.02558928429550013,0.0027441485988241453,0.6773927266186098,0.08333333333333333,34,0.484848,0.159091,29,29,55,19,132,1
gnosischain__dbt-cerebro,2025-09-04T08:45:40,358247819ccb97522aca8f243d0e52d78cab4137,update esg model and ymls,178,145,False,0.6428571428571429,8,0.803475016155594,0.026739444255535944,0.002215348255746256,0.8232650774470398,0.10112359550561797,51,0.460674,0.202247,26,39,75,38,178,1
gnosischain__dbt-cerebro,2025-10-23T12:23:45,e5521fb7a01b1162c05bc01df08d13e502ed3b92,in to fct,231,201,False,0.7142857142857143,7,0.8117084868083536,0.0265032549753389,0.002195780056841314,0.8279979361700377,0.09090909090909091,51,0.359307,0.151515,29,45,119,38,231,1
gnosischain__dbt-cerebro,2025-11-21T11:06:27,e44b1fe4b9a4d5c11b2af2b8ced17825ddaf7e0f,add daily token value table,249,216,False,0.7857142857142857,8,0.8160621488578987,0.031053299167857033,0.002878620057114409,0.8061775590847877,0.08433734939759036,54,0.2249,0.144578,31,49,131,38,249,1
gnosischain__dbt-cerebro,2025-12-18T14:40:25,0371331238ab1a296dde0f9503838b8d7beb46ae,incremental fixed,259,228,False,0.7857142857142857,9,0.8076664665991812,0.020032393210187235,0.0018569892042983025,0.7951840679717068,0.08494208494208494,53,0.258687,0.135135,31,51,139,38,259,1
gnosischain__dbt-cerebro,2026-01-21T15:26:43,cfb95b12f4e2db093124e8da7638ece9ba35f8fd,enforce whitelist version windows,285,256,False,0.7857142857142857,9,0.8133023321355598,0.03441630783803967,0.0026277571968270574,0.7185998486823042,0.0912280701754386,55,0.284211,0.119298,35,55,151,44,285,1
gnosischain__dbt-cerebro,2026-02-13T15:09:13,5d56a12f4abc1405a883b664f95ee429939973b6,prepare modelss for unit toggle,338,324,False,0.7142857142857143,11,0.8424049606873633,0.02113678971900977,0.0014660024145031689,0.8989087976494993,0.11538461538461539,53,0.440828,0.100592,34,61,199,44,338,1
gnosischain__dbt-cerebro,2026-03-19T15:29:07,b30d166c6f15e4a88e80b3869bda18ae502771c9,LVR,417,428,False,0.9285714285714286,12,0.8699876855272539,0.017102821482704724,0.0007393630555834017,0.4339199076672089,0.15347721822541965,53,0.546763,0.081535,36,73,263,45,417,1
gnosischain__dbt-cerebro,2026-04-21T13:49:39,668539bb8f938a0a124e941aed7f911b34211313,add trades models,692,770,False,0.9285714285714286,14,0.8685836851658928,0.017132555829480183,0.0007403399811077811,0.8234778350785171,0.23699421965317918,86,0.680636,0.095376,57,139,399,97,692,1
gnosischain__dbt-cerebro,2026-05-21T14:47:43,eee63889313594ab16d3e070b0e229ee8ee6f7d5,move old vs new eure mapping into ubo directly,1032,1254,False,0.7142857142857143,18,0.8886548672512069,0.020748478451841766,0.000754695351681055,0.15904547861400323,0.3071705426356589,95,0.790698,0.069767,59,221,650,102,1032,1
gnosischain__dbt-cerebro,2026-06-19T02:30:08,267e04bf382d12af8dcbab5d503b399ac03f6c7f,fix: insert_overwrite,1076,1434,False,0.7857142857142857,18,0.9096162398630364,0.02267956759518237,0.0006291885853772598,0.6302994287923995,0.4163568773234201,90,0.80948,0.067844,59,241,673,103,1076,1
gnosischain__dbt-cerebro,2026-07-18T22:22:15,9fab7917baf6b71efa82415b5eeb49de041a2b8b,"agent-ready hardening: schema-v2 context accuracy, staged-strategy/api-naming/meta gates with ratchets, run_all two-tier",1247,1709,False,0.8571428571428571,21,0.9116137645542589,0.02306951523862191,0.0006226497714924875,0.595648932368175,0.4450681635926223,93,0.789094,0.059342,75,267,798,107,1247,1
gnosischain__dbt-cerebro,2026-07-31T15:57:09,67f914f41680ef3916b71ff1175b571408c0f300,add vars for tokens + lessons,1251,1718,False,0.8571428571428571,21,0.9116981692494175,0.023068768171336358,0.0006226232013324877,0.5938244814758205,0.44764188649080733,93,0.789768,0.059153,77,271,796,107,1251,1
godatadriven__dbt-bouncer,2024-07-25T10:03:31,17f839f6d5677fdc772deabcaf0bf25bf1c76c7e,Adding Jaffle Shop models to dbt project,6,5,False,0.7142857142857143,2,0.5666666666666667,0.8299135133739665,0.18519918063274526,0.25426695205981403,0.16666666666666666,2,0.833333,0.166667,3,1,2,0,6,1
godatadriven__dbt-bouncer,2024-08-26T11:39:46,c892df218600f81ba7d49dcfa0a9352672cd092f,Adding checks for unit tests,7,5,False,0.7142857142857143,2,0.6285714285714286,0.8299135133739665,0.18519918063274526,0.2542669515807429,0.14285714285714285,3,0.714286,0.285714,3,2,2,0,7,1
godatadriven__dbt-bouncer,2024-08-30T14:08:12,3bbdbc6d2b9cc33903a7c8280bab8de98c0c93e5,Adding check for semantic models,8,5,False,0.7142857142857143,2,0.675,0.8299135133739665,0.18519918063274526,0.25426695151012496,0.125,4,0.625,0.375,3,2,2,1,8,1
godatadriven__dbt-bouncer,2025-07-13T15:43:06,24de45d665301fdf01b639900f85c872fa8e74c9,Adding checks for grants,8,5,False,0.7142857142857143,2,0.675,0.8299135133739665,0.18519918063274526,0.25426695130548843,0.125,4,0.625,0.375,3,2,2,1,8,1
godatadriven__dbt-bouncer,2025-08-12T21:21:16,76a7afec9fa122d057ccb06433694fd1898df719,Adding versioned models,9,8,False,0.7142857142857143,2,0.6944444444444444,1.4384471871911697,0.25864128879227344,0.18128114822864072,0.3333333333333333,4,0.666667,0.333333,3,2,3,1,9,1
godatadriven__dbt-bouncer,2025-10-17T20:24:30,4d7549df5dc58731494353eea4e5509bc04d05a0,Adding incremental model to help with testing,10,8,False,0.7142857142857143,2,0.725,1.4384471871911697,0.25864128879227344,0.18128114822864094,0.3,5,0.6,0.4,3,3,3,1,10,1
godatadriven__dbt-bouncer,2025-11-05T23:38:14,c4912fc6f088e6a93750e73d5410008c1c55d92d,Allowing checks to be skipped via meta config,11,8,False,0.7142857142857143,2,0.75,1.4384471871911697,0.25864128879227344,0.18128114822864083,0.2727272727272727,6,0.545455,0.454545,3,4,3,1,11,1
godatadriven__dbt-bouncer,2025-11-30T14:08:13,c55081fbe7e1d988a8637f5d60f0d6bb5355495e,Allowing package name to be specified,12,8,False,0.7142857142857143,2,0.7708333333333334,1.4384471871911697,0.25864128879227344,0.1812811482286411,0.25,7,0.5,0.5,3,4,3,2,12,2
godatadriven__dbt-bouncer,2026-02-13T13:33:44,a837959935bd52d770bd42d0b064bc5b46015de5,feat: add rumdl markdown linting via pre-commit hook,12,8,False,0.7142857142857143,2,0.7708333333333334,1.4384471871911697,0.25864128879227344,0.18128114822864083,0.25,7,0.5,0.5,3,4,3,2,12,2
godatadriven__dbt-bouncer,2026-03-18T11:27:58,f5b6f07b08a2f29bc47bf3b25fdc82bbd60e8089,feat: update dbt_project fixtures and dynamic test counting,13,11,False,0.6428571428571429,2,0.7832167832167832,1.7381977547400296,0.26329630992595693,0.3924606933305675,0.38461538461538464,7,0.538462,0.461538,3,4,4,2,13,2
godatadriven__dbt-bouncer,2026-04-01T13:21:33,6e472b314f9e4a980f9d1b5eceebb67db58f5cf5,fix: restore external_location and formatter to config level in CRM sources,13,11,False,0.6428571428571429,2,0.7832167832167832,1.7381977547400296,0.26329630992595693,0.39246069331440275,0.38461538461538464,7,0.538462,0.461538,3,4,4,2,13,2
godatadriven__dbt-bouncer,2026-06-04T14:39:01,5b0f34b819bc6c54655ded765259257b2ebb2628,fix: restore internal_package materialized=table and relocate snapshot wrapper,14,11,False,0.6428571428571429,2,0.7987012987012987,1.7381977547400296,0.26329630992595693,0.39246069330579814,0.35714285714285715,8,0.5,0.5,4,4,4,2,14,2
godatadriven__dbt-bouncer,2026-07-14T15:53:43,b50601c29404c8be56f1f08f54259cf0f37f2565,fix: harmonise column descriptions so example run is warning-free (#968),14,11,False,0.6428571428571429,2,0.7987012987012987,1.7381977547400296,0.26329630992595693,0.39246069335385286,0.35714285714285715,8,0.5,0.5,4,4,4,2,14,2
godatadriven__dbt-bouncer,2026-07-20T13:22:39,522bafcd0fb94bc4924bab0b8965ed8425339147,fix: support config.meta.labels in check_source_has_labels_keys for dbt 2.0 (#980),14,11,False,0.6428571428571429,2,0.7987012987012987,1.7381977547400296,0.26329630992595693,0.3924606933965935,0.35714285714285715,8,0.5,0.5,4,4,4,2,14,2
google__fhir-dbt-analytics,2022-10-18T16:25:46,2e9d2d34898d954be6480e1af11538eba9109156,Initial commit,79,83,False,0.6428571428571429,20,0.9009009009009009,0.26794919243112325,0.005952349966761604,0.07947122152739226,0.08860759493670886,3,0.886076,0.012658,0,0,0,79,79,1
google__fhir-dbt-analytics,2022-12-16T08:20:28,73af566cadcbf5890db19d997ff51ec772cd9289,Use `ref` in fhir_resource_table_expression,79,105,False,0.7142857142857143,16,0.742879746835443,0.340489923127655,0.0075638017784304444,0.12574006843778435,0.3670886075949367,3,0.886076,0.012658,0,0,0,79,79,1
google__fhir-dbt-analytics,2023-01-13T09:27:19,7a3b7706f6c86b7d862856760aff96a1adc83f62,Add MedicationDispense to available fhir resources,148,206,False,0.7857142857142857,14,0.872999212805038,0.2860326418104172,0.0060752515206876,0.3063373645273725,0.43243243243243246,6,0.939189,0.027027,0,0,0,148,148,1
google__fhir-dbt-analytics,2023-02-13T06:41:09,4703b0cfa37c6620db1a84fdccc9c6f99338d43d,Update metric views,150,206,False,0.7857142857142857,14,0.8746925566343042,0.2860326418104172,0.0060752515206876,0.30633745218015246,0.4266666666666667,8,0.926667,0.04,0,0,0,150,150,1
google__fhir-dbt-analytics,2023-03-15T08:05:04,509f4d61e0a4fec62beec3920d3e38040e1eeb0a,Add 14 data completeness metrics,179,205,False,0.9285714285714286,13,0.8850797111323069,0.09308621194598422,0.0019773886770319063,0.8748949348938168,0.18994413407821228,8,0.921788,0.03352,0,0,0,179,179,1
google__fhir-dbt-analytics,2023-04-13T08:07:55,88f9fc8f8f22982eed7dd18a4dfc4f99ffd32e46,Spark: Replace SAFE_OFFSET by macro,193,219,False,0.9285714285714286,13,0.8932737123524263,0.08762685956779737,0.0018610434116853518,0.8719334230945356,0.18134715025906736,9,0.917098,0.036269,0,0,0,193,193,1
google__fhir-dbt-analytics,2023-05-06T03:26:56,a6af886d13c45eec733f583aa261f6686a327da9,Modify patient_missing_mrn and patient_testpatient for Spark,220,262,False,0.8571428571428571,13,0.9052394170714781,0.1366720283180401,0.0029004888781535526,0.963515045158626,0.2318181818181818,9,0.927273,0.031818,0,0,0,220,220,1
google__fhir-dbt-analytics,2023-05-24T15:46:57,6b762e03bd8ccd2b52038035fbf7130dcdcad5b2,Fix https://github.com/google/fhir-dbt-analytics/issues/2 by updating dbt_utils to 1.0.0,220,262,False,0.8571428571428571,13,0.9052394170714781,0.1366720283180401,0.0029004888781535526,0.9635149829273782,0.2318181818181818,9,0.927273,0.031818,0,0,0,220,220,1
google__fhir-dbt-analytics,2023-07-14T09:36:46,d315865d30925a268d90e2dd06796fbbc2cb53eb,Add get_column_or_default wrapper around serviceProvider field,220,262,False,0.8571428571428571,13,0.9052394170714781,0.1366720283180401,0.0029004888781535526,0.9635178389502341,0.2318181818181818,9,0.927273,0.031818,0,0,0,220,220,1
google__fhir-dbt-analytics,2023-08-04T08:59:07,e0d3c5a7e9f0fd9a87ab082a87b9e21cd01e9650,Add Apache License to all files,220,262,False,0.8571428571428571,13,0.9052394170714781,0.1366720283180401,0.0029004888781535526,0.9635149675952795,0.2318181818181818,9,0.927273,0.031818,0,0,0,220,220,1
google__fhir-dbt-analytics,2023-09-07T17:51:35,c2a08610a5d6c3759e1e5e6ade2b09290f2bb240,Corrects date column for Coverage view,222,265,False,0.7857142857142857,13,0.9053374128845827,0.1366539495694089,0.002782690728628674,0.9635967043263223,0.23423423423423423,9,0.927928,0.031532,0,0,0,222,222,1
google__fhir-dbt-analytics,2023-10-13T13:40:42,f432b12963bb336f412638aa4c92cda0f5bb64d6,Patient panel condition model fix,233,284,False,0.7142857142857143,14,0.8934594692619234,0.1360851044843243,0.0027708906505788753,0.9695110087823187,0.2575107296137339,9,0.93133,0.030043,0,0,0,233,233,1
google__fhir-dbt-analytics,2023-10-30T09:50:54,b7e604495c4aead55555a17fda87ae8d9f80f6cb,Various clean-ups and simplifications,213,238,False,0.6428571428571429,14,0.9305252485177103,0.09594699877610496,0.003600594939687931,0.6539833152680791,0.1596244131455399,9,0.924883,0.032864,0,0,0,213,213,1
google__fhir-dbt-analytics,2023-11-22T08:12:22,148a3d82d8891ef6daa8445bdd498c646e18bef0,Update fhir_dbt_analytics to read from fhir_dbt_utils package,187,28,False,0.7142857142857143,3,0.9247375717963954,0.23194834090005884,0.028365481032308296,0.4693113734929937,0.03208556149732621,165,0.080214,0.871658,0,0,0,187,187,1
google__fhir-dbt-analytics,2024-01-12T04:36:11,5959606f911af83157f77ee1774dfbb1bdd2ea85,"Turn ""print_why_metric_empty"" on by default because it's quite useful to see which metrics are ignored. Also mark two me",187,28,False,0.7142857142857143,3,0.9247375717963954,0.23194834090005884,0.028365481032308296,0.4693113719829953,0.03208556149732621,165,0.080214,0.871658,0,0,0,187,187,1
google__fhir-dbt-analytics,2024-12-10T09:17:49,80414cad9779ebe483f5feb4171fdc3b2464767b,Fix incorrect references in patient panel models,187,28,False,0.7142857142857143,3,0.9247375717963954,0.23194834090005884,0.028365481032308296,0.4693113733516352,0.03208556149732621,165,0.080214,0.871658,0,0,0,187,187,1
gseda19__grasya-snowflake,2024-05-15T23:59:47,3aa21c87e258b6a5026bcdbd8832564e162be5f7,select 6 as id,3,1,True,,,,,,,,2,0.666667,0.333333,0,0,0,3,3,1
gseda19__grasya-snowflake,2024-06-21T00:35:10,39d4873d56e8fc19c5e078cb287f3dd3c0555b05,3 as new_number,4,2,True,,,,,,,,2,0.75,0.25,0,0,0,4,4,1
gseda19__grasya-snowflake,2024-07-22T00:11:32,5f8f9f95db6265abd10215497abf6443cfa98cc5,try,4,2,True,,,,,,,,2,0.75,0.25,0,0,0,4,4,1
gseda19__grasya-snowflake,2024-08-19T23:22:26,0bda758836f33022829dd925f3c94bf31c312124,added test fail,7,2,False,0.8571428571428571,1,0.8571428571428571,1.0,0.3333333333333333,0.0,0.0,5,0.428571,0.571429,0,0,0,7,7,1
gseda19__grasya-snowflake,2024-09-03T01:56:28,aecc8e45a5ae554e87795838abbeb98adfa422ce,added tests,7,2,False,0.8571428571428571,1,0.8571428571428571,1.0,0.3333333333333333,0.0,0.0,5,0.428571,0.571429,0,0,0,7,7,1
gseda19__grasya-snowflake,2024-10-17T06:40:12,c1cd8631b38398c058c0d5665f5069b3fca98f6d,commit,6,1,False,0.9285714285714286,1,0.8333333333333334,2.0,1.0,0.0,0.0,5,0.333333,0.666667,0,0,0,6,6,1
gseda19__grasya-snowflake,2024-11-11T02:21:15,88a6cf6375266b027a1bc0e9068d20488568dc81,select 4 as id,8,3,False,0.7857142857142857,1,0.875,1.0,0.25,0.08286328288567388,0.0,5,0.5,0.5,0,0,0,8,8,1
gseda19__grasya-snowflake,2024-12-11T02:37:42,d8bcfb8e64f3496f2f56dd637b4fdc4f73d775ef,added linting_test,9,4,False,0.7857142857142857,1,0.8888888888888888,1.0,0.2,0.1717527922264653,0.0,5,0.555556,0.444444,0,0,0,9,9,1
gseda19__grasya-snowflake,2025-02-11T03:26:13,2b0b77a7822b60b66d7b50710d40455b17270be7,sfs,10,0,False,,,0.0,0.0,0.0,0.0,0.0,10,0.1,1.0,0,0,0,10,10,1
gseda19__grasya-snowflake,2025-02-27T08:29:07,af50ecb8d3fecdffb1db893b43a11e8af56b1b18,seed,10,0,False,,,0.0,0.0,0.0,0.0,0.0,10,0.1,1.0,0,0,0,10,10,1
gseda19__grasya-snowflake,2025-04-15T01:27:16,de1b6971e062f695c53189aaee1c3198c28b2ca6,cbc,12,3,False,0.8571428571428571,2,0.875,0.585786437626905,0.17157287525380993,0.08333333333333222,0.0,9,0.333333,0.666667,0,0,0,12,12,1
gseda19__grasya-snowflake,2025-06-05T06:57:51,72752525345af826e5c68290633b9d80401ae7be,sq483,11,3,False,0.8571428571428571,2,0.8636363636363636,0.585786437626905,0.17157287525380993,0.08333333333344649,0.0,8,0.363636,0.636364,0,0,0,11,11,1
gseda19__grasya-snowflake,2025-09-17T01:36:29,efd2b8d7acbcb3c343de054e42bf710e4d2c0ebb,dfds,13,4,False,0.7857142857142857,2,0.8923076923076924,0.5188056959079841,0.1244112556350704,0.19142259864980765,0.0,9,0.384615,0.615385,0,0,0,13,13,1
gseda19__grasya-snowflake,2025-10-29T03:00:18,1774471dd19f091b93e0292240a9359c299de440,dfsfd,3,0,True,,,,,,,,3,0.333333,1.0,0,0,1,2,3,1
gseda19__grasya-snowflake,2025-11-20T00:38:41,2d3405de7429bb3c5cc80b11dc52247e754937bb,dfsdf,4,0,True,,,,,,,,4,0.25,1.0,0,0,1,3,4,1
gseda19__grasya-snowflake,2026-01-07T01:30:34,0b55854ddac05297d75c855b549021221cd13b4e,hf,4,2,True,,,,,,,,2,0.75,0.25,0,0,0,4,4,1
gseda19__grasya-snowflake,2026-02-04T00:03:56,c6c072538330f7f5b7cf7451a465654de0e86fb4,dfsfd,6,3,False,0.8571428571428571,1,0.5,1.0,0.3333333333333333,0.0,0.0,3,0.5,0.166667,0,0,0,6,6,1
gseda19__grasya-snowflake,2026-03-13T01:20:19,da8d64506529cf9b3f5556cbadcf9d105a3d847d,faf,2,0,True,,,,,,,,2,0.5,1.0,0,0,0,2,2,1
gseda19__grasya-snowflake,2026-04-13T00:13:25,5a1e43b5379bed58914b7e769f56b74dd2064f83,defer testing,3,1,True,,,,,,,,2,0.666667,0.333333,0,0,0,3,3,1
gseda19__grasya-snowflake,2026-04-21T03:14:01,33295619ea5ce5750ae736123de7c250b9988f4f,dgg,3,1,True,,,,,,,,2,0.666667,0.333333,0,0,0,3,3,1
gseda19__grasya-snowflake,2026-07-09T02:20:12,ec5030b8437dd0e95e528d9aa71c84c0bddea380,sds,2,0,True,,,,,,,,2,0.5,1.0,0,0,0,2,2,1
gseda19__grasya-snowflake,2026-07-30T00:49:02,d2bcecd1b314020c3014efe20d45e6adbf205359,ffdf,2,0,True,,,,,,,,2,0.5,1.0,0,0,0,2,2,1
intelmercbernoulli__dbt,2024-11-14T18:27:33,5a59ea4c784013483c3a2cdff976e022510692ba,Descrição das alterações,5,1,False,0.9285714285714286,1,0.8,2.0,1.0,0.0,0.0,4,0.4,0.6,0,0,0,5,7,2
intelmercbernoulli__dbt,2025-03-14T12:11:24,c9b3b36fc8bed96b7c3764453214785a0aa88fd3,Atualização do projeto,28,24,False,0.7142857142857143,6,0.8322510822510822,0.28743787818385647,0.020463592550907322,0.5892697213556032,0.07142857142857142,6,0.785714,0.142857,0,0,0,28,28,2
intelmercbernoulli__dbt,2025-06-09T23:02:16,1097b59567270c485cf8a2f655e0bb4d127e7623,Atualização,33,20,False,0.6428571428571429,4,0.8681818181818182,0.2852743776706361,0.023673705113492843,0.5932178069715467,0.09090909090909091,16,0.515152,0.424242,0,0,0,33,33,2
intelmercbernoulli__dbt,2025-07-10T17:42:35,f6aeac7fd46e0d25f12c41f31fa03e6a4408e116,Atualização,43,27,False,0.7142857142857143,5,0.8780831571529246,0.24648877499101854,0.017554675628888787,0.5943155343886285,0.06976744186046512,19,0.488372,0.372093,0,0,0,43,43,2
intelmercbernoulli__dbt,2025-08-07T15:20:55,0a8cb293bdc8b34c48e90ba0437038986909e0e3,Atualização,45,28,False,0.6428571428571429,5,0.8856682769726248,0.24633401996074464,0.016383917567804294,0.6068151452803487,0.06666666666666667,20,0.488889,0.377778,0,0,0,45,45,2
intelmercbernoulli__dbt,2025-09-10T13:36:00,f97a1e4749b154733844e7e97bf918ce81aad3ba,Atualização,49,30,False,0.6428571428571429,5,0.8985034013605442,0.24603393361292794,0.014450161485963122,0.6307477207239096,0.061224489795918366,22,0.489796,0.387755,0,0,0,49,49,2
intelmercbernoulli__dbt,2025-10-02T17:56:49,54b0fccac1a31868d47489d7379c7de2b69140d8,Atualização,50,30,False,0.6428571428571429,5,0.9005333333333333,0.24603393361292794,0.014450161485963122,0.6307479149675199,0.06,23,0.48,0.4,0,0,0,50,50,2
intelmercbernoulli__dbt,2025-10-30T17:55:32,a89caf42486b795734e7fde69cf8fda8160d7648,Atualização,54,35,False,0.7857142857142857,5,0.9000698812019566,0.19657013818535668,0.011533177542537376,0.5841292581009685,0.07407407407407407,23,0.518519,0.37037,0,0,0,54,54,2
intelmercbernoulli__dbt,2025-11-26T10:08:16,dc5062d3170be59e4ce9c17441b22580b62fdd21,Atualização,61,38,False,0.7142857142857143,5,0.9083723653395784,0.127230507823499,0.00705336875838849,0.8078793263461566,0.06557377049180328,27,0.508197,0.393443,0,0,0,61,61,2
intelmercbernoulli__dbt,2026-01-30T14:36:23,f1b674cb40d5af23fa7c52ee9034851ff90ba322,Atualização da tabela do ranking do inep.,75,56,False,0.8571428571428571,6,0.8886436781609195,0.04263859868138666,0.0023637734394388256,0.7198311825738999,0.13333333333333333,29,0.6,0.346667,0,0,0,75,75,2
intelmercbernoulli__dbt,2026-02-23T17:12:01,e1e24d397961faeed0879ed76a7e6791d1f63151,Atualização,78,60,False,0.7857142857142857,7,0.8944145026947574,0.04096506442341358,0.002044678153220859,0.7450673905264855,0.1282051282051282,28,0.615385,0.307692,0,0,0,78,78,2
intelmercbernoulli__dbt,2026-03-25T14:37:01,43d62135b5ed7df48ec96314a59f36e855120291,Alteração da tabela slv_pedidos_base adicionando a nova coluna de expedição.,87,64,False,0.7857142857142857,7,0.8944231587909749,0.04096506442341358,0.002044678153220859,0.7450673506987643,0.11494252873563218,33,0.551724,0.321839,0,0,0,87,89,4
janaonline__dbt_cityfinance,2024-11-07T14:57:01,80d264ac98ad5ac9bee7f4214bb65d61cc8db99d,current deploy,9,7,False,0.6428571428571429,3,0.7160493827160493,0.32171964995780833,0.06950613264533427,0.25872534364739763,0.0,2,0.777778,0.0,3,0,6,0,9,1
janaonline__dbt_cityfinance,2024-11-28T23:37:18,94d5edd1dde7a97e4b8c2542d55e11af5b12d057,added code,9,7,False,0.6428571428571429,3,0.7160493827160493,0.32171964995780833,0.06950613264533427,0.2587253359144357,0.0,2,0.777778,0.0,3,0,6,0,9,1
janaonline__dbt_cityfinance,2024-12-16T19:08:08,170cab5e1c37c2d35db2a483b5fac1aaf21c171e,fixed few issues,10,9,False,0.6428571428571429,3,0.6636363636363637,0.13975110712669964,0.029748505176258093,0.375118206902913,0.0,1,1.0,0.0,4,0,6,0,10,1
janaonline__dbt_cityfinance,2025-07-18T09:11:15,929c702607b996c679e585479e2dfd61a8786421,Refactor annual_accounts CTE for null safety and add CTE documentation,17,13,False,0.6428571428571429,3,0.6228373702422145,0.13975110712669964,0.029748505176258093,0.3751182092143114,0.0,4,0.588235,0.117647,4,0,13,0,17,1
janaonline__dbt_cityfinance,2025-09-22T17:06:25,5fd3ee6d1273d5555bde208dbe6da07ec6161d93,Enhance README and SQL models: Improve local setup instructions and update state GSDP logic for accurate year matching,17,13,False,0.6428571428571429,3,0.6228373702422145,0.13975110712669964,0.029748505176258093,0.37511824772748087,0.0,4,0.588235,0.117647,4,0,13,0,17,1
janaonline__dbt_cityfinance,2025-11-04T14:53:52,097eb41958f9d0361f0b28034a12e3458fa3a057,Refactor property tax value parsing: Update regex for numeric validation to handle negative numbers and leading decimals,17,13,False,0.6428571428571429,3,0.6228373702422145,0.13975110712669964,0.029748505176258093,0.375118213514971,0.0,4,0.588235,0.117647,4,0,13,0,17,1
janaonline__dbt_cityfinance,2025-11-06T19:59:14,6510cfae54e28d23bf9f6d3179aae20c816d4209,Add macros for design year manipulation and safe numeric casting; refactor SQL models for consistency in state name usag,17,13,False,0.6428571428571429,3,0.6228373702422145,0.13975110712669964,0.029748505176258093,0.3751182107147425,0.0,4,0.588235,0.117647,4,0,13,0,17,1
janaonline__dbt_cityfinance,2026-02-27T13:04:58,fe05ced3de352cf4d7626ac1d2b81ca54094ef7a,Refactor lineitemlegends transformation: Inline SQL logic and remove staging view dependency,21,14,False,0.6428571428571429,3,0.6613756613756614,0.13975110712669872,0.02974850517625791,0.37511820610808294,0.0,7,0.47619,0.190476,4,0,17,0,21,1
janaonline__dbt_cityfinance,2026-04-30T13:26:35,f875399988d3706eecb5ccc80aa982b63f359580,- Set schema for afs_digitisation - Rename file names,27,19,False,0.6428571428571429,3,0.6375661375661376,0.13975110712669872,0.02974850517625791,0.37511821255172884,0.0,8,0.37037,0.148148,4,0,23,0,27,1
janaonline__dbt_cityfinance,2026-05-26T14:17:48,9bd8234788366a2f07e0f3c993f608ff296f0f96,fix(cf_ap_api_revenue_breakdown): include expanded OSR classifications and keep classified rows,32,21,False,0.6428571428571429,3,0.6895833333333333,0.13975110712669872,0.02974850517625791,0.37511825024924433,0.0,11,0.3125,0.21875,4,0,28,0,32,1
janaonline__dbt_cityfinance,2026-07-02T17:44:06,357ac29ebc151c49849291168d261ba28b7f29df,feat(afs_financial_diagnosis): enhance property tax calculations and adjust revenue metrics for improved accuracy,32,21,False,0.6428571428571429,3,0.6895833333333333,0.13975110712669872,0.02974850517625791,0.3751182035017272,0.0,11,0.3125,0.21875,4,0,28,0,32,1
janaonline__dbt_cityfinance,2026-07-27T18:27:30,876ca235667a1fbe0dd1c839e888acfc49d6f27d,feat(cf_municipal_finance): change lineitemslegends to MATERIALIZED for improved performance,37,24,False,0.6428571428571429,3,0.7092547092547092,0.13975110712669872,0.02974850517625791,0.3751182503710061,0.0,13,0.27027,0.216216,4,0,33,0,37,1
jyablonski__nba_elt_dbt,2021-10-21T22:18:57,b8ef87de5b0023f0e5e3995b050bc8c5c4a39fa3,more prod tables,33,34,False,0.8571428571428571,5,0.7588383838383839,0.09783627208458635,0.008047044085521803,0.7901457107720243,0.15151515151515152,4,0.818182,0.030303,10,0,15,8,33,1
jyablonski__nba_elt_dbt,2021-11-20T20:14:08,f777e357da1fd8f4bd1fcaf215b942bd002de6c9,adding more schema testing,47,54,False,0.6428571428571429,6,0.7935123822811301,0.1543486267561496,0.010188663430392616,0.8108238900141709,0.2765957446808511,6,0.808511,0.042553,13,0,23,11,47,1
jyablonski__nba_elt_dbt,2021-12-19T18:13:32,12fd7f2a7b36852196e5adb58e431ec0d772a5db,fixing duplicate pbp rows,52,62,False,0.8571428571428571,6,0.7955316742081447,0.15466547211484086,0.008545295363224162,0.8362642295952273,0.3076923076923077,6,0.826923,0.038462,13,0,23,16,52,1
jyablonski__nba_elt_dbt,2022-01-18T21:22:12,079ab769e5feaad9f6867a4263c16a8c5e79e3e3,fkn pemdas ass shit,61,71,False,0.7142857142857143,8,0.788171006107361,0.15599850046152228,0.00816794511861989,0.8755935956357562,0.29508196721311475,8,0.737705,0.032787,16,0,24,21,61,1
jyablonski__nba_elt_dbt,2022-02-13T16:05:29,96e958dbd4a5bc3c17e636b837ad59b839a27c63,adding inactive dates for allstar break,67,80,False,0.7142857142857143,6,0.7771370420624152,0.15586288157499856,0.007755840744023708,0.8804359783002734,0.29850746268656714,7,0.716418,0.029851,16,0,26,25,67,1
jyablonski__nba_elt_dbt,2022-03-18T22:02:51,45b4786d26a6a4173cee665a37ca787a7efa2671,adding testing + documentation,77,111,False,0.7142857142857143,8,0.7696048632218845,0.10886165228394053,0.00451315239066744,0.7559305311933247,0.4675324675324675,2,0.987013,0.012987,17,0,28,32,77,1
jyablonski__nba_elt_dbt,2022-04-17T15:06:14,3f114657913be54ee2d88b912aa56aa6614612af,fix standings ranks,79,114,False,0.7142857142857143,9,0.7781208191828753,0.1090400290591341,0.004519740318434659,0.7636738817672923,0.46835443037974683,2,0.987342,0.012658,17,0,28,34,79,1
jyablonski__nba_elt_dbt,2022-05-12T14:04:03,67b7e0138c361167988cf9c110c6dee055dd8642,fix social media pct test oops,80,115,False,0.7857142857142857,9,0.779891304347826,0.10873904701298434,0.00450726378120176,0.7663531923877862,0.4625,2,0.9875,0.0125,17,0,28,35,80,1
jyablonski__nba_elt_dbt,2022-06-18T22:28:30,08cecd61b0a43247c0126d0663a75a3fe2069b95,add ml betting matrix,82,121,False,0.7142857142857143,7,0.7910991447576814,0.0949908696608411,0.006405583244003539,0.7872639278841472,0.4878048780487805,1,1.0,0.0,16,0,27,39,82,1
jyablonski__nba_elt_dbt,2022-07-17T15:28:44,1f91499d07491af838e4f6117f174264f526d626,limit reddit + twitter,89,130,False,0.6428571428571429,7,0.8032898358320112,0.13599392075690978,0.009073502310748941,0.7309153628625099,0.47191011235955055,1,1.0,0.0,16,0,28,45,89,1
jyablonski__nba_elt_dbt,2022-08-15T18:33:21,7c62f5dbb28137d887971db871e99e4a7a99d352,fix dates,89,130,False,0.6428571428571429,7,0.8032898358320112,0.13599392075690978,0.009073502310748941,0.7309153693247703,0.47191011235955055,1,1.0,0.0,16,0,28,45,89,1
jyablonski__nba_elt_dbt,2022-08-21T20:56:15,0b0d2f72568cd12aef6b5f7cf6f3668449d88267,filter for only reg season on past schedule analysis,89,130,False,0.6428571428571429,7,0.8032898358320112,0.13599392075690978,0.009073502310748941,0.730915372872114,0.47191011235955055,1,1.0,0.0,16,0,28,45,89,1
jyablonski__nba_elt_dbt,2022-10-01T16:05:46,88406443116832aaaf3184789815b45ca66b7d55,add moneyline + logo to schedule (#146),89,130,False,0.6428571428571429,7,0.8032898358320112,0.13599392075690978,0.009073502310748941,0.7309155311439142,0.47191011235955055,1,1.0,0.0,16,0,28,45,89,1
jyablonski__nba_elt_dbt,2022-10-30T12:11:33,10e915634ec1980573746fc6dc96bb2ce691a4a7,Fix standings (#152),89,130,False,0.6428571428571429,7,0.8032898358320112,0.13599392075690978,0.009073502310748941,0.7309155294222874,0.47191011235955055,1,1.0,0.0,16,0,28,45,89,1
jyablonski__nba_elt_dbt,2023-02-09T17:37:59,8eda9c02da2e5805ad1deca046ebfe24470405f6,Add pbp query fix (#156),91,135,False,0.7142857142857143,8,0.8068986568986569,0.13610875615430743,0.00891321108008344,0.7389873129730877,0.4945054945054945,1,1.0,0.0,16,0,29,46,91,1
jyablonski__nba_elt_dbt,2023-03-12T14:38:25,ed3c3f0b17aef729b725b83e36178489fab97d46,Remove this gahbage (#159),91,135,False,0.7142857142857143,8,0.8068986568986569,0.13610875615430743,0.00891321108008344,0.7389871599838451,0.4945054945054945,1,1.0,0.0,16,0,29,46,91,1
jyablonski__nba_elt_dbt,2023-04-05T17:09:19,e29eba05276cfcb0e25be2ef6b2e3ed987783570,add odds table (#162),92,137,False,0.5714285714285714,8,0.8078541374474053,0.13591516648529742,0.008899819039366992,0.7366593502697816,0.5,1,1.0,0.0,16,0,30,46,92,1
jyablonski__nba_elt_dbt,2023-05-03T19:34:52,e58c138e813dc957c10d3954efc0d08cc850ac20,add incremental updates (#168),94,138,False,0.5,9,0.8119616679025726,0.13506648294991885,0.008525880767264857,0.746554828570287,0.4787234042553192,1,1.0,0.0,16,0,31,47,94,1
jyablonski__nba_elt_dbt,2023-06-12T18:15:35,c53d858933bc6c026e8f503e64428e73a3ce07c6,dbt Prod Release v2.1.3 (#173),96,139,False,0.5,9,0.8159361471861472,0.13448723730558165,0.008489242554167265,0.7505527728648069,0.46875,2,0.989583,0.010417,16,0,33,47,96,1
jyablonski__nba_elt_dbt,2023-07-01T15:54:26,93451b0571cabcf3203345993609d6b906e79a69,dbt Prod Release v2.1.5 (#175),96,139,False,0.5,9,0.8159361471861472,0.13448723730558165,0.008489242554167265,0.7505527665070502,0.46875,2,0.989583,0.010417,16,0,33,47,96,1
jyablonski__nba_elt_dbt,2023-07-30T10:13:30,e177379c8e2762912e77e489956b0b007d990ee5,dbt Prod Release v2.1.6 (#176),97,140,False,0.5,8,0.8182789380909139,0.1341942187779438,0.008081336753592992,0.7543539042959635,0.4639175257731959,2,0.989691,0.010309,16,0,33,48,97,1
jyablonski__nba_elt_dbt,2023-08-29T16:50:35,38aacfad5f53a62f61c9f62a56466c3d3dc13ab6,dbt Prod Release v2.2.0 (#178),97,140,False,0.5,8,0.8182789380909139,0.1341942187779438,0.008081336753592992,0.7543536697822202,0.4639175257731959,2,0.989691,0.010309,16,0,33,48,97,1
jyablonski__nba_elt_dbt,2023-11-04T14:59:06,a6516938792242ad6fab62bb39dafabf65474a9e,dbt Prod Release v2.5.0 (#185),98,140,False,0.5,9,0.8197798203250766,0.1254876483280519,0.0075623674455164835,0.768833280095938,0.4489795918367347,2,0.989796,0.010204,16,0,33,49,98,1
jyablonski__nba_elt_dbt,2023-11-29T18:06:36,21956cfd4d2690322d48771295c512e73b4c615f,dbt Prod Release v2.5.1 (#186),98,140,False,0.5,9,0.8197798203250766,0.1254876483280519,0.0075623674455164835,0.7688332923163387,0.4489795918367347,2,0.989796,0.010204,16,0,33,49,98,1
jyablonski__nba_elt_dbt,2024-01-05T18:42:55,8c60162c8fac6eb1754943b909e5d4053f9d6c69,dbt Prod Release v2.5.4 (#189),100,142,False,0.6428571428571429,9,0.8226442307692308,0.12344820339158322,0.007439461006805474,0.7592849235141975,0.44,2,0.99,0.01,16,0,35,49,100,1
jyablonski__nba_elt_dbt,2024-01-20T16:39:12,454d9d5f4b3eba2e1a2c656d250b81928221e0aa,dbt Prod Release v2.5.5 (#190),100,142,False,0.6428571428571429,9,0.8226442307692308,0.12344820339158322,0.007439461006805474,0.7592848304172639,0.44,2,0.99,0.01,16,0,35,49,100,1
jyablonski__nba_elt_dbt,2024-03-02T12:17:46,c64e42f2a2640cbb01fb37aaa38556025cdc12ce,dbt Prod Release v2.5.6 (#191),100,142,False,0.6428571428571429,9,0.8226442307692308,0.12344820339158322,0.007439461006805474,0.759284819280632,0.44,2,0.99,0.01,16,0,35,49,100,1
jyablonski__nba_elt_dbt,2024-03-22T20:28:24,66f77b17ec10a5a32dadf2e2204889a4a0e7c338,dbt Prod Release v2.5.7 (#192),100,142,False,0.6428571428571429,9,0.8226442307692308,0.12344820339158322,0.007439461006805474,0.7592847392931019,0.44,2,0.99,0.01,16,0,35,49,100,1
jyablonski__nba_elt_dbt,2024-05-07T12:10:42,6a69d5c56e9a43f1aecc88b9f621088a4975994f,dbt v3.0.6 (#199),98,151,False,0.6428571428571429,8,0.820054945054945,0.14481216321799276,0.005987407814774976,0.7285207089789496,0.5714285714285714,3,0.979592,0.020408,0,0,36,62,98,1
jyablonski__nba_elt_dbt,2024-05-31T20:42:21,98225cee2798243afd97b495e079fd09b13250bc,dbt v3.0.7 (#200),98,150,False,0.5714285714285714,9,0.8196459306614212,0.14507618492596142,0.006250725816463665,0.7258786936600766,0.5714285714285714,4,0.969388,0.030612,0,0,36,62,98,1
jyablonski__nba_elt_dbt,2024-07-11T17:52:02,b0f37572b2121e27152dc3b190471abd2b9decde,dbt v3.1.0 (#202),98,150,False,0.5714285714285714,9,0.8196459306614212,0.14507618492596142,0.006250725816463665,0.7258780883249227,0.5714285714285714,4,0.969388,0.030612,0,0,36,62,98,1
jyablonski__nba_elt_dbt,2024-08-07T18:33:19,9e49eed552b09f9ee3c989aa85cc7fd3b96d97d8,dbt v3.0.1 (#203),98,150,False,0.5714285714285714,9,0.8196459306614212,0.14507618492596142,0.006250725816463665,0.7258786480620778,0.5714285714285714,4,0.969388,0.030612,0,0,36,62,98,1
jyablonski__nba_elt_dbt,2024-10-26T17:09:31,27832bec7a4b52335c01f818b26440fe7159539a,dbt v3.1.4 (#207),98,150,False,0.5714285714285714,9,0.8196459306614212,0.14507618492596142,0.006250725816463665,0.7258786185902111,0.5714285714285714,4,0.969388,0.030612,0,0,36,62,98,1
jyablonski__nba_elt_dbt,2025-01-20T10:59:03,f5670324f228bdd21025c4854b3d102939d0c295,dbt v3.2.0 (#210),100,153,False,0.5,9,0.823175355450237,0.14550236899486335,0.0062668791632184626,0.7291770714460821,0.58,5,0.96,0.04,0,0,39,61,100,1
jyablonski__nba_elt_dbt,2025-03-31T17:21:15,71995903d801891d145a693b5c695ca543f7c1a3,dbt v3.2.2 (#212),104,159,False,0.5,8,0.8261327713382508,0.14314962203982412,0.006163928245289108,0.7249234232955191,0.5769230769230769,5,0.961538,0.038462,0,0,40,64,104,1
jyablonski__nba_elt_dbt,2025-04-15T18:28:12,8e356b56692857ea28615e26c5e929d9654e9be9,dbt v3.2.5 (#215),104,159,False,0.5,8,0.8261327713382508,0.14314962203982412,0.006163928245289108,0.7249234173288357,0.5769230769230769,5,0.961538,0.038462,0,0,40,64,104,1
jyablonski__nba_elt_dbt,2025-06-16T16:38:56,db84701086b36d63ddf66f983ab6702f9723ddbc,dbt v3.2.8 (#218),105,160,False,0.6428571428571429,8,0.828377065111759,0.1427670152137247,0.0061461802689198085,0.7273766063053306,0.5714285714285714,5,0.961905,0.038095,0,0,41,64,105,1
jyablonski__nba_elt_dbt,2025-07-24T13:02:06,631bb88928d28f2c8cd3f345beb854f4081eaf90,dbt v3.2.9 (#219),105,160,False,0.6428571428571429,8,0.828377065111759,0.1427670152137247,0.0061461802689198085,0.7273773545598305,0.5714285714285714,5,0.961905,0.038095,0,0,41,64,105,1
jyablonski__nba_elt_dbt,2025-08-04T17:34:12,7ba7c2b874f185d300213a5ece2e28af7be23a3c,dbt v3.2.11 (#221),105,160,False,0.6428571428571429,8,0.828377065111759,0.1427670152137247,0.0061461802689198085,0.7273764766656416,0.5714285714285714,5,0.961905,0.038095,0,0,41,64,105,1
jyablonski__nba_elt_dbt,2025-09-18T14:28:35,9e8fb89ac883ad5f6866d0333e8f65c8e7019555,dbt v3.2.13 (#223),107,162,False,0.6428571428571429,8,0.8293340069041003,0.13360140913390423,0.005751580023981749,0.7676556750496171,0.5607476635514018,5,0.962617,0.037383,0,0,42,65,107,1
jyablonski__nba_elt_dbt,2025-10-30T12:43:24,da74176e3d278fce2e9b2fd580b416ec1019ee5f,dbt v3.2.18 (#228),106,168,False,0.5714285714285714,8,0.8280474878100488,0.1359093401711777,0.005792249114698388,0.8020744734671745,0.6226415094339622,4,0.971698,0.028302,0,0,42,64,106,1
jyablonski__nba_elt_dbt,2025-11-28T13:37:41,5a82de4a63f0abf9a1a774d1448d502f8dc18025,update ml features (#232),113,185,False,0.7142857142857143,9,0.8273686944583588,0.1348714178157208,0.00556657310360407,0.8057954589635216,0.6637168141592921,3,0.982301,0.017699,0,41,3,69,113,1
jyablonski__nba_elt_dbt,2025-12-31T08:36:57,ffa0529e682076f306e85ac784187d33d8073c6a,qol improvements (#233),113,185,False,0.7142857142857143,9,0.8273686944583588,0.1348714178157208,0.00556657310360407,0.8057955014929833,0.6637168141592921,3,0.982301,0.017699,0,41,3,69,113,1
jyablonski__nba_elt_dbt,2026-02-11T15:34:25,2c2a6b73e80242425d155ead30de810b82384542,chore(scratch): disable unused analytics views (#235),113,185,False,0.7142857142857143,9,0.8273686944583588,0.1348714178157208,0.00556657310360407,0.8057957349926541,0.6637168141592921,3,0.982301,0.017699,0,41,3,69,113,1
jyablonski__nba_elt_dbt,2026-04-09T18:10:54,911c7591429710efb1618301d00b590541b36cc3,fix(odds): extend `fact_game_odds` moneyline test limits (#236),113,185,False,0.7142857142857143,9,0.8273686944583588,0.1348714178157208,0.00556657310360407,0.8057954682766613,0.6637168141592921,3,0.982301,0.017699,0,41,3,69,113,1
jyablonski__nba_elt_dbt,2026-05-26T16:49:21,a3cfb1e2c7a5096219d246d36f447e89618b1539,feat(quality): add pipeline health model (#242),115,213,False,0.42857142857142855,9,0.7623721227621484,0.18079747740460556,0.006220160399102197,0.8355631672837828,0.8869565217391304,4,0.973913,0.026087,0,41,3,71,115,1
jyablonski__nba_elt_dbt,2026-06-13T14:37:20,43098798bc6c2832bb87fcb937e8d26c9e11cfa1,feat: add new player value and payroll summary marts (#245),121,219,False,0.5,7,0.7687674939973204,0.09057654020074214,0.003012880704794947,0.9334733017616581,0.8512396694214877,5,0.942149,0.016529,0,47,3,71,121,1
jyablonski__nba_elt_dbt,2026-07-25T06:35:46,0ccfaed4d647640aec095ab06ec2160a03e77468,feat: add team games semantic model (#246),122,219,False,0.5,7,0.7706628424071784,0.09057654020074214,0.003012880704794947,0.9334733154088051,0.8442622950819673,6,0.934426,0.02459,0,47,3,72,122,1
lightdash__lightdash,2023-10-12T13:14:11,87ed0e6942bd2a745e543f44c9cae359c8fe14bf,fix: fix default tooltip format (#7426),8,7,False,0.5714285714285714,3,0.6607142857142857,0.38196601125010465,0.07858079972595171,0.348853386364202,0.125,2,0.875,0.125,3,0,0,5,8,3
lightdash__lightdash,2023-11-13T16:28:47,cecb734bef26183c4909f8557006ae61ee5c4181,chore: add large explore to dev (#7936),10,7,False,0.5714285714285714,3,0.7285714285714285,0.38196601125010465,0.07858079972595171,0.3488533939975666,0.1,4,0.7,0.3,3,0,0,7,10,3
lightdash__lightdash,2023-12-21T16:24:49,5380438c120b5260f1fb5d25a44d94ea8272bb4b,fix: equal metric filter + e2e test (#8380),12,7,False,0.5714285714285714,3,0.7738095238095238,0.38196601125010465,0.07858079972595171,0.34885339495386947,0.08333333333333333,6,0.583333,0.416667,3,0,0,9,12,3
lightdash__lightdash,2024-01-22T16:10:08,9d7e67ecfe47b71e387681db0490317edf7e6ab3,feat: restrict access to models with required attributes (#8567),12,7,False,0.5714285714285714,3,0.7738095238095238,0.38196601125010465,0.07858079972595171,0.348853395487459,0.08333333333333333,6,0.583333,0.416667,3,0,0,9,12,3
lightdash__lightdash,2024-02-21T10:23:30,9e5dfb96acbc334938b508047a8a731fe2f88802,chore: revert customers table alias (#9016),12,7,False,0.5714285714285714,3,0.7738095238095238,0.38196601125010465,0.07858079972595171,0.3488533990692136,0.08333333333333333,6,0.583333,0.416667,3,0,0,9,12,3
lightdash__lightdash,2024-03-21T10:58:42,c07d4bde58e26479b1df77ba70b67e9726167175,fix: display label and if so remove time interval (#9453),12,7,False,0.5714285714285714,3,0.7738095238095238,0.38196601125010465,0.07858079972595171,0.34885339814681526,0.08333333333333333,6,0.583333,0.416667,3,0,0,9,12,3
lightdash__lightdash,2024-04-18T13:58:18,0ea915baffc909579e3e07ef4e7460bed66ea343,fix: remove first_name and last_name from intrinsic user attributes (#9812),13,7,False,0.5714285714285714,3,0.7912087912087912,0.38196601125010465,0.07858079972595171,0.34885342461838903,0.07692307692307693,7,0.538462,0.461538,3,0,0,10,13,3
lightdash__lightdash,2024-05-20T11:36:31,e5395efce8ddc853fdec5ecc434cfb30e4540708,chore: amend yml quotes (#10117),13,7,False,0.5714285714285714,3,0.7912087912087912,0.38196601125010465,0.07858079972595171,0.34885338591798265,0.07692307692307693,7,0.538462,0.461538,3,0,0,10,13,3
lightdash__lightdash,2024-05-31T16:24:53,a53237e08560102975c5e6ce1f06960ea054623e,feat: rename YML group properties (#10279),13,7,False,0.5714285714285714,3,0.7912087912087912,0.38196601125010465,0.07858079972595171,0.3488533854428448,0.07692307692307693,7,0.538462,0.461538,3,0,0,10,13,3
lightdash__lightdash,2024-07-29T08:51:16,fda9f9addc102e1a970167eb4cff5b3eadf7a19d,fix: revert customer yml description (#10858),13,7,False,0.5714285714285714,3,0.7912087912087912,0.38196601125010465,0.07858079972595171,0.3488534261109901,0.07692307692307693,7,0.538462,0.461538,3,0,0,10,13,3
lightdash__lightdash,2024-10-17T17:05:19,eac02de343343823dbde42ce632abad48deb0693,fix: dbt 1.8 cli tests and remove metrics yaml (#11953),13,7,False,0.5714285714285714,3,0.7912087912087912,0.38196601125010465,0.07858079972595171,0.3488533967268758,0.07692307692307693,7,0.538462,0.461538,3,0,0,10,13,3
lightdash__lightdash,2024-11-04T13:47:00,eb295d783acbf949917ce4d7a4e2b5fbe0492873,fix: allow multiple nested groups (#12233),13,7,False,0.5714285714285714,3,0.7912087912087912,0.38196601125010465,0.07858079972595171,0.3488533927760228,0.07692307692307693,7,0.538462,0.461538,3,0,0,10,13,3
lightdash__lightdash,2024-12-03T09:41:31,91c26e8a4fb95af29ac7f6a337bf3561781b5c35,feat: allow default time dimension on a metric-level (#12686),13,7,False,0.5714285714285714,3,0.7912087912087912,0.38196601125010465,0.07858079972595171,0.3488533935390328,0.07692307692307693,7,0.538462,0.461538,3,0,0,10,13,3
lightdash__lightdash,2025-02-11T18:02:35,36a503d3a365f36ec2d9508a9cbe26521068697f,feat: support ECMA-376 formatting (#13597),13,7,False,0.5714285714285714,3,0.7912087912087912,0.38196601125010465,0.07858079972595171,0.348853398637588,0.07692307692307693,7,0.538462,0.461538,3,0,0,10,13,3
lightdash__lightdash,2025-05-28T09:51:25,183cfb0e3da7020d33de20f031453841c46bd056,feat: implement AI tag filtering for explore visibility (#14964),13,7,False,0.5714285714285714,3,0.7912087912087912,0.38196601125010465,0.07858079972595171,0.34885342587151696,0.07692307692307693,7,0.538462,0.461538,3,0,0,10,13,3
lightdash__lightdash,2025-07-15T13:56:29,adf7eae303d2f3d986186d1ac1753eb17b096291,feat: add AI metadata support for DBT Schema (#15830),22,7,False,0.5714285714285714,3,0.8766233766233766,0.3819660112501054,0.07858079972595189,0.3488533975017262,0.045454545454545456,16,0.318182,0.681818,3,0,0,19,22,3
lightdash__lightdash,2025-08-13T16:44:27,b0c1f937856a6a67e566b17df39f1b5cbab59dd2,feat: model level parameters (#16378),32,18,False,0.7142857142857143,4,0.7633928571428571,0.38196601125010465,0.06927031666878633,0.39793947640251615,0.125,18,0.28125,0.46875,7,0,0,25,32,3
lightdash__lightdash,2025-08-19T12:21:44,6cb3445b3cc87bada90cfacf7a084b9d1de3b130,feat: model level parameters on joined tables (#16419),32,18,False,0.7142857142857143,4,0.7633928571428571,0.38196601125010465,0.06927031666878633,0.562832048652695,0.125,18,0.28125,0.46875,7,0,0,25,32,3
lightdash__lightdash,2025-10-10T06:47:11,94e8fca716335ddd2779d687f8c40a9fb50120e8,feat: allow metrics in view underlying data (#17325),32,18,False,0.7142857142857143,4,0.7633928571428571,0.38196601125010465,0.06927031666878633,0.28700418216297413,0.125,18,0.28125,0.46875,7,0,0,25,32,3
lightdash__lightdash,2025-11-12T13:07:28,bee7b34f500881b2d45d23ab7552bcfeef528ad1,feat: images in tables (#18019),32,18,False,0.7142857142857143,4,0.7633928571428571,0.38196601125010465,0.06927031666878633,0.5636018127693251,0.125,18,0.28125,0.46875,7,0,0,25,32,3
lightdash__lightdash,2025-12-04T15:45:55,f6b0dda1fb0d27c77276c1bd50497421233c971b,feat: add explore-scoped additional dimensions (#18486),44,27,False,0.7142857142857143,4,0.740909090909091,0.38196601125010465,0.06927031666878633,0.563608816233028,0.11363636363636363,22,0.204545,0.386364,12,0,0,32,44,3
lightdash__lightdash,2026-01-09T16:16:02,013ed84070492859c11191c9881b80581555692a,chore: add product events table to demo data (#19319),45,27,False,0.7142857142857143,4,0.7466666666666667,0.38196601125010465,0.06927031666878633,0.24517533710193903,0.1111111111111111,23,0.2,0.4,12,0,0,33,45,3
lightdash__lightdash,2026-02-03T12:19:20,60d362dcfeda8a60dad75b5249973feaa4ac9866,feat: support ${TABLE} references in non-aggregate metrics (#19924),48,27,False,0.7142857142857143,4,0.7625,0.38196601125010465,0.06927031666878633,0.5641901451170773,0.10416666666666667,26,0.1875,0.4375,12,0,0,36,48,3
lightdash__lightdash,2026-03-11T15:25:32,e9a3c88fb7d1e6c576920c10c93c0e9a625030cd,feat: add Liquid field introspection support for _in_query and _is_filtered (#21032),53,32,False,0.7857142857142857,4,0.7819706498951782,0.30643091880149265,0.048506721471789124,0.2617528225279994,0.1320754716981132,28,0.207547,0.415094,13,0,0,40,53,3
lightdash__lightdash,2026-04-10T17:44:10,ef69d2ed108e624a17c27bead9b6fdcdb550e3f8,fix: resolve cross-model sum_distinct metric references in type:number metrics (#21923),58,34,False,0.7857142857142857,4,0.778584392014519,0.30643091880149265,0.048506721471789124,0.2617528121697117,0.1206896551724138,31,0.189655,0.396552,15,0,0,43,58,3
lightdash__lightdash,2026-05-08T18:10:15,1c467d8d5da47ab8a62929758cd2d78b668d9ffa,chore: add richer data for hex maps (#22842),61,34,False,0.7857142857142857,4,0.7894736842105263,0.30643091880149265,0.048506721471789124,0.26175282062075905,0.11475409836065574,34,0.180328,0.42623,15,0,0,46,61,3
lightdash__lightdash,2026-06-08T14:30:10,81868b3fd9e1da092a9348548fe4a9efe2fc29d1,fix: respect column order for metrics in show_underlying_values (#23997),61,34,False,0.7857142857142857,4,0.7894736842105263,0.30643091880149265,0.048506721471789124,0.26175283561179324,0.11475409836065574,34,0.180328,0.42623,15,0,0,46,61,3
lightdash__lightdash,2026-06-29T12:13:10,0154d3a6724e329de59796ec6b3a2bffa11e941d,feat: support filter autocomplete values and labels and disable warehouse fetch  (#24851),61,34,False,0.7857142857142857,4,0.7894736842105263,0.30643091880149265,0.048506721471789124,0.26175283516116843,0.11475409836065574,34,0.180328,0.42623,15,0,0,46,61,3
lightdash__lightdash,2026-07-24T10:15:19,126cc36c50dd7c37d8ddc25877841fa25d39deeb,test: add prospects demo model and pivot sort-only table calc regression test (#26109),63,35,False,0.7857142857142857,4,0.7825396825396825,0.30643091880149265,0.048506721471789124,0.2617529787360578,0.1111111111111111,35,0.174603,0.428571,15,0,0,48,63,3
matsonj__nba-monte-carlo,2022-10-26T05:30:21,ae353165d22443504d65b8e79b180f4c121da96c,adding some data catalog fun,35,52,False,0.5714285714285714,5,0.43804034582132567,0.2817250854828796,0.03368959552831299,0.7303803703087068,0.5428571428571428,2,0.914286,0.0,0,0,0,35,35,1
matsonj__nba-monte-carlo,2022-11-22T02:26:48,64d6ffa671439df1522b0ebe29b5eb7524e6fa8f,replacing hardcoded references,31,44,False,0.5,5,0.47975964579380137,0.310027987064418,0.03712115542904392,0.5222608036277826,0.4838709677419355,2,0.935484,0.0,0,0,0,31,31,1
matsonj__nba-monte-carlo,2022-12-19T23:02:16,8480032af395c713431f891bcb9aaf535cc7f88c,Fixing rounding,33,47,False,0.6428571428571429,4,0.5114351057747284,0.32280965896750047,0.03806645251756678,0.5770195887667359,0.48484848484848486,2,0.939394,0.0,0,0,0,33,33,1
matsonj__nba-monte-carlo,2023-02-07T21:04:23,5c8d4080b594f2be327dc4b70925704db2958390,update docs etc,34,48,False,0.6428571428571429,5,0.5323004201680672,0.31402846520819205,0.03702963907810018,0.543446542113467,0.47058823529411764,2,0.941176,0.0,0,0,0,34,34,1
matsonj__nba-monte-carlo,2023-03-11T01:53:02,7a3cbf6d608a260974660fd439091c9e62576eb0,adding american odds,34,48,False,0.6428571428571429,5,0.5323004201680672,0.31402846520819205,0.03702963907810018,0.5434465610741831,0.47058823529411764,2,0.941176,0.0,0,0,0,34,34,1
matsonj__nba-monte-carlo,2023-04-08T18:43:00,2a98d557e53549c07e59a2fa288a3d2623425b29,filter out any playoff games from 538 source,34,48,False,0.6428571428571429,5,0.5323004201680672,0.31402846520819205,0.03702963907810018,0.5434465453832281,0.47058823529411764,2,0.941176,0.0,0,0,0,34,34,1
matsonj__nba-monte-carlo,2023-07-08T16:07:49,0edca91054d66f47f8eb472e4e3bdfe88255857e,hide prior year resutls,34,48,False,0.6428571428571429,5,0.5323004201680672,0.31402846520819205,0.03702963907810018,0.5434465475382078,0.47058823529411764,2,0.941176,0.0,0,0,0,34,34,1
matsonj__nba-monte-carlo,2023-08-16T00:41:06,5306a71e30b1cefdc7d9eb6d727529d91b67ef07,adding nfl analytics,47,66,False,0.7857142857142857,5,0.5680422675996002,0.09507607463313635,0.011205264051495228,0.8195820855587925,0.44680851063829785,2,0.957447,0.0,0,0,0,47,47,1
matsonj__nba-monte-carlo,2023-09-19T05:13:34,6312d65e2e1f4c11553d6e47b58ec47451dc5fb7,adding nfl models,70,104,False,0.9285714285714286,5,0.5359508041627247,0.037907433654523,0.0037138357474230895,0.9033587206019328,0.5142857142857142,2,0.971429,0.0,0,0,0,70,70,1
matsonj__nba-monte-carlo,2023-10-22T00:55:34,cf30c3a285f709bcdfe711e876f03aea3f57009b,more nba cleanup,64,105,False,0.9285714285714286,5,0.585989238410596,0.05196882337816387,0.005046473093601307,0.8809827925580865,0.671875,2,0.96875,0.0,0,0,0,64,64,1
matsonj__nba-monte-carlo,2023-11-18T17:36:16,f9c67894e79cdd78ba8e54126fe6fdf40207c372,fizzing fuzzer,66,115,False,0.7857142857142857,6,0.5854049476803967,0.05234096918569044,0.005081282933628968,0.8958002406267428,0.7727272727272727,2,0.969697,0.0,0,0,0,66,66,1
matsonj__nba-monte-carlo,2023-11-30T00:20:19,cd9a46c42ab429458a6d56dae369c1fbdb9ed81d,knockout spiciness,66,115,False,0.7857142857142857,6,0.5854049476803967,0.05234096918569044,0.005081282933628968,0.8958002366297716,0.7727272727272727,2,0.969697,0.0,0,0,0,66,66,1
matsonj__nba-monte-carlo,2023-12-29T01:32:12,1bebda869e96fc784f27355087f4fee3b80df22c,revert previous changes,66,118,False,0.7142857142857143,5,0.5797665369649806,0.05294157162419357,0.005138607094222725,0.8999106397133736,0.8181818181818182,2,0.969697,0.0,0,0,0,66,66,1
matsonj__nba-monte-carlo,2024-03-06T22:20:08,0875518a6da00397b2d5d18d298d46d26a49f2d5,changing elo calc for nba,66,118,False,0.7142857142857143,5,0.5797665369649806,0.05294157162419357,0.005138607094222725,0.8999103781980992,0.8181818181818182,2,0.969697,0.0,0,0,0,66,66,1
matsonj__nba-monte-carlo,2024-04-16T15:06:46,4bfbf7a3dc1bc3e6c5a15f69d7bae1e2e40c0f51,Fix-matchup-calc (#153),67,120,False,0.7857142857142857,6,0.5888895291880366,0.052831655245353486,0.005127757965783017,0.9036176572403212,0.8208955223880597,2,0.970149,0.0,0,0,0,67,67,1
matsonj__nba-monte-carlo,2024-05-17T19:23:49,ffb8e01fc409c6b4fa7524a74826b62472ea7282,bump a bunch of stuff (#163),71,125,False,0.7857142857142857,7,0.6190215497934604,0.051962422666906635,0.005043241539225936,0.9262263407565997,0.7887323943661971,2,0.971831,0.0,0,0,0,71,71,1
matsonj__nba-monte-carlo,2024-05-21T08:48:24,50f616ada0a938b88cbc9628ff55f23dd2705dbd,Add_md_snapshot (#164),71,125,False,0.7857142857142857,7,0.6190215497934604,0.051962422666906635,0.005043241539225936,0.9262261257423452,0.7887323943661971,2,0.971831,0.0,0,0,0,71,71,1
matsonj__nba-monte-carlo,2024-09-15T00:25:40,1fed87d0d97a50a0b6ad52e2b3ec5b7c62eb4515,add predictions for NFL,54,93,False,0.6428571428571429,6,0.6329557713052859,0.05336146988149396,0.005462849415048581,0.8741847876070037,0.7592592592592593,2,0.962963,0.0,0,0,0,54,54,1
matsonj__nba-monte-carlo,2024-10-27T17:36:40,a0ec96ff4ed285bda5953a925bbfa713672b1579,fix playoffs filter,54,94,False,0.7857142857142857,6,0.6329557713052859,0.05336170747515045,0.005347102814481837,0.874176190769474,0.7777777777777778,2,0.962963,0.0,0,0,0,54,54,1
matsonj__nba-monte-carlo,2024-12-12T07:51:54,104e575b3a8143f39d8708d483e9da7216db0d34,update for knockout rounds,54,94,False,0.7857142857142857,6,0.6329557713052859,0.05336170747515045,0.005347102814481837,0.8741760443141684,0.7777777777777778,2,0.962963,0.0,0,0,0,54,54,1
matsonj__nba-monte-carlo,2025-04-10T18:06:56,38cc2c5ce399461d91ce0a57ee03d8dcfda338dc,Refactor NBA tiebreaker calculations for improved readability and performance,54,94,False,0.7857142857142857,6,0.6329557713052859,0.05336170747515045,0.005347102814481837,0.8741761499219034,0.7777777777777778,2,0.962963,0.0,0,0,0,54,54,1
matsonj__nba-monte-carlo,2025-05-23T21:06:05,38fe69754acaf98e3f6c4b37fbb09adef8d8a200,bug fix: neutral site games not adjusted correctly bc of dbt jinja logic,54,94,False,0.7857142857142857,6,0.6329557713052859,0.05336170747515045,0.005347102814481837,0.8741760741363951,0.7777777777777778,2,0.962963,0.0,0,0,0,54,54,1
matsonj__nba-monte-carlo,2025-08-28T16:57:14,f9a503fe840407ae0fcc33fc4926c9f077333975,update models for 's.game_site_adjustment',62,121,False,0.6428571428571429,6,0.6116757065372538,0.04370098478042555,0.004030992146813511,0.8530946875868067,0.9838709677419355,2,0.967742,0.0,0,0,0,62,62,1
matsonj__nba-monte-carlo,2025-10-29T22:09:02,7bae841143a4221e45e04e7f4f1bc254ef17894f,patch final win count for 80 g season,62,121,False,0.6428571428571429,6,0.6116757065372538,0.04370098478042555,0.004030992146813511,0.8530947506909211,0.9838709677419355,2,0.967742,0.0,0,0,0,62,62,1
matsonj__nba-monte-carlo,2025-11-17T11:48:08,274bc0d83bee3b6b12a5a27d4015d0271e360151,add new column for high fidelity seeding,62,121,False,0.6428571428571429,6,0.6116757065372538,0.04370098478042555,0.004030992146813511,0.853094627814397,0.9838709677419355,2,0.967742,0.0,0,0,0,62,62,1
matsonj__nba-monte-carlo,2026-01-05T15:32:38,054d213e7c71c51f4b31acebf036dd91986d74a4,fix afc seeding,62,121,False,0.6428571428571429,6,0.6116757065372538,0.04370098478042555,0.004030992146813511,0.8530947092015894,0.9838709677419355,2,0.967742,0.0,0,0,0,62,62,1
matsonj__nba-monte-carlo,2026-01-12T20:17:52,7fa41c1f2bfcb284053667f32655f500bc0735be,Add NFL playoff actuals support,63,126,False,0.7142857142857143,7,0.6085487132607551,0.04271127733357714,0.0038242519657550726,0.8523375095703992,1.0317460317460319,2,0.968254,0.0,0,0,0,63,63,1
matsonj__nba-monte-carlo,2026-07-27T14:24:04,e50e88e0d9f5542f048f770edf2888c2f18c384b,Source NFL results from ESPN API via dlt instead of manual CSV,63,126,False,0.7142857142857143,7,0.6085487132607551,0.04271127733357714,0.0038242519657550726,0.8523374270205393,1.0317460317460319,2,0.968254,0.0,0,0,0,63,63,1
mattermost__mattermost-data-warehouse,2020-01-13T10:26:27,d83f673b32aec7cccce399b8c50a750adc463365,oops,16,14,False,0.6428571428571429,2,0.625,0.4258889445162151,0.08171920628310081,0.35127216900609565,0.1875,5,0.625,0.1875,0,0,0,16,16,2
mattermost__mattermost-data-warehouse,2020-02-15T08:59:29,778a4f7db1e6ee257cb3a0d69d90f3eb49f36cd2,Fixed syntax and naming errors.,55,17,False,0.6428571428571429,3,0.8422604422604423,0.42588894451621645,0.08171920628310109,0.3512721690060964,0.05454545454545454,41,0.181818,0.709091,36,0,0,19,55,2
mattermost__mattermost-data-warehouse,2020-03-16T10:18:30,92c733c41fba2dd0b09d64f4a1f21b94a44b0643,Fixed server_licensee_details date range.,97,94,False,0.8571428571428571,5,0.5056455571919489,0.022893113675368424,0.0005450318020412272,0.8468075235708028,0.13402061855670103,16,0.804124,0.123711,62,0,0,35,97,2
mattermost__mattermost-data-warehouse,2020-04-14T16:20:02,c45ce28bf79c1c8d2a4985544635617090a3c653,updates to handle 15 digits,105,106,False,0.8571428571428571,5,0.5550531003768414,0.02297293208765479,0.0005469116750985269,0.8327517985830383,0.1619047619047619,16,0.828571,0.114286,61,0,0,44,105,2
mattermost__mattermost-data-warehouse,2020-05-14T07:25:52,828ace32e8bcb1b9a523828c180d3f36dffb4377,Licensed servers (#242),125,143,False,0.8571428571428571,5,0.5786301369863014,0.020290485529179624,0.00048304373400210053,0.8725005329646274,0.28,17,0.856,0.112,77,0,0,48,125,2
mattermost__mattermost-data-warehouse,2020-06-12T13:57:56,fece2dc13495bc77f48ff4a271f13eb92cd5638c,Updates to server_events_by_date model logic. (#303),135,156,False,0.8571428571428571,6,0.5473190952509688,0.019720692868539367,0.0004694617085578602,0.8809970594964357,0.32592592592592595,23,0.822222,0.148148,77,0,0,58,135,2
mattermost__mattermost-data-warehouse,2020-07-13T13:50:54,4ca1480aad0c23693453d21658d276bcda6216b3,Update Health Score (#338),141,158,False,0.8571428571428571,6,0.5621286751637637,0.019627899944290286,0.000467252723049469,0.8830244320787277,0.3191489361702128,28,0.794326,0.177305,77,0,0,64,141,2
mattermost__mattermost-data-warehouse,2020-08-12T08:29:37,8c4a48ad81a169e237a2a47255b66e3bc201fe8a,update logic,142,158,False,0.8571428571428571,6,0.5652122760428921,0.019627256462569548,0.00046723740052889793,0.8829851373441957,0.31690140845070425,29,0.788732,0.183099,79,0,0,63,142,2
mattermost__mattermost-data-warehouse,2020-09-11T16:56:09,054c8cd6386426075a0f776bab8872e372dac04d,Updating logic (#429),161,168,False,0.7857142857142857,5,0.6092441007500035,0.018919331940550056,0.0004112384600664475,0.8882893637156648,0.30434782608695654,42,0.732919,0.242236,83,0,0,78,161,2
mattermost__mattermost-data-warehouse,2020-10-07T16:27:04,a0edc1797463183990cacfd7b4c88e9d30a7487c,updates,163,169,False,0.8571428571428571,5,0.612671839026922,0.018919467349558534,0.000411241399090184,0.8882880924270973,0.3067484662576687,44,0.723926,0.251534,83,0,0,80,163,2
mattermost__mattermost-data-warehouse,2020-11-10T16:56:07,170d6e1a5b06321b7f8ac5167d53382e25ff6562,Lead MQLing for Cloud Workspace Creation (#497),180,178,False,0.7857142857142857,5,0.6271106510236945,0.017988601845195063,0.0003910033962653004,0.8976287122883907,0.28888888888888886,54,0.694444,0.283333,86,0,0,94,180,2
mattermost__mattermost-data-warehouse,2020-12-10T08:23:53,271236f5102b0755a1690a9f6eb865d75eea0017,Disabling User Tables (#559),180,177,False,0.7857142857142857,5,0.6249246114590582,0.017963987325071016,0.0003904684073099906,0.898893643792701,0.2833333333333333,54,0.694444,0.283333,86,0,0,94,180,2
mattermost__mattermost-data-warehouse,2021-01-07T06:32:37,da929275ec937b7295e2c2091d6d180ec49dc0c9,Server fix (#580),180,178,False,0.7857142857142857,5,0.6207216494845361,0.017888372626189784,0.0003888248328346884,0.9007289206068376,0.2833333333333333,53,0.7,0.277778,86,0,0,94,180,2
mattermost__mattermost-data-warehouse,2021-02-03T16:34:00,796317ebc8662b7a3e8e3ec1ced0f02a16f789ef,Fix Netsuite (#607),182,181,False,0.8571428571428571,7,0.6201021201021201,0.017443751580741424,0.0003791604356618057,0.9028612737963086,0.2802197802197802,52,0.708791,0.269231,87,0,0,95,182,2
mattermost__mattermost-data-warehouse,2021-03-11T09:56:56,71bdb9cef7f973b0edf71aaae40ea875e4fb923f,Adding daily_server_user_agent_events (#638),181,218,False,0.7857142857142857,6,0.6764934392265194,0.0579752132608762,0.001260178229085018,0.70028934556611,0.4585635359116022,46,0.734807,0.237569,54,0,0,127,181,2
mattermost__mattermost-data-warehouse,2021-04-08T16:50:50,b1d7192a758bf19f14bbb4364fe85641e8e440ec,Add Column (#662),188,237,False,0.6428571428571429,6,0.6723498399548108,0.05633055556377449,0.0012244291266779704,0.6646056530866499,0.5,45,0.75,0.223404,47,0,0,141,188,2
mattermost__mattermost-data-warehouse,2021-05-07T11:39:20,d08ab512719fec858cf3a23a26e14bcd8dd4c5ca,Ic fix (#712),185,226,False,0.7857142857142857,7,0.6671212956927243,0.05955352763643467,0.001294485259495452,0.7053723052525215,0.4648648648648649,45,0.740541,0.221622,47,0,0,138,185,2
mattermost__mattermost-data-warehouse,2021-06-09T06:48:32,49e38aebe7c48ca04a96116ae2c9041077fe80cd,Excludability Reason (#726),197,261,False,0.6428571428571429,7,0.6684346835180773,0.06648950041552984,0.0013850336205112697,0.7964162435652286,0.5329949238578681,41,0.771574,0.182741,49,0,0,148,197,2
mattermost__mattermost-data-warehouse,2021-07-07T16:28:59,ee0357a3af5902def5777ae7e1b7a6c539cd4ca4,Add stripe customer ID to cloud signup campaign.,205,292,False,0.8571428571428571,7,0.6719955932307128,0.07147444485902053,0.0014888740753980837,0.8777100977774452,0.6048780487804878,37,0.8,0.156098,49,0,0,156,205,2
mattermost__mattermost-data-warehouse,2021-08-05T11:42:23,69164ed78d9eb985f791b2986ee4a3b05f3c7868,Analytics: Clearbit & Server Fact (#767),209,299,False,0.7142857142857143,7,0.6861781131992744,0.07053167667444665,0.0014692354043193748,0.8776990337757112,0.6076555023923444,37,0.803828,0.15311,49,0,0,160,209,2
mattermost__mattermost-data-warehouse,2021-08-26T16:50:24,47d103287e1d2b3dff7b65513a311a2a1040e80f,Fixed issue with opportunity name.,216,323,False,0.6428571428571429,7,0.7076294130387698,0.07006219270659064,0.00145945551553704,0.8882521754204142,0.6666666666666666,37,0.810185,0.148148,49,0,0,167,216,2
mattermost__mattermost-data-warehouse,2021-10-06T15:41:43,6ab8d8a524f1cefcd12c61dae70279d53930da3b,Fix marketing funnel model for dev. Set user_agent_registry as a source instead of a model since it's being calculated w,232,362,False,0.6428571428571429,7,0.7306759781167109,0.07391099632244069,0.0015396135016997232,0.9168547929725432,0.7155172413793104,36,0.823276,0.133621,49,0,0,183,232,2
mattermost__mattermost-data-warehouse,2021-11-05T09:13:39,9ed25ba4b06cbaf37b94a682d7faac906040ca1c,Page load (#867),232,357,False,0.7142857142857143,5,0.7347583720159151,0.07392364078873792,0.0015398768942554942,0.917363417977474,0.6982758620689655,37,0.818966,0.137931,49,0,0,183,232,2
mattermost__mattermost-data-warehouse,2021-12-03T17:38:27,c7ea4f3fddae9bd0f974031d96907d02630eceb4,Dont look at this one either (#875),232,357,False,0.7142857142857143,5,0.7347583720159151,0.07392364078873792,0.0015398768942554942,0.9173635303990438,0.6982758620689655,37,0.818966,0.137931,49,0,0,183,232,2
mattermost__mattermost-data-warehouse,2021-12-15T12:48:38,3645ce09e28d091d9023384b7c50ac43f3e344c9,Added external ID models to backfill any salesforce objects that are missing an external ID. (#879),237,362,False,0.7857142857142857,6,0.74177920945309,0.07315254123934954,0.0015238143954022908,0.9191432753909071,0.6835443037974683,37,0.822785,0.135021,49,0,0,188,237,2
mattermost__mattermost-data-warehouse,2022-01-28T12:21:01,f0507ff8cfd07c7caa60f4347f43b17fdefa84db,Revert last pr breaking license table (#884),250,401,False,0.7142857142857143,7,0.7558415015641293,0.07176467597673,0.0014949039229374965,0.9268697873642753,0.748,36,0.836,0.124,49,0,0,201,250,2
mattermost__mattermost-data-warehouse,2022-03-04T09:19:43,77c6713de8428d98023d67be0af58fdf658bd76e,Adding new retention flag and user counts to server_fact (#891),251,404,False,0.7857142857142857,6,0.7541039162850672,0.07172662946208311,0.0014941113897972984,0.9276333213594429,0.7529880478087649,36,0.836653,0.123506,49,0,0,202,251,2
mattermost__mattermost-data-warehouse,2022-04-04T12:39:22,96249f6e78bca1bd21cb3a37b0eefa1a29df90fd,Adding incremental logic to BLAPI subscriptions and removing PE duration (#898),254,405,False,0.7142857142857143,6,0.7501186330258258,0.0714065104912288,0.0014874428534817534,0.9265044333613922,0.7362204724409449,36,0.838583,0.122047,49,0,0,205,254,2
mattermost__mattermost-data-warehouse,2022-05-03T09:43:27,83567feb78b18a9fe24162833af91f3aaed2b807,Removing DLL function to avoid DBT error (#912),258,411,False,0.42857142857142855,7,0.7535979954584606,0.07169721825991965,0.0014934984720131267,0.9311621999362362,0.7364341085271318,37,0.837209,0.124031,49,0,0,209,258,2
mattermost__mattermost-data-warehouse,2022-06-03T05:14:17,0dbf551eeb32c7984512941eb5f00ce13642bb0c,Modifying Arr Roll Forward to Remove Opportunity Owner  and Add LTV Classifications (#933),258,413,False,0.7142857142857143,8,0.7476721251318746,0.07146794638881224,0.0014887221668831326,0.9302016751932808,0.7325581395348837,34,0.856589,0.116279,49,0,0,209,258,2
mattermost__mattermost-data-warehouse,2022-06-28T04:45:27,c6e78b70206a04d86a3e59c58eebb0a1baad5083,Update cs_signup_campaign.sql (#949),286,482,False,0.5,8,0.7730425312392526,0.07008852466084987,0.0014599874495317131,0.9488647805910311,0.8006993006993007,33,0.874126,0.101399,49,0,0,237,286,2
mattermost__mattermost-data-warehouse,2022-07-29T00:11:49,2703f9b9a4faa6b29052f876b48d68c9e4ed4f24,Update blapi_onprem_opportunity_renewal.sql (#971),292,495,False,0.7142857142857143,9,0.7690183773084104,0.06946508838359997,0.0014470008840656026,0.9476875843885234,0.8047945205479452,32,0.880137,0.09589,49,0,0,243,292,2
mattermost__mattermost-data-warehouse,2022-09-01T17:36:18,af2796945521b063dc6acd82a5f3f440c8e331cc,MM-45774 cloud starter bug (#988),290,492,False,0.6428571428571429,9,0.768498918857403,0.06970084438413293,0.0014519118278097877,0.9494733452247442,0.8068965517241379,32,0.87931,0.096552,49,0,0,241,290,2
mattermost__mattermost-data-warehouse,2022-09-13T07:52:06,d303442c09057ba386c04f01dd4e9b822cbe677d,Updated logic for renewals less than 1 year (#994),290,492,False,0.6428571428571429,9,0.768498918857403,0.06970084438413293,0.0014519118278097877,0.9494733433921834,0.8068965517241379,32,0.87931,0.096552,49,0,0,241,290,2
mattermost__mattermost-data-warehouse,2022-10-26T19:39:05,95213fcf742704f0876b1dd36a283cd19a695a33,Creating Table for LTV Calculation (#1031),292,498,False,0.5,8,0.7670652426282796,0.0702913669896933,0.001464212762862444,0.9532591531249138,0.815068493150685,32,0.880137,0.09589,49,0,0,243,292,2
mattermost__mattermost-data-warehouse,2022-11-28T18:30:53,95e5057235f7d93f1f00ab21633929b9a8a087bc,remove performance from retention calcs (#1071),294,503,False,0.7142857142857143,9,0.7677808302808303,0.07010245773498416,0.0014602776652156539,0.9500826532845789,0.8197278911564626,32,0.880952,0.095238,49,0,0,245,294,2
mattermost__mattermost-data-warehouse,2022-12-27T08:57:46,422552c4a4ce98cbb580b8eb4fac37d9ac96b4ca,MM-42949: Creating Scripts for LTV for EMEA APAC and ROW (#1124),298,507,False,0.5714285714285714,9,0.7708858213537145,0.06621884211856065,0.0013793792765360985,0.2818934925185494,0.8087248322147651,32,0.88255,0.09396,49,0,0,249,298,2
mattermost__mattermost-data-warehouse,2023-01-26T10:38:33,d87a4b4a604a8cfbfe526e67fd023cfbb1e5f235,MM-49762: Document sources populated using stitch (#1151),300,513,False,0.6428571428571429,8,0.7741856925418569,0.06628411294793009,0.0013807382556910491,0.2877075239188672,0.8166666666666667,32,0.883333,0.093333,49,0,0,251,300,2
mattermost__mattermost-data-warehouse,2023-02-27T15:55:03,006cd45911d4112e336e1e07217d4b32cf87eb47,Adding new fields to Stripe Subscriptions to track deletions (#1180),301,517,False,0.6428571428571429,8,0.7753684332487866,0.06626923889778744,0.0013804284192618901,0.2827139469541086,0.8239202657807309,32,0.883721,0.093023,49,0,0,252,301,2
mattermost__mattermost-data-warehouse,2023-03-29T10:28:33,6c23dfbcb3653e14056790d9b8e89c8c93a5bb98,Hotfix: add qualify to server_config_details (#1222),301,517,False,0.6428571428571429,8,0.7753684332487866,0.06626923889778744,0.0013804284192618901,0.2826903516550114,0.8239202657807309,32,0.883721,0.093023,49,0,0,252,301,2
mattermost__mattermost-data-warehouse,2023-04-27T11:59:56,241d919d74e0bbc7210b29569fd1dd02859052eb,MM-51572: fix customer <--> opportunity mapping (#1262),300,515,False,0.6428571428571429,9,0.7735501147666412,0.06628515640164287,0.001380759990853873,0.28820513286675803,0.8233333333333334,32,0.883333,0.093333,49,0,0,251,300,2
mattermost__mattermost-data-warehouse,2023-05-24T15:54:21,1ce72d817c2e000e9a88c80377a8afb176558f6b,MM-52880: Exclude subscription overriden at salesforce from syncing (#1280),280,478,False,0.6428571428571429,9,0.7624583333333333,0.06651383893456785,0.0013855235876919822,0.3951658235449884,0.8214285714285714,32,0.871429,0.096429,49,0,0,231,280,2
mattermost__mattermost-data-warehouse,2023-06-28T09:35:27,44a4fe4b8ccd6068e2c55c63fa94c9299f20d6ef,Retire BLAPI code in arr_transactions.sql (#1303),277,467,False,0.5714285714285714,8,0.7628090894942999,0.06206759148242992,0.0012929188534869993,0.19891984928706075,0.7978339350180506,31,0.873646,0.093863,49,0,0,228,277,2
mattermost__mattermost-data-warehouse,2023-07-21T11:39:17,fbaa3a6615a8e55b59494b7c35191ff35789e60e,Fix license end date in stripe subscriptions (#1323),277,467,False,0.5714285714285714,8,0.7628090894942999,0.06206759148242992,0.0012929188534869993,0.19891131184263824,0.7978339350180506,31,0.873646,0.093863,49,0,0,228,277,2
mattermost__mattermost-data-warehouse,2023-08-14T14:37:46,f9dda043080ef327c295113b8c24ca7c75180542,Adds new custom fields to Opportunity Snapshot (#1332),277,467,False,0.5714285714285714,8,0.7628090894942999,0.06206759148242992,0.0012929188534869993,0.19891123878003375,0.7978339350180506,31,0.873646,0.093863,49,0,0,228,277,2
mattermost__mattermost-data-warehouse,2023-09-27T13:31:34,02acfa5900cb396e8e748c94ca29d5d88376ba0c,Updates logic in account_arr_and_seats to use product.family field over product.name (#1351),277,467,False,0.5714285714285714,8,0.7628090894942999,0.06206759148242992,0.0012929188534869993,0.19892012638400006,0.7978339350180506,31,0.873646,0.093863,49,0,0,228,277,2
mattermost__mattermost-data-warehouse,2023-11-23T13:03:58,5d626abbd7ad21576924c5fa0dc31ddc7a57fd07,Chore: move transform_m models to transform_l (#1392),277,467,False,0.5714285714285714,8,0.7628090894942999,0.06206759148242992,0.0012929188534869993,0.1989196945451022,0.7978339350180506,31,0.873646,0.093863,49,0,0,228,277,2
mattermost__mattermost-data-warehouse,2023-12-22T14:01:47,131939a7b2256967296ab590e6f378b4c7178c8d,Chore: remove empty file (#1412),276,467,False,0.5714285714285714,8,0.7619497021373952,0.06206759148242992,0.0012929188534869993,0.19891092540579394,0.8007246376811594,30,0.876812,0.09058,49,0,0,227,276,2
mattermost__mattermost-data-warehouse,2024-01-13T13:20:45,57f43b588005cbde353b6d8d0132ffc90ac39e3b,deprecates user_28day_retention (#1424),273,454,False,0.7142857142857143,8,0.758253705416132,0.06179713487776598,0.001287285803540544,0.19543779818402784,0.7765567765567766,31,0.871795,0.095238,49,0,0,224,273,2
mattermost__mattermost-data-warehouse,2024-02-16T12:31:46,e02f3390350e3151510fc0ca053cd5a963a0fdab,Chore: Move telemetry columns model to nightly schedule (#1447),273,454,False,0.7142857142857143,8,0.758253705416132,0.06179713487776598,0.001287285803540544,0.19544473372668925,0.7765567765567766,31,0.871795,0.095238,49,0,0,224,273,2
mattermost__mattermost-data-warehouse,2024-03-19T07:36:06,36b21d02f950f0f31c7779c1bf984461d26de0ee,MM-52375 Deprecates BLAPI models (#1463),273,454,False,0.7142857142857143,8,0.758253705416132,0.06179713487776598,0.001287285803540544,0.19544522832565603,0.7765567765567766,31,0.871795,0.095238,49,0,0,224,273,2
mattermost__mattermost-data-warehouse,2024-07-22T13:45:38,5f51a47756bfca7572646cb180587cf91d8f844b,Hotfix: fix failing ARR model (#1558),271,449,False,0.7857142857142857,8,0.7547184684129885,0.0618284580189939,0.00128793849992388,0.19889804807086428,0.7712177121771218,31,0.870849,0.095941,49,0,0,222,271,2
mattermost__mattermost-data-warehouse,2024-11-19T17:32:12,f61e630f09a0bbb109fb53ae2638673eb85f6c47,Mm 61860 add email to nps feedback (#1670),271,449,False,0.7857142857142857,8,0.7547184684129885,0.0618284580189939,0.00128793849992388,0.19889748501591806,0.7712177121771218,31,0.870849,0.095941,49,0,0,222,271,2
mattermost__mattermost-data-warehouse,2024-12-18T10:22:48,e3dc485a2919059e3fff761593555d5bbdaaa626,Mm 62195 remove deprecated models (#1684),235,376,False,0.7142857142857143,8,0.7267041604553462,0.06248219869589701,0.0013015566602783248,0.3684965726113635,0.7319148936170212,31,0.855319,0.114894,49,0,0,186,235,2
mattermost__mattermost-data-warehouse,2025-01-17T11:09:03,b8c2ff95540b4eb548e5339bf2de97b26654b696,Mark models as deprecated (#1691),235,376,False,0.7142857142857143,8,0.7267041604553462,0.06248219869589701,0.0013015566602783248,0.3684845401818696,0.7319148936170212,31,0.855319,0.114894,49,0,0,186,235,2
medic__cht-pipeline,2021-10-01T17:07:04,47d5abedf288641d4ca07cfdb474f469ee6522c9,Initial,2,1,True,,,,,,,,1,1.0,0.0,0,0,0,2,2,1
medic__cht-pipeline,2021-11-30T04:34:54,08ed2329270ec20dc728d55ef9c12a99c4672628,Adding contact view indexes,5,4,False,0.7857142857142857,2,0.72,0.5188056959079843,0.12441125563507043,0.19142259864980643,0.0,1,1.0,0.0,0,0,0,5,5,1
medic__cht-pipeline,2021-12-08T08:35:55,c8580c742b907769da8d71c1dd5d49c44bb5b2d8,Separating out sync elements,5,4,False,0.7857142857142857,2,0.72,0.5188056959079843,0.12441125563507043,0.19142259864980404,0.0,1,1.0,0.0,0,0,0,5,5,1
medic__cht-pipeline,2023-06-29T13:18:04,ce57c1446ac9f412c749398b2cdcbcc443b4b3fa,Add default models,9,8,False,0.7142857142857143,2,0.8641975308641975,0.4427980834572255,0.05518280386764968,0.6384666365373544,0.0,1,1.0,0.0,0,0,0,9,9,1
medic__cht-pipeline,2023-09-05T17:44:05,e30e6510b592f7c7aec25207e3a7f214d6003213,21 add dbt unit test (#22),9,8,False,0.7142857142857143,2,0.8641975308641975,0.4427980834572255,0.05518280386764968,0.6384666365373559,0.0,1,1.0,0.0,0,0,0,9,9,1
medic__cht-pipeline,2023-11-28T13:40:30,cea7cfd5bf85cd8965609121c3fb731dcc6a3963,(chore #34) Check unit test coverage (#51),9,8,False,0.7142857142857143,2,0.8641975308641975,0.4427980834572255,0.05518280386764968,0.638466636537349,0.0,1,1.0,0.0,0,0,0,9,9,1
medic__cht-pipeline,2024-02-26T15:17:45,3dfa8e710ae45531f999788f17124a78d69d46d0,feat(#72): Replace hardcoded values with env variables (#73),9,8,False,0.7142857142857143,2,0.8641975308641975,0.4427980834572255,0.05518280386764968,0.638466636537347,0.0,1,1.0,0.0,0,0,0,9,9,1
medic__cht-pipeline,2024-07-04T13:16:36,8ceb55118ecfe2ae95ec05d9a070cf74359844ac,base models (#97),6,3,False,0.8571428571428571,2,0.75,0.5857864376269052,0.17157287525381,0.08333333333318767,0.0,3,0.666667,0.333333,0,0,0,6,6,1
medic__cht-pipeline,2024-08-01T12:15:07,b2c3ac57ec9e49e5a950daf41b89d6a28f4fbb4b,141 handle contact and data record deletes with root (#143),8,6,False,0.6428571428571429,3,0.75,0.3217196499578081,0.06950613264533423,0.2587253371694912,0.0,2,0.875,0.125,0,0,0,8,8,1
medic__cht-pipeline,2024-09-06T15:41:53,ecf4487337b8380ada75fa404875bd6860cdfebc,feat(#144): add macros to reduce boilerplate (#155),9,9,False,0.6428571428571429,3,0.6962962962962963,0.3361135341817681,0.06295499941491478,0.3360905996746722,0.2222222222222222,2,0.888889,0.111111,0,0,0,9,9,1
medic__cht-pipeline,2024-09-26T16:23:21,76a0ddfd5c213a7664647925a9ec9710d3663c0a,feat: remove date_of_birth column from person model,9,9,False,0.6428571428571429,3,0.6962962962962963,0.3361135341817681,0.06295499941491478,0.3360905857633152,0.2222222222222222,2,0.888889,0.111111,0,0,0,9,9,1
medic__cht-pipeline,2024-12-06T16:04:14,c5b82855c24cd85b90af2b910d456b04650c4f49,feat: add users meta base models (#181),12,12,False,0.7142857142857143,3,0.7675438596491229,0.2309714618419918,0.03626642232673976,0.3898980345391099,0.16666666666666666,2,0.916667,0.083333,0,0,0,12,12,1
medic__cht-pipeline,2025-03-28T12:46:29,d2067b6a6d64f7a2b970ce89f9a01599307d99b2,"feat(#190): version 2: add multi-db, batching and tags (#192)",12,12,False,0.7142857142857143,3,0.7675438596491229,0.2309714618419918,0.03626642232673976,0.38989796021278067,0.16666666666666666,2,0.916667,0.083333,0,0,0,12,12,1
medic__cht-pipeline,2026-06-16T14:24:35,c3ab509089f16005949ab473c70a1313d837b434,Add inactive and deletion_date fields to user-settings documents (#196),12,12,False,0.7142857142857143,3,0.7675438596491229,0.2309714618419918,0.03626642232673976,0.38989802329025347,0.16666666666666666,2,0.916667,0.083333,0,0,0,12,12,1
michaelconan__personal-reporting-pipelines,2025-02-08T00:29:01,299f9057decee73eb1bbb2419b8558cbf434a7c7,feat: separate alembic migrations,3,2,True,,,,,,,,1,1.0,0.0,3,0,0,0,3,1
michaelconan__personal-reporting-pipelines,2025-03-22T00:01:55,17427c9dc898fd8bc796d6e6de20cd00fc2effc7,feat: update dbt hubspot models and add data tests,7,3,False,0.7857142857142857,1,0.5714285714285714,1.0,0.25000000000000006,0.11904502822383876,0.0,4,0.571429,0.428571,7,0,0,0,7,1
michaelconan__personal-reporting-pipelines,2025-04-12T23:00:33,0ffcce0dc68ba47b8b97b8134bd785d24fc593de,"feat: update schema loading, dbt models",11,6,False,0.7857142857142857,1,0.7272727272727273,1.0,0.25000000000000006,0.1232755818569831,0.0,5,0.363636,0.272727,10,1,0,0,11,1
michaelconan__personal-reporting-pipelines,2025-05-24T21:53:04,693b950b2327adffb36353ab3ef81177c21f8775,feat: add google compute engine scripts,11,6,False,0.7857142857142857,1,0.7272727272727273,1.0,0.25000000000000006,0.08162232588607612,0.0,5,0.363636,0.272727,10,1,0,0,11,1
michaelconan__personal-reporting-pipelines,2025-08-11T20:55:07,89dde3a70aa24e2de957f6c64bef5c540742c6ab,fix: normalize line endings according to gitattributes,11,6,False,0.7857142857142857,1,0.7272727272727273,1.0,0.25000000000000006,0.11603036600035814,0.0,5,0.363636,0.272727,10,1,0,0,11,1
michaelconan__personal-reporting-pipelines,2025-09-10T23:24:15,574c790eac3bd4492ae78e7d20f2a05758899717,feat: Integrate Marimo and enhance dbt development workflow,11,6,False,0.7857142857142857,1,0.7272727272727273,1.0,0.25000000000000006,0.08705690686109538,0.0,5,0.363636,0.272727,10,1,0,0,11,1
michaelconan__personal-reporting-pipelines,2025-09-27T01:03:53,05198519364416a4bf6db6ea10d01b73ea7756cc,feat: Enhance dbt models and workflows with new data tests and Makefile updates,11,6,False,0.7857142857142857,1,0.7272727272727273,1.0,0.25000000000000006,0.09030757982326781,0.0,5,0.363636,0.272727,10,1,0,0,11,1
michaelconan__personal-reporting-pipelines,2025-10-25T23:41:15,931dd72d8c71f39969bcf09d5cd01e2189bbb219,feat: enhance dbt models with cross-database support and improved testing (#79),11,6,False,0.7857142857142857,1,0.7272727272727273,1.0,0.25000000000000006,0.13333306715266866,0.0,5,0.363636,0.272727,10,1,0,0,11,1
michaelconan__personal-reporting-pipelines,2025-12-12T23:53:58,f0cc280a4628ad06d8a4eda1744c58ef6927f355,Fix/make macro (#84),13,12,False,0.6428571428571429,2,0.4326923076923077,0.5139605971027529,0.09672470546749107,0.25414971454734137,0.07692307692307693,2,0.538462,0.0,10,1,2,0,13,1
michaelconan__personal-reporting-pipelines,2025-12-22T07:04:27,98f34ecf0fb28049dd4a223b2954328e774476f4,fix: update dbt tests and ci workflows,14,12,False,0.6428571428571429,2,0.4732142857142857,0.5139605971027529,0.09672470546749107,0.25414971465888664,0.07142857142857142,3,0.5,0.071429,10,1,2,1,14,1
michaelconan__personal-reporting-pipelines,2026-01-16T23:00:01,fb3fdd4235a5387e9559b613394c4d181eb2c532,feat: add 1password secret store support,14,12,False,0.6428571428571429,2,0.4732142857142857,0.5139605971027529,0.09672470546749107,0.2541497143520536,0.07142857142857142,3,0.5,0.071429,10,1,2,1,14,1
michaelconan__personal-reporting-pipelines,2026-03-17T21:23:57,2f17d6ecc12cbc42f4d7585a97dcaf6207484ed3,chore: Consolidate tool configs into pyproject.toml and fix pre-commit,18,16,False,0.7142857142857143,4,0.4393939393939394,0.26573096169400084,0.0363358634985391,0.4021149491848886,0.1111111111111111,4,0.777778,0.111111,13,1,3,1,18,1
michaelconan__personal-reporting-pipelines,2026-04-11T17:14:49,fc9085dec87350e9ab9be523be102fb73d47f5df,refactor: use dbt_utils.deduplicate in stg_fitbit__sleep now that macro is fixed,18,16,False,0.7142857142857143,4,0.4393939393939394,0.26573096169400084,0.0363358634985391,0.4021149402324269,0.1111111111111111,4,0.777778,0.111111,13,1,3,1,18,1
michaelconan__personal-reporting-pipelines,2026-07-10T10:14:23,9fa3526295a44b6e066bb84ad1189fae16eb6f08,Fix Python Test Suite and dbt Mock Target Compatibility (#127),18,16,False,0.7142857142857143,4,0.4393939393939394,0.26573096169400084,0.0363358634985391,0.40211495389952434,0.1111111111111111,4,0.777778,0.111111,13,1,3,1,18,1
mitodl__ol-data-platform,2022-07-08T13:12:10,8273c7ae97a6d0eda9526a0256219603cace8d32,fix: Update models to handle Parquet structs for timestamp,8,0,False,,,0.0,0.0,0.0,0.0,0.0,8,0.125,1.0,8,0,0,0,8,1
mitodl__ol-data-platform,2022-08-04T15:53:41,e78fceea8669a2bff3f7420e68d3216f2835c1b2,Create an initial OL enrollment table using dbt (#291),11,8,False,0.6428571428571429,2,0.35064935064935066,0.20871215252208003,0.039359038884652225,0.36599132373285964,0.0,3,0.818182,0.181818,8,2,1,0,11,1
mitodl__ol-data-platform,2022-08-26T09:50:32,203786e1c951bdd82e0f3ea1004fd23b37b4613b,Dseaton/bootcamps to ol enrollment (#309),15,12,False,0.7142857142857143,3,0.2857142857142857,0.20871215252208017,0.03641142752023178,0.5207133564471264,0.0,3,0.866667,0.133333,11,3,1,0,15,1
mitodl__ol-data-platform,2022-10-06T11:14:14,03131d092f2f472d46f02348aa72658e3f505b01,xpro profile staging,26,25,False,0.7857142857142857,5,0.5076923076923077,0.19182561925720504,0.03267742406267016,0.49254158856336117,0.15384615384615385,5,0.846154,0.153846,14,12,0,0,26,1
mitodl__ol-data-platform,2022-11-04T15:02:23,ab627462af7cd5e8b1051f545f077de6f4fc2fec,mitxonline enrollments,46,36,False,0.7857142857142857,4,0.5360551431601273,0.05165478708755818,0.010214540818685818,0.5279789256171055,0.0,10,0.413043,0.021739,26,20,0,0,46,1
mitodl__ol-data-platform,2022-11-30T13:18:49,951d1965fd73559cff4fd919827ebd7e62712e90,Merge pull request #472 from mitodl/intermediate-programrequirement,104,91,False,0.7142857142857143,6,0.6276656511805027,0.01965738468382289,0.002295589091321357,0.7337794842075173,0.08653846153846154,22,0.509615,0.019231,57,47,0,0,104,1
mitodl__ol-data-platform,2022-12-20T17:42:04,dc56788732009792828687bc6225ca49e75b3768,xpro ecommerce basket,135,118,False,1.0,7,0.6188295165394402,0.016108449939924656,0.001834843916039815,0.7624216783405222,0.08148148148148149,28,0.444444,0.022222,75,60,0,0,135,1
mitodl__ol-data-platform,2023-01-31T11:33:09,79fed4ae676eefe4a4c2f9721a30f92a1e74e6b4,add dedp to micromasters program certificates mart,177,174,False,0.7857142857142857,7,0.642946478630267,0.03379753651383838,0.002954736514680819,0.7457226181571955,0.1977401129943503,38,0.531073,0.039548,99,74,4,0,177,1
mitodl__ol-data-platform,2023-03-03T14:24:31,1623ba8bafd42dd12cf5c6b7bb551e3e8518e79d,micromasters intermediate refactor,187,180,False,0.7857142857142857,8,0.6883747198249237,0.03368557656852175,0.0025054778340132095,0.7550963021293939,0.20855614973262032,46,0.513369,0.080214,107,79,1,0,187,1
mitodl__ol-data-platform,2023-03-27T12:22:09,2a78ec10749a8de757e4486c7593ef15ee6b1121,Add MITxOnline user profile model and related changes,209,212,False,0.5714285714285714,9,0.7080434807198525,0.027528046318489475,0.0019205270234934366,0.8372745144606627,0.23923444976076555,47,0.54067,0.07177,115,92,2,0,209,1
mitodl__ol-data-platform,2023-05-01T12:56:25,3df71a28f6ef8140fcaf5c56e721fd2ea66f46a8,mitx combined requirements,227,290,False,0.6428571428571429,7,0.7365085015598966,0.02653657525584529,0.0013636125023093004,0.8694504715393501,0.4713656387665198,44,0.603524,0.061674,120,105,2,0,227,1
mitodl__ol-data-platform,2023-05-25T15:22:52,0d408263070037a2dc71846c5e74c59880fac763,Merge pull request #710 from mitodl/micromasters-additional-profile-tables,232,302,False,0.8571428571428571,10,0.7472094381096305,0.02631394951565124,0.0012288983556442133,0.8720868555501761,0.49137931034482757,44,0.612069,0.060345,122,108,2,0,232,1
mitodl__ol-data-platform,2023-06-30T11:55:36,e39c39c9f163fe7a06eb5fceff07b2d0d16f0a5c,fix dbt test failures for duplicate certificates and grades in MITx intermeidate (#748),231,301,False,0.6428571428571429,8,0.7335566319267182,0.025357324660826595,0.0012400689021776871,0.8582455641535723,0.48484848484848486,42,0.627706,0.060606,122,106,3,0,231,1
mitodl__ol-data-platform,2023-07-31T19:53:55,9029bb740b69d82e29f32543904e0369ba574033,stage openedx mitxonline users and add openedx_user_id to marts__mitxonline_course_certificates (#781),238,305,False,0.2857142857142857,9,0.7295645530939648,0.020505865865295604,0.0010015516074988557,0.8439177212815856,0.46218487394957986,43,0.617647,0.058824,123,110,5,0,238,1
mitodl__ol-data-platform,2023-08-31T16:05:42,0121ce246fa839cd154716733c31c0d7d9064108,Fix for issue 1908 to populate parent run id's more consistently (#814),256,333,False,0.7142857142857143,9,0.7269101480378416,0.016885618186938137,0.0008244627602576122,0.8605124242947981,0.47265625,44,0.632812,0.066406,134,116,6,0,256,1
mitodl__ol-data-platform,2023-09-25T16:06:34,02648119a3c66071626cb810f66bc82066582b6a,Change format for five columns xpro prodline mart (#845),262,353,False,0.6428571428571429,8,0.7112665144769598,0.018639659463838044,0.0009101053627395429,0.8729085997486667,0.5038167938931297,41,0.679389,0.064885,136,120,6,0,262,1
mitodl__ol-data-platform,2023-10-31T11:27:23,79b42f1fb40293c160a54fd271c840c4fd77a210,add new email optout table to staging (#899),267,361,False,0.6428571428571429,9,0.7097190014551592,0.02517989599526291,0.0011797436618476622,0.8529392256250428,0.5131086142322098,43,0.674157,0.067416,138,122,7,0,267,1
mitodl__ol-data-platform,2023-11-29T14:28:34,7935f454cea3ad0268f826d5c5a1a31708fdb0da,Add DBT Grant Configs for Trino Roles and Permissions (#931),274,390,False,0.42857142857142855,11,0.6952663659298747,0.0441940433767704,0.0019016457196615736,0.33970566457064144,0.5437956204379562,33,0.770073,0.054745,141,125,8,0,274,1
mitodl__ol-data-platform,2023-12-21T19:02:23,04affee30e97e2d4033895c25113381bc5127ef4,create mart for mitxonline video engagement (#952),284,414,False,0.5,9,0.6911054138450776,0.056060046896214966,0.0022244730088875676,0.5057631356681501,0.5774647887323944,34,0.774648,0.056338,144,129,11,0,284,1
mitodl__ol-data-platform,2024-01-25T15:55:12,5547e0fb53b407c1fcb34f256e9c2d47b778f318,xPro user activities intermediate models and a few small updates to MITx Online models (#985),296,435,False,0.5,10,0.704032696489593,0.050415170814315416,0.0017901629905341843,0.6533964497606308,0.5844594594594594,34,0.783784,0.054054,146,135,15,0,296,1
mitodl__ol-data-platform,2024-02-27T12:10:05,47756fcb2a4bfa272b03b28ad56a20c1ab234a70,add user_is_active to intermediate and mart (#1016),409,449,False,0.35714285714285715,11,0.7832460231920648,0.05987301859361195,0.002125622257786243,0.6728861170283457,0.44254278728606355,141,0.599022,0.303178,148,136,16,109,409,1
mitodl__ol-data-platform,2024-03-28T16:41:54,8274bfc02a2154156f8ff83a4540faaced5eaa15,add course readable id to combined enrollment mart and upstream models (#1057),430,490,False,0.5,9,0.7838870431893687,0.062457032742562806,0.002141789799763474,0.9619407306055865,0.4697674418604651,142,0.602326,0.290698,159,143,19,109,430,1
mitodl__ol-data-platform,2024-04-22T12:52:17,bc8613759d77bbc9abaef92a06ceafd93df6b0d1,fix dbt test not_null on courserun_is_current in combined enrollment mart (#1093),431,495,False,0.42857142857142855,10,0.7825619946718667,0.06280216022448726,0.0021534338459466666,0.9585376714132312,0.4779582366589327,142,0.603248,0.290023,159,144,19,109,431,1
mitodl__ol-data-platform,2024-05-28T09:12:01,e0401d244902da191c7165db8e627ae3927b17ff,edX.org user activity related staging and intermediate models (#1139),445,513,False,0.2857142857142857,11,0.7777770605782575,0.06293289735272645,0.0020195653983743787,0.9561514730609436,0.4786516853932584,145,0.595506,0.285393,167,150,19,109,445,1
mitodl__ol-data-platform,2024-06-25T11:03:45,9e528cd4c2bd61c03bc01e35a369864f5fdc82f9,update MITx Online verified enrollment mode to count for change_status (#1178),460,541,False,0.5714285714285714,11,0.7749957105109639,0.03985759735245194,0.0012391930730679076,0.9393752353556635,0.49130434782608695,145,0.606522,0.276087,177,155,19,109,460,1
mitodl__ol-data-platform,2024-07-27T08:32:11,0b4ef2879c47287733a856e5ffd7ffcc1010712b,Extract sitemetadata fields for OCW courses in staging,461,529,False,0.35714285714285715,11,0.76721593132865,0.03981023115837082,0.0014125767107527434,0.9406227715461126,0.4642082429501085,146,0.605206,0.277657,178,155,19,109,461,1
mitodl__ol-data-platform,2024-08-26T11:34:24,7aff85ce914aad42fc361f8683a1e738ceca8efe,Residential MITx staging and intermediate course engagement models (#1246),472,546,False,0.35714285714285715,13,0.7698371947201055,0.04001408250927008,0.0014197745543330189,0.9443168378496389,0.4724576271186441,149,0.59322,0.275424,181,162,20,109,472,1
mitodl__ol-data-platform,2024-09-25T13:27:32,0500973abd95094c7e1d61237723624553d92549,add combined users mart to finance permissions (#1306),496,633,False,0.5714285714285714,12,0.742425682141356,0.07501954991680404,0.0026608135348010226,0.8644735228112528,0.5685483870967742,145,0.647177,0.258065,192,171,24,109,496,1
mitodl__ol-data-platform,2024-10-16T14:36:08,c213b4458cdbb959386fb24e6b6d1fd5637629e3,Add courserunenrollment_upgraded_on to combined enrollment detail mart (#1332),496,636,False,0.2857142857142857,11,0.7331740680954846,0.07526472007843991,0.002668490884211732,0.868909683857399,0.5745967741935484,145,0.647177,0.258065,192,171,24,109,496,1
mitodl__ol-data-platform,2024-11-14T09:12:23,aaea8e63a1309d77420a43365b9a6ec74969728f,Stage edxorg course video and add to intermediate combined video (#1375),498,639,False,0.6428571428571429,10,0.7340851029901493,0.07375492629354002,0.0026142319477247015,0.8711788779368008,0.5763052208835341,146,0.646586,0.259036,193,171,25,109,498,1
mitodl__ol-data-platform,2024-12-10T16:52:55,239e476d01811a3ba36a41368e4cabd489092879,Create program summary report (#1402),500,646,False,0.21428571428571427,12,0.728027425614489,0.07453430891837046,0.0026413320647727715,0.8605848025201641,0.584,146,0.648,0.258,193,171,27,109,500,1
mitodl__ol-data-platform,2025-01-22T13:12:19,9f8f8f1dd577ca94b0c39f0ae12e613434232455,add engagement totals mart table marts__combined_total_course_engagements (#1444),502,653,False,0.7142857142857143,12,0.7276272889163792,0.07828609737647436,0.002773727452792023,0.8651003932312356,0.5896414342629482,145,0.651394,0.25498,194,171,28,109,502,1
mitodl__ol-data-platform,2025-02-21T13:28:50,8b8972ff0ebb6a764a25d672fbeb82da334c5763,fix courserun_readable_id format for edxorg products (#1481),510,678,False,0.2857142857142857,11,0.724029414127666,0.07959742014594894,0.0028201657048564388,0.8729746143652092,0.6137254901960785,145,0.652941,0.24902,199,173,28,110,510,1
mitodl__ol-data-platform,2025-03-24T11:20:22,5f3e6651f394b6366f811430dc17f294a1d848fe,add coupons used metric to all coupons mart table and fixes scientific notation issue in the int__mitxpro__ecommerce_all,510,686,False,0.2857142857142857,11,0.7183142927552809,0.07946461663997306,0.002815460349409831,0.8725244412304485,0.6254901960784314,143,0.658824,0.247059,198,173,29,110,510,1
mitodl__ol-data-platform,2025-04-22T13:36:47,76db88527aaa63d16047f3cb29db1aa096f64e3e,add coupon code to enrollment detail mart (#1538),519,718,False,0.35714285714285715,10,0.7199525354733817,0.09126579538967337,0.0032327991494311248,0.772703109035856,0.6589595375722543,143,0.66474,0.242775,198,173,32,116,519,1
mitodl__ol-data-platform,2025-05-23T10:20:23,86c67768f8ef163187ba56e5219ac194cb3dc47a,add program completion days field to program enrollment mart (#1557),527,741,False,0.2857142857142857,11,0.7223402657051489,0.09449401725467171,0.00333891524965191,0.7765650158745115,0.6850094876660342,147,0.662239,0.246679,203,173,33,118,527,1
mitodl__ol-data-platform,2025-06-17T11:14:24,19600539bed1278698c9c49a8119a184e663e599,Create enrollment detail report (#1575),529,746,False,0.42857142857142855,9,0.715635285425043,0.09802292475692946,0.0034601803608027134,0.744490395669613,0.6899810964083176,148,0.661626,0.247637,203,173,35,118,529,1
mitodl__ol-data-platform,2025-07-22T12:49:33,af921beca1f3c473e5f4ad123867eb6a128cad4a,Create intermediate models for learn ai chatbot (#1613),538,775,False,0.5,10,0.7172189577753794,0.09526828891429034,0.0033623673759993855,0.20794830405144515,0.7137546468401487,147,0.674721,0.243494,208,175,36,119,538,1
mitodl__ol-data-platform,2025-08-21T12:33:25,a4c24c215bc4805bcb219abe8be9f931cadc6ca6,Remove not_null check in int__learn_ai__tutorbot (#1651),554,796,False,0.2857142857142857,10,0.7134188421833145,0.09848540178400514,0.0034757745056167772,0.17482777328333088,0.7021660649819494,147,0.67148,0.236462,219,178,38,119,554,1
mitodl__ol-data-platform,2025-09-19T12:04:01,59a11467df47a364c00160eb7f7115df19ff5b1b,Update chatbot report to accommodate the recent changes in learn ai chatbot tables (#1690),562,807,False,0.5,11,0.7189151299471584,0.09821683766879834,0.0031433260827671426,0.18613852366381967,0.7046263345195729,151,0.672598,0.241993,225,178,39,120,562,1
mitodl__ol-data-platform,2025-10-16T14:02:35,e947f9d5375fcebccb8e23689ad5feaf82883a3d,remove empty string from signatories (#1727),565,811,False,0.42857142857142855,13,0.7201677581903398,0.09822021380028134,0.0031431345377598064,0.18882617293851955,0.7044247787610619,152,0.672566,0.242478,227,178,39,121,565,1
mitodl__ol-data-platform,2025-11-19T13:50:09,0b984cdf20ccec1fd6c71d5caaa9cdd4a5ca8b24,add partitioning to organization_administration_report (#1778),572,829,False,0.21428571428571427,11,0.7202914732326497,0.10138642695681883,0.00324416425188701,0.07249615591875613,0.7185314685314685,154,0.673077,0.243007,231,178,40,123,572,1
mitodl__ol-data-platform,2025-12-18T15:01:23,8fad5e3e3521ad5c631dcfc17f42ac8d8a31a60f,Added case-insensitive email comparison to prevent duplicates due to email capitalization differences (#1814),574,841,False,0.35714285714285715,12,0.7186810519248469,0.10580846123166078,0.003385620697841837,0.34086809569404125,0.7299651567944251,152,0.6777,0.238676,232,178,41,123,574,1
mitodl__ol-data-platform,2026-01-09T15:36:53,75d63836a91c2d397c71e87b8dfeb81c13b9a498,populate signatory_name when wagtailcore_revision_id is null (#1831),575,846,False,0.21428571428571427,10,0.7177187774151665,0.10632956951661199,0.0034018686317723638,0.43231389423197,0.7356521739130435,152,0.678261,0.238261,232,178,42,123,575,1
mitodl__ol-data-platform,2026-02-13T15:55:03,d874d23eeff3022151c8bf164b15a92d326444e9,remove certificate of retired users and migrated edx users from edxorg_to_mitxonline_enrollments (#1907),581,872,False,0.42857142857142855,11,0.7090337777587684,0.10811950507791519,0.0034573342787279104,0.5601306169830512,0.7624784853700516,152,0.681583,0.2358,232,178,48,123,581,1
mitodl__ol-data-platform,2026-03-19T13:19:59,685eafccd450db05d6eda316a4360a21e76b1bba,Populate user_full_name and deduplicate edxorg_to_mitxonline_users (#2013),589,899,False,0.35714285714285715,13,0.7121262220278313,0.10858066655164797,0.0034686283656113984,0.6261043433485642,0.7860780984719864,153,0.684211,0.234295,233,178,54,124,589,1
mitodl__ol-data-platform,2026-04-17T14:57:49,5623a86649b933fce2e732cbd68e113203600399,add org fields to enrollment detail report table (#2164),621,1006,False,0.35714285714285715,12,0.7310086476309055,0.1117911271159853,0.003368999875573114,0.8377256413294994,0.8695652173913043,155,0.706924,0.225443,236,179,78,128,621,1
mitodl__ol-data-platform,2026-05-15T18:32:44,cb1c6dcfde69a2c2a8d77e855fbea13683d3461c,fix: update unique column list for program certificates test (#2224),625,1029,False,0.35714285714285715,13,0.7327191883546538,0.11191572988580238,0.0031827907908835995,0.7129884567040036,0.8944,155,0.7088,0.224,236,180,80,129,625,1
mitodl__ol-data-platform,2026-06-17T14:14:39,197e6f97d6e07b9ae8f45a5cc0470251116840f1,fix(dbt): correct override_ref prefix matching and remove hardcoded schema paths (#2299),643,1098,False,0.35714285714285715,11,0.7324211150771163,0.11238968716362405,0.002799284632829337,0.8887799732709467,0.9471228615863142,154,0.718507,0.216174,242,180,84,137,643,1
mitodl__ol-data-platform,2026-07-17T15:59:43,0f6d211acdf8f25b570a5c7e2ae829286267560f,fix(combined_products): restore dropped mitxonline programs and dedupe by active product to eliminate duplicate rows (#2,659,1120,False,0.35714285714285715,13,0.7347025438437085,0.11269972670180005,0.0026122034785018918,0.898217775588262,0.9514415781487102,166,0.699545,0.221548,246,180,84,149,659,1
mitodl__ol-data-platform,2026-08-04T17:22:45,a20a7286540afa8e99f0dde8174a91304a8a88eb,fix(dim_user): derive user_pk from durable ids instead of email (#2497),662,1126,False,0.2857142857142857,12,0.7362627330882885,0.11269035775880516,0.0025531743330731976,0.8988924350105612,0.9501510574018127,165,0.702417,0.219033,248,180,86,148,662,1
oracle__dbt-oracle,2022-04-14T06:46:40,7348c2b21883c156583adc8282876c7a993eb13d,v1.0.0 initial commit,10,3,False,0.9285714285714286,1,0.7,2.0,1.0,0.0,0.0,7,0.2,0.4,0,0,0,10,10,2
oracle__dbt-oracle,2022-06-09T17:45:59,8f68568f9edf1f2bafd7b6e593eeb33644fff97a,Fix Integration with dbt_constraints package,10,3,False,0.9285714285714286,1,0.7,2.0,1.0,0.0,0.0,7,0.2,0.4,0,0,0,10,10,2
oracle__dbt-oracle,2022-07-09T14:37:15,cf6aab0561e61346f46a8559c1141eaff68ca3f1,Added Copyright statement in new source files,15,3,False,0.9285714285714286,1,0.8,2.0,1.0,0.0,0.0,12,0.133333,0.6,0,0,0,15,15,2
oracle__dbt-oracle,2023-01-18T18:39:28,cbba6d338ed2b8eca4dce96cdf8de7ba0519a6de,Fixes and features for v1.3.2,15,3,False,0.9285714285714286,1,0.8,2.0,1.0,0.0,0.0,12,0.133333,0.6,0,0,0,15,15,2
oracle__dbt-oracle,2023-03-22T13:41:14,63701c788548856f41a6f1593e2aad21d40b4e34,Added parallel support for incremental append SQL,16,3,False,0.9285714285714286,1,0.8125,2.0,1.0,0.0,0.0,13,0.125,0.625,0,0,0,16,16,2
oracle__dbt-oracle,2023-06-01T14:13:54,8612b4a0352305cd9355e4824b8df838824bd7b5,Changes for Python models,17,3,False,0.9285714285714286,1,0.8235294117647058,2.0,1.0,0.0,0.0,14,0.117647,0.647059,0,0,0,17,17,2
oracle__dbt-oracle,2023-07-06T16:08:19,c58329d348c9a0ccfc7cf78318cd631fa9cb4ac1,ADBS OML REST API and support for async execution of Python models,17,3,False,0.9285714285714286,1,0.8235294117647058,2.0,1.0,0.0,0.0,14,0.117647,0.647059,0,0,0,17,17,2
oracle__dbt-oracle,2023-08-03T18:47:11,4684a66739b7c935f1a6c0ccd52eed7d83b867db,Preparing for development of v1.6.0 - Upgraded dbt-core to v1.6.0 - Fixed cast_bool_to_text() testcase to remove null ro,17,3,False,0.9285714285714286,1,0.8235294117647058,2.0,1.0,0.0,0.0,14,0.117647,0.647059,0,0,0,17,17,2
oracle__dbt-oracle,2023-08-09T13:28:45,d4ab58f1003fa3131dacbd2c67532a60e3a4a6ae,bugfix https://github.com/oracle/dbt-oracle/issues/100,17,3,False,0.9285714285714286,1,0.8235294117647058,2.0,1.0,0.0,0.0,14,0.117647,0.647059,0,0,0,17,17,2
oracle__dbt-oracle,2023-09-12T16:48:41,6c6d66dff78c51558f0e5dbbcbcbf6eb2a750fbb,Fixed materialized view replacement and full refresh,18,3,False,0.9285714285714286,1,0.8333333333333334,2.0,1.0,0.0,0.0,15,0.111111,0.666667,0,0,0,18,18,2
oracle__dbt-oracle,2023-11-27T17:51:13,a2856e74b8c92062b03b1fb197166b7acae530c8,Removed print() statement from Python UDF,18,3,False,0.9285714285714286,1,0.8333333333333334,2.0,1.0,0.0,0.0,15,0.111111,0.666667,0,0,0,18,18,2
oracle__dbt-oracle,2023-12-11T14:40:08,7f85e711bf9ef34d1217589dccafb142b4a372f3,Added support dbt show limit,18,3,False,0.9285714285714286,1,0.8333333333333334,2.0,1.0,0.0,0.0,15,0.111111,0.666667,0,0,0,18,18,2
oracle__dbt-oracle,2024-01-30T17:41:32,f7569d4d31e32396e178af340c059f990245d35b,v1.7.2 changes - Fixes https://github.com/oracle/dbt-oracle/issues/129 - Fixes https://github.com/oracle/dbt-oracle/issu,19,3,False,0.9285714285714286,1,0.8421052631578947,2.0,1.0,0.0,0.0,16,0.105263,0.684211,0,0,0,19,19,2
oracle__dbt-oracle,2024-03-18T11:35:44,12397ea7daefae2ddd5b9bfb8f0c0e041dd79165,Fixed delete+insert strategy based on feedback,20,3,False,0.9285714285714286,1,0.85,2.0,1.0,0.0,0.0,17,0.1,0.7,0,0,0,20,20,2
oracle__dbt-oracle,2024-07-01T14:57:19,42687955cf692a4b8477f305b99d5cb9a0ab7176,Fix ORA-12098: cannot comment on the materialized view,20,3,False,0.9285714285714286,1,0.85,2.0,1.0,0.0,0.0,17,0.1,0.7,0,0,0,20,20,2
oracle__dbt-oracle,2024-08-08T14:13:48,55830eb94e57fd6c5b751d1808f3068fcc9fd40b,v1.8.1 - oracledb python driver upgraded to 2.3.0 - Added support for BLOB column type in dbt model contracts - Fixed me,20,3,False,0.9285714285714286,1,0.85,2.0,1.0,0.0,0.0,17,0.1,0.7,0,0,0,20,20,2
oracle__dbt-oracle,2025-04-08T11:24:11,72e970bcce5f9d8787a46c8929bdb5c9e18c8245,Fixed test cases for snapshot unique_key,20,3,False,0.9285714285714286,1,0.85,2.0,1.0,0.0,0.0,17,0.1,0.7,0,0,0,20,20,2
oracle__dbt-oracle,2025-05-12T16:31:15,03f260ebbfc61beecd41328fcecf2f355a3d82de,Added support for insert append for direct path inserts fixing ER #174,20,3,False,0.9285714285714286,1,0.85,2.0,1.0,0.0,0.0,17,0.1,0.7,0,0,0,20,20,2
oracle__dbt-oracle,2025-07-03T20:30:58,a4bb867aa6c46bf04d0c201cf080b8b625a6949d,bug_179_sample data test,22,3,False,0.9285714285714286,1,0.8636363636363636,2.0,1.0,0.0,0.0,19,0.090909,0.727273,0,0,0,22,22,2
oracle__dbt-oracle,2025-09-30T23:03:03,9db39a3c9575454cf9ea51449f671ccf1eaafc35,Added comment to materialized view,22,3,False,0.9285714285714286,1,0.8636363636363636,2.0,1.0,0.0,0.0,19,0.090909,0.727273,0,0,0,22,22,2
oracle__dbt-oracle,2025-12-01T09:17:27,0b77a8ab0e59e075e8b1cac01853289dfa25e566,Support Python 3.13 and update license expression,22,3,False,0.9285714285714286,1,0.8636363636363636,2.0,1.0,0.0,0.0,19,0.090909,0.727273,0,0,0,22,22,2
oracle__dbt-oracle,2026-06-11T12:39:21,c80af1286ce4bc9fbbdfd1e779d03538f9b6a984,[Feature] Microbatch support https://github.com/oracle/dbt-oracle/issues/198 [Bugfix] https://github.com/oracle/dbt-orac,24,4,False,0.9285714285714286,1,0.8333333333333334,2.0,1.0,0.0,0.0,20,0.083333,0.666667,0,0,0,24,24,2
oracle__dbt-oracle,2026-08-03T17:44:52,5de72fbddce98a7ed389f8c47e7d41162e10eeff,Made the sampel project compatible with dbt-core v1.12.0,24,4,False,0.9285714285714286,1,0.8333333333333334,2.0,1.0,0.0,0.0,20,0.083333,0.666667,0,0,0,24,24,2
pass-culture__data-gcp,2023-12-05T17:54:00,456302f603835870dec4a51366551fdb1fd43a0f,(incremental) add firebase incremental tables,57,92,False,0.7142857142857143,5,0.4984744469870328,0.14192360255061945,0.007569523246234255,0.8705558633134559,0.7719298245614035,9,0.824561,0.105263,0,0,1,56,57,1
pass-culture__data-gcp,2023-12-21T10:48:04,a31dfdb0a83ce59cab2eda2523fe3592ac21c286,(dbt) fix javascript function call in bq (#2123),57,92,False,0.7142857142857143,5,0.4984744469870328,0.14192360255061945,0.007569523246234255,0.870555863326896,0.7719298245614035,9,0.824561,0.105263,0,0,1,56,57,1
pass-culture__data-gcp,2024-02-12T10:26:21,c8cf14e6021984380e0f139725f7671a460b22e7,MEP v277.1.0 (#2250),142,52,False,0.7857142857142857,5,0.8515845070422535,0.10661963795274966,0.011006850014945262,0.7645392185633832,0.09859154929577464,104,0.246479,0.704225,0,0,0,142,142,1
pass-culture__data-gcp,2024-03-12T10:22:36,9839646310dbb698ac8eb46d1f5cdf455e9150f0,fix: remove wrong alias (#2314),156,91,False,0.7142857142857143,5,0.8687658495350803,0.12300526148835773,0.009471942136606487,0.6461396111102787,0.2564102564102564,105,0.333333,0.666667,0,0,0,156,156,1
pass-culture__data-gcp,2024-04-12T17:25:13,ae68fc67e3ccaed65853f6c0ecf01416aec72b0b,Merge branch 'production' into master,173,124,False,0.7857142857142857,7,0.8259632420050467,0.13244794959637352,0.009399889719622127,0.5395126725239349,0.2947976878612717,100,0.381503,0.566474,0,18,7,148,173,1
pass-culture__data-gcp,2024-05-06T14:49:10,2095d00d7760fc406330de338d6a39b8bd1f4eeb,Fix join for favorites data in native_daily_user_home_module (#2495),221,281,False,0.6428571428571429,9,0.7939098316302924,0.10361941986007295,0.004804759098568887,0.9406191365905279,0.6199095022624435,77,0.656109,0.343891,0,30,11,180,221,1
pass-culture__data-gcp,2024-05-27T16:53:45,97db91b23a24ec62ec966e7d7177e9dd7eb9c560,change view configs  to dependencies,256,364,False,0.35714285714285715,11,0.8092321254863813,0.10468688650757961,0.004639875453845895,0.9479648831327108,0.703125,72,0.722656,0.277344,0,36,19,201,256,1
pass-culture__data-gcp,2024-07-11T18:58:41,61fd2c741d3abb032c2db46ea3414b010211d23f,(ci/cd) :fix custom incremental config to new models (#2786),278,399,False,0.35714285714285715,10,0.8101019184652278,0.10496430327386932,0.004961649792291449,0.9439283736955046,0.6942446043165468,72,0.715827,0.251799,0,51,29,198,278,1
pass-culture__data-gcp,2024-08-09T17:33:29,eb6afcacebf837d30a236bf57676f3a073ba8866,feat: Migrate enriched_institution_data (#2880),294,425,False,0.5714285714285714,8,0.8202237904507598,0.10358966879595068,0.0046771748289954175,0.9392201577974968,0.6938775510204082,73,0.727891,0.241497,0,69,30,195,294,1
pass-culture__data-gcp,2024-09-10T10:49:20,d7a2e44d3a8602e0367f7f1f0ce41413dcd7afe0,(fix) Add sync_all_columns in int_firebase__native_consultation (#3120),298,409,False,0.42857142857142855,9,0.8301693138639374,0.10323330289906477,0.004278760158660321,0.9368941590513451,0.6409395973154363,80,0.701342,0.255034,0,82,36,180,298,1
pass-culture__data-gcp,2024-10-09T14:41:59,0b18eee0edc0826aa0ece71fbe52b53614cc9ee8,(BSR) fix(applicative): typo error (#3269),307,415,False,0.42857142857142855,9,0.838480822688746,0.06808584780782807,0.0028216913711298255,0.9648359779480362,0.6254071661237784,84,0.697068,0.260586,0,86,39,182,307,1
pass-culture__data-gcp,2024-11-08T16:03:47,c29bb169cda367ea9a2959f6809ab9c185f4351b,(DA-3785) feat(Analytics): Add int_pcapi__native_user_feedback model (#3367),298,425,False,0.5714285714285714,12,0.8282520451743846,0.05830130204764663,0.0022325146621410314,0.9704466785797947,0.6677852348993288,72,0.728188,0.228188,0,96,39,163,298,1
pass-culture__data-gcp,2024-12-06T16:36:34,f55e88ee8cb149bbf7a813144bb1b25b445ebc50,(DA-3876) feat(Analytics): add collectiver_offer_template date range in collective_offer… (#3576),300,424,False,0.5,10,0.8308265989378897,0.058291828436686066,0.002320415307819736,0.9704873079511803,0.65,71,0.726667,0.216667,0,96,39,165,300,1
pass-culture__data-gcp,2025-01-08T09:18:01,2e1f48c5941c430005ae7ca9b7c29788c2aa9cb3,(HF) feat(applicative): fix rayon and book_editor (#3682),303,439,False,0.35714285714285715,10,0.8367811803090914,0.05834690840138907,0.0020762083423684938,0.971277972712253,0.6897689768976898,73,0.722772,0.224422,0,102,40,161,303,1
pass-culture__data-gcp,2025-02-06T14:53:06,6a03b5d418364b97271103aec013e859812f2c90,(DA-3956) feat(Analytics): Fix social network model config (#3787),313,438,False,0.42857142857142855,9,0.8423188218715375,0.05833936318551428,0.0020759467661053436,0.9710260883368212,0.6549520766773163,80,0.696486,0.233227,0,115,44,154,313,1
pass-culture__data-gcp,2025-03-06T16:15:55,20c53e9cf1c9d0742897505e507709414c05b429,(DE-1280) feat(dbt): Import special event models (#3870),330,467,False,0.6428571428571429,9,0.8454520410718758,0.05836269346358526,0.0020057541150264335,0.9721944298692263,0.6696969696969697,84,0.684848,0.224242,0,122,45,163,330,1
pass-culture__data-gcp,2025-04-08T11:32:37,212135658fa748ffe4f9f4a0d8ebba7b8b2dc1c6,"Revert ""(DE-1269) feat(item linkage): create updated item column (#3962)"" (#4019)",345,493,False,0.35714285714285715,10,0.8561543489530506,0.058125100523862286,0.0019973459254418184,0.9715360183370026,0.6579710144927536,79,0.707246,0.197101,0,123,48,174,345,1
pass-culture__data-gcp,2025-05-06T16:25:43,a2fd5f7c4bc459d00a7a2514dbe6574ad9fabba2,(BSR) feat(applicative_database): include original birth date + check date (#4087),312,485,False,0.6428571428571429,11,0.8362403673702674,0.058243112999829684,0.00207215541736206,0.9724617830532934,0.7147435897435898,50,0.769231,0.125,0,127,49,136,312,1
pass-culture__data-gcp,2025-06-03T09:34:37,5296fa148bbb123ebe65d1f070b6fc3fb86a4318,(BSR) feat(dbt): script to backfill events (#4190),309,484,False,0.42857142857142855,12,0.8354697163390111,0.05869428859567941,0.0020883706530830134,0.9788645209717163,0.7281553398058253,50,0.763754,0.126214,0,127,50,132,309,1
pass-culture__data-gcp,2025-07-07T11:05:37,a6bddc2a942dc28e91fcbfd12fe6343b4ff916ee,(DA-4283) feat(dbt): Add fields to offer model and delete future_offer (#4283),324,474,False,0.5714285714285714,10,0.8431384067122899,0.05864595509786151,0.0020866512104093476,0.9781945018235227,0.6666666666666666,66,0.725309,0.169753,0,145,50,129,324,1
pass-culture__data-gcp,2025-08-05T11:48:23,e7cbccded3c6fe7507359cb597f248eed0fee7aa,(DA-2156) docs(dbt): Add dbt doc for global offer (#4342),311,477,False,0.5714285714285714,10,0.8360268778944163,0.05864595509786151,0.0020866512104093476,0.9781945374121864,0.6945337620578779,50,0.755627,0.115756,0,145,50,116,311,1
pass-culture__data-gcp,2025-09-05T09:26:55,a46ee525f82e6daf61987abe6543cfc08e13e84b,(DE) feat(dbt): Propilote - collective (#4389),333,516,False,0.21428571428571427,10,0.8420730040929936,0.058628590221650824,0.0020732356819682563,0.9779739348148662,0.7087087087087087,53,0.756757,0.111111,0,149,67,117,333,1
pass-culture__data-gcp,2025-10-02T18:02:54,684f0d67e1fe5013dbbd885156388fc37f9f8ea5,(HF) dbt(ministry): inner join deposit on users (#4499),336,510,False,0.42857142857142855,10,0.8451006208653934,0.05874704790917764,0.0019481397977579194,0.9788305304537864,0.6875,57,0.741071,0.119048,0,150,73,113,336,1
pass-culture__data-gcp,2025-11-04T11:44:17,7c3a93f7ce72cb5cd4885b9705b31401718d1f80,(DE) feat(dbt): Adapt cultural partner external model with venues (#4585),344,511,False,0.6428571428571429,11,0.8464636409784574,0.05859162390273317,0.0017685278908919659,0.9788647759517164,0.6569767441860465,59,0.735465,0.119186,0,153,74,117,344,1
pass-culture__data-gcp,2025-12-03T17:15:28,b82332fd202d12293ff781e1d629e527d9001cb1,(DE) fix(jinja): type aware json_operation casting for titelive (#4659),360,527,False,0.35714285714285715,10,0.8499344642924016,0.058479168302000714,0.00176520035972699,0.9784280016403576,0.6361111111111111,62,0.730556,0.116667,0,167,75,118,360,1
pass-culture__data-gcp,2025-12-31T12:06:43,84b12bef14021561045a74cbdb19944a46ab8234,added location_type in collective_offer model (#4740),364,534,False,0.5,10,0.8520733811642902,0.058346707292549586,0.0018155135480240787,0.9773706056869496,0.6318681318681318,60,0.744505,0.115385,0,172,78,114,364,1
pass-culture__data-gcp,2026-01-29T19:49:46,f89321aed9badeee8f0f79d49f9c12a415d766e1,(BSR) fix(artist): Fix artist score sql (#4800),365,536,False,0.5,10,0.8528152576018333,0.05834394372818453,0.0018152951415630993,0.9773931972786235,0.6328767123287671,60,0.745205,0.115068,0,171,79,115,365,1
pass-culture__data-gcp,2026-03-03T16:21:42,d61824570285312746e2585a2a4377bf6bc03afb,(DE) fix(firebase): switch recommendation call_id to camelCase to match backend's pydantic migration (#4871),375,554,False,0.6428571428571429,10,0.8562372980910425,0.05830433945786914,0.0017591879581086362,0.9775740992527094,0.64,61,0.746667,0.112,0,172,82,121,375,1
pass-culture__data-gcp,2026-04-02T14:44:26,a48388ae10d6c4fc34645825b81d05242f395501,(BSR) remove boolean has seen tutorials (#5069),385,568,False,0.7142857142857143,11,0.8585762602673538,0.05826372593869504,0.0017569674652293317,0.9775806234369138,0.638961038961039,63,0.745455,0.111688,0,176,82,127,385,1
pass-culture__data-gcp,2026-04-30T14:49:59,07637c18304d3225d81ed63a4846f04cd170a020,(DE) feat(dbt): filter out department anomalies in kpi models (#5175),398,593,False,0.5,12,0.8592818744887227,0.058085457660882904,0.0017520828281873322,0.9760206364683177,0.6482412060301508,63,0.758794,0.110553,0,181,82,135,398,1
pass-culture__data-gcp,2026-05-28T10:21:09,036d44f034ea152524473e36fe753130fe8428cf,(BSR) feat(docs): add docs for ministry (#5293),398,595,False,0.42857142857142855,12,0.8600123219391584,0.05811628383600923,0.001752421333687252,0.9765596482695832,0.6532663316582915,63,0.758794,0.110553,0,182,81,135,398,1
pass-culture__data-gcp,2026-06-30T09:45:30,404693423b421aa8e5f802a3dd1e361f2a5327c7,feat(metabase): import report_dashboard_card raw table (#5414),418,622,False,0.35714285714285715,13,0.8618192357405196,0.05819032636385108,0.0017546380277203683,0.9761529883580579,0.6435406698564593,65,0.753589,0.107656,0,194,58,166,418,1
pass-culture__data-gcp,2026-07-31T17:25:35,6331b9456ef4c161fba4c568d3b6c059258bd4b9,(DE-4300) feat(reco): Add cloud_run_revision_name in daily_home_recommendation_offer (#5501),432,649,False,0.42857142857142855,10,0.8641544208018807,0.058138715762486005,0.0017530765647276272,0.9755235088393682,0.6504629629629629,64,0.747685,0.104167,0,202,58,172,432,1
pass-culture__data-gcp,2026-08-03T10:56:26,7b19cad7a7623d4ba61ca472f084141eaacec869,(BSR) feat(artist): add artist_music_platform for BigQuery ingestion and dbt sources (#5507),432,649,False,0.42857142857142855,10,0.8641544208018807,0.058138715762486005,0.0017530765647276272,0.9755234853963832,0.6504629629629629,64,0.747685,0.104167,0,202,58,172,432,1
patkearns10__dbt_workspace,2021-02-06T19:36:24,bf1548de569e765cafd7123570d9da5f97c2de00,adding custom schemas,6,1,False,0.9285714285714286,1,0.8333333333333334,2.0,1.0,0.0,0.0,5,0.333333,0.666667,2,0,0,4,6,1
patkearns10__dbt_workspace,2021-02-18T21:02:49,ace7da36cfd657409e947e16b58681db30239a1d,added the switch mechanism for bigquery vs snowflake augmented snapshots,8,1,False,0.9285714285714286,1,0.875,2.0,1.0,0.0,0.0,7,0.25,0.75,2,0,0,6,8,1
patkearns10__dbt_workspace,2021-03-17T17:47:53,532571256d11c121c86d64e7b6994a70a49c463c,added json unpacking in snowflake + demo files,10,2,False,0.9285714285714286,1,0.8,2.0,1.0,0.0,0.0,8,0.2,0.6,2,0,0,8,10,1
patkearns10__dbt_workspace,2021-06-04T14:18:46,681db1fd14b9510ff43742d7c1166564d369690d,model and column naming conventions validation (#31),14,4,False,0.8571428571428571,1,0.8214285714285714,0.9999999999999997,0.3333333333333332,0.0,0.0,10,0.214286,0.5,2,0,0,12,14,1
patkearns10__dbt_workspace,2021-06-17T17:20:02,c9777833c387e8ec4287123aee1e41ea7c384ae1,added hello world (#36),18,4,False,0.8571428571428571,1,0.8611111111111112,0.9999999999999997,0.3333333333333332,0.0,0.0,14,0.166667,0.611111,2,0,0,16,18,1
patkearns10__dbt_workspace,2021-07-27T13:38:23,f207ebac42347c7b4497d2c572282c22b0983fa6,added third model (#42),22,6,False,0.8571428571428571,1,0.8116883116883117,1.0,0.3333333333333333,0.0,0.0,16,0.136364,0.545455,3,0,0,19,22,1
patkearns10__dbt_workspace,2021-09-09T17:01:36,1c87aa89bdc48e421e0f376505b0d42ad89e3129,added landing materialization and demo (#44),23,6,False,0.8571428571428571,1,0.8198757763975155,1.0,0.3333333333333333,0.0,0.0,17,0.130435,0.565217,3,0,0,20,23,1
patkearns10__dbt_workspace,2021-12-22T08:24:33,d13d59b5fab1812d8e980cbf8a257b0465258de7,add helpful snowflake commands,23,6,False,0.8571428571428571,1,0.8198757763975155,1.0,0.3333333333333333,0.0,0.0,17,0.130435,0.565217,3,0,0,20,23,1
patkearns10__dbt_workspace,2022-04-06T09:17:38,58eecdd1c2541d8f1d43c817c0c1685fa65456bd,folder movement,23,6,False,0.8571428571428571,1,0.8198757763975155,1.0,0.3333333333333333,0.0,0.0,17,0.130435,0.565217,3,0,0,20,23,1
patkearns10__dbt_workspace,2022-05-07T05:47:03,e491bd23bf9efd41375f9155d2bf92ffeb589f94,skip incremental list,26,6,False,0.8571428571428571,1,0.8406593406593407,1.0,0.3333333333333333,0.0,0.0,20,0.115385,0.615385,3,0,0,23,26,1
patkearns10__dbt_workspace,2022-07-02T04:49:50,e30a767d3c3cfa5574216019fbbf01db85bdf9d2,works as a list created by the macro,31,8,False,0.8571428571428571,1,0.8129032258064516,0.9999999999999997,0.3333333333333332,0.0,0.0,23,0.096774,0.580645,5,1,0,25,31,1
patkearns10__dbt_workspace,2022-07-26T00:10:28,77e74b603a2a6191343483ee0511062a111637de,create incremental that autoincrements,43,18,False,0.5714285714285714,2,0.7693798449612403,0.43304903380028664,0.08169734561666807,0.40138238083212124,0.046511627906976744,27,0.162791,0.465116,8,1,3,31,43,1
patkearns10__dbt_workspace,2022-08-24T01:13:59,2555c4b32a494c8188cf7de14f2670576e7aa276,fix broken test,46,18,False,0.5714285714285714,2,0.7844202898550725,0.43304903380028664,0.08169734561666807,0.40138238341992744,0.043478260869565216,30,0.152174,0.5,8,1,3,34,46,1
patkearns10__dbt_workspace,2022-09-21T02:38:22,ee7c9f5471a4ab0c1a1511cd06b96a22243d1043,union one time load and -1 key values,48,18,False,0.5714285714285714,2,0.7934027777777778,0.43304903380028664,0.08169734561666807,0.4013823690112484,0.041666666666666664,32,0.145833,0.520833,8,1,3,36,48,1
patkearns10__dbt_workspace,2022-11-09T02:49:07,a50affba9f8b57dea2de8c2cbae5809c0383f008,remove unrelated commits,49,18,False,0.5714285714285714,2,0.7976190476190477,0.43304903380028664,0.08169734561666807,0.401382426319038,0.04081632653061224,33,0.142857,0.530612,8,1,3,37,49,1
patkearns10__dbt_workspace,2022-12-22T03:51:58,352d63778f3d28304f6c09bc780690879590bfbf,add example exposures,49,18,False,0.5714285714285714,2,0.7976190476190477,0.43304903380028664,0.08169734561666807,0.4013824287785583,0.04081632653061224,33,0.142857,0.530612,8,1,3,37,49,1
patkearns10__dbt_workspace,2023-01-24T05:18:33,aec3a43b20b442c2f3b04afa85d24ec0b2ab2946,add get_columns_from_models,176,144,False,0.7857142857142857,9,0.3370358995358995,0.008515100370354108,0.0015347155584872485,0.9125656294589098,0.011363636363636364,34,0.721591,0.147727,8,1,3,164,176,1
patkearns10__dbt_workspace,2023-02-10T00:48:41,5a8a61de4aab258ecc13ef6a9f9f66a6628c73df,add rows affected models,179,144,False,0.7857142857142857,9,0.34814702971127554,0.008515100370354108,0.0015347155584872485,0.912565629459233,0.0111731843575419,37,0.709497,0.162011,8,1,3,167,179,1
patkearns10__dbt_workspace,2023-03-28T04:52:10,9dcc2b0a927e9d994c7001b191a0ad1e887a13d8,add run query debug log,63,24,False,0.7142857142857143,3,0.8015873015873016,0.6103141041525827,0.1120919787580504,0.4051622773961582,0.047619047619047616,42,0.126984,0.52381,9,1,3,50,63,1
patkearns10__dbt_workspace,2023-04-12T06:23:32,2c0429ec09108a1ad01192f44cac50a48b4964e2,add models,66,29,False,0.5714285714285714,3,0.8406060606060606,0.31658510457245026,0.04971163539993894,0.49482966029043485,0.06060606060606061,41,0.181818,0.484848,9,1,5,51,66,1
patkearns10__dbt_workspace,2023-05-23T03:25:56,f22e55c8a5a4192895121c41173256fd83db787e,find tagged models in cloud ide,68,29,False,0.5714285714285714,3,0.8452941176470589,0.31658510457245026,0.04971163539993894,0.49482964761721226,0.058823529411764705,43,0.176471,0.5,9,1,5,53,68,1
patkearns10__dbt_workspace,2023-06-20T00:42:23,3f4976a067307e3eb1bfac80d300bcf711d0f639,fix cruft,66,28,False,0.5714285714285714,3,0.8481756338899196,0.31658510457245026,0.04971163539993894,0.49482961034491696,0.06060606060606061,42,0.181818,0.515152,8,1,5,52,66,1
patkearns10__dbt_workspace,2023-07-26T00:24:03,3df15d943e01c0140221fa696534fa5abaf224ae,namespacing example,74,29,False,0.5714285714285714,3,0.8578378378378378,0.31658510457245026,0.04971163539993894,0.4948296161359299,0.05405405405405406,49,0.162162,0.540541,9,2,6,57,74,1
patkearns10__dbt_workspace,2023-08-11T08:02:45,b8fc4fa03170f9368c6737c8a01309320d64cb01,snapshots and incrementals,77,31,False,0.6428571428571429,3,0.8698937426210154,0.33215764919440777,0.04587189628140243,0.522287001161075,0.06493506493506493,51,0.168831,0.545455,9,2,7,59,77,1
patkearns10__dbt_workspace,2023-09-25T02:36:54,b1655a093bc62d4b3cef7498d1f4f6aae9b6deaf,fix incrementals,489,840,False,0.14285714285714285,10,0.7236217580726841,0.14602365923677946,0.0012371949291146254,0.9300165421418283,0.9754601226993865,126,0.683027,0.235174,9,2,7,471,489,2
patkearns10__dbt_workspace,2023-10-18T03:30:56,b56881d511cf6c5efec9839ac2fbbb6ad378cb55,semantic,491,840,False,0.14285714285714285,10,0.7247475350255449,0.14602365923677946,0.0012371949291146254,0.9300165328778855,0.9714867617107943,128,0.680244,0.238289,9,2,7,473,491,2
patkearns10__dbt_workspace,2023-11-23T02:38:30,0aa3d86c8541458a3263b3f1ff17bcff92330ec4,add prehook macro,493,841,False,0.14285714285714285,10,0.7251670501314901,0.14602365923677946,0.0012371949291146254,0.9300165255939599,0.9675456389452333,129,0.677485,0.239351,9,2,8,474,493,2
patkearns10__dbt_workspace,2023-12-20T06:22:30,49728519052f8baeb4ee5e260165e71a59bfc153,"test for vars dbt build -s demos.variables.retry_variables success --vars '{""do_something"": ""yes""}'",498,842,False,0.14285714285714285,10,0.7275527449163168,0.14602365923677946,0.0012371949291146254,0.9300164639567183,0.9578313253012049,133,0.670683,0.242972,9,2,8,479,498,2
patkearns10__dbt_workspace,2024-01-23T04:15:42,e5a293aec788869e74cbe0f3a4012390a519c881,add view on top of snapshots,502,843,False,0.14285714285714285,10,0.7295252561451596,0.14602365923677946,0.0012371949291146254,0.9300164676324228,0.950199203187251,136,0.665339,0.247012,9,2,10,481,502,2
patkearns10__dbt_workspace,2024-02-21T17:57:10,b41d6451beda4eeeeb18ecd20a63b15e13d076b3,fix more stuff,507,852,False,0.14285714285714285,10,0.7255247917934655,0.14602365923677946,0.0012371949291146254,0.9300165583492116,0.9467455621301775,135,0.658777,0.242604,11,2,13,481,507,2
patkearns10__dbt_workspace,2024-03-18T16:35:30,b99c35ad0d211af447e15a24f56934b7a71e5a2c,fix things,507,852,False,0.14285714285714285,10,0.7255247917934655,0.14602365923677946,0.0012371949291146254,0.9300164624761723,0.9467455621301775,135,0.658777,0.242604,11,2,13,481,507,2
patkearns10__dbt_workspace,2024-04-16T02:45:07,96a76d47b6077a7ed439eb6f7201adb0310856f6,meta tags for unique coded tests,509,858,False,0.14285714285714285,10,0.7265534620588583,0.14602365923677946,0.0012371949291146254,0.9300165497952098,0.9508840864440079,135,0.656189,0.24165,11,2,15,481,509,2
patkearns10__dbt_workspace,2024-04-30T23:50:18,e76d29ac71793f1e9c5f42bd62f5a04ab779254a,add tags,509,858,False,0.14285714285714285,10,0.7265534620588583,0.14602365923677946,0.0012371949291146254,0.9300165422699297,0.9508840864440079,135,0.656189,0.24165,11,2,15,481,509,2
patkearns10__dbt_workspace,2024-06-18T04:34:46,3dcc86b4848a328ca9ed0c47b04c21e79e4bcb3d,backfill additions,512,859,False,0.14285714285714285,10,0.7277960149082568,0.14602365923677946,0.0012371949291146254,0.9300165465900521,0.9453125,137,0.652344,0.242188,11,2,16,483,512,2
patkearns10__dbt_workspace,2024-07-11T06:55:39,10adc30ac1e82ee82cefca270d76f20431375cee,fix yml,516,861,False,0.14285714285714285,10,0.7292841041210064,0.14602365923677946,0.0012371949291146254,0.9300164837358066,0.937984496124031,139,0.647287,0.242248,11,2,16,487,516,2
patkearns10__dbt_workspace,2024-08-08T07:32:19,079f483257e98afa8ceca52defb728ded029f02f,add custom unique tests galore,517,861,False,0.14285714285714285,10,0.7298077325463043,0.14602365923677946,0.0012371949291146254,0.930016536909933,0.9361702127659575,140,0.646035,0.243714,11,2,16,488,517,2
patkearns10__dbt_workspace,2024-09-06T07:02:15,54825831f7411730e89f9caced6f1f93fda53c40,audit timestamp table,517,861,False,0.14285714285714285,10,0.7298077325463043,0.14602365923677946,0.0012371949291146254,0.9300164767301206,0.9361702127659575,140,0.646035,0.243714,11,2,16,488,517,2
patkearns10__dbt_workspace,2024-11-29T06:32:56,19a12d5f480cd07c7cb8d9c7ceaa71affc0d21a7,add new fields,523,863,False,0.14285714285714285,10,0.7321979699663763,0.14602365923677946,0.0012371949291146254,0.9300165331060875,0.9254302103250478,144,0.638623,0.246654,11,2,16,494,523,2
patkearns10__dbt_workspace,2025-02-12T01:34:21,304b4c1f1c8ff5de85d2e0db778968b6c1f4f603,remove this logic,524,863,False,0.14285714285714285,10,0.7327090425427764,0.14602365923677946,0.0012371949291146254,0.9300164935642817,0.9236641221374046,145,0.637405,0.248092,11,2,16,495,524,2
patkearns10__dbt_workspace,2025-03-12T05:16:32,65d67d44bb7868d27ab92085abb529e9afd740fe,add drop macros for tags and directories,527,864,False,0.14285714285714285,10,0.7338768758123597,0.14602365923677946,0.0012371949291146254,0.9300165610550948,0.9184060721062619,147,0.633776,0.248577,11,2,16,498,527,2
patkearns10__dbt_workspace,2025-05-12T07:14:26,f6f6c94a520ee370e46e9e9d2707bdf6b2a25fea,add test for a+b=c,527,865,False,0.14285714285714285,10,0.7338768758123597,0.14602365923677946,0.0012371949291146254,0.9300164772869484,0.920303605313093,147,0.633776,0.248577,11,2,16,498,527,2
patkearns10__dbt_workspace,2025-06-11T12:50:02,ca4e98088ff5c4d2f92f859219ac4a3e3b92106a,Merge pull request #192 from patkearns10/snapshot-claims,529,865,False,0.14285714285714285,10,0.7348830123877382,0.14602365923677946,0.0012371949291146254,0.9300164696421355,0.9168241965973535,149,0.63138,0.251418,11,2,16,500,529,2
patkearns10__dbt_workspace,2025-07-15T06:12:32,6f577f3c9b838bdaec485c47ac83e233a4abab03,commit to create CI job,529,865,False,0.14285714285714285,10,0.7348830123877382,0.14602365923677946,0.0012371949291146254,0.9300164768808139,0.9168241965973535,149,0.63138,0.251418,11,2,16,500,529,2
patkearns10__dbt_workspace,2025-08-18T03:45:53,e9d985f4b64cbcdca9f43be9e5b6405cbbe37ee6,add long label,529,865,False,0.14285714285714285,10,0.7348830123877382,0.14602365923677946,0.0012371949291146254,0.9300164870654611,0.9168241965973535,149,0.63138,0.251418,11,2,16,500,529,2
patkearns10__dbt_workspace,2025-09-17T00:09:24,dea956b4c26f4c921fe6ce0ecde2109b0bc3f493,get project closer to fusion ready,529,865,False,0.14285714285714285,10,0.7348830123877382,0.14602365923677946,0.0012371949291146254,0.9300165548605338,0.9168241965973535,149,0.63138,0.251418,11,2,16,500,529,2
patkearns10__dbt_workspace,2025-12-17T01:29:48,5ac3796a32d65f4e94d3e2dd3f33dadb125d7d13,add demo models,530,865,False,0.14285714285714285,10,0.7353832331190822,0.14602365923677946,0.0012371949291146254,0.9300164600109797,0.9150943396226415,150,0.630189,0.25283,11,2,16,501,530,2
patkearns10__dbt_workspace,2026-03-06T06:04:34,b6da5c00a31a1cbd3c514cb843c14a975a3ba079,fix more errors,528,864,False,0.14285714285714285,10,0.7346320147450247,0.14602365923677946,0.0012371949291146254,0.9300165499094178,0.9185606060606061,149,0.632576,0.251894,11,3,14,500,528,2
patkearns10__dbt_workspace,2026-04-08T06:56:09,ac560b56c05a647cea374c6d4f3a14d97fbdcce0,fix failing nodes,527,864,False,0.14285714285714285,10,0.7341284701809735,0.14602365923677946,0.0012371949291146254,0.9300165741146401,0.920303605313093,148,0.633776,0.250474,11,3,14,499,527,2
patkearns10__dbt_workspace,2026-04-24T06:32:50,6b828bbbfb05ff39aa4c3dce9caa2590fa819300,remove meta column names,527,864,False,0.14285714285714285,10,0.7341284701809735,0.14602365923677946,0.0012371949291146254,0.9300165349660029,0.920303605313093,148,0.633776,0.250474,11,3,14,499,527,2
patkearns10__dbt_workspace,2026-06-22T01:45:32,d6d3517c5b8f134d23b159eed7205f058dbaa396,add to column with unique key,527,864,False,0.14285714285714285,10,0.7341284701809735,0.14602365923677946,0.0012371949291146254,0.9300165342040829,0.920303605313093,148,0.633776,0.250474,11,3,14,499,527,2
prefeitura-rio-smas__pipelines,2025-06-27T14:47:26,f92705637f4842df56b49abfa488f53d4f4382e5,"feature: criação da tabela abordagem, estruturação dos arquivos na pasta staging.",4,3,True,,,,,,,,1,1.0,0.0,3,0,0,1,4,1
prefeitura-rio-smas__pipelines,2025-07-01T23:13:16,d485c9f5867bb71298204240774718f01d3e1669,refactor: Colocando as funções de padronização de nomes e tratamento de duplicatas. feature: inclusão da tabela gestao_v,6,4,False,0.8571428571428571,2,0.43333333333333335,0.5857864376269045,0.17157287525380982,0.08333333333334149,0.0,2,0.666667,0.0,4,0,0,2,6,1
prefeitura-rio-smas__pipelines,2025-10-16T12:42:53,d2222e74c39f50817ae862079d6a8d77ac6be639,feat: Criação do model acolhimentos,13,8,False,0.7857142857142857,1,0.7350427350427351,1.0,0.2,0.2390335083370366,0.0,5,0.384615,0.153846,4,0,0,9,13,1
prefeitura-rio-smas__pipelines,2025-11-25T14:38:03,f1fadc71c1745fcef9896e3c4366854be4fbe389,chore: Guardando trabalho semi pronto. Falta tratar geoprocessamento,15,8,False,0.7857142857142857,1,0.7703703703703704,1.0,0.2,0.16737028759210035,0.0,7,0.333333,0.266667,4,0,0,11,15,1
prefeitura-rio-smas__pipelines,2025-12-18T19:19:22,5d5cb1878ad64199e2bef34bdd2648b551514c2a,feat(bolsa_familia): otimização da ingestão e implementação do modelo dbt folha,16,8,False,0.7857142857142857,1,0.7847222222222222,1.0,0.2,0.1501486715414701,0.0,8,0.3125,0.3125,4,0,0,12,16,1
prefeitura-rio-smas__pipelines,2026-01-22T15:22:36,9bea625d4bc1a123093ccbfbdd50c8a79ee95c31,Merge branch 'main' into refactor/rma,44,43,False,0.7142857142857143,2,0.6168831168831169,0.24793483531262256,0.02428975578044447,0.7080922599668006,0.25,12,0.340909,0.181818,8,2,1,33,44,1
prefeitura-rio-smas__pipelines,2026-02-11T20:22:33,fbb992f507578feaa34cf66eb674d504b6e9f5df,Fix: format data_entrega_text to DD/MM/YYYY and update historico_feedback logic,49,34,False,0.5,3,0.5556749015395632,0.11363826746563248,0.013987376541037171,0.5254512168313165,0.0,15,0.367347,0.183673,10,2,1,36,49,1
prefeitura-rio-smas__pipelines,2026-03-26T20:52:43,dfe877de9c581f636226eaea22acbf27f3db54a5,feat(arcgis): adicionar coluna resp_atendimento no abordagem_repeat,49,34,False,0.5,3,0.5556749015395632,0.11363826746563248,0.013987376541037171,0.5254518300183676,0.0,15,0.367347,0.183673,10,2,1,36,49,1
prefeitura-rio-smas__pipelines,2026-04-22T20:26:25,49d6479d0596539e8738bd1dcf5b646f88a6b06a,refactor: implantação da arquitetura Medallion e migração da camada raw do Prontuário Carioca,99,79,False,0.7142857142857143,7,0.6436292752082226,0.15717980586619362,0.017440806124890046,0.460278898405678,0.16161616161616163,36,0.313131,0.292929,22,10,11,56,100,1
prefeitura-rio-smas__pipelines,2026-05-20T18:45:59,2520cf7bf5e6ae56524827014fc30790b185f2c3,"fix: correct 35-column offset — extra column is between TRABALHO_INF(24) and RENDA_PER_CAPITA, not at position 0",81,80,False,0.7142857142857143,7,0.5588573069193224,0.15717980586619362,0.017440806124890046,0.4602789004543189,0.19753086419753085,17,0.382716,0.111111,22,11,11,37,81,1
prefeitura-rio-smas__pipelines,2026-06-24T18:28:59,c2f20f6fa4336b0aea42e5a5b46a9e990252e181,feat(pic): reestrutura Medallion do mart_pic_prontuario_carioca,122,148,False,0.5714285714285714,9,0.6326457114869343,0.029239338322804204,0.0014449992421460458,0.9197275790739139,0.3524590163934426,17,0.729508,0.081967,22,17,23,60,126,1
prefeitura-rio-smas__pipelines,2026-07-21T23:24:18,8f56d3efe40768cb546ffcc11eafbc5b23990e34,"feat(mart_profissionais_unidades): separar nomes, UPPER, flag_unidade_valida, filtro sem_conta",141,192,False,0.7857142857142857,8,0.6671901968964473,0.028420129877773204,0.0009442309587982466,0.9356136955634773,0.48936170212765956,18,0.758865,0.078014,22,19,31,69,145,1
prefeitura-rio-smas__pipelines,2026-07-31T16:03:30,c12ff82460ab61d99ecc939ffa1de14edb868592,Merge pull request #66 from prefeitura-rio-smas/staging/medallion-acolherio-dbt-prefect,141,186,False,0.7857142857142857,8,0.6653712879303086,0.028336556006136396,0.0009735542885318239,0.9360920864640607,0.4397163120567376,17,0.765957,0.070922,22,19,31,69,145,1
prefeitura-rio__pipelines_rj_civitas,2024-06-25T18:00:24,2c5471ed80226295685bf138c4edb59db5bc35b3,first commit,2,1,True,,,,,,,,1,1.0,0.0,0,0,0,2,2,1
prefeitura-rio__pipelines_rj_civitas,2024-08-22T18:50:53,5579200d76219eb4a087c4363378ffb9046ff8bd,fix: removing order by,10,4,False,0.8571428571428571,1,0.6,1.0,0.3333333333333333,0.0,0.0,6,0.3,0.4,4,0,0,6,10,1
prefeitura-rio__pipelines_rj_civitas,2024-09-23T14:04:56,9f84aa1c595d734a300c93c4746a8276da931cca,docs: update table columns docs,11,2,False,0.8571428571428571,1,0.8181818181818182,1.0,0.3333333333333333,0.0,0.0,9,0.272727,0.727273,2,0,0,9,11,1
prefeitura-rio__pipelines_rj_civitas,2024-10-03T11:20:33,5069ab3ac0ef1d45323e7867e58b7c5d3e055309,refactor: converting data_report from gtm-3 to UTC.,14,2,False,0.8571428571428571,1,0.8571428571428571,1.0,0.3333333333333333,0.0,0.0,12,0.214286,0.785714,2,0,0,12,14,1
prefeitura-rio__pipelines_rj_civitas,2024-11-13T22:36:02,24fd7c4f7af335b27bedabc7e932de2c0a1baedd,"feat: add ""state"" column to tables telegram_georreferenciado and twitter_georreferenciado",21,3,False,0.8571428571428571,1,0.8571428571428571,1.0,0.3333333333333333,0.0,0.0,18,0.142857,0.761905,2,0,0,19,21,1
prefeitura-rio__pipelines_rj_civitas,2024-12-03T13:20:18,919d53b62381422145bd8e6c4e92843e26753c3b,refactor: Set coordinates as NULL if locality is 'Rio de Janeiro'.,21,3,False,0.8571428571428571,1,0.8571428571428571,1.0,0.3333333333333333,0.0,0.0,18,0.142857,0.761905,2,0,0,19,21,1
prefeitura-rio__pipelines_rj_civitas,2025-01-06T12:23:19,7c37350c2a5db55e5220cd81018c53bcd2b82170,fix: adjust query wildcard to fetch data from all years,21,3,False,0.8571428571428571,1,0.8571428571428571,1.0,0.3333333333333333,0.0,0.0,18,0.142857,0.761905,2,0,0,19,21,1
prefeitura-rio__pipelines_rj_civitas,2025-05-14T19:55:28,d390633cd2930579dcc14c52b66ef1bc5f42a2fb,"Revert ""refactor: change materialization and updated_at column""",22,3,False,0.8571428571428571,1,0.8636363636363636,1.0,0.3333333333333333,0.0,0.0,19,0.136364,0.772727,2,0,0,20,22,1
prefeitura-rio__pipelines_rj_civitas,2025-05-25T17:59:53,6731345742f5879e96e1acd5bd48a0ddc046fdf8,fix: temporary fix. revert when implement weaviate update,22,3,False,0.8571428571428571,1,0.8636363636363636,1.0,0.3333333333333333,0.0,0.0,19,0.136364,0.772727,2,0,0,20,22,1
prefeitura-rio__pipelines_rj_civitas,2025-07-09T20:16:14,a7251341202a4d24e6af7fe72c3bb1da86bbfd84,refactor!(queries): replace camera_numero with codcet and migrate to incremental materialization,22,4,False,0.8571428571428571,1,0.8181818181818182,1.0,0.3333333333333333,0.0,0.0,18,0.136364,0.681818,2,0,0,20,22,1
prefeitura-rio__pipelines_rj_civitas,2025-09-13T18:07:09,eca2aeedbe1c329a0ab8ce72a17c1c32b929bdf7,feat: add codcet camera numero mapping table with tests and docs,26,19,False,0.7857142857142857,4,0.6071428571428571,0.17779142837460438,0.028672644251133785,0.5814549483605028,0.0,7,0.461538,0.153846,2,0,0,24,26,1
prefeitura-rio__pipelines_rj_civitas,2026-01-12T17:16:29,d1aad7297eb1f82e71c28f913189d002aa9c660e,refactor(dbt): change equipamento_codcet source to stg_cerco_digital,26,19,False,0.7857142857142857,4,0.6071428571428571,0.17779142837460438,0.028672644251133785,0.5814549483591093,0.0,7,0.461538,0.153846,2,0,0,24,26,1
prefeitura-rio__pipelines_rj_civitas,2026-05-14T18:16:58,e92998e0cbfef66ec338b25517fe2622da3b66cc,refactor: add civitas streaming url,37,36,False,0.7142857142857143,4,0.6366366366366366,0.22580430859341452,0.02776869150787557,0.4248144340589995,0.16216216216216217,7,0.513514,0.108108,2,0,0,35,37,1
prefeitura-rio__pipelines_rj_civitas,2026-06-01T20:01:54,879c8578d361c59eda49e504060f985610d0c2a1,fix: update equipamento model to use {{ ref('lpr_cameras') }} instead of hardcoded rj-civitas-dev.lpr.cameras,37,37,False,0.6428571428571429,4,0.6199110502907971,0.2084149113421524,0.02561708450866343,0.42451394214618454,0.16216216216216217,6,0.540541,0.081081,2,0,0,35,37,1
prefeitura-rio__pipelines_rj_civitas,2026-07-15T15:19:08,b438f1eb49ae03d9402c45576ef9597bf33d0328,fix: filter registers without tags from palver and create schema with tests for reports,43,41,False,0.7142857142857143,4,0.63471355643789,0.20841491134215226,0.02561708450866342,0.42451400783182636,0.13953488372093023,8,0.465116,0.116279,2,0,0,41,43,1
prefeitura-rio__pipelines_rj_civitas,2026-07-27T10:16:02,8139166c917d2f97d91f536d3e21acfa2960531c,fix: jinja sintax spaces,44,42,False,0.7142857142857143,4,0.6259358288770054,0.20834224633632822,0.025603635524101127,0.41038358732159097,0.13636363636363635,8,0.477273,0.113636,2,0,0,42,44,1
prefeitura-rio__pipelines_rj_smtr,2023-12-13T17:39:45,d48614dc80267cf288a295f42026a377c01c4821,fix subsidio schema,120,154,False,0.9285714285714286,7,0.6458278291501541,0.018151130319465844,0.0013774763807465132,0.5431757291564445,0.43333333333333335,18,0.7,0.116667,14,0,1,105,120,1
prefeitura-rio__pipelines_rj_smtr,2024-03-15T16:32:48,f79d4a578c17288200e8497e023d9d75860f0697,alterar dataset dicionario,19,4,False,0.7857142857142857,2,0.868421052631579,0.3819660112501052,0.10557280900008412,0.1538461538461436,0.0,15,0.263158,0.736842,16,0,0,3,19,1
prefeitura-rio__pipelines_rj_smtr,2024-06-19T15:54:20,fe6f8b3b4244b532af1cf069669f5d8b9fc5d4f4,HOTFIX - Remove filtro de gratuidade da tabela transacao (#69),187,264,False,0.9285714285714286,10,0.6471313215702386,0.01278879811817287,0.000790404802562012,0.7603690115557322,0.5080213903743316,18,0.860963,0.058824,36,0,1,150,187,1
prefeitura-rio__pipelines_rj_smtr,2024-07-18T10:51:37,0358a8610e8364c87a8710cbf08dfae86ba01d68,Adiciona transações de Van na tabela passageiros_hora (#110),204,293,False,0.9285714285714286,10,0.6301059883412825,0.01293590506019742,0.0007969861875665259,0.8882211782710698,0.5441176470588235,22,0.852941,0.073529,50,0,1,153,204,1
prefeitura-rio__pipelines_rj_smtr,2024-08-13T18:06:00,fea62255916394d9b4ea35f3a814a38418ccccf9,Adicionado filtro para remover viagens do serviço SE001 da apuração do subsídio (#144),209,301,False,0.9285714285714286,10,0.6157363104731526,0.013576836527658115,0.0008365884984536362,0.9409950120680048,0.5550239234449761,24,0.842105,0.076555,51,0,1,157,209,1
prefeitura-rio__pipelines_rj_smtr,2024-09-17T19:34:52,e0cfb90b56a5af2fdf409151bc2d77cafd0c72b1,corrige tratamento de viagens (#234),224,339,False,0.7142857142857143,9,0.6398117626648161,0.014438511467546938,0.000837273214908921,0.9447255464516159,0.6339285714285714,27,0.834821,0.080357,55,0,1,168,224,1
prefeitura-rio__pipelines_rj_smtr,2024-10-17T11:47:45,9dc7041c74a8cc525a59da872a48d2691c79b764,remove a coluna sentido de sumario_servico_dia_tipo (#275),226,340,False,0.8571428571428571,11,0.6447706069981054,0.014439447125577775,0.0008373272998309288,0.944918968946326,0.6283185840707964,28,0.827434,0.079646,56,0,1,169,226,1
prefeitura-rio__pipelines_rj_smtr,2024-11-14T13:58:50,e433d0b7f8ac611f8c694309550b666c17258be5,[HOTFIX] Corrige referência nas colunas do modelo `calendario` (#328),236,354,False,0.9285714285714286,9,0.65319786496863,0.022321562884018993,0.0011634789309992672,0.8884693095540005,0.6271186440677966,30,0.826271,0.084746,61,0,1,174,236,1
prefeitura-rio__pipelines_rj_smtr,2024-12-16T17:56:12,bfdc2497ddb37406d67ca96fa97cb2c90148696e,Desativa temporariamente o modelo `viagem_planejada_planejamento` (#364),243,368,False,0.8571428571428571,10,0.6485835121435457,0.02769747254633638,0.0014388467221003816,0.824600705137351,0.6460905349794238,32,0.823045,0.090535,67,0,1,175,243,1
prefeitura-rio__pipelines_rj_smtr,2025-01-13T09:29:59,e7fed7b013fced26a435914fc66cc25360123e44,corrige deduplicação (#385),248,371,False,0.7857142857142857,9,0.6547692056093871,0.028832928673620306,0.001497731383652791,0.8058113302196388,0.6330645161290323,34,0.818548,0.096774,67,0,1,180,248,1
prefeitura-rio__pipelines_rj_smtr,2025-02-14T14:11:51,f64c2a768eaf602cff9d4c29b12b6fac7090fb4a,corrige virgula entre campos (#432),262,398,False,0.5,9,0.6634977981636102,0.028724469123894994,0.001491798273573576,0.8207242435446955,0.648854961832061,34,0.828244,0.091603,74,0,1,187,262,1
prefeitura-rio__pipelines_rj_smtr,2025-03-13T19:14:03,8df1c1ed90ca455f583843a2c76b8f41983a677a,Financeiro - Adiciona testes do DBT na tabela de ordem de pagamento (#474),263,399,False,0.7857142857142857,9,0.662557360219071,0.0286460154007919,0.0014877237969740911,0.8188049250605821,0.6463878326996197,34,0.828897,0.091255,75,0,1,187,263,1
prefeitura-rio__pipelines_rj_smtr,2025-04-10T16:54:15,43b43fa561a2ae17398e297665179228b77f64aa,[HOTFIX] Altera coluna no modelo autuacao (#538),279,432,False,0.7142857142857143,9,0.6455004355338503,0.029121808388373204,0.0015067910049650698,0.8075657849376585,0.6666666666666666,33,0.831541,0.078853,85,0,1,193,279,1
prefeitura-rio__pipelines_rj_smtr,2025-05-14T12:09:42,d349769b0baa95c568e15e5e7172f14bf2a1aeeb,Remove o valor da penalidade da coluna valor_judicial (#580),282,431,False,0.8571428571428571,10,0.6494193284453238,0.029064410926568578,0.0015081440473933988,0.8062744888086817,0.6524822695035462,35,0.826241,0.085106,86,0,1,195,282,1
prefeitura-rio__pipelines_rj_smtr,2025-06-11T16:28:23,70ea3e327bf97de86d1ca8ee6dcea82672b36d17,Altera ordem_servico_diaria (#620),296,448,False,1.0,11,0.6608136028590574,0.02731374617763559,0.00141647135412998,0.8352713271741347,0.6418918918918919,38,0.824324,0.091216,96,0,1,199,296,1
prefeitura-rio__pipelines_rj_smtr,2025-07-11T14:31:56,fbb32ca623bf21a157f4ec65f418c508fe7ace94,[HOTFIX] Teste dbt_utils.relationships_where__id_auto_infracao__autuacao_disciplinar_historico (#693),313,475,False,0.9285714285714286,11,0.6637970985136558,0.027187228123670863,0.0013963107971763696,0.8258108058354985,0.6389776357827476,38,0.827476,0.079872,104,0,1,208,313,1
prefeitura-rio__pipelines_rj_smtr,2025-08-13T14:40:07,04706f3205491289d31517752f74f66c1dadb9dc,Merge branch 'main' into staging/testes-bilhetagem,360,552,False,0.8571428571428571,11,0.652875265591801,0.02063429450627228,0.0009679885977124562,0.8372968579121715,0.6444444444444445,40,0.841667,0.072222,132,0,1,227,360,1
prefeitura-rio__pipelines_rj_smtr,2025-09-12T16:23:30,69c392570d024f9c46cd1cf532674a12e515b54e,Bilhetagem - Correções nos modelos de cliente por CPF (#871),370,558,False,0.8571428571428571,12,0.6633848322392125,0.02062308308133372,0.0009258795243270874,0.8471342058506214,0.6243243243243243,43,0.837838,0.078378,137,0,1,232,370,1
prefeitura-rio__pipelines_rj_smtr,2025-10-10T10:12:40,82f574d063f6fbbe8b5c40356efd5da684c9bcb2,Adiciona BRT ESP na regra de modo do modelo (#937),395,580,False,0.6428571428571429,11,0.6733016084515085,0.02071248395777897,0.0008881548994796951,0.8721120347656403,0.610126582278481,56,0.817722,0.108861,156,0,1,238,395,1
prefeitura-rio__pipelines_rj_smtr,2025-11-11T20:28:12,7189b68e2887cf5ab82462462dc719cfdb552d4f,Mudança de regra de vistoria ao trocar placa do veículo (#1048),430,614,False,0.9285714285714286,11,0.6928720258099207,0.019650664444111975,0.0008417384375043003,0.16660557024940126,0.5883720930232558,69,0.783721,0.125581,159,0,1,270,430,1
prefeitura-rio__pipelines_rj_smtr,2025-12-11T21:05:08,560b1ac31c756fd23f4af60de8dfa157c6f6fa02,Indicador Euro VI (#983),441,633,False,0.7857142857142857,12,0.694473873338042,0.020896042640630285,0.0008950809187173782,0.940385452972215,0.6009070294784581,73,0.780045,0.131519,162,0,1,278,441,1
prefeitura-rio__pipelines_rj_smtr,2026-01-08T15:57:27,2d89e11b2f3b196da3a20ccec3c6fb8627cd3103,[HOT-FIX] Corrige o case when da trips_filtrada_aux_gtfs (#1163),443,638,False,0.9285714285714286,12,0.6934887125510049,0.020895755542306882,0.0008950679197933993,0.9405893685300729,0.6049661399548533,73,0.781038,0.130926,163,0,1,279,443,1
prefeitura-rio__pipelines_rj_smtr,2026-02-09T15:38:59,8df7635a5781e2e43ecc1920667b18f29516caa0,Altera tipo de dia para LECD 126 considerando o ponto facultativo como sábado (#1217),446,644,False,0.9285714285714286,11,0.6912879390219339,0.02089831766016868,0.0008949467797106918,0.9403322348998535,0.6076233183856502,73,0.782511,0.130045,165,0,1,280,446,1
prefeitura-rio__pipelines_rj_smtr,2026-03-10T18:44:35,5d6ba3193f5d93ba8aa3bb4277ef03ccaac50665,Atualiza modelo `viagens_remuneradas` devido a excepcionalidade acima do limite em fev q2 (#1314),447,646,False,0.8571428571428571,10,0.6908647254095404,0.020897844210758774,0.000894927117858755,0.9411747633244432,0.6085011185682326,73,0.782998,0.129754,165,0,1,281,447,1
prefeitura-rio__pipelines_rj_smtr,2026-04-10T17:44:15,0ad85cce2b442021820e180837e6193531862435,Adiciona exceção ao modelo `subsidio_penalidade_servico_faixa_v2` (#1390),447,647,False,0.8571428571428571,11,0.6912378074568226,0.020897848817784562,0.0008947693822870256,0.9411752927250546,0.610738255033557,73,0.782998,0.129754,165,0,1,281,447,1
prefeitura-rio__pipelines_rj_smtr,2026-05-08T16:57:56,32bc833f08056459b5a236e36daa28b040fd435d,Adiciona exceção de excepcionalidade para abril q2 (#1446),447,647,False,0.8571428571428571,11,0.6912378074568226,0.020897848817784562,0.0008947693822870256,0.9411727567979089,0.610738255033557,73,0.782998,0.129754,165,0,1,281,447,1
prefeitura-rio__pipelines_rj_smtr,2026-05-15T15:19:01,34a620c77fc74d27f6fd44500669041df0fc1856,Atualiza data de referência para DBT e adiciona filtro por versão de feed na consulta de subsídio (#1459),447,647,False,0.8571428571428571,11,0.6912378074568226,0.020897848817784562,0.0008947693822870256,0.9411727333669264,0.610738255033557,73,0.782998,0.129754,165,0,1,281,447,1
prefeitura-rio__queries-datario,2021-12-06T09:30:03,59278b7ba71eefe8a6aa732cb84aa3953d1da3e3,initial commit - template + changes,2,1,True,,,,,,,,1,1.0,0.0,0,0,0,2,2,1
prefeitura-rio__queries-datario,2022-01-26T13:39:37,e4a3bf5ec6bdea7123668c8f7e42521dc5d321a1,fix sql,3,1,True,,,,,,,,2,0.666667,0.333333,0,0,0,3,3,1
prefeitura-rio__queries-datario,2022-02-23T15:07:42,b2c6b0fca260ece286b79d1d2c72715e81a217e7,Alterando query de chamado_tratada_estruturada,29,1,False,0.9285714285714286,1,0.9655172413793104,2.0,1.0,0.0,0.0,28,0.068966,0.931034,0,0,0,29,29,1
prefeitura-rio__queries-datario,2022-03-24T19:20:13,e229bfba054f4a07078b0fb79bc55f513fb98b20,move SME queries to the correct repo,24,1,False,0.9285714285714286,1,0.9583333333333334,2.0,1.0,0.0,0.0,23,0.083333,0.916667,0,0,0,24,24,1
prefeitura-rio__queries-datario,2022-04-28T16:46:11,a1d0fa5454faf4a77906b057461e99b8312ca3a0,adição queries precupitação e meteorologia,5,1,False,0.9285714285714286,1,0.8,2.0,1.0,0.0,0.0,4,0.4,0.6,0,0,0,5,5,1
prefeitura-rio__queries-datario,2022-06-03T21:51:41,0e4d9b7287e6787a385773a0a5665c86e0a06985,alterações queries para salvarem a data da última partição,19,0,False,,,0.0,0.0,0.0,0.0,0.0,19,0.052632,1.0,0,0,0,19,19,1
prefeitura-rio__queries-datario,2022-06-24T14:55:40,6bb353cef64a7a43070370c8c67a393d86e2f413,Update metadata,21,0,False,,,0.0,0.0,0.0,0.0,0.0,21,0.047619,1.0,0,0,0,21,21,1
prefeitura-rio__queries-datario,2022-07-28T23:07:31,3da40797428f52a46821b061c8eca5db3b53d466,Merge branch 'master' of https://github.com/prefeitura-rio/queries,25,0,False,,,0.0,0.0,0.0,0.0,0.0,25,0.04,1.0,0,0,0,25,25,1
prefeitura-rio__queries-datario,2022-08-15T20:04:58,c9c42a849f7572ab07c4cb8a04fcc11862f99aef,Update metadata,26,0,False,,,0.0,0.0,0.0,0.0,0.0,26,0.038462,1.0,0,0,0,26,26,1
prefeitura-rio__queries-datario,2022-09-26T18:58:52,abb767cbc92be160d31aa08c506b5ea7c5405b32,Update metadata,27,0,False,,,0.0,0.0,0.0,0.0,0.0,27,0.037037,1.0,0,0,0,27,27,1
prefeitura-rio__queries-datario,2022-10-05T17:09:42,1c1c59d824a7e432670568ea0558a9a874ca17c3,Update metadata,27,0,False,,,0.0,0.0,0.0,0.0,0.0,27,0.037037,1.0,0,0,0,27,27,1
prefeitura-rio__queries-datario,2022-11-22T14:32:37,68b157578e4e2c8b8c2f1e3628c3d42df8424d1b,Update metadata,30,0,False,,,0.0,0.0,0.0,0.0,0.0,30,0.033333,1.0,0,0,0,30,30,1
prefeitura-rio__queries-datario,2022-12-16T17:47:28,73b87d9efe9d3d37af04922e2de15b148888062e,Merge pull request #49 from prefeitura-rio/feat/add-dates-param-viagem-onibus,30,0,False,,,0.0,0.0,0.0,0.0,0.0,30,0.033333,1.0,0,0,0,30,30,1
prefeitura-rio__queries-datario,2023-01-12T17:12:12,207b1ecd60ed1add20cc27ed116a8c781b63140b,adição do schema,40,0,False,,,0.0,0.0,0.0,0.0,0.0,40,0.025,1.0,0,0,0,40,40,1
prefeitura-rio__queries-datario,2023-02-23T19:16:29,de49144ec28803208258dad4d1b9c60ddba4be13,alterando dataset inmet,40,0,False,,,0.0,0.0,0.0,0.0,0.0,40,0.025,1.0,0,0,0,40,42,1
prefeitura-rio__queries-datario,2023-03-14T12:24:59,6ee99716a8ce195e0bb5d6b79d1d6148c3140b18,Update metadata,40,0,False,,,0.0,0.0,0.0,0.0,0.0,40,0.025,1.0,0,0,0,40,40,1
prefeitura-rio__queries-datario,2023-05-03T22:27:51,16ce7665afbdf2cc2417169677aa0108da52c50a,hotfix: viagem_onibus.sql update date param,40,0,False,,,0.0,0.0,0.0,0.0,0.0,40,0.025,1.0,0,0,0,40,40,1
prefeitura-rio__queries-datario,2023-06-16T13:31:55,dc14ea0d9d87d0ec3ffe3faa3f0f40bfe8274c66,Update metadata,42,0,False,,,0.0,0.0,0.0,0.0,0.0,42,0.02381,1.0,0,0,0,42,42,1
prefeitura-rio__queries-datario,2023-06-30T00:09:02,3318389c861694b981a8311409602391801ee578,Update metadata,42,0,False,,,0.0,0.0,0.0,0.0,0.0,42,0.02381,1.0,0,0,0,42,42,1
prefeitura-rio__queries-datario,2023-10-26T20:03:33,ebbcdad14be70ef5395970e94100b9ab1c683b4c,Update metadata,42,0,False,,,0.0,0.0,0.0,0.0,0.0,42,0.02381,1.0,0,0,0,42,42,1
prefeitura-rio__queries-datario,2023-11-22T18:38:22,a7717d07446b85ed6c012be418e2d58399ab4848,Update metadata,43,0,False,,,0.0,0.0,0.0,0.0,0.0,43,0.023256,1.0,0,0,0,43,43,1
prefeitura-rio__queries-datario,2023-12-15T14:12:00,b1cf22d4877456aac56cebc968024a218aa05d24,Update metadata,45,0,False,,,0.0,0.0,0.0,0.0,0.0,45,0.022222,1.0,0,0,0,45,45,1
prefeitura-rio__queries-datario,2024-01-24T21:13:30,b6723a1201e83ab17f7ee91034d853afb2c30925,Update metadata,46,0,False,,,0.0,0.0,0.0,0.0,0.0,46,0.021739,1.0,0,0,0,46,46,1
prefeitura-rio__queries-datario,2024-02-06T17:23:19,f309f595a53e3ae85ee6c563bac2ada064f6d674,add: turismo_fluxo_visitantes table to datario since it is already public,47,0,False,,,0.0,0.0,0.0,0.0,0.0,47,0.021277,1.0,0,0,0,47,47,1
prefeitura-rio__queries-datario,2024-03-15T13:38:20,e388ab52fc6c0a1cf33d9964b398aea640da1f1a,adding inea materialization,55,0,False,,,0.0,0.0,0.0,0.0,0.0,55,0.018182,1.0,0,0,0,55,55,1
prefeitura-rio__queries-datario,2024-08-26T18:38:02,f1d5964df1965690542332175d98a6b13c7e84dc,adding new zonaemento,53,0,False,,,0.0,0.0,0.0,0.0,0.0,53,0.018868,1.0,0,0,0,53,53,1
prefeitura-rio__queries-rj-iplanrio,2025-04-16T11:19:36,d95c0ddfdb3e513d3083d71b491f03d9cb7ee97c,chore: Add .gitkeep file to models/mart directory,2,0,True,,,,,,,,2,0.5,1.0,0,0,0,2,2,1
prefeitura-rio__queries-rj-iplanrio,2025-05-23T15:54:43,9966dc7a793fbac2123881b8dd610e338e274540,Merge branch 'master' of https://github.com/prefeitura-rio/queries-rj-iplanrio,18,4,False,0.7857142857142857,1,0.7777777777777778,1.0,0.2,0.15315014903385174,0.0,14,0.277778,0.722222,4,4,1,9,18,1
prefeitura-rio__queries-rj-iplanrio,2025-06-16T16:42:38,0b1f5d8494d9b9be68a7d27f7616d3580fb6d605,refactor: remove unidades administrativas staging source and update related SQL model,19,4,False,0.7857142857142857,1,0.7894736842105263,1.0,0.2,0.19481329944311312,0.0,15,0.263158,0.736842,4,4,1,10,19,1
prefeitura-rio__queries-rj-iplanrio,2025-07-22T05:37:19,5a9c73be4535c94c63f4d5420d133085af6f2fd5,refactor: enhance raw_bcadastro_cnpj model by updating descriptions,19,7,False,0.6428571428571429,3,0.706766917293233,0.3819660112501054,0.0739635307602976,0.22222222222225305,0.0,12,0.368421,0.526316,4,0,1,14,19,1
prefeitura-rio__queries-rj-iplanrio,2025-08-22T15:06:53,92e6a76a27653cb26cf332b4c9d166b0c5264f49,Update setur,212,100,False,0.7142857142857143,4,0.7647941680960549,0.33388607118273805,0.026295189645823783,0.5741329386151338,0.10377358490566038,134,0.122642,0.551887,4,1,23,184,212,1
prefeitura-rio__queries-rj-iplanrio,2025-09-19T20:39:04,8b768e029e79ac134030002e54d450561f119836,Merge branch 'master' of https://github.com/prefeitura-rio/queries-rj-iplanrio into fix/bcadastro-cnpj-parse,242,102,False,0.7142857142857143,4,0.7922166029357346,0.34011750515948413,0.025303726447962957,0.6273192728506661,0.09504132231404959,163,0.107438,0.603306,4,1,24,213,242,1
prefeitura-rio__queries-rj-iplanrio,2025-10-20T16:32:40,bd37bcf405a34a0212fe04ae1b02421679d47458,Merge branch 'staging/tool_equipamentos_smas',277,118,False,0.7142857142857143,4,0.7780845190061584,0.34011750515948413,0.025303726447962957,0.627319281162048,0.08303249097472924,182,0.093863,0.566787,4,1,25,247,277,1
prefeitura-rio__queries-rj-iplanrio,2025-11-19T17:56:35,00f444de689814a3172e96703d42c2862edefcbf,Merge branch 'master' into feat/add-unidade_administrativa,319,147,False,0.7142857142857143,4,0.7568205096371706,0.34011750515948413,0.025303726447962957,0.6273192809846438,0.0877742946708464,200,0.081505,0.514107,4,1,27,287,319,1
prefeitura-rio__queries-rj-iplanrio,2025-12-18T12:41:07,6f54b40f5a3e3a6c80c9955b26f71b8dad3e1cf9,Merge branch 'master' into feat/add-sicop_new,334,173,False,0.7142857142857143,4,0.7429708484266035,0.34011750515948413,0.025303726447962957,0.6273195766995051,0.11077844311377245,198,0.077844,0.479042,4,1,32,297,334,1
prefeitura-rio__queries-rj-iplanrio,2026-01-12T14:40:16,efa013a1cdb8265c5050990c2d1bad5300fbd830,add schema in dbt_project.yml and remove .claude,339,175,False,0.7142857142857143,4,0.7448558184335681,0.34011750515948413,0.025303726447962957,0.6273192361420703,0.10914454277286136,201,0.076696,0.480826,4,1,32,302,339,1
prefeitura-rio__queries-rj-iplanrio,2026-02-11T16:29:04,f9817f649285fead85e7d9fbaf80fdfcaeaeb4e3,"Altera materialização de views para tables nos modelos de municípios, unidades federativas, sexos e CBOs",357,175,False,0.7142857142857143,4,0.7577202309495227,0.34011750515948413,0.025303726447962957,0.6273195446081264,0.10364145658263306,219,0.072829,0.507003,4,1,32,320,357,1
prefeitura-rio__queries-rj-iplanrio,2026-03-20T15:11:02,269e6428fb91915174a33a204b92f7fcb28039e4,fix: add table alias prefixes to selected columns for clarity in SQL queries,414,241,False,0.7142857142857143,11,0.8025464668795546,0.18272945971665489,0.010706962734650912,0.7622216473071823,0.11352657004830918,220,0.089372,0.42029,4,1,47,362,414,1
prefeitura-rio__queries-rj-iplanrio,2026-04-17T07:06:05,5cfcd7d5b6de60442c7bfe9729e11283fc1e0ab6,Fix identification of equipment by updating id_equipe to id_ine in the SQL query,415,241,False,0.7142857142857143,11,0.8030222585256279,0.18272945971665344,0.010706962734650825,0.7622216473074425,0.11325301204819277,221,0.089157,0.421687,4,1,73,337,415,1
prefeitura-rio__queries-rj-iplanrio,2026-05-19T13:13:37,e0db84237d5a05859c7d35b9b298c348e8cc13b2,feat: add QMD mission details model with incremental processing and comprehensive metadata,440,256,False,0.7142857142857143,11,0.8007188160676533,0.18272945971665344,0.010706962734650825,0.7622216473066586,0.11363636363636363,234,0.084091,0.425,4,1,75,360,440,1
prefeitura-rio__queries-rj-iplanrio,2026-06-16T18:25:29,29c98073454870d4e60aaaafa998b76efd5102ad,fix(sme) fix query avaliacao_bimestral_2021_a_2026 (#273),527,275,False,0.7142857142857143,11,0.8265891312340727,0.18272945971665344,0.010706962734650825,0.7622216473072421,0.11195445920303605,311,0.070209,0.500949,4,1,79,443,527,1
prefeitura-rio__queries-rj-iplanrio,2026-07-16T17:33:03,c1cd086cb1549094bfb133e329a26aa972605a7e,fix(mart): add 2026 in table claro (#286),535,282,False,0.7142857142857143,11,0.8224954910641089,0.18272945971665344,0.010706962734650825,0.7622216473074775,0.11214953271028037,313,0.069159,0.495327,4,1,80,450,535,1
prefeitura-rio__queries-rj-iplanrio,2026-08-04T16:04:35,874f335db068bb1b7cae8f7bec73c5164fe5ed5a,add(dbt): activate  model dialogflowcx (#290),538,286,False,0.7142857142857143,11,0.8195583899500064,0.18272945971665344,0.010706962734650825,0.7622216473068076,0.11152416356877323,312,0.068773,0.490706,4,1,85,448,538,1
prefeitura-rio__queries-rj-sms,2022-10-18T16:32:24,d9e23d694a88142439427a22918f07389b3ddc85,initial commit,2,1,True,,,,,,,,1,1.0,0.0,0,0,0,2,2,1
prefeitura-rio__queries-rj-sms,2022-11-25T11:14:52,ca386af9ab8a1d35fb2fb53dd2ced49c1e2d0bb0,feat: cast types and rename columns for `srag`,3,1,True,,,,,,,,2,0.666667,0.333333,0,0,0,3,3,1
prefeitura-rio__queries-rj-sms,2023-01-15T15:45:50,a5d78ecc471a7218ba9770f54c8d8d9bff6ef3a5,Update srag.sql,3,1,True,,,,,,,,2,0.666667,0.333333,0,0,0,3,3,1
prefeitura-rio__queries-rj-sms,2023-10-13T11:36:37,769a40a86625ea1d005fa5e6567020bf5a283d79,add new models,5,2,False,0.8571428571428571,1,0.6,0.9999999999999997,0.3333333333333332,0.0,0.0,3,0.6,0.4,0,0,0,5,5,1
prefeitura-rio__queries-rj-sms,2023-11-06T19:13:03,d70ce8d6e8ddfbca9aaabd9a51a19f01f573fda9,Update SQL queries to include mes_particao column,26,31,False,0.7142857142857143,5,0.49633699633699635,0.44957945303561786,0.046045911515608925,0.3555308885289013,0.34615384615384615,4,0.884615,0.115385,0,8,6,12,26,1
prefeitura-rio__queries-rj-sms,2023-12-04T16:04:03,98d020efbc7a302d338b44154a8521290caed502,Update dimension and mart schema names,33,49,False,0.6428571428571429,4,0.521984551396316,0.4561137491125236,0.03646223882707988,0.4047545075693109,0.6060606060606061,4,0.909091,0.090909,0,13,7,13,33,1
prefeitura-rio__queries-rj-sms,2024-01-11T06:25:46,55889bc6225a90ad40b3b70c7fe5068c5a346537,Add two new SQL scripts for inventory analysis,43,63,False,0.7142857142857143,4,0.6127722406792174,0.46182947485121917,0.030115003703469985,0.7791952977652922,0.6976744186046512,10,0.790698,0.209302,0,15,11,17,43,1
prefeitura-rio__queries-rj-sms,2024-02-09T06:37:29,99a2d0f1bfd0c589c749c7b8343e5e431432dcbd,"Change materialized property to ""incremental"" in reprocessamento__brutos_prontuario_vitacare__estoque_movimento.sql",50,79,False,0.6428571428571429,5,0.6053164556962025,0.4157772063142201,0.025218383438746956,0.684972203403424,0.74,8,0.86,0.14,0,18,13,19,50,1
prefeitura-rio__queries-rj-sms,2024-03-04T17:01:51,e5c6e9b7482a681f03a437c1f337e31777aee1f2,fix cardinality issue,55,87,False,0.6428571428571429,5,0.6332288401253918,0.3616999651918036,0.020805284276434015,0.8895335538873462,0.7272727272727273,8,0.872727,0.127273,0,18,18,19,55,1
prefeitura-rio__queries-rj-sms,2024-04-02T16:51:10,755c85ba53dfe5dacf3ae423f918076e66f45af9,Fix remume list for APS units,53,79,False,0.6428571428571429,5,0.6166706472414617,0.3619132459244791,0.021977373719230864,0.8825373371667505,0.6415094339622641,8,0.867925,0.132075,0,16,18,19,53,1
prefeitura-rio__queries-rj-sms,2024-05-10T06:54:43,30d445d23f0e8a7a2df645a87882bdf979b21adf,Refactor table aliases in fct_estoque_movimento.sql and fct_estoque_posicao.sql,49,72,False,0.7142857142857143,4,0.5929705215419501,0.3605755803080698,0.02338817949845947,0.8873304063500547,0.6326530612244898,8,0.857143,0.142857,0,15,15,19,49,1
prefeitura-rio__queries-rj-sms,2024-06-07T16:09:32,15f7b41289cbbaadcacf82b25862bd3422078a6d,Merge branch 'tabela_profissionais' of https://github.com/prefeitura-rio/queries-rj-sms into tabela_profissionais,63,88,False,0.7857142857142857,5,0.6181566181566182,0.09997101570224225,0.00576606587397914,0.9319697769706862,0.5396825396825397,9,0.857143,0.111111,0,16,19,28,63,1
prefeitura-rio__queries-rj-sms,2024-07-09T16:29:13,4370a69e75fd13163e204f9d5c9fdaf4da8e0ca6,refactor: Standardize inventory movements in fct_estoque_movimento.sql,64,91,False,0.6428571428571429,5,0.6171548117154811,0.13778612269484133,0.007550776738250228,0.902243035121343,0.5625,9,0.84375,0.109375,0,16,20,28,64,1
prefeitura-rio__queries-rj-sms,2024-08-08T15:25:36,1ab9cb7f60adb2c65772cee056c965866090b109,feat: Add tipo field to prontuario_vitacare schema and update paciente vitacare model,105,111,False,0.7857142857142857,5,0.7316762909030045,0.14549593224416643,0.0075609994283452504,0.8648629120219554,0.38095238095238093,34,0.6,0.285714,0,25,26,54,105,1
prefeitura-rio__queries-rj-sms,2024-09-07T16:30:37,7503c02b1d05b1ecfdd997626d82ee330c0d5470,Merge branch 'fix/hci/paciente-cardinalidade-equipe',137,185,False,0.8571428571428571,7,0.6508556231862971,0.1632119112622864,0.006007882616878464,0.7176123613104792,0.5401459854014599,26,0.766423,0.167883,4,29,36,68,137,1
prefeitura-rio__queries-rj-sms,2024-10-07T15:35:12,9b5ad7404ed34e689075748964da852c3f3754e7,add vitai rules,143,208,False,0.7142857142857143,7,0.6406093906093906,0.17443029768639967,0.005982344468891003,0.6887595179558414,0.6363636363636364,26,0.776224,0.160839,4,33,37,69,143,1
prefeitura-rio__queries-rj-sms,2024-11-05T18:47:26,97b34e5bf895e58c4b038804ebab8ce5167de54f,feat: adding schema and table label configuration,176,270,False,0.7857142857142857,7,0.6929019855947051,0.1082381324091729,0.0034689561055325758,0.8232510936495491,0.6988636363636364,29,0.818182,0.147727,4,41,49,82,176,1
prefeitura-rio__queries-rj-sms,2024-12-06T15:22:54,793f16b0b6196cf87fcf6d17ca63a2287bf0c15e,typo,191,286,False,0.8571428571428571,8,0.6976989748779093,0.07279732594640184,0.0023325578552204755,0.7515815104159542,0.6596858638743456,31,0.832461,0.151832,4,45,57,85,191,1
prefeitura-rio__queries-rj-sms,2025-01-03T16:56:37,ead7a631da148160e9fce848add5950955302031,fix: fixing filter of expected units,194,297,False,0.8571428571428571,8,0.7031870234457549,0.0809333584948449,0.0025141829857712183,0.7501213688838458,0.6958762886597938,32,0.829897,0.154639,4,46,58,86,194,1
prefeitura-rio__queries-rj-sms,2025-02-04T12:54:35,f5ef0df3134bf7885d932c6099a809984ba1e6b8,debugging,200,311,False,0.7142857142857143,7,0.7055553145336225,0.10212703710387966,0.0031711432754054944,0.8030696895133664,0.72,33,0.82,0.15,6,46,60,88,200,1
prefeitura-rio__queries-rj-sms,2025-02-27T18:57:55,7602af2f9eed69b8f5914b7a664fdb0ee4c7bbe0,fix: removes partition (date column is a string for ~just for now),215,322,False,0.8571428571428571,7,0.7242514563194753,0.10673087119910016,0.0032136904189729257,0.7878457893092694,0.6883720930232559,41,0.795349,0.176744,6,48,61,100,215,1
prefeitura-rio__queries-rj-sms,2025-04-03T16:10:02,2c4739bb4014a939b38295e15038b58dab558669,[HCI] Add raw models for aplicacao_hci with source configurations and SQL transformations,228,330,False,0.7857142857142857,8,0.7233539657677719,0.1044842094281899,0.0030546971816480823,0.8210319951779003,0.6491228070175439,46,0.785088,0.188596,8,48,62,110,228,1
prefeitura-rio__queries-rj-sms,2025-04-30T14:03:08,982d5132ba5cda5d41d7f37c5871364569b8f610,fix: type conversion,240,339,False,0.8571428571428571,9,0.7364917269906929,0.09611055405825354,0.00280879306117782,0.7984444110966274,0.625,51,0.775,0.2,9,48,71,112,240,1
prefeitura-rio__queries-rj-sms,2025-06-04T16:09:25,43e5dbfcfd6c07b86eccde4be4a2d28a89edf8d7,fix: remove .0 from int column,275,353,False,0.7857142857142857,8,0.7665013774104683,0.07906669010913528,0.002310695324117774,0.6560871953617432,0.5563636363636364,75,0.698182,0.258182,10,48,73,144,275,1
prefeitura-rio__queries-rj-sms,2025-07-03T17:39:21,e4cf733836d4e535b554532c69c35fa9fcaeff86,Merge pull request #334 from prefeitura-rio/hci/change-updated-at,307,424,False,0.9285714285714286,7,0.7573866352667735,0.07536305426601209,0.002026798735360245,0.8755818864016296,0.6156351791530945,72,0.762215,0.228013,10,48,84,165,307,1
prefeitura-rio__queries-rj-sms,2025-08-02T10:47:21,7eea51dfe3e06203912a996eb8eded5e8e8656fb,fix: incorrect naming in schemas,415,453,False,0.7142857142857143,9,0.8185598847356893,0.07284905646470592,0.0017291828401314886,0.9174654355605153,0.472289156626506,158,0.6,0.368675,7,53,97,258,415,1
prefeitura-rio__queries-rj-sms,2025-09-02T12:24:01,f83576146dfe493e3e063b2f1111a58075557e2a,fix: tag→tags,456,490,False,0.7142857142857143,9,0.8220405925528106,0.106265094006919,0.002520446053191619,0.333623396288963,0.4692982456140351,180,0.578947,0.379386,7,57,113,279,456,1
prefeitura-rio__queries-rj-sms,2025-10-02T15:21:51,44aa14ce10b8d5fbfb9e9ee400a10bcda9749bfa,fix: add missing newline at end of SQL file for syphilis treatment model,476,525,False,0.6428571428571429,9,0.8281113244764928,0.11277988006065283,0.0024980130131962686,0.66422438378158,0.4852941176470588,182,0.592437,0.367647,7,57,126,286,476,1
prefeitura-rio__queries-rj-sms,2025-10-30T20:23:29,946437bb9c1807a0c2293a1a60e3e20bb99d8b41,fix: oops,504,600,False,0.7857142857142857,11,0.8303957608703199,0.0889629817634402,0.0017070359098541237,0.9366154947921733,0.5277777777777778,170,0.646825,0.325397,6,70,138,290,504,1
prefeitura-rio__queries-rj-sms,2025-11-28T20:23:40,b3082601fdc264b630a776449c90f832a5289e09,feat: adiciona lógica para medicamentos de uso contínuo,504,588,False,0.7142857142857143,10,0.8207707358762145,0.11169905273114183,0.0023200662183472808,0.762290733168185,0.5,168,0.642857,0.319444,7,66,131,300,504,1
prefeitura-rio__queries-rj-sms,2025-12-30T09:42:58,f8e1418e6326f04aed680ed593fc1ae894fa349e,refactor: streamline SQL query for vaccination transmission model,590,735,False,0.7142857142857143,13,0.8398056145397601,0.03710517556478447,0.0005531789205489349,0.9909099017697834,0.5440677966101695,176,0.686441,0.286441,6,87,174,323,590,1
prefeitura-rio__queries-rj-sms,2026-01-30T15:00:28,224e966c4e125a3c6c9e03986dcb2e5563b362ea,"feat: update SICLOM models and configurations for CD4 and PEP, remove resultado_prep",625,764,False,0.8571428571428571,15,0.8336310735136423,0.0370800535266042,0.0005291475308477698,0.9914053856620583,0.5248,189,0.6832,0.2912,6,89,176,354,625,1
prefeitura-rio__queries-rj-sms,2026-02-25T08:23:04,7c17632e5740c25e59a8b6a10779274038ab15ea,Merge pull request #628 from prefeitura-rio/feat/rnds-historico,652,793,False,0.8571428571428571,14,0.8378102318083798,0.03707349738804245,0.0005143952777096352,0.9914207210865582,0.5122699386503068,193,0.668712,0.279141,6,92,191,363,652,1
prefeitura-rio__queries-rj-sms,2026-03-31T07:40:52,e4e623af308f90f7a58dcc5fd0440074b1c9bb80,desabilitia modelo historico posicao,679,835,False,0.7857142857142857,13,0.8400890728821936,0.03457860348005366,0.000466839684700636,0.9923604195476723,0.5125184094256259,192,0.683358,0.266568,6,99,195,379,679,1
prefeitura-rio__queries-rj-sms,2026-04-30T09:59:02,08d9f0976081dd5cd25f0f87d0f59bd6b89d797e,Merge remote-tracking branch 'origin/master' into fix/subpav-sinanrio,768,865,False,0.5714285714285714,14,0.8503833002258621,0.03453019465629851,0.0004539459828542888,0.9924454759121655,0.4661458333333333,261,0.635417,0.326823,6,110,199,453,768,1
prefeitura-rio__queries-rj-sms,2026-05-29T18:57:58,b93dad6e71b03864ef3c93e79cd0b93076d30aea,feat: add doc summarizing the project,789,902,False,0.6428571428571429,17,0.845297182717456,0.03442074328255603,0.00044664194280273487,0.986176579058603,0.4752851711026616,262,0.643853,0.319392,6,122,207,454,789,1
prefeitura-rio__queries-rj-sms,2026-06-26T08:53:45,764544e72282ae9ae87564ec32ac66c5e6258c8c,feat: adiciona modelo de estabelecimentos para o mart acolher mais,782,926,False,0.6428571428571429,15,0.8385195683315448,0.0515322115003299,0.0006686481978528866,0.9525174314411741,0.5191815856777494,262,0.640665,0.319693,6,124,189,463,782,1
prefeitura-rio__queries-rj-sms,2026-07-29T14:01:17,501f5664f55dde458fcd4af068d32597884f2704,feat: add metadata fields and update model configurations for IPP project,817,998,False,0.5714285714285714,15,0.8444064075357421,0.051438352157670744,0.0006345356648965622,0.9528896232575981,0.5422276621787026,262,0.645043,0.30355,6,132,209,470,817,1
prefeitura-rio__queries-rj-sms,2026-08-03T10:52:57,241ef134b3a8ae5aff5e560b7324910f159b6d83,Merge pull request #776 from prefeitura-rio/feat/add-api-teleconsultas,823,1016,False,0.7142857142857143,14,0.8456087837950658,0.051422323012887156,0.0006045414093469469,0.9530007928535447,0.5528554070473876,262,0.647631,0.301337,6,136,209,472,823,1
prefeitura-rio__queries-rj-smtr,2022-03-03T08:08:37,b199c8ca576ee94c996fbc443f7d8d6fb030a0f2,first commit,2,1,True,,,,,,,,1,1.0,0.0,0,0,0,2,2,1
prefeitura-rio__queries-rj-smtr,2022-04-28T17:24:54,af98f8fcd8a9619ade11f5b9b4d74cdb0efaffbf,add columns to routes,25,15,False,0.8571428571428571,3,0.5866666666666667,0.6972243622680052,0.16204060378000884,0.1851384160805654,0.04,11,0.24,0.08,0,0,1,24,25,1
prefeitura-rio__queries-rj-smtr,2022-05-31T15:15:47,29f0d9fecc18a7cef4c6ae5b4a0e4edf43d1552d,fix partition field,25,26,False,0.7857142857142857,7,0.5175,0.27979710024270493,0.023064566466965815,0.8995515022473031,0.12,2,0.92,0.0,0,0,1,24,25,1
prefeitura-rio__queries-rj-smtr,2022-06-17T10:56:12,17cae5e9a1fd5908edfeb9ebb967e59378479bd8,adjust refs,38,45,False,0.8571428571428571,7,0.5740514075887393,0.08625039727908873,0.00708290288446121,0.6542792104033269,0.23684210526315788,2,0.947368,0.0,0,0,1,37,38,1
prefeitura-rio__queries-rj-smtr,2022-07-26T16:53:32,839b62d52f8cfece656cf3fc956ae80ca2458fc2,test gps sppo materialize,51,63,False,1.0,6,0.5563087688607041,0.03115247761912791,0.0025582475370026256,0.7800729900741938,0.27450980392156865,2,0.960784,0.0,0,0,1,50,51,1
prefeitura-rio__queries-rj-smtr,2022-08-19T15:24:38,cdb6478d090b97525638db84a5f41eeae12190c5,add date limit,51,63,False,1.0,6,0.5563087688607041,0.03115247761912791,0.0025582475370026256,0.7800728075308568,0.27450980392156865,2,0.960784,0.0,0,0,1,50,51,1
prefeitura-rio__queries-rj-smtr,2022-09-19T19:20:36,1d7751350bdbb37ad24f6e4b0367eef3236b222b,add feriado setembro,51,63,False,1.0,6,0.5563087688607041,0.03115247761912791,0.0025582475370026256,0.7800730653252022,0.27450980392156865,2,0.960784,0.0,0,0,1,50,51,1
prefeitura-rio__queries-rj-smtr,2022-10-20T18:46:07,fd5c2905c3f0ce95a332cd53ce6c5a2f6a31d174,Hotfix: Ajusta referências do subsídio para prod + feriado (#33),51,63,False,1.0,6,0.5563087688607041,0.03115247761912791,0.0025582475370026256,0.7800728608460917,0.27450980392156865,2,0.960784,0.0,0,0,1,50,51,1
prefeitura-rio__queries-rj-smtr,2022-11-21T15:59:07,b7e96e98e71e0e3bc6438059eae19a1750099d05,add november holidays,51,63,False,1.0,6,0.5563087688607041,0.03115247761912791,0.0025582475370026256,0.780073019106149,0.27450980392156865,2,0.960784,0.0,0,0,1,50,51,1
prefeitura-rio__queries-rj-smtr,2022-12-19T19:34:24,414d3e98cc21b406b969dc3e85f2d0f016a1a35f,Merge branch 'master' into feat/subsidio-sppo-recurso,68,85,False,0.9285714285714286,7,0.5384054448225571,0.016187835848899032,0.0013293473670687055,0.6178915790118573,0.27941176470588236,2,0.970588,0.0,0,0,1,67,68,1
prefeitura-rio__queries-rj-smtr,2023-01-24T04:36:12,0d75fa1180d772097ea78caeaef394d38494da72,hotfix: corrige data_versao de 2023,68,85,False,0.9285714285714286,7,0.5384054448225571,0.016187835848899032,0.0013293473670687055,0.6178912489289593,0.27941176470588236,2,0.970588,0.0,0,0,1,67,68,1
prefeitura-rio__queries-rj-smtr,2023-02-10T16:25:23,de3d561d04a474b8d7956c6b312edefbbd9bd6f0,add temp tables operacao + licenciamento sppo,71,87,False,0.9285714285714286,7,0.5534689619196661,0.016187835848899032,0.0013293473670687055,0.6178916901611267,0.2676056338028169,3,0.929577,0.0,0,0,1,70,71,1
prefeitura-rio__queries-rj-smtr,2023-03-23T17:41:25,5bc94c58fefd3877a1681635a0ddef2b8facdeae,Update README.md,77,96,False,1.0,7,0.5630708405274879,0.01899377109419093,0.0015597701192325707,0.5188288528924165,0.2857142857142857,3,0.948052,0.0,0,0,1,76,77,1
prefeitura-rio__queries-rj-smtr,2023-04-15T00:40:59,144ea938e197b43767a3ad3a661bf7e8aaae4656,Update aux_registros_status_trajeto.sql,77,96,False,1.0,7,0.5630708405274879,0.01899377109419093,0.0015597701192325707,0.5188282718718731,0.2857142857142857,3,0.948052,0.0,0,0,1,76,77,1
prefeitura-rio__queries-rj-smtr,2023-05-09T01:02:40,ace28f9eb7c0e8ab17b322e3d985014ce2a76f7b,hotfix: remove solicitações,78,96,False,1.0,7,0.5686724964181612,0.01899377109419093,0.0015597701192325707,0.5188282152375921,0.28205128205128205,4,0.935897,0.012821,0,0,1,77,78,1
prefeitura-rio__queries-rj-smtr,2023-06-20T01:07:47,51c4509cd8309db63d96189554063f3d9a25ccef,hotfix planejado 2023-06-16 subsidio_data_versao_efetiva,78,96,False,1.0,7,0.5686724964181612,0.01899377109419093,0.0015597701192325707,0.5188281403379312,0.28205128205128205,4,0.935897,0.012821,0,0,1,77,78,1
prefeitura-rio__queries-rj-smtr,2023-07-25T02:27:03,cbe7f616ec4e0bcdcbde02353995866b0b705e34,Adiciona planjeado de jul/q2 subsidio_data_versao_efetiva,80,107,False,0.8571428571428571,7,0.5786740558292283,0.01911738144706596,0.0014533958654352364,0.5108530423766152,0.3875,4,0.9375,0.0125,0,0,1,79,80,1
prefeitura-rio__queries-rj-smtr,2023-08-23T19:29:43,d3cf5cd05a1af054e6ffa7bfcd4597722a07c258,initial commit,81,110,False,0.7857142857142857,6,0.5745797317152289,0.019036391664186976,0.0015610904618020799,0.5089187797582462,0.4074074074074074,4,0.938272,0.012346,0,0,1,80,81,1
prefeitura-rio__queries-rj-smtr,2023-09-22T17:49:36,44d2c9c939f5e5ffa27630dd9cebd65acf104feb,add demonstrativo,88,115,False,0.7857142857142857,6,0.5946854212860311,0.019036391664186976,0.0015610904618020799,0.5089198904675557,0.375,6,0.863636,0.022727,4,0,1,83,88,1
prefeitura-rio__queries-rj-smtr,2023-10-23T17:48:56,2f49e89cfa94669165ddf331252dff546d3afdf8,Altera tabelas do modelo br_rj_riodejaneiro_gtfs (#132),103,120,False,0.8571428571428571,7,0.6490585042388294,0.018904022004848368,0.0014356314383707509,0.5096535208867159,0.34951456310679613,19,0.757282,0.135922,4,0,1,98,103,1
prefeitura-rio__queries-rj-smtr,2023-11-16T14:28:32,adf1890a5359601ba72af74ffdd322c7c757fed9,Erro incremental tabela ordem_pagamento / Adicionar condição consorcio na ordem_pagamento_validacao (#140),110,132,False,0.9285714285714286,7,0.6458862366683595,0.01890402200485014,0.001435631438370888,0.5096534265316096,0.36363636363636365,18,0.709091,0.118182,10,0,1,99,110,1
prefeitura-rio__queries-rj-smtr,2023-12-22T18:41:29,8f481debb807299bab319b8487040905fee3f3fc,subsidio_data_versao_efetiva - Adiciona tipo dia verão,120,151,False,0.9285714285714286,7,0.6515735815602837,0.018151130319465844,0.0013774763807465132,0.5431755041813925,0.4083333333333333,18,0.7,0.116667,14,0,1,105,120,1
prefeitura-rio__queries-rj-smtr,2024-01-19T16:33:46,49894c907d2d9492cc6b1184bb51dd37cc81a081,Ajusta modelos com valores nulos (#190),133,169,False,0.9285714285714286,7,0.6577851472788435,0.018002847656030836,0.001364786963602374,0.5526064227544941,0.41353383458646614,19,0.646617,0.090226,17,0,1,115,133,1
prefeitura-rio__queries-rj-smtr,2024-02-15T14:49:30,d4c30d7fce901e3cac48c8a530b5a2ad102b2522,Adiciona OS Verão e Carnaval no Calendário (Fev/Q2) de 2024 (#215),132,161,False,0.7142857142857143,7,0.6552607076350093,0.022851155773874268,0.0018729463273910538,0.8055678429415859,0.3939393939393939,23,0.55303,0.121212,20,0,1,111,132,1
prefeitura-rio__queries-rj-smtr,2024-03-21T12:44:26,2306f91950c570b6c1279a46217a220ae35bb7f9,Adiciona datas no calendário de mar/2024 (#231),158,195,False,0.9285714285714286,7,0.7011133140155559,0.01775368652898837,0.001264392615432269,0.7689378859720791,0.3924050632911392,25,0.582278,0.113924,23,0,1,134,158,1
prefeitura-rio__queries-rj-smtr,2024-04-19T15:44:29,b153f310414096e182ab6eaa97b86b12d3ac82cf,[hotfix] Trajetos alternativos (#278),198,260,False,0.9285714285714286,9,0.6654616221701483,0.012475807096547874,0.0007684346929158479,0.6836200277073745,0.4393939393939394,25,0.833333,0.090909,34,0,1,163,198,1
prefeitura-rio__queries-rj-smtr,2024-05-20T19:57:44,0051a05e4d7460ddd09a6dc143475195ef5c46de,[HOTFIX] Bilhetagem - Corrige serviço nas tabelas agregadas de GPS (#317),190,272,False,1.0,10,0.6438205349439172,0.01462975302049617,0.0009043094354270688,0.9165290083816481,0.5210526315789473,17,0.836842,0.047368,37,0,1,152,190,1
prefeitura-rio__queries-rj-smtr,2024-06-12T14:43:36,31a6853cb59b7bd67d2f865fa81c6992ac4e1435,Altera tratamento nos modelos `viagens_remuneradas.sql` + `subsidio_data_versao_efetiva.sql` (#337),198,283,False,1.0,9,0.6492132206417921,0.014592724813115611,0.0008990205147943254,0.9388999106561237,0.5454545454545454,23,0.838384,0.075758,40,0,1,157,198,1
prefeitura-rio__queries-rj-smtr,2024-07-12T10:56:53,933971ef4769872f2b34a01c0fa8ae22488bdb85,Ticketing View (#333),199,283,False,1.0,9,0.650975968276758,0.014592724813115611,0.0008990205147943254,0.9388999837334461,0.542713567839196,24,0.834171,0.080402,40,0,1,158,199,1
re-data__dbt-re-data,2021-06-08T12:06:56,7010bbf49660a2a93ddbb5fdf293700e9938f230,Updates to naming of models in the package,18,9,False,0.6428571428571429,2,0.7433862433862434,0.5139605971027527,0.0967247054674911,0.25414972085030174,0.1111111111111111,11,0.388889,0.5,0,2,0,16,18,1
re-data__dbt-re-data,2021-07-03T14:15:41,fb83c7a492db6e721eb7ac43823fb4a5039c195c,Fix typo,18,7,False,0.7857142857142857,1,0.7222222222222222,1.0,0.25000000000000006,0.10771234916105618,0.05555555555555555,12,0.222222,0.5,0,2,0,16,18,1
re-data__dbt-re-data,2021-07-29T06:33:38,5ec571bcae401354d89f8e57a083274e6fc4f120,Update union type,20,10,False,0.7142857142857143,2,0.75,0.8299135133739661,0.18519918063274524,0.25426695446259606,0.1,12,0.25,0.45,0,2,0,18,20,1
re-data__dbt-re-data,2021-09-05T11:53:03,6cd64bbcdd03de7fb3a12183b1350535b11f30ba,new logic and code,29,21,False,0.7857142857142857,3,0.6153846153846154,0.6377274937551463,0.048963608484239814,0.5572279766032635,0.13793103448275862,12,0.517241,0.344828,9,0,0,20,29,1
re-data__dbt-re-data,2021-10-01T11:22:38,904e21fb09198cbad697f48a030bb3c13512579d,Add possibly to specify columns for which to compute metrics,32,22,False,0.7857142857142857,3,0.5969551282051282,0.6284991385129785,0.044826852709392205,0.5964296636831308,0.125,14,0.5,0.375,9,0,0,23,32,1
re-data__dbt-re-data,2021-10-21T11:13:22,ffe832c175557b1af1ed0d127302d8e353ff9700,"ensure docs can be generated for every change, serving as a type of test (#31)",31,20,False,0.7857142857142857,2,0.6021505376344086,0.5928890429442846,0.04552131637287409,0.6201941915114434,0.0967741935483871,14,0.483871,0.387097,9,0,0,22,31,1
re-data__dbt-re-data,2021-12-20T07:42:55,d3fa56d1982d5a371841d0cfb02f915d9e06d418,All frontend changes required for frontend (#42),20,20,False,0.7857142857142857,2,0.38333333333333336,0.5928890429442838,0.04552131637287404,0.6201941914586971,0.15,3,0.75,0.05,9,0,0,11,20,1
re-data__dbt-re-data,2022-01-31T22:23:39,a66e9931457ae2ea4f9f9d36518e7b52c32b7068,Feature/dbt config support (#54),21,23,False,0.6428571428571429,3,0.3830227743271222,0.08645937908278958,0.00663822317563911,0.7522738303425867,0.19047619047619047,2,0.952381,0.047619,9,0,0,12,21,1
re-data__dbt-re-data,2022-03-23T12:16:27,cf39124e5d8bf3dcfaee5c586a11211cbc5216ac,fix bug in schema changes (#66),21,25,False,0.5,3,0.3951367781155015,0.16748865881030206,0.012835753560938726,0.7215474700212182,0.2857142857142857,2,0.952381,0.047619,9,0,0,12,21,1
re-data__dbt-re-data,2022-04-13T18:53:04,8ec3e39f734d94bdde66d59cc6f4ee2a5976b51e,Feature/better tests support (#68),22,26,False,0.5,3,0.3996212121212121,0.16528189805909896,0.012666624838304795,0.6786612805005213,0.2727272727272727,2,0.954545,0.045455,9,0,0,13,22,1
re-data__dbt-re-data,2022-05-18T20:53:43,68ba8e3d0cac38aa6aed5350c527b2471aa49bc5,serialize tables exported to json  (#75),25,28,False,0.5,3,0.4288,0.16528189805909896,0.012666624838304795,0.6786612671110466,0.24,3,0.84,0.04,9,0,0,16,25,1
re-data__dbt-re-data,2022-06-06T10:07:51,4232f0e109c6b23e4ce0539a2428c8a720550382,implement selecting subset of tables (#77),26,34,False,0.6428571428571429,3,0.4530956848030019,0.4216199852313417,0.026275962154771692,0.6028261604968546,0.4230769230769231,3,0.846154,0.038462,9,0,0,17,26,1
re-data__dbt-re-data,2022-07-26T20:57:46,95e9a388f312507b5473b71993f371d411b8e91e,Fix varchar problem in snowflake,26,34,False,0.6428571428571429,3,0.4530956848030019,0.4216199852313417,0.026275962154771692,0.6028263536894725,0.4230769230769231,3,0.846154,0.038462,9,0,0,17,26,1
re-data__dbt-re-data,2022-10-26T14:05:58,90935a9fc045c7df0ae575c380025bf949504f65,Adding ability to install re_data for Greenplum database (#102),26,34,False,0.6428571428571429,3,0.4530956848030019,0.4216199852313417,0.026275962154771692,0.6028261388172074,0.4230769230769231,3,0.846154,0.038462,9,0,0,17,26,1
re-data__dbt-re-data,2023-02-10T17:32:49,d843779082e94da14530a64162646cb5b5366388,Update dbt_utils dependency to v1.0.0 (#108),26,34,False,0.6428571428571429,3,0.4530956848030019,0.4216199852313417,0.026275962154771692,0.6028263477109209,0.4230769230769231,3,0.846154,0.038462,9,0,0,17,26,1
re-data__dbt-re-data,2023-11-23T01:53:39,b3db48bb97d710ab3d5f7b859dd43e6750f55c3a,add re_data_anomalies_filtered as var (#116),26,33,False,0.7142857142857143,4,0.48199672667757776,0.3036220378960318,0.018922224387108205,0.8121294411827367,0.38461538461538464,3,0.846154,0.038462,9,0,0,17,26,1
re-data__dbt-re-data,2023-12-01T23:31:55,1a4dcac16b3933ebd7c0eab342d0076118bdeb24,up and down anomaly granularity (#122),26,33,False,0.7142857142857143,4,0.48199672667757776,0.3036220378960318,0.018922224387108205,0.8121293534375466,0.38461538461538464,3,0.846154,0.038462,9,0,0,17,26,1
re-data__dbt-re-data,2024-04-29T22:36:19,1951dfac1a395f3232d32a78148cce5c218f36e1,Feat: warns as alerts (#127),26,33,False,0.7142857142857143,4,0.48199672667757776,0.3036220378960318,0.018922224387108205,0.8121294424117725,0.38461538461538464,3,0.846154,0.038462,9,0,0,17,26,1
rittmananalytics__ra_data_warehouse,2020-06-14T16:32:29,9b46ffe5018d414d4ff23229402fbb1afb04d069,Update wh_timesheet_rpt.sql,140,101,False,0.7857142857142857,9,0.6423933209647495,0.06715078295914297,0.007876160479495064,0.30623680438361034,0.09285714285714286,52,0.278571,0.314286,85,28,0,27,140,1
rittmananalytics__ra_data_warehouse,2020-06-28T22:52:11,9ddf84bf14a512a75dd3f1862a67faad62efb2d0,added client events fact,153,115,False,0.8571428571428571,9,0.6303036868522731,0.06918607943840245,0.007360250185591725,0.7788444445023526,0.1111111111111111,55,0.267974,0.300654,91,31,0,31,153,1
rittmananalytics__ra_data_warehouse,2020-08-11T20:59:34,bf8788c083c9b317949f9d0ecbac30fde515d03f,attribution split-out,146,129,False,0.7857142857142857,7,0.5914603493779063,0.04438527724810492,0.006331352376849946,0.4515443394078183,0.1095890410958904,33,0.335616,0.178082,76,35,0,35,146,1
rittmananalytics__ra_data_warehouse,2020-09-04T19:47:25,93ee29cf53125348314cfa42e291b83628fb1aa9,Merge branch 'master' of github.com:rittmananalytics/ra_data_warehouse into dbt_upgrade_17_1,144,127,False,0.8571428571428571,7,0.5851642913697546,0.04452272577893726,0.006353686587774746,0.4519703677909223,0.1111111111111111,33,0.326389,0.180556,75,35,0,34,144,1
rittmananalytics__ra_data_warehouse,2020-10-12T00:33:07,e968931d501949c2aff9968732abd876b8162515,ad changes,144,127,False,0.8571428571428571,7,0.5851642913697546,0.04452272577893726,0.006353686587774746,0.4519703892193359,0.1111111111111111,33,0.326389,0.180556,75,35,0,34,144,1
rittmananalytics__ra_data_warehouse,2020-11-12T12:50:54,78a7ecfed8934241e58d3a741ee5458120e10868,added delivery tasks,146,132,False,0.8571428571428571,10,0.5851816822772066,0.06759316572123866,0.006566219969935185,0.8175067310629945,0.1095890410958904,30,0.349315,0.171233,75,36,0,35,146,1
rittmananalytics__ra_data_warehouse,2020-12-12T13:57:45,55f4c14bdfc791a4ae26f322c463d529bf651941,more campaigns,159,152,False,0.7142857142857143,12,0.587163643172631,0.009665422528679555,0.0007913043397415203,0.7671883970002377,0.11320754716981132,25,0.81761,0.138365,85,37,0,37,159,1
rittmananalytics__ra_data_warehouse,2021-01-09T23:51:30,d77e248c59c617452826f29f4164ec1cbd296007,Update int_web_events_sessions_initial.sql,157,93,False,0.7857142857142857,10,0.803624293531892,0.021183444972446747,0.001879358139114797,0.6961211504945714,0.09554140127388536,79,0.43949,0.458599,88,35,0,34,216,1
rittmananalytics__ra_data_warehouse,2021-01-22T20:56:42,b5964abfd79cb219889c0642b6a4f79fef046b85,fixed issue with facebook ads stitch source,157,93,False,0.7857142857142857,10,0.803624293531892,0.021183444972446747,0.001879358139114797,0.6961206080425053,0.09554140127388536,79,0.43949,0.458599,88,35,0,34,216,1
rittmananalytics__ra_data_warehouse,2021-03-09T19:41:50,d51967d07a98f938a8a346fdb2020054df5c2ec9,"added customer and contact audiences, events and segments",164,116,False,0.5714285714285714,10,0.7646273900412134,0.042591786244589015,0.0029291646858351623,0.7516177603284823,0.1951219512195122,80,0.457317,0.445122,88,35,0,41,223,1
rittmananalytics__ra_data_warehouse,2021-03-15T00:00:55,43d508684498c52921ec6f74271400cf9a571232,Update wh_contacts_influencers_xa.sql,164,116,False,0.5714285714285714,10,0.7646273900412134,0.042591786244589015,0.0029291646858351623,0.7516172670241897,0.1951219512195122,80,0.457317,0.445122,88,35,0,41,223,1
rittmananalytics__ra_data_warehouse,2021-08-28T10:39:19,2aa42ce69caf8c1bcb79c4d2d0a8dc9ec919808d,more rationalisation,202,135,False,0.8571428571428571,9,0.7871045641149481,0.037574615889359994,0.002446916493126747,0.6654154537878801,0.16336633663366337,100,0.445545,0.450495,108,43,0,51,240,1
rittmananalytics__ra_data_warehouse,2021-09-13T22:12:50,d619fcd76ad103dbf1b8f01159427c10cd12a609,source fixes,196,131,False,0.5714285714285714,11,0.7862559838750315,0.04025524532684542,0.0026214831846894287,0.6491083896567245,0.16326530612244897,97,0.454082,0.454082,102,43,0,51,223,1
rittmananalytics__ra_data_warehouse,2021-11-07T13:50:25,9b9c136348ec295571f8e131b535fda557d7d763,reintroduced deleted modules,240,172,False,0.7142857142857143,8,0.7317737430167598,0.08278178574108183,0.005741791758841485,0.6817721540532666,0.14166666666666666,102,0.275,0.370833,136,52,0,52,279,1
rittmananalytics__ra_data_warehouse,2021-11-14T21:52:23,0fbacf3faae3752cb8d57c6049ea5b9ecc76e435,added appsflyer and snowplow as sources,242,172,False,0.7142857142857143,8,0.7339904889422411,0.08278178574108183,0.005741791758841485,0.6817720073469049,0.14049586776859505,104,0.272727,0.376033,138,52,0,52,281,1
rittmananalytics__ra_data_warehouse,2022-01-15T01:05:49,537ab2951abda0904cc514e5422905a5099ffd48,fixed hubspot fivetran issues,242,172,False,0.7142857142857143,8,0.7339904889422411,0.08278178574108183,0.005741791758841485,0.681772063076639,0.14049586776859505,104,0.272727,0.376033,138,52,0,52,281,1
rittmananalytics__ra_data_warehouse,2022-02-14T08:37:51,d8dc7bd1c008ca79f9d09c909734e28a66ef6366,more updates,241,169,False,0.6428571428571429,8,0.739940967617744,0.08246069604674841,0.006059955477295939,0.6698737200152275,0.12863070539419086,103,0.26971,0.369295,138,52,0,51,284,1
sacundim__covid-19-puerto-rico,2021-11-03T20:24:24,f93a449c947c3217e8953dd1b6787602eb219f97,Materialize `municipal_tests_per_capita` as a table,52,54,False,0.8571428571428571,6,0.6894374282433984,0.03232360228729477,0.0031910918567089313,0.7535934095893194,0.11538461538461539,4,0.826923,0.0,10,0,0,42,52,1
sacundim__covid-19-puerto-rico,2021-12-24T15:35:17,ff7ba4676b175a4f5b40fe9e3fbc629e92d4cc99,"Big refactor of hospitalizations data, in service of making the NewCases and RecentCases chart use them",53,56,False,0.9285714285714286,6,0.6553983228511531,0.02455526594665399,0.0026710633942763685,0.4653331784596141,0.09433962264150944,2,0.924528,0.0,10,0,0,43,53,1
sacundim__covid-19-puerto-rico,2022-01-07T20:20:02,3de624e0d426f8e5a7c8d28bf47ac3b6a2090adb,Factor out repetitive cleansing logic into DBT macros to facilitate some changes.,53,56,False,0.9285714285714286,6,0.6553983228511531,0.02455526594665399,0.0026710633942763685,0.4653330431279748,0.09433962264150944,2,0.924528,0.0,10,0,0,43,53,1
sacundim__covid-19-puerto-rico,2022-02-25T22:20:49,890339a22efbea448f8dc37cf1adc02b6033fafd,Start using `SUM(...) OVER (ROWS [n] PRECEDING)` in some of the queries,61,60,False,1.0,7,0.6616002605580285,0.026423989051812938,0.0028718373247910386,0.5537768797676152,0.08196721311475409,6,0.836066,0.032787,11,0,0,50,61,1
sacundim__covid-19-puerto-rico,2022-03-17T20:54:37,4d0057f9273c651323595f55c5241c829adbb840,Include mmwr_week string in cdc_breakthroughs table,62,60,False,1.0,7,0.6670583208716087,0.026423989051812938,0.0028718373247910386,0.5537767097802377,0.08064516129032258,7,0.822581,0.048387,12,0,0,50,62,1
sacundim__covid-19-puerto-rico,2022-04-25T23:47:22,29f86c85fe663af6feb01936a96836e57a7db62a,"Disable the Covid19Datos testing data models, since we don't really use them.",63,59,False,0.9285714285714286,6,0.6977466977466977,0.025863020264037643,0.00281058591864685,0.5500981436427306,0.07936507936507936,9,0.793651,0.079365,13,0,0,50,63,1
sacundim__covid-19-puerto-rico,2022-05-27T01:36:02,a215b6ed53fd60a570c3d157f713cfaf4a165ddb,Stage the White House Community Profile Report and do an analysis query comparing it with the Green Map.,68,64,False,0.8571428571428571,6,0.6851043643263757,0.02584530972564716,0.0028086601720028665,0.5505097323058262,0.07352941176470588,9,0.75,0.058824,17,0,0,51,68,1
sacundim__covid-19-puerto-rico,2022-06-25T12:43:09,72cb5be44346e8e3fcdafa064b6436ed1a2ec8dd,Add coverage columns to `hhs_hospitals_bitemporal`,68,64,False,0.8571428571428571,6,0.6851043643263757,0.02584530972564716,0.0028086601720028665,0.5505096730894538,0.07352941176470588,9,0.75,0.058824,17,0,0,51,68,1
sacundim__covid-19-puerto-rico,2022-07-24T00:49:24,2cbcba636a8d94702278a7a164de8f86bf37db2b,Fix the age group granularity mismatch issue in `cdc_breakthroughs` by aggregating everything to the least common denomi,73,68,False,0.8571428571428571,6,0.6878607736710606,0.02584530972564716,0.0028086601720028665,0.5505085530596047,0.0684931506849315,10,0.69863,0.041096,22,0,0,51,73,1
sacundim__covid-19-puerto-rico,2022-08-25T11:44:10,c5eb30bea41597ababad181b3c127407e6d24564,Disable freshness on table that we're not using right now,73,68,False,0.8571428571428571,6,0.6878607736710606,0.02584530972564716,0.0028086601720028665,0.5505086440642547,0.0684931506849315,10,0.69863,0.041096,22,0,0,51,73,1
sacundim__covid-19-puerto-rico,2022-08-31T16:12:43,2aa686a00f61727c8c47ced0d07abb0418fde4d4,Staged data models for CDC cases and deaths dataset and excess deaths dataset,75,68,False,0.8571428571428571,6,0.6961844863731657,0.02584530972564716,0.0028086601720028665,0.5505087384755242,0.06666666666666667,12,0.68,0.066667,24,0,0,51,75,1
sacundim__covid-19-puerto-rico,2022-11-15T10:20:23,6021790ab859797278c5f90a2a516dee436a6813,Ignore a DBT test failure that doesn't matter,75,68,False,0.8571428571428571,6,0.6961844863731657,0.02584530972564716,0.0028086601720028665,0.5505095289941224,0.06666666666666667,12,0.68,0.066667,24,0,0,51,75,1
sacundim__covid-19-puerto-rico,2022-12-09T11:35:37,5dd5b9e02ec60fefb9b5d0267346ba1201199035,Adjust DBT test to account for a known instance of a data error at PRDoH (which has since been fixed).,75,68,False,0.8571428571428571,6,0.6961844863731657,0.02584530972564716,0.0028086601720028665,0.5505097374372943,0.06666666666666667,12,0.68,0.066667,24,0,0,51,75,1
sacundim__covid-19-puerto-rico,2023-01-14T16:34:34,c370ad7c4eac64b195c25d0f4218ff6bdeda49ef,"Disable Community Profile Report model, because of type mismatches in `csv2parquet` conversions. We've been generating P",76,68,False,0.8571428571428571,6,0.7001820589208871,0.02584530972564716,0.0028086601720028665,0.5505094136888561,0.06578947368421052,13,0.671053,0.078947,25,0,0,51,76,1
sacundim__covid-19-puerto-rico,2023-02-21T11:53:18,4931d3f5c8214deb0b885650685aafd9521a9982,"HHS hospital facility report is late this week, presumably because of the long weekend. Bump freshness error threshold t",76,68,False,0.8571428571428571,6,0.7001820589208871,0.02584530972564716,0.0028086601720028665,0.5505097615968317,0.06578947368421052,13,0.671053,0.078947,25,0,0,51,76,1
sacundim__covid-19-puerto-rico,2023-03-18T11:58:18,3558f41da9841f662dccdbfee8078c706ff09aaa,"HHS Community Profile Report is late this week, bump up warning and error freshness thresholds",76,68,False,0.8571428571428571,6,0.7001820589208871,0.02584530972564716,0.0028086601720028665,0.5505094794017499,0.06578947368421052,13,0.671053,0.078947,25,0,0,51,76,1
sacundim__covid-19-puerto-rico,2023-04-19T15:33:13,83c438c5c0686a737b7ffd7e08f4d234bdd948f8,Support more detailed reporting of under-20 vs. adult cases,76,68,False,0.8571428571428571,6,0.7001820589208871,0.02584530972564716,0.0028086601720028665,0.5505084748203176,0.06578947368421052,13,0.671053,0.078947,25,0,0,51,76,1
sacundim__covid-19-puerto-rico,2023-05-23T15:49:31,97e992f91e75afb21d8dbfb4fb6c2ed1c06dbe8a,Biostatistics cases aggregates,97,82,False,0.8571428571428571,6,0.7166611240438976,0.02584530972564716,0.0028086601720028665,0.5505087976946119,0.05154639175257732,20,0.525773,0.103093,32,0,0,65,97,1
sacundim__covid-19-puerto-rico,2023-06-16T16:49:44,61a1a7bfac37d97446866acb2df7cafc04d02e3d,"Bump up time ranges for Biostatistics extractions, since we need to look further back for the lateness reports.",97,84,False,0.8571428571428571,8,0.7235238987816307,0.052643146315456184,0.005720853226977766,0.6259262022959688,0.07216494845360824,20,0.505155,0.103093,32,0,0,65,97,1
sacundim__covid-19-puerto-rico,2023-07-17T09:45:03,b8c35120ade14dbcc269b70356a9426385c85da5,"Contrary to what their metadata says, the CDC is not updating its Excess Deaths Associated with COVID-19 dataset on a we",85,73,False,0.9285714285714286,8,0.7372142639439195,0.040477352060330735,0.004398767935391087,0.6817851911049324,0.07058823529411765,18,0.611765,0.117647,29,0,0,56,85,1
sacundim__covid-19-puerto-rico,2023-08-08T18:53:38,6902149104a535fd04ab33b88d1f03ab53672f18,Fix the week date and tick mark mess. Don't ask.,89,77,False,0.9285714285714286,8,0.7327204630575417,0.040477352060330735,0.004398767935391087,0.6817852568509251,0.07865168539325842,19,0.58427,0.11236,31,0,0,58,89,1
sacundim__covid-19-puerto-rico,2023-10-07T11:38:40,3969dbad0af9dea0bebd6510dc4922a8ce00bb67,"The CDC ""Provisional COVID-19 Deaths by Sex and Age"" dataset is now listed as being updated only irregularly. Bump fresh",89,77,False,0.9285714285714286,8,0.7327204630575417,0.040477352060330735,0.004398767935391087,0.6817852027366745,0.07865168539325842,19,0.58427,0.11236,31,0,0,58,89,1
sacundim__covid-19-puerto-rico,2023-11-12T09:00:05,43edd4870a8c8f2ad96886f671ccca414655a54f,Make test into warning rather than error,89,77,False,0.9285714285714286,8,0.7327204630575417,0.040477352060330735,0.004398767935391087,0.6817852673043939,0.07865168539325842,19,0.58427,0.11236,31,0,0,58,89,1
sacundim__covid-19-puerto-rico,2023-12-07T22:36:33,d3ea383e788ab2aab4df7813f1634e6a7ec0002a,Fix unabstracted reference in vigilancia_cube,89,77,False,0.9285714285714286,8,0.7327204630575417,0.040477352060330735,0.004398767935391087,0.6817852656986872,0.07865168539325842,19,0.58427,0.11236,31,0,0,58,89,1
sacundim__covid-19-puerto-rico,2024-05-13T11:03:17,ec53c2c1301875bc8cbfc876046f4c2bc5ac78e1,HealthData.gov discontinued a bunch of the hospital usage datasets,89,77,False,0.9285714285714286,8,0.7327204630575417,0.040477352060330735,0.004398767935391087,0.6817851964273013,0.07865168539325842,19,0.58427,0.11236,31,0,0,58,89,1
sacundim__covid-19-puerto-rico,2024-06-30T11:36:47,573de46236b10f6490a80dae4d27b394fca22258,Staging schema for Biostatistics flu cases,90,77,False,0.9285714285714286,8,0.7356902356902357,0.040477352060330735,0.004398767935391087,0.681785200217669,0.07777777777777778,20,0.577778,0.122222,32,0,0,58,90,1
sacundim__covid-19-puerto-rico,2024-09-03T10:27:45,dbb0878d5e424b20ea8342f6e4f230fc922621f1,Wrong literal value in previous commit,90,77,False,0.9285714285714286,8,0.7356902356902357,0.040477352060330735,0.004398767935391087,0.681785262657417,0.07777777777777778,20,0.577778,0.122222,32,0,0,58,90,1
sfc-gh-dflippo__snowflake-dbt-demo,2022-02-04T13:07:18,1a96d410c68f31edfa3da87f70673a5a9d23921b,Added tags for models and snapshots,13,7,False,0.6428571428571429,2,0.6871794871794872,0.32486912943335366,0.07708696758091492,0.2372071754995518,0.0,6,0.461538,0.307692,0,0,6,7,13,1
sfc-gh-dflippo__snowflake-dbt-demo,2022-03-17T14:29:43,c38571be6d0ba067a35f8b94df8f382d4bfae81c,Added DBT_CONSTRAINTS and simplified dbt artifacts,14,7,False,0.6428571428571429,2,0.7095238095238096,0.32486912943335366,0.07708696758091492,0.23720717297436572,0.0,7,0.428571,0.357143,0,0,6,8,14,1
sfc-gh-dflippo__snowflake-dbt-demo,2022-04-15T08:49:35,b8a7565c2969b737009c5307e8d48bb82008c25a,Cleanup whitespace,14,7,False,0.6428571428571429,2,0.7095238095238096,0.32486912943335366,0.07708696758091492,0.23720717549709144,0.0,7,0.428571,0.357143,0,0,6,8,14,1
sfc-gh-dflippo__snowflake-dbt-demo,2022-05-12T10:14:29,b69c7e84ac648c351d98a6fe3900ab36220849de,Add demo SCD2 from stream,16,8,False,0.6428571428571429,2,0.6944444444444444,0.32486912943335366,0.07708696758091492,0.23720717543835726,0.0,8,0.375,0.375,0,0,6,10,16,1
sfc-gh-dflippo__snowflake-dbt-demo,2022-08-25T14:21:13,c23ab0361d9ba50da423f30e9ab3504d492a8081,Updated dep package versions,15,8,False,0.6428571428571429,2,0.674074074074074,0.32486912943335366,0.07708696758091492,0.2372071755507594,0.0,7,0.4,0.333333,0,0,6,9,15,1
sfc-gh-dflippo__snowflake-dbt-demo,2022-08-31T10:34:21,d8aae7db16afc5c3edce929eda15ede015d3fe70,Added TS and stream example,15,8,False,0.6428571428571429,2,0.674074074074074,0.32486912943335366,0.07708696758091492,0.23720717545516368,0.0,7,0.4,0.333333,0,0,6,9,15,1
sfc-gh-dflippo__snowflake-dbt-demo,2023-03-21T12:12:47,52055f8665deb899b540eb06124386d13b2d2064,Improved sequence/stream macros and added examples,17,9,False,0.6428571428571429,2,0.7058823529411765,0.32486912943335366,0.07708696758091492,0.23720717557884993,0.0,8,0.352941,0.352941,0,0,7,10,17,1
sfc-gh-dflippo__snowflake-dbt-demo,2023-07-13T14:07:16,bf24a15b912d5f10bb8999cbe92030afc763ceb5,futher improved template,17,11,False,0.7142857142857143,4,0.7302231237322515,0.2722742223944587,0.04799737511221652,0.4454021797487721,0.058823529411764705,7,0.647059,0.352941,0,0,7,10,17,1
sfc-gh-dflippo__snowflake-dbt-demo,2023-08-11T08:52:32,ddc7da0471e96776dea331cc21c1c95f208efb46,Added incr without being all macro,19,13,False,0.7142857142857143,3,0.7730263157894737,0.18826341319999024,0.031892643337666664,0.49460117883938504,0.05263157894736842,7,0.684211,0.315789,0,0,9,10,19,1
sfc-gh-dflippo__snowflake-dbt-demo,2023-10-24T10:17:22,9ba8e50ac06e4b69979a030c35137a3b502a3758,Formatted with SQLFluff,19,13,False,0.7142857142857143,3,0.7730263157894737,0.18826341319999024,0.031892643337666664,0.49460116420927724,0.05263157894736842,7,0.684211,0.315789,0,0,9,10,19,1
sfc-gh-dflippo__snowflake-dbt-demo,2023-12-19T13:36:40,8a2d8d72a6e6e7ff1d9bfb1e023ff15ff77968b5,Change to dynamic table,19,13,False,0.7142857142857143,3,0.7730263157894737,0.18826341319999024,0.031892643337666664,0.4946010741003401,0.05263157894736842,7,0.684211,0.315789,0,0,9,10,19,1
sfc-gh-dflippo__snowflake-dbt-demo,2024-03-28T10:11:04,9fd421d9c5b8c61b2eb67d1f46653ced0cacf39e,Replaced Knoema with Cybersyn,19,13,False,0.7142857142857143,3,0.7730263157894737,0.18826341319999024,0.031892643337666664,0.4946010584369421,0.05263157894736842,7,0.684211,0.315789,0,0,9,10,19,1
sfc-gh-dflippo__snowflake-dbt-demo,2024-07-30T18:07:35,1c4c9249e9c80f8c1d2f02416c4afe889a0470c4,Example of async execution in a python model,19,13,False,0.7142857142857143,3,0.7730263157894737,0.18826341319999024,0.031892643337666664,0.49460107668477427,0.05263157894736842,7,0.684211,0.315789,0,0,9,10,19,1
sfc-gh-dflippo__snowflake-dbt-demo,2024-09-16T11:24:10,fa410f2f8fb23354c82667fa8f041cedb84d4665,Add filter to reduce history,22,14,False,0.7142857142857143,3,0.7892561983471075,0.18826341319999024,0.031892643337666664,0.49460108523881036,0.045454545454545456,9,0.590909,0.318182,0,0,9,13,22,1
sfc-gh-dflippo__snowflake-dbt-demo,2024-09-25T20:04:25,8c7297f12a5625408b5e65015aebc842ab83b59b,latest changes for WH recommendations,22,14,False,0.7142857142857143,3,0.7892561983471075,0.18826341319999024,0.031892643337666664,0.4946011773654518,0.045454545454545456,9,0.590909,0.318182,0,0,9,13,22,1
sfc-gh-dflippo__snowflake-dbt-demo,2024-11-25T16:28:36,2caf3dae58b5ee36a4b2c53b9344d25d276fd6ff,Updated to use surrogate_key macro,22,14,False,0.7142857142857143,3,0.7892561983471075,0.18826341319999024,0.031892643337666664,0.4946011668928226,0.045454545454545456,9,0.590909,0.318182,0,0,9,13,22,1
sfc-gh-dflippo__snowflake-dbt-demo,2025-01-31T15:55:57,080f29f6ef232715bbf1f793efdf3d152760eee7,changed warehouse back to training_wh,21,14,False,0.7142857142857143,3,0.7792207792207793,0.18826341319999024,0.031892643337666664,0.4946010601159916,0.047619047619047616,8,0.619048,0.285714,0,0,9,12,21,1
sfc-gh-dflippo__snowflake-dbt-demo,2025-05-06T13:36:12,0ba7278d072a71aa0e4b46dbe209c1799976b6f4,Improved sequence macro,21,14,False,0.7142857142857143,3,0.7792207792207793,0.18826341319999024,0.031892643337666664,0.49460106256362624,0.047619047619047616,8,0.619048,0.285714,0,0,9,12,21,1
sfc-gh-dflippo__snowflake-dbt-demo,2025-05-29T18:25:00,86a820ae6c014f90f7c870422cf53e706fb01b5d,Fix to lower case for fields,21,14,False,0.7142857142857143,3,0.7792207792207793,0.18826341319999024,0.031892643337666664,0.49460108315967005,0.047619047619047616,8,0.619048,0.285714,0,0,9,12,21,1
sfc-gh-dflippo__snowflake-dbt-demo,2025-07-09T10:54:16,5082185daaa79377820da3185e3b86885c298c51,Updated to use threads for vastly better performance,21,14,False,0.7142857142857143,3,0.7792207792207793,0.18826341319999024,0.031892643337666664,0.4946011821621316,0.047619047619047616,8,0.619048,0.285714,0,0,9,12,21,1
sfc-gh-dflippo__snowflake-dbt-demo,2025-07-18T11:18:27,06dfbd19f9e499c61bf94be86a72b456cfbc7d3f,Fix spelling,21,14,False,0.7142857142857143,3,0.7792207792207793,0.18826341319999024,0.031892643337666664,0.49460117820048266,0.047619047619047616,8,0.619048,0.285714,0,0,9,12,21,1
sfc-gh-dflippo__snowflake-dbt-demo,2025-10-06T08:15:40,545a3a297574d0cd4fc4c251fb72cb25777ada0e,Removed unnecessary meta sections in schema.yml,34,25,False,0.6428571428571429,4,0.6918158567774936,0.07255299472076061,0.010432205188134973,0.6457577098869959,0.029411764705882353,10,0.647059,0.205882,8,2,8,16,34,1
sfc-gh-dflippo__snowflake-dbt-demo,2026-01-29T11:12:45,3728537e8ba463920116d16a965551f95644f022,style: Apply formatting from updated pre-commit hooks,35,26,False,0.6428571428571429,4,0.6994575045207957,0.07024591548732778,0.00988404725369529,0.6485851995783323,0.02857142857142857,10,0.657143,0.2,8,2,9,16,35,1
slide-rule-tech__dbt-nexus,2025-05-21T13:33:49,e55099b1111bfa89cd4c6e85b7ab2f24965df02a,fix: allow empty states (#7),18,3,False,0.7857142857142857,1,0.8333333333333334,1.0,0.25000000000000006,0.09472554803097166,0.0,15,0.222222,0.777778,0,0,0,18,18,1
slide-rule-tech__dbt-nexus,2025-06-25T14:24:34,2f51278be7b7f9a03b73ed6c3d72bc6de158b45a,feat: derived state macro (#8),18,3,False,0.7857142857142857,1,0.8333333333333334,1.0,0.25000000000000006,0.10319536707752877,0.0,15,0.222222,0.777778,0,0,0,18,18,1
slide-rule-tech__dbt-nexus,2025-09-03T13:19:39,c918759bc35f3622c71ffaef78c65b67d6706eaf,chore: quick start for demo data [WORK-2091] (#13),47,22,False,0.7857142857142857,1,0.8936170212765957,0.9999999999999999,0.14285714285714285,0.26717150687427593,0.02127659574468085,26,0.148936,0.446809,5,0,0,42,47,1
slide-rule-tech__dbt-nexus,2025-10-09T15:35:17,1245851baf58c0135cc7abb1e5c34ba63d13da41,feat: switch to entities and relationships [WORK-2456] (#31),49,17,False,0.7857142857142857,2,0.8835534213685474,0.4524933868350235,0.06432907244478106,0.5574526775578105,0.0,32,0.163265,0.591837,8,12,0,29,49,1
slide-rule-tech__dbt-nexus,2025-11-06T12:46:29,4389a9934b16e2bdfe230677293f7ae31f2687b9,feat: MCP for snowflake (#42),61,37,False,0.7142857142857143,2,0.8375558867362146,1.2984378812835762,0.15165915689277765,0.41479149627792355,0.13114754098360656,32,0.163934,0.442623,9,12,0,40,61,1
slide-rule-tech__dbt-nexus,2025-12-09T13:54:03,e76f782f78c8fae5be46afe9286dc140121eea8a,fix: gmail and google calendar sources. update state logic,69,47,False,0.7142857142857143,3,0.8204312477907387,0.34600757070928706,0.042679409725850756,0.44055542467319325,0.13043478260869565,31,0.173913,0.333333,10,12,0,47,69,1
slide-rule-tech__dbt-nexus,2025-12-17T13:08:25,12dc9bf385d541ac12c83b8c758a12eba9ecbd57,fix: fix cross account threads [WORK-2307] (#52),79,63,False,0.7142857142857143,4,0.8093046194312017,0.22205091272052638,0.02661395365082213,0.41350729460622754,0.16455696202531644,29,0.240506,0.278481,10,15,0,54,79,1
slide-rule-tech__dbt-nexus,2026-02-03T09:28:46,376c041fce24356b29b326a0b618c58afc1be586,fix: segment (#56),79,63,False,0.7142857142857143,4,0.8093046194312017,0.22205091272052638,0.02661395365082213,0.4135074370667784,0.16455696202531644,29,0.240506,0.278481,10,15,0,54,79,1
slide-rule-tech__dbt-nexus,2026-03-10T09:27:07,92524180470898477794e1927e3a8c0e7ad26b65,feat: google ads enhanced conversions [WORK-2592] (#63),88,74,False,0.7142857142857143,4,0.8185692148760331,0.22787290729404097,0.027143939440209732,0.4065467500604287,0.18181818181818182,30,0.215909,0.227273,10,37,9,32,88,1
slide-rule-tech__dbt-nexus,2026-04-01T13:39:34,9391acf07ca0f082af70e232ecb296f3ee9ea334,feat: autogenerating semantic layer in dbt-nexus [WORK-2542] (#66),106,84,False,0.7142857142857143,4,0.8089030055940077,0.22787290729404097,0.027143939440209732,0.40654657606562145,0.16037735849056603,39,0.179245,0.254717,16,42,9,39,106,1
slide-rule-tech__dbt-nexus,2026-04-21T12:43:44,0a98426274bb359c2a2d7509f4482d8de540ba9e,fix: metrics metatdata (#68),91,75,False,0.7142857142857143,4,0.8216303470540759,0.22787290729404097,0.027143939440209732,0.4065467279345993,0.17582417582417584,32,0.208791,0.230769,10,38,9,34,91,1
slide-rule-tech__dbt-nexus,2026-06-04T09:31:27,eb08171894d4711ca410e39cca391e518a34a359,feat(significance): bump gmail/calendar significance + fix calendar column name (#81),93,80,False,0.7142857142857143,5,0.8170886807723436,0.15930997382662546,0.014964937028556374,0.7018763720638949,0.1827956989247312,30,0.247312,0.236559,10,38,11,34,93,1
slide-rule-tech__dbt-nexus,2026-07-07T16:17:03,91b50f899939fb063c6f7afdc0ee7cf4d0235435,v0.13.0: incremental source layers + core event log (#97),100,86,False,0.7142857142857143,5,0.808921568627451,0.15903373771631493,0.014539327580443387,0.7141671296973711,0.17,31,0.25,0.22,12,39,11,38,100,1
slide-rule-tech__dbt-nexus,2026-07-28T12:43:54,d7beb83213a0fe810b88c51ab7285a468ba45cb0,fix(participants): group by the grain the participant id hashes (#98),100,86,False,0.7142857142857143,5,0.808921568627451,0.15903373771631493,0.014539327580443387,0.7141671304665443,0.17,31,0.25,0.22,12,39,11,38,100,1
slunsford__coffee-analytics,2023-09-07T14:26:48,ac5b96efd35c02b8966fa91421ac014bede3d026,Rename `rated_at` to `rated_date` (#15),10,11,False,0.8571428571428571,4,0.5333333333333333,0.3368043960526828,0.05689580356396061,0.5212798559889009,0.2,1,1.0,0.0,4,2,4,0,10,1
slunsford__coffee-analytics,2023-10-04T12:25:24,f24fd30595b34a7151017b2bae21298963e430b9,Add availability flag (#25),12,17,False,0.7857142857142857,3,0.4264705882352941,0.541758252964031,0.07819775188547402,0.5411768099052007,0.5,1,1.0,0.0,4,2,6,0,12,1
slunsford__coffee-analytics,2023-10-23T16:00:00,3535d3069da77627becdc7a8b968e226346ac192,Create Fivetran staging models Can’t run against Iceberg yet,16,17,False,0.7857142857142857,3,0.5698529411764706,0.541758252964031,0.07819775188547402,0.541176710064993,0.375,5,0.75,0.25,8,2,6,0,16,1
slunsford__coffee-analytics,2024-01-04T23:30:28,1f1a1011abcddc51b453fbf73295c631727761b6,Add brew method to report views,12,17,False,0.7857142857142857,3,0.4264705882352941,0.541758252964031,0.07819775188547402,0.5411768128264811,0.5,1,1.0,0.0,4,2,6,0,12,1
slunsford__coffee-analytics,2024-06-04T09:36:57,9a11addc06e3721b5376f07a866fda02bc757876,Update dbt and duckdb versions (#30),12,17,False,0.7857142857142857,3,0.4264705882352941,0.541758252964031,0.07819775188547402,0.5411767086720375,0.5,1,1.0,0.0,4,2,6,0,12,1
slunsford__coffee-analytics,2024-07-03T11:43:22,8e62b5e87db085aa78c27feb240111a2bf44b12c,Update/rename sources and staging models Include manifest data,12,17,False,0.7857142857142857,3,0.4264705882352941,0.541758252964031,0.07819775188547402,0.541176711424144,0.5,1,1.0,0.0,4,2,6,0,12,1
slunsford__coffee-analytics,2024-08-17T00:07:53,97aa847819fd62c749665bd3fe6d701c66453cf2,Update configs,12,17,False,0.7857142857142857,3,0.4264705882352941,0.541758252964031,0.07819775188547402,0.5411767122693685,0.5,1,1.0,0.0,4,2,6,0,12,1
slunsford__coffee-analytics,2024-09-30T11:48:31,6da81bc7286abc7fabd58058e5c35f577d3e34d9,Add `is_favorite` to coffees,11,12,False,0.5714285714285714,4,0.41148325358851673,0.26539757397701497,0.045000751566255943,0.43418934177404467,0.18181818181818182,1,1.0,0.0,5,0,6,0,11,1
slunsford__coffee-analytics,2024-11-10T01:16:02,3adf25a6e05e1c7781c9c31af4d4931e83087396,Re-add ratings model with history,18,14,False,0.6428571428571429,3,0.7433862433862434,0.16791385573574755,0.026898542759594378,0.4456021697714147,0.1111111111111111,6,0.722222,0.277778,9,4,5,0,18,1
slunsford__coffee-analytics,2025-02-10T00:20:19,a23fc90f45bbf1ac412dc26337f4da832b7f3649,Update for new rating system (#82),18,14,False,0.6428571428571429,3,0.7433862433862434,0.16791385573574755,0.026898542759594378,0.4456022043456773,0.1111111111111111,6,0.722222,0.277778,9,4,5,0,18,1
slunsford__coffee-analytics,2025-02-26T13:52:09,1107e1b3409a184b5d7bd4bc384f4d16a5860266,Update documentation,17,14,False,0.6428571428571429,3,0.7282913165266106,0.16791385573574746,0.026898542759594364,0.4456022071979508,0.11764705882352941,5,0.764706,0.235294,9,3,5,0,17,1
slunsford__coffee-analytics,2025-05-28T02:04:05,f3d348a4202047fad019db1516778991f8fa5d5c,Add flavors list to coffees (#97),17,14,False,0.6428571428571429,3,0.7282913165266106,0.16791385573574746,0.026898542759594364,0.44560220841476533,0.11764705882352941,5,0.764706,0.235294,9,3,5,0,17,1
slunsford__coffee-analytics,2026-07-15T17:08:25,47408ed64dfd4481e8ca20f5154e2f84ebecff56,Update for dbt Fusion,17,14,False,0.6428571428571429,3,0.7282913165266106,0.16791385573574746,0.026898542759594364,0.4456021746502835,0.11764705882352941,5,0.764706,0.235294,9,3,5,0,17,1
snowplow__dbt-snowplow-ecommerce,2022-12-14T16:07:20,2e554a2615f5da965075ccad4a4aa2e31e872564,Add bigquery support (Close #2),16,19,False,0.7142857142857143,4,0.6319444444444444,0.30217508782298275,0.03850732330931581,0.7701373676901357,0.375,3,0.875,0.125,6,0,0,10,16,1
snowplow__dbt-snowplow-ecommerce,2023-01-13T16:09:37,aaa88343be2eb6029dc589a0bdf5ef1f0b52e77b,Fix BQ updated product context versions bug (Close #6),16,19,False,0.7142857142857143,4,0.6319444444444444,0.30217508782298275,0.03850732330931581,0.7701373675207756,0.375,3,0.875,0.125,6,0,0,10,18,1
snowplow__dbt-snowplow-ecommerce,2023-02-01T17:49:12,267b357898e09d61ae5fce39cdd8e67cae5efee3,Drop support for dbt versions below 1.3,16,19,False,0.7142857142857143,4,0.6319444444444444,0.30217508782298275,0.03850732330931581,0.7701373675345494,0.375,3,0.875,0.125,6,0,0,10,20,1
snowplow__dbt-snowplow-ecommerce,2023-04-05T10:35:49,1e0aad3155b799ed0205471134a4c3409c1f6907,Add redshift support,16,19,False,0.7142857142857143,4,0.6319444444444444,0.30217508782298275,0.03850732330931581,0.7701373676871579,0.375,3,0.875,0.125,6,0,0,10,22,1
snowplow__dbt-snowplow-ecommerce,2023-05-04T15:11:33,6fcfb64dfc1830f701c0cc255298d32ee1c6b4e3,Fix small decimal fields (Close #23),16,19,False,0.7142857142857143,4,0.6319444444444444,0.30217508782298275,0.03850732330931581,0.7701373676624703,0.375,3,0.875,0.125,6,0,0,10,22,1
snowplow__dbt-snowplow-ecommerce,2023-07-11T16:56:10,a0449dab8c5c9e031653c0147412047beef811d2,Ensure first duplicate is taken,16,19,False,0.7142857142857143,4,0.6319444444444444,0.30217508782298275,0.03850732330931581,0.770137367707213,0.375,3,0.875,0.125,6,0,0,10,25,1
snowplow__dbt-snowplow-ecommerce,2023-09-04T11:52:49,2230f36a994fd2c3208a44e3e7160d1d013a6e96,"Add sort, dist and cluster_by config to base_sessions_lifecycle manifest (close #34)",16,19,False,0.7142857142857143,4,0.6319444444444444,0.30217508782298275,0.03850732330931581,0.7701373677093575,0.375,3,0.875,0.125,6,0,0,10,25,1
snowplow__dbt-snowplow-ecommerce,2023-10-26T14:06:25,49db51a4b11f55c36726c4bc9fd9af77f82a19b9,Add base macro functionality,16,16,False,0.8571428571428571,4,0.7219827586206896,0.5857864376269047,0.07773112736473002,0.613297748606094,0.3125,5,0.75,0.25,6,0,0,10,19,1
snowplow__dbt-snowplow-ecommerce,2024-01-02T18:02:37,c31d6438f6f49ccb794c18f6a5b5cbfc9539a3ab,Add on_schema_change to derived models,16,17,False,0.7857142857142857,4,0.7219827586206896,0.5857864376269046,0.07228476648982331,0.613297621912839,0.375,5,0.75,0.25,6,0,0,10,19,1
snowplow__dbt-snowplow-ecommerce,2024-01-19T11:22:51,222e656328a2e33852c333a73430655a553961d1,Migrate to SPAL license,16,17,False,0.7857142857142857,4,0.7219827586206896,0.5857864376269046,0.07228476648982331,0.613297621700352,0.375,5,0.75,0.25,6,0,0,10,19,1
snowplow__dbt-snowplow-ecommerce,2024-02-27T16:25:10,e38083fb6b71a26e6037df357b6b1f7d5dc1ecbb,Remove non-ecom sessions and add default values,16,17,False,0.7857142857142857,4,0.7219827586206896,0.5857864376269046,0.07228476648982331,0.613297622579449,0.375,5,0.75,0.25,6,0,0,10,19,1
snowplow__dbt-snowplow-ecommerce,2024-04-05T10:40:41,6055c207923eda415c405608653c67f87fdf5349,Fix error on Redshift due to base_events_this_run using the transaction_id as partition key event if transactions are di,16,17,False,0.7857142857142857,4,0.7219827586206896,0.5857864376269046,0.07228476648982331,0.6132976230289467,0.375,5,0.75,0.25,6,0,0,10,19,1
snowplow__dbt-snowplow-ecommerce,2024-10-09T18:18:04,68ac482543143bbd62c1a078fe03e83fcf8d22e5,Ecommerce for Spark ( Iceberg ) Support RC1,16,17,False,0.7857142857142857,4,0.7219827586206896,0.5857864376269046,0.07228476648982331,0.6132976198533155,0.375,5,0.75,0.25,6,0,0,10,20,1
snowplow__dbt-snowplow-ecommerce,2025-07-03T14:50:31,754e331feb393f9a0600e4e35623cbd94f753b2f,Release/snowplow ecommerce/0.9.2 (#64),16,17,False,0.7857142857142857,4,0.7219827586206896,0.5857864376269046,0.07228476648982331,0.6132976229991066,0.375,5,0.75,0.25,6,0,0,10,20,1
snowplow__dbt-snowplow-ecommerce,2026-04-27T16:32:43,26fad68cbd3ffb864785b99e8811691a96e4c6b7,Update for dbt 1.10 (#69),16,17,False,0.7857142857142857,4,0.7219827586206896,0.5857864376269046,0.07228476648982331,0.6132976222134368,0.375,5,0.75,0.25,6,0,0,10,20,1
snowplow__dbt-snowplow-ecommerce,2026-06-12T10:21:30,f928928d9e8c222cf0cdcae042991c3b9a35c6ca,Uncomment database in events source specification,16,17,False,0.7857142857142857,4,0.7219827586206896,0.5857864376269046,0.07228476648982331,0.6132976215593106,0.375,5,0.75,0.25,6,0,0,10,20,1
snowplow__dbt-snowplow-media-player,2022-02-09T11:03:40,84db154d1c251bdf02866e587c799982f95cddc3,Add Media Player model with Redshift and Postgres support (Close #3),8,7,False,0.6428571428571429,3,0.5288461538461539,0.2537868118726481,0.049058013956493625,0.3468690063542441,0.0,1,1.0,0.0,0,0,0,8,8,1
snowplow__dbt-snowplow-media-player,2022-07-06T15:24:25,285cec07e48f42c64813e65b1dafa53287311df4,Add support for Databricks (Close #9),8,7,False,0.6428571428571429,3,0.5288461538461539,0.2537868118726481,0.049058013956493625,0.34686902171217476,0.0,1,1.0,0.0,0,0,0,8,11,1
snowplow__dbt-snowplow-media-player,2022-08-04T16:07:26,4013cebc5b5a939090927d93d0163f8cd71a32f7,Rename session_stats for custom yml (Close #12),8,7,False,0.6428571428571429,3,0.5288461538461539,0.2537868118726481,0.049058013956493625,0.34686910049751296,0.0,1,1.0,0.0,0,0,0,8,11,1
snowplow__dbt-snowplow-media-player,2022-08-26T14:46:21,da545e9812cc45a359200882d319c813c7b80950,Optimize performance in Databricks for incremental models (Close #14),8,7,False,0.6428571428571429,3,0.5288461538461539,0.2537868118726481,0.049058013956493625,0.3468690975720575,0.0,1,1.0,0.0,0,0,0,8,11,1
snowplow__dbt-snowplow-media-player,2022-10-26T21:14:11,b0e86859863d69200367a53d5acc8a701a25ea6e,Drop support for dbt versions below 1.3 (Close #19),8,7,False,0.6428571428571429,3,0.5288461538461539,0.2537868118726481,0.049058013956493625,0.3468690971866595,0.0,1,1.0,0.0,0,0,0,8,11,1
snowplow__dbt-snowplow-media-player,2023-01-24T11:36:06,d813718c1e07a0571d67d37da3b2a052e89098c0,Fix bug which causes data model to fail when a media object is never played,8,7,False,0.6428571428571429,3,0.5288461538461539,0.2537868118726481,0.049058013956493625,0.34686901410505755,0.0,1,1.0,0.0,0,0,0,8,11,1
snowplow__dbt-snowplow-media-player,2023-03-15T11:14:33,3b2d8db5dc9524d078f7e601b0284c9b5763ddb2,Upgrade to new materialization,8,7,False,0.6428571428571429,3,0.5288461538461539,0.2537868118726481,0.049058013956493625,0.34686900021799777,0.0,1,1.0,0.0,0,0,0,8,11,1
snowplow__dbt-snowplow-media-player,2023-08-16T13:01:45,5fcb437eec74b6b6e603c8e894b8c49f17e2c0ca,Fix current_time issue (Close #46),8,7,False,0.6428571428571429,3,0.5288461538461539,0.2537868118726481,0.049058013956493625,0.34686909071370886,0.0,1,1.0,0.0,0,0,0,8,11,1
snowplow__dbt-snowplow-media-player,2023-09-15T13:05:21,e02bbaa0df29ef2c3718fd469af633fff55bddba,Update license to SPAL,16,13,False,0.6428571428571429,4,0.5971153846153846,0.11344837829504394,0.020966295579261197,0.5015647553318356,0.0,3,0.875,0.125,7,0,0,9,22,1
snowplow__dbt-snowplow-media-player,2023-10-03T17:17:47,09305cb6900bc9ae660e25e9f3df9732387895e1,Fix bug with disabling new contexts in databricks,16,13,False,0.6428571428571429,4,0.5971153846153846,0.11344837829504394,0.020966295579261197,0.5015647553049744,0.0,3,0.875,0.125,7,0,0,9,22,1
snowplow__dbt-snowplow-media-player,2023-11-28T13:18:16,aa034358a6e032835729650251895921844404c7,Simplify base events this run (close #60),16,10,False,0.6428571428571429,3,0.7421875,0.12834712408046317,0.024677472447640098,0.39858957767564934,0.0,6,0.6875,0.3125,7,0,0,9,16,1
snowplow__dbt-snowplow-media-player,2024-06-19T15:42:10,9cc84846c647e603f12a633449bf80969a002f83,Fix counting impressions based using distinct play_id instead of page_view_id (close#72),16,10,False,0.6428571428571429,3,0.7421875,0.12834712408046317,0.024677472447640098,0.3985895812992129,0.0,6,0.6875,0.3125,7,0,0,9,16,1
snowplow__dbt-snowplow-media-player,2024-09-25T17:17:48,1be01b202c82c14f861799b5a0c4e0b93e6f7603,Add support for Spark Iceberg,16,10,False,0.6428571428571429,3,0.7421875,0.12834712408046317,0.024677472447640098,0.3985895947772008,0.0,6,0.6875,0.3125,7,0,0,9,16,1
snowplow__dbt-snowplow-media-player,2024-10-23T09:01:52,a77519cc5e6c0800ad8bd013adc98f06ee4b7025,"Remove user_id from dimension and add it as ""metric"" (#81)",16,10,False,0.6428571428571429,3,0.7421875,0.12834712408046317,0.024677472447640098,0.3985895879179829,0.0,6,0.6875,0.3125,7,0,0,9,16,1
snowplow__dbt-snowplow-media-player,2024-12-03T16:18:37,900c09bf0be951d21ae06965e5e65d8cbb18d2d6,Duplicate media ad views passthroughs (#84),16,10,False,0.6428571428571429,3,0.7421875,0.12834712408046317,0.024677472447640098,0.39858959336663136,0.0,6,0.6875,0.3125,7,0,0,9,16,1
snowplow__dbt-snowplow-media-player,2025-10-07T17:08:04,78a469bcd4c39a02016fc5a20970bc0478549327,Make play_time_secs reference configurable,16,10,False,0.6428571428571429,3,0.7421875,0.12834712408046317,0.024677472447640098,0.39858959272662503,0.0,6,0.6875,0.3125,7,0,0,9,16,1
snowplow__dbt-snowplow-media-player,2026-05-06T15:39:11,ce4e5424fa64147018d4b846cee87a9e91bd7166,[AISP-1252] DBT 1.10 (#95),16,10,False,0.6428571428571429,3,0.7421875,0.12834712408046317,0.024677472447640098,0.39858959330549815,0.0,6,0.6875,0.3125,7,0,0,9,16,1
snowplow__dbt-snowplow-media-player,2026-05-22T15:18:54,3c8314b75fc0a22a0fe0d38cdf607ea27ca962f7,Normalize empty strings to null for surrogate key dims (Fix #93),16,10,False,0.6428571428571429,3,0.7421875,0.12834712408046317,0.024677472447640098,0.3985895758759871,0.0,6,0.6875,0.3125,7,0,0,9,16,1
snowplow__dbt-snowplow-mobile,2021-12-06T22:49:53,2a5729b65e33e4a4065710ba49e9e4231eb50fee,Add support for Redshift (Close #2),24,27,False,0.7857142857142857,4,0.5681464174454829,0.1082398179417502,0.009742253550054134,0.6917368192165354,0.25,3,0.916667,0.083333,11,0,0,13,24,2
snowplow__dbt-snowplow-mobile,2022-02-23T14:33:00,b244247a82660862cd4e6faf0ad269b91e489873,Update datediff based filters to timestamp based (Close #11),24,27,False,0.7857142857142857,4,0.5681464174454829,0.1082398179417502,0.009742253550054134,0.6917368299605157,0.25,3,0.916667,0.083333,11,0,0,13,30,2
snowplow__dbt-snowplow-mobile,2022-03-11T09:28:00,474b0b1bb0dd86147e6beb34fa656f62915eefb4,Clean up incremental manifest varchar logic (Close #20),25,28,False,0.8571428571428571,5,0.592,0.1065750960482302,0.008816572487120918,0.7132381605130554,0.24,3,0.92,0.08,11,0,0,14,31,2
snowplow__dbt-snowplow-mobile,2022-04-26T22:17:27,e23fd757471f3930f5ffbcf267b103471689e214,Add `query_tag` to Snowflake queries (Close #22),25,28,False,0.8571428571428571,5,0.592,0.1065750960482302,0.008816572487120918,0.7132381409129267,0.24,3,0.92,0.08,11,0,0,14,31,2
snowplow__dbt-snowplow-mobile,2022-06-14T10:10:03,bc607dc3367d921bb9ea3b9f6ca8be37835e9005,Add support for Databricks (Close #28),25,28,False,0.8571428571428571,5,0.592,0.1065750960482302,0.008816572487120918,0.7132381169633318,0.24,3,0.92,0.08,11,0,0,14,33,2
snowplow__dbt-snowplow-mobile,2022-07-28T09:16:51,0b38a130aadeb47bc0567236ec3a65a7b769fc50,Fix unstruct_events (Close #34),25,28,False,0.8571428571428571,5,0.592,0.1065750960482302,0.008816572487120918,0.7132381891654063,0.24,3,0.92,0.08,11,0,0,14,33,2
snowplow__dbt-snowplow-mobile,2022-08-26T14:43:08,e1b2a331538c255bfbe3056c2e3e2eeac6e9c6e8,Optimize performance in Databricks for incremental models (Close #40),25,28,False,0.8571428571428571,5,0.592,0.1065750960482302,0.008816572487120918,0.713238179660114,0.24,3,0.92,0.08,11,0,0,14,33,2
snowplow__dbt-snowplow-mobile,2022-10-26T10:05:44,3e945b25f219da8fdf1729c474a87e7077546501,Drop support for dbt versions below 1.3 (Close #49),25,28,False,0.8571428571428571,5,0.592,0.1065750960482302,0.008816572487120918,0.7132381379870002,0.24,3,0.92,0.08,11,0,0,14,33,2
snowplow__dbt-snowplow-mobile,2022-12-13T12:48:07,81061d8555389c7a7a1301cd80cefbfc150c73dc,"Add new context fields to int tests, and select all columns",25,28,False,0.8571428571428571,5,0.592,0.1065750960482302,0.008816572487120918,0.7132381308746584,0.24,3,0.92,0.08,11,0,0,14,33,2
snowplow__dbt-snowplow-mobile,2023-01-11T16:07:06,229886c6244a184aea0d51078718717abb004949,Fix databricks geolocation aliasing (Close #57),25,28,False,0.8571428571428571,5,0.592,0.1065750960482302,0.008816572487120918,0.7132381366142682,0.24,3,0.92,0.08,11,0,0,14,33,2
snowplow__dbt-snowplow-mobile,2023-02-21T13:16:33,dc7f933ccaaafdb89c8d9a22850fd6c743e85faa,reduce previous_session_id test severity to warn (Close #62),25,28,False,0.8571428571428571,5,0.592,0.1065750960482302,0.008816572487120918,0.7132381467140806,0.24,3,0.92,0.08,11,0,0,14,33,2
snowplow__dbt-snowplow-mobile,2023-03-17T12:29:47,eb28d2076fb1e9fa6b58bfef27483d4f2a47c073,Change dedupe logic for Redshift and Postgres to include all events,25,28,False,0.8571428571428571,5,0.592,0.1065750960482302,0.008816572487120918,0.7132381348374637,0.24,3,0.92,0.08,11,0,0,14,33,2
snowplow__dbt-snowplow-mobile,2023-06-24T10:56:10,3d52d145db909b635d284efec1fbaeb19061e9d1,Add dedupe count to allow joining of multi-valued contexts,25,28,False,0.8571428571428571,5,0.592,0.1065750960482302,0.008816572487120918,0.7132381761863038,0.24,3,0.92,0.08,11,0,0,14,33,2
snowplow__dbt-snowplow-mobile,2023-09-26T08:15:18,1f68ec3ed2ba3ae536bad7e47635ca75feb41e8f,Remove snowplow_is_incremental reference,25,28,False,0.8571428571428571,5,0.592,0.1065750960482302,0.008816572487120918,0.7132381451433433,0.24,3,0.92,0.08,11,0,0,14,33,2
snowplow__dbt-snowplow-mobile,2023-10-13T16:20:55,e316c8757aeb1a1c2bb9afd81f11475904a52b01,Implement new base macros throughout package and passthrough fields,19,20,False,0.5714285714285714,3,0.6145092460881935,0.48625076443280135,0.07577808872018667,0.23801854844704184,0.3157894736842105,5,0.526316,0.157895,5,0,0,14,25,2
snowplow__dbt-snowplow-mobile,2023-11-22T11:04:37,1cfc4f3f6a20dfdb239bed1ed8b278ae654be04f,Update license,19,20,False,0.5714285714285714,3,0.6145092460881935,0.48625076443280135,0.07577808872018667,0.23801859146192603,0.3157894736842105,5,0.526316,0.157895,5,0,0,14,25,2
snowplow__dbt-snowplow-unified,2023-09-12T11:29:34,a30bf3547a78cbfa2d50c3bfffc739b333b1d172,Unify web and mobile model,32,32,False,0.7857142857142857,5,0.69921875,0.08792792652095198,0.009670966349184624,0.5025706206372084,0.21875,7,0.65625,0.15625,7,0,0,25,41,1
snowplow__dbt-snowplow-unified,2023-11-03T13:54:55,5a3ad14e331f76306bed91a7736ccaf265c99412,Prepare for release,32,32,False,0.7857142857142857,5,0.69921875,0.08792792652095198,0.009670966349184624,0.5025705553729434,0.21875,7,0.65625,0.15625,7,0,0,25,41,1
snowplow__dbt-snowplow-unified,2024-02-08T14:50:47,36bbde78aaa41cf1018ec62fbd135ea7425b0d2d,Use macros for field lists where possible (Close #27),36,39,False,0.7857142857142857,5,0.6781481481481482,0.0849538336235813,0.007673070510065142,0.6502445511987947,0.2777777777777778,7,0.694444,0.138889,7,0,0,29,45,1
snowplow__dbt-snowplow-unified,2024-03-07T19:14:44,451ed1fd5650d6865d63c702451b951cf9deb95a,Remove not null test on conversions table,36,39,False,0.7857142857142857,5,0.6781481481481482,0.0849538336235813,0.007673070510065142,0.650245928743358,0.2777777777777778,7,0.694444,0.138889,7,0,0,29,45,1
snowplow__dbt-snowplow-unified,2024-03-20T11:44:10,716e095497a84788a5c36d2dda267c42a08ddb67,Add new conversions unique key,36,39,False,0.7857142857142857,5,0.6781481481481482,0.0849538336235813,0.007673070510065142,0.6502462441011352,0.2777777777777778,7,0.694444,0.138889,7,0,0,29,45,1
snowplow__dbt-snowplow-unified,2024-05-09T14:37:36,fd7fee9491f04bfb64f2eeefda8fbdc4ed0b88ac,Add option to use refer in channel classification if mkt is null (#42),36,39,False,0.7857142857142857,5,0.6781481481481482,0.0849538336235813,0.007673070510065142,0.6502444679558447,0.2777777777777778,7,0.694444,0.138889,7,0,0,29,45,1
snowplow__dbt-snowplow-unified,2024-06-25T19:16:11,aaa0edb6c9302d7c1de5c586a89066a5fbe3fdee,Remove complexity from window,36,39,False,0.7857142857142857,5,0.6781481481481482,0.0849538336235813,0.007673070510065142,0.6502446041846799,0.2777777777777778,7,0.694444,0.138889,7,0,0,29,45,1
snowplow__dbt-snowplow-unified,2024-07-17T15:51:36,391c615799e995e7c92076c9ca1a1951bc8a7dcd,Add support for allow_null_dvce_tstamps var,36,39,False,0.7857142857142857,5,0.6781481481481482,0.0849538336235813,0.007673070510065142,0.6502445236042487,0.2777777777777778,7,0.694444,0.138889,7,0,0,29,45,1
snowplow__dbt-snowplow-unified,2024-08-30T19:11:51,dbce4f1bfe6da8ccb1b1b1934c367eff558da0db,Add support for Spark Iceberg,36,39,False,0.7857142857142857,5,0.6781481481481482,0.0849538336235813,0.007673070510065142,0.6502445230685396,0.2777777777777778,7,0.694444,0.138889,7,0,0,29,46,1
snowplow__dbt-snowplow-unified,2024-09-10T00:28:58,dd539fcc54640092d333994141b13ac582e8391b,Add ISO-639-2 and ISO-639-3 language mapping codes (#76),36,39,False,0.7857142857142857,5,0.6781481481481482,0.0849538336235813,0.007673070510065142,0.6502459846541596,0.2777777777777778,7,0.694444,0.138889,7,0,0,29,46,1
snowplow__dbt-snowplow-unified,2024-10-14T12:35:00,32c292c2657a73bea4b8e5dd9e0c037aa1b1d9b1,Rework filter bots macro,36,39,False,0.7857142857142857,5,0.6781481481481482,0.0849538336235813,0.007673070510065142,0.6502460303535711,0.2777777777777778,7,0.694444,0.138889,7,0,0,29,46,1
snowplow__dbt-snowplow-unified,2025-02-24T15:45:50,c8760f7dc9cd3cca6fd666f67c80c844e1e06dea,Deduplicate iso_639_3 seed (Close #99),36,39,False,0.7857142857142857,5,0.6781481481481482,0.0849538336235813,0.007673070510065142,0.6502445364810534,0.2777777777777778,7,0.694444,0.138889,7,0,0,29,46,1
snowplow__dbt-snowplow-unified,2025-05-23T20:02:06,1ddaa98aa26d04f341305bbea8d19ea7d2d67eeb,Remove duplicate description key (#105),36,39,False,0.7857142857142857,5,0.6781481481481482,0.0849538336235813,0.007673070510065142,0.6502444351667523,0.2777777777777778,7,0.694444,0.138889,7,0,0,29,46,1
snowplow__dbt-snowplow-unified,2026-01-19T15:54:21,d55fb7923cc0d70b84b9d93225e2709a80ca340f,Update package yml for v1.0.0 and bump dbt requirement,36,39,False,0.7857142857142857,5,0.6781481481481482,0.0849538336235813,0.007673070510065142,0.650246201830863,0.2777777777777778,7,0.694444,0.138889,7,0,0,29,46,1
snowplow__dbt-snowplow-web,2021-07-14T17:15:29,9168ff237603b1fc2e7924719fa91922619ccf05,Add BigQuery adapter support (Close #15),26,43,False,0.7142857142857143,5,0.3961807423345885,0.07096483650173917,0.005841750301095013,0.714152914208349,0.6923076923076923,1,1.0,0.0,4,0,0,22,28,2
snowplow__dbt-snowplow-web,2021-08-13T11:38:22,25803fd34f1227bfef3b595aad3d9ab89ee665fa,Remove dbt_date dependancy (Close #18),23,37,False,0.7857142857142857,4,0.5149456521739131,0.08104337763499062,0.006709627199721912,0.6998530365380263,0.6956521739130435,2,0.956522,0.043478,4,0,0,19,25,2
snowplow__dbt-snowplow-web,2021-09-21T12:23:50,8bb3f38cb7727461fd16b55c1d87a4be39586189,Add Snowflake adapter support (Close #24),23,37,False,0.7857142857142857,4,0.5149456521739131,0.08104337763499062,0.006709627199721912,0.6998530413671874,0.6956521739130435,2,0.956522,0.043478,4,0,0,19,27,2
snowplow__dbt-snowplow-web,2021-10-19T10:00:18,02f2c34cc252f070f90e3de07491968a7c1f623b,Create manifest table using native dbt (Close #39),23,35,False,0.7857142857142857,3,0.5411426518145885,0.10405328015217251,0.008614625943941946,0.7116187423062256,0.6521739130434783,3,0.913043,0.086957,5,0,0,18,27,2
snowplow__dbt-snowplow-web,2021-11-15T10:09:11,f5f11884034e5f755a62bc9fefef7b9c29bc0181,Fix cluster_by_fields macros to allow overriding (Close #35),25,37,False,0.7142857142857143,4,0.5736986301369863,0.10059305272789738,0.008312790392219285,0.7010774204173229,0.6,3,0.92,0.08,6,0,0,19,29,2
snowplow__dbt-snowplow-web,2021-11-30T14:52:56,1037f2e623a35ef95aece918faed3376ed69bcb9,Add dbt v1 compatibility (Close #38),25,37,False,0.7142857142857143,4,0.5736986301369863,0.10059305272789738,0.008312790392219285,0.7010774212787714,0.6,3,0.92,0.08,6,0,0,19,29,2
snowplow__dbt-snowplow-web,2022-02-17T17:51:13,d6929b3ce32ee0a8ba8f2aff5f8652ec3449f051,Fix cluster by fields bug when customising and using both web and mobile packages (Close #65),25,37,False,0.7142857142857143,4,0.5736986301369863,0.10059305272789738,0.008312790392219285,0.7010774181769218,0.6,3,0.92,0.08,6,0,0,19,29,2
snowplow__dbt-snowplow-web,2022-03-11T09:44:10,a25fa60399a0ffca100fe7d235c195b1ac137aa7,Clean up tables varchar logic (Close #70),25,37,False,0.7142857142857143,4,0.5736986301369863,0.10059305272789738,0.008312790392219285,0.7010774191566858,0.6,3,0.92,0.08,6,0,0,19,29,2
snowplow__dbt-snowplow-web,2022-04-26T21:54:58,3a8b154997ba35998ae071329c91b47f9b2e6f7e,Add `query_tag` to Snowflake (Close #74),25,37,False,0.7142857142857143,4,0.5736986301369863,0.10059305272789738,0.008312790392219285,0.7010774363714892,0.6,3,0.92,0.08,6,0,0,19,29,2
snowplow__dbt-snowplow-web,2022-06-08T14:06:46,c9aa906f1f7f7081c5cd6ac02cca61b72af2b4a4,Add support for databricks (Close #86),25,37,False,0.7142857142857143,4,0.5736986301369863,0.10059305272789738,0.008312790392219285,0.7010774220373414,0.6,3,0.92,0.08,6,0,0,19,31,2
snowplow__dbt-snowplow-web,2022-07-07T15:06:45,f0cc693d89061d64b49d16b591f9120953af2e1d,Improve performance of scratch tables (Close #94),25,37,False,0.7142857142857143,4,0.5736986301369863,0.10059305272789738,0.008312790392219285,0.7010774245320859,0.6,3,0.92,0.08,6,0,0,19,31,2
snowplow__dbt-snowplow-web,2022-08-11T09:41:13,299add8540b3e9be3ba7f3878541e173e009ef64,Add safety page_view_context deduplication for Redshift and Postgres (Close #104),25,37,False,0.7142857142857143,4,0.5736986301369863,0.10059305272789738,0.008312790392219285,0.7010774331784526,0.6,3,0.92,0.08,6,0,0,19,31,2
snowplow__dbt-snowplow-web,2022-08-25T14:06:05,07719ed22288d5e1cc2f30b4a0386db8659b72d5,Optimize performance in Databricks for incremental models (Close #113),25,37,False,0.7142857142857143,4,0.5736986301369863,0.10059305272789738,0.008312790392219285,0.7010774401444128,0.6,3,0.92,0.08,6,0,0,19,31,2
snowplow__dbt-snowplow-web,2022-10-17T09:38:51,ccc341c252d982b0c87adc1af561a815143bb134,Enable custom bot filtering (Close #121),25,37,False,0.7142857142857143,4,0.5736986301369863,0.10059305272789738,0.008312790392219285,0.7010774201688473,0.6,3,0.92,0.08,6,0,0,19,31,2
snowplow__dbt-snowplow-web,2022-11-09T15:33:23,25fc95c44fa3659019520a60a8bc762fe4a03e7a,Add optional Consent model (Close #126),31,45,False,0.7857142857142857,5,0.6412186379928315,0.08960503390917351,0.007381810765752359,0.6964090043989464,0.5483870967741935,3,0.935484,0.064516,6,0,0,25,38,2
snowplow__dbt-snowplow-web,2022-12-13T18:10:54,63e6eb47a833b653a40cec5ad2d2778c141cf6c2,Add option to limit page view metrics to a session (Close #96),31,45,False,0.7857142857142857,5,0.6412186379928315,0.08960503390917351,0.007381810765752359,0.6964090582346784,0.5483870967741935,3,0.935484,0.064516,6,0,0,25,38,2
snowplow__dbt-snowplow-web,2022-12-27T13:40:37,a106174ecf1d187a34cdbf32fdceb78e1727009f,Update reference to renamed model (Close #142),31,45,False,0.7857142857142857,5,0.6412186379928315,0.08960503390917351,0.007381810765752359,0.696410230952001,0.5483870967741935,3,0.935484,0.064516,6,0,0,25,38,2
snowplow__dbt-snowplow-web,2023-01-03T17:38:56,697e53bc6fc04686ddaf310b20a4191fc4cb9273,Add missing adapter support for Consent module (Close #148),30,44,False,0.7142857142857143,5,0.6763440860215054,0.07253406898137685,0.006811465539825687,0.4406423542065614,0.5666666666666667,3,0.933333,0.066667,6,0,0,24,42,2
snowplow__dbt-snowplow-web,2023-03-10T13:47:07,ec854e66cdccc841e5a65f3d809e6de6f7474f5a,Change dedupe logic for Redshift and Postgres to keep all pageviews,30,44,False,0.7142857142857143,5,0.6763440860215054,0.07253406898137685,0.006811465539825687,0.4406423137951162,0.5666666666666667,3,0.933333,0.066667,6,0,0,24,42,2
snowplow__dbt-snowplow-web,2023-04-25T13:42:06,1ea22b3d92e73f945a704ee3a16faa7a6f698b62,Add core web vitals module,29,33,False,0.8571428571428571,5,0.7244011581995262,0.07250528650729521,0.00795149073517195,0.4600941602631657,0.2413793103448276,3,0.931034,0.068966,6,0,0,23,45,2
snowplow__dbt-snowplow-web,2023-07-13T10:21:03,7121a54e1705d521173f12fbb7b5ed9ca3ace632,Add Redshift/Postgres support for Core Web Vitals,29,33,False,0.8571428571428571,5,0.7244011581995262,0.07250528650729521,0.00795149073517195,0.4600956710023211,0.2413793103448276,3,0.931034,0.068966,6,0,0,23,47,2
snowplow__dbt-snowplow-web,2023-07-13T10:21:03,dd55d8ddcb0e8bf3fd24940a3dd62059a40efadc,Add passthrough for derived tables,29,30,False,0.8571428571428571,4,0.672696438665913,0.08937640835712594,0.011032562159622627,0.45176154720212613,0.2413793103448276,6,0.655172,0.137931,6,0,0,23,47,2
snowplow__dbt-snowplow-web,2023-08-29T10:45:45,c933e64955cd924fcb0bccd153884ece59e4985e,Prepare for release,29,30,False,0.8571428571428571,4,0.672696438665913,0.08937640835712594,0.011032562159622627,0.4517615107597405,0.2413793103448276,6,0.655172,0.137931,6,0,0,23,47,2
snowplow__dbt-snowplow-web,2023-10-06T12:16:41,20cca291f7773e508e668c853133b29e10f5b2cf,Fix bug with app ids,29,30,False,0.8571428571428571,4,0.672696438665913,0.08937640835712594,0.011032562159622627,0.4517614477833431,0.2413793103448276,6,0.655172,0.137931,6,0,0,23,47,2
snowplow__dbt-snowplow-web,2023-10-18T16:24:02,5576ddc8c392563f27c3e676e60f559409417917,Fix incorrect default table name for core web vitals on redshift,29,30,False,0.8571428571428571,4,0.672696438665913,0.08937640835712594,0.011032562159622627,0.45176154897367293,0.2413793103448276,6,0.655172,0.137931,6,0,0,23,47,2
snowplow__dbt-snowplow-web,2023-11-27T11:00:21,f63f194c6536fe623e30d678aae4bf7679e1d4ac,Remove full version number for CWV from BigQuqery (Close #235),29,30,False,0.8571428571428571,4,0.672696438665913,0.08937640835712594,0.011032562159622627,0.4517615625779527,0.2413793103448276,6,0.655172,0.137931,6,0,0,23,47,2
stellar__stellar-dbt-public,2023-08-18T12:21:35,c31eddfb261f03b209ae3188f1bf916900c507ad,Update enriched_history_operations.sql,14,4,False,0.7857142857142857,1,0.7142857142857143,1.0,0.25000000000000006,0.12994792068883101,0.0,10,0.285714,0.571429,12,0,2,0,14,1
stellar__stellar-dbt-public,2023-10-26T16:10:27,fd9b58242ec810ece654e2efbdeebc93a7bf4259,"Some fixes to materialization, source schemas and addition of fee_stats and trade_agg tables",20,14,False,0.7142857142857143,2,0.65,0.4384471871911696,0.06682064439613675,0.548414579758385,0.15,9,0.4,0.35,12,4,4,0,20,1
stellar__stellar-dbt-public,2023-12-11T22:09:00,b0fc57833d8061b9afe73daf15ecd16ccbce01a7,dbt Elementary and tests configuration,20,14,False,0.7142857142857143,2,0.65,0.4384471871911696,0.06682064439613675,0.5484145798676903,0.15,9,0.4,0.35,12,4,4,0,20,1
stellar__stellar-dbt-public,2024-01-12T16:36:37,9fa1896bcbed7d30c068997c7b49bbe551089bd1,Update for freshness test on sources and severity set to warn.,20,14,False,0.7142857142857143,2,0.65,0.4384471871911696,0.06682064439613675,0.5484145798953386,0.15,9,0.4,0.35,12,4,4,0,20,1
stellar__stellar-dbt-public,2024-02-15T15:33:46,670a9761f39633aaee33b9989857a270edec1e38,Fix asset_id typo,30,24,False,0.7142857142857143,5,0.6706666666666666,0.2023666828129578,0.027945597250347502,0.6962491752816193,0.1,9,0.5,0.166667,16,4,10,0,30,1
stellar__stellar-dbt-public,2024-03-19T11:22:08,b4e6ac303ee3974955759b74e28c8e516b714f8d,Adjust recency tests for soroban,34,28,False,0.8571428571428571,5,0.6360294117647058,0.18697144572570654,0.025530600855946373,0.6570439706964839,0.08823529411764706,9,0.470588,0.058824,16,4,14,0,34,1
stellar__stellar-dbt-public,2024-03-26T12:46:37,1793b9ebbb3dcd0d3ea4e06846117fca762e823b,Add asset_id missing columns to both trustlines and offers stagings,34,28,False,0.8571428571428571,5,0.6360294117647058,0.18697144572570654,0.025530600855946373,0.6570439707044781,0.08823529411764706,9,0.470588,0.058824,16,4,14,0,34,1
stellar__stellar-dbt-public,2024-05-14T14:37:26,affc46d3bf3447500eef3bdb19dbeab3d46d90f8,Update dbt test to support P21,34,28,False,0.8571428571428571,5,0.6360294117647058,0.18697144572570654,0.025530600855946373,0.6570439707453841,0.08823529411764706,9,0.470588,0.058824,16,4,14,0,34,1
stellar__stellar-dbt-public,2024-07-16T17:04:23,ff56fbc401c3c7170ee71fb700997a9285cbb9f9,Reduce field length to fit in BQ (#63),34,28,False,0.8571428571428571,5,0.6360294117647058,0.18697144572570654,0.025530600855946373,0.6570439706873006,0.08823529411764706,9,0.470588,0.058824,16,4,14,0,34,1
stellar__stellar-dbt-public,2024-08-15T14:05:42,a5660e6d14f7b9dfd1b61b0075422a8b4e8bf9b8,Upgrade dbt version (#75),35,29,False,0.8571428571428571,5,0.6233766233766234,0.18697144572570654,0.025530600855946373,0.6570439706867249,0.08571428571428572,9,0.457143,0.028571,16,4,15,0,35,1
stellar__stellar-dbt-public,2024-09-13T20:43:17,da7cb2bdd0c1038b62a7bbd3bfe36494033abff6,Make generic tests working (#90),35,29,False,0.8571428571428571,5,0.6233766233766234,0.18697144572570654,0.025530600855946373,0.6570439707173344,0.08571428571428572,9,0.457143,0.028571,16,4,15,0,35,1
stellar__stellar-dbt-public,2024-10-15T10:29:13,08e583f96d4c96e458d3fc86762e7f949a50370a,Decrease recency check threshold for history assets (#104),35,29,False,0.8571428571428571,5,0.6233766233766234,0.18697144572570654,0.025530600855946373,0.6570439707255242,0.08571428571428572,9,0.457143,0.028571,16,4,15,0,35,1
stellar__stellar-dbt-public,2024-11-13T12:23:34,29fbe45958d3021c8e385e07aa2d40b3ee7d50f1,Update protocol version (#117),35,29,False,0.8571428571428571,5,0.6233766233766234,0.18697144572570654,0.025530600855946373,0.6570439707417921,0.08571428571428572,9,0.457143,0.028571,16,4,15,0,35,1
stellar__stellar-dbt-public,2024-12-05T14:50:35,17a6bc63f6cead0486d826504ce488014ccb5f31,Patch/add missing columns (#120),35,29,False,0.8571428571428571,5,0.6233766233766234,0.18697144572570654,0.025530600855946373,0.6570439706897885,0.08571428571428572,9,0.457143,0.028571,16,4,15,0,35,1
stellar__stellar-dbt-public,2025-01-08T09:30:52,32c34a60bf6c4e02363051cea630939ac25e77e0,Revert recency tags from source only (#126),35,29,False,0.8571428571428571,5,0.6233766233766234,0.18697144572570654,0.025530600855946373,0.657043970723198,0.08571428571428572,9,0.457143,0.028571,16,4,15,0,35,1
stellar__stellar-dbt-public,2025-03-07T10:42:50,38a45685ebb9e76b9dff2f7d971a64ca55614e51,Update history contract events docs (#128),36,29,False,0.8571428571428571,5,0.6338383838383839,0.18697144572570654,0.025530600855946373,0.6570439706689141,0.08333333333333333,10,0.444444,0.055556,17,4,15,0,36,1
stellar__stellar-dbt-public,2025-05-22T14:25:29,57988c8899adb7bb18bc20eae8a1dfd6d74a15d9,Shorten column doc (#133),37,29,False,0.8571428571428571,5,0.6437346437346437,0.18697144572570654,0.025530600855946373,0.6570439706860323,0.08108108108108109,11,0.432432,0.081081,18,4,15,0,37,1
stellar__stellar-dbt-public,2025-09-09T12:26:46,15e92702fe2cdef11c6250fab7de5731327acda3,Add unique key for evicted keys (#143),39,31,False,0.7857142857142857,6,0.6505494505494506,0.1820500614431875,0.022079446609090465,0.7187467263596714,0.07692307692307693,11,0.461538,0.076923,19,4,16,0,39,1
stellar__stellar-dbt-public,2025-10-09T20:30:32,3b9a29262ef257a8b0529ec8be6972bbe5ec1433,Update ttl_current.sql (#154),44,29,False,0.6428571428571429,3,0.5847107438016529,0.25378681187264773,0.049058013956493535,0.3468690043035353,0.06818181818181818,18,0.181818,0.090909,20,7,17,0,44,1
stellar__stellar-dbt-public,2025-11-08T16:28:15,a14f9df45e26af58a7ff7382576ddf5c32c99ebe,Add account balances for smart contracts (#159),47,40,False,0.7142857142857143,2,0.6341259908218606,1.627718676730987,0.22078900754823938,0.5454958049030729,0.2127659574468085,17,0.170213,0.06383,21,8,18,0,47,1
stellar__stellar-dbt-public,2025-12-09T11:48:48,feea8dd7d1ed4b1efd2d2b574e47c759082f88bf,Incluse G addresses in custom contract token balances (#184),50,41,False,0.6428571428571429,2,0.6675471698113208,0.9344058720976094,0.11933221281543481,0.76191529293252,0.2,19,0.18,0.1,21,11,18,0,50,1
stellar__stellar-dbt-public,2025-12-11T15:31:55,f10a438ebf673f447c6c2c95f6260b7f5c083d36,Fix date filtering bug (#186),50,41,False,0.6428571428571429,2,0.6675471698113208,0.9344058720976094,0.11933221281543481,0.7619152961309139,0.2,19,0.18,0.1,21,11,18,0,50,1
stellar__stellar-dbt-public,2026-02-04T11:21:42,cd54424d48414b1dbc49f07f8eba945f5bff738c,[#556] Include decimals as an acceptable key for precision,53,48,False,0.5714285714285714,4,0.6861966236345581,0.06937469475115779,0.008636692095221095,0.6682458336004823,0.22641509433962265,17,0.415094,0.09434,21,13,19,0,53,1
stellar__stellar-dbt-public,2026-04-09T10:17:05,bb580ce2f90a183846e0232f07b92e002501c07d,[645] Update contract_id field name in tvl_agg,60,59,False,0.5714285714285714,4,0.6836569579288025,0.04142000972066899,0.004672203956793267,0.6886537802786592,0.23333333333333334,15,0.55,0.083333,21,15,24,0,60,1
stellar__stellar-dbt-public,2026-05-08T08:50:55,198c00cc43b6e150b24decf8aa699d47ce844272,drop deprecated fee_stats_agg model (#239),59,58,False,0.7142857142857143,4,0.6766367563974742,0.04388741572454725,0.004950528954579384,0.68677933501795,0.23728813559322035,15,0.542373,0.084746,21,15,23,0,59,1
stellar__stellar-dbt-public,2026-06-05T13:02:56,11dbc8b8b7dfc2f5edb32cacc8780d6a259e2ba4,Asset code contract tokens v2 (#267),60,59,False,0.8571428571428571,4,0.6888888888888889,0.048361018391406926,0.005586089722518624,0.7030769610384524,0.23333333333333334,15,0.533333,0.083333,21,15,24,0,60,1
stellar__stellar-dbt-public,2026-06-16T10:47:59,2b9798eb2a39ac9ca2fed93598759ddf87c74b11,Add soroban_core_metrics mart (closes #189) (#264) (#269),61,61,False,0.7857142857142857,6,0.6860655737704918,0.04331131540765978,0.005002807702452685,0.7060959413715597,0.22950819672131148,14,0.557377,0.065574,21,15,25,0,61,1
stellar__stellar-dbt-public,2026-07-31T14:35:28,0a963e9f1250c275f1d02938920cd6e646d484d3,account_balances__daily_agg: warn severity for the day/account/contract uniqueness test outside prod,61,59,False,0.6428571428571429,4,0.6944601469756925,0.050208139407930875,0.0058012385461928715,0.7202742176415565,0.22950819672131148,16,0.491803,0.065574,21,15,25,0,61,1
tconbeer__gitlab-analytics-sqlfmt,2018-10-07T10:14:46,335dee6834d249a4f3291155f8c0f5aa471ba54f,remove unique key,3,1,True,,,,,,,,2,0.666667,0.333333,2,0,0,1,3,1
tconbeer__gitlab-analytics-sqlfmt,2018-11-09T01:45:39,64e7d71ad508f4e6bd766b6069af307b8078cc31,Add Gitter dbt models,6,3,False,0.8571428571428571,1,0.5,0.9999999999999997,0.3333333333333332,0.0,0.0,3,0.5,0.166667,4,0,0,2,6,1
tconbeer__gitlab-analytics-sqlfmt,2018-12-14T16:40:17,19047f9bc37f0df4b7f9add8aa2ddc693f07024f,it's alivegit add .git add .,46,48,False,0.7857142857142857,5,0.6647597254004577,0.08997273846060677,0.008712951697402903,0.5773277406961526,0.17391304347826086,6,0.804348,0.043478,19,0,4,23,46,1
tconbeer__gitlab-analytics-sqlfmt,2019-01-12T00:05:30,6645f97e604e5752139592d530502dc9c343c8c7,"Resolve ""Update dbt version""",138,145,False,0.9285714285714286,7,0.6378039793662491,0.020655547620730904,0.0018341973696892305,0.5528751798000606,0.2536231884057971,28,0.528986,0.101449,71,0,4,63,138,1
tconbeer__gitlab-analytics-sqlfmt,2019-02-13T22:31:53,00c408c702006b52e695664ae611888342b382f6,Usage ping updates to track Jira usage,182,159,False,0.7857142857142857,8,0.7183342972816658,0.01819036497798283,0.0016152830560834713,0.5178072891473213,0.21428571428571427,62,0.450549,0.258242,107,0,4,71,182,1
tconbeer__gitlab-analytics-sqlfmt,2019-03-15T12:53:04,8b0e3c4ca914afae9eaaee269648c276365926d2,spaces,190,162,False,0.9285714285714286,6,0.7494759382396033,0.018842334080998474,0.0014321883766750755,0.5884922488457635,0.20526315789473684,67,0.4,0.268421,116,0,0,74,190,1
tconbeer__gitlab-analytics-sqlfmt,2019-04-15T12:42:25,0a9e7c658f3cad7f1421714ee799c63e8bd38dce,update case when,201,168,False,1.0,7,0.770120882349961,0.01907546150307781,0.0014499046574319152,0.6047999153151796,0.208955223880597,75,0.378109,0.293532,117,0,0,84,201,1
tconbeer__gitlab-analytics-sqlfmt,2019-05-15T20:12:10,d1ca87af29965b4c9aa2475ae150c98109351186,"Resolve ""Add plan values to sheetload""",178,152,False,0.8571428571428571,6,0.7717916081460674,0.018522812881411752,0.0013099640472775474,0.5912337117275204,0.21910112359550563,65,0.44382,0.320225,102,0,0,76,178,1
tconbeer__gitlab-analytics-sqlfmt,2019-06-14T19:16:40,7467d9772fbc96874412230fbc94110103e1c85b,- Added missing transaction fields - Extendede to journal and non-journal entries - non-journal entries WIP,220,182,False,0.8571428571428571,6,0.768997077372712,0.018923521480514117,0.0012505537762177842,0.5723617697345407,0.21363636363636362,85,0.386364,0.345455,133,0,0,87,220,1
tconbeer__gitlab-analytics-sqlfmt,2019-07-13T14:47:47,f5c88a7f8932d391e91612468a3a3db5009d9c14,"Resolve ""Fix Zendesk Models""",230,198,False,1.0,8,0.7697138610182088,0.010904870730091361,0.0007707986250969857,0.5073052996124668,0.21304347826086956,81,0.46087,0.321739,141,0,0,89,230,1
tconbeer__gitlab-analytics-sqlfmt,2019-08-13T19:11:48,7b75349e76bcddc3c6dedbd6d19e6c7828305fc8,"Resolve ""Move members to `analytics` schema""",236,227,False,0.7142857142857143,8,0.765881793163756,0.02096651694705221,0.0012970784820558387,0.8860976342593623,0.3093220338983051,82,0.491525,0.305085,138,0,0,98,236,1
tconbeer__gitlab-analytics-sqlfmt,2019-09-12T15:11:14,5aa040fa1e39a3022e1ccb3f1e3489baa5dffda8,Materialized in the yml,278,217,False,0.7857142857142857,7,0.8154288876591035,0.04772329965452619,0.002950560655741297,0.7325775048866737,0.25539568345323743,132,0.377698,0.435252,136,0,0,142,278,1
tconbeer__gitlab-analytics-sqlfmt,2019-10-11T13:49:24,685c43e15f085e3559d46d3e95a5631ed22d2cde,Update documentation,334,283,False,0.8571428571428571,9,0.8074501809897102,0.0386691739368441,0.0022504990778934725,0.25752992135273073,0.2964071856287425,150,0.419162,0.413174,171,0,0,163,334,1
tconbeer__gitlab-analytics-sqlfmt,2019-11-11T13:12:57,bf297661baa15c7035d9dbb73a7e53380600d0d8,add tests,339,295,False,0.7857142857142857,11,0.8243845019287497,0.035242851862404424,0.0020268984850963655,0.9239999041449918,0.3215339233038348,153,0.492625,0.418879,165,0,2,172,339,1
tconbeer__gitlab-analytics-sqlfmt,2019-12-11T15:05:52,2c0ae805cbe1adac1112d0ab25ad0ea790843964,Merge branch 'master' into 3051-create-model-to-aid-with-determining-merge-request-cycle-time-to-review,359,304,False,0.7857142857142857,11,0.836242684465298,0.03561700045345816,0.0019434731686571965,0.9364938588438728,0.3147632311977716,168,0.479109,0.437326,179,0,2,178,359,1
tconbeer__gitlab-analytics-sqlfmt,2020-01-10T16:19:40,0f3dcaddac363ca297bfaab7b8da09806714ba8e,adding from 1st cte,371,319,False,0.7857142857142857,11,0.8361203243706616,0.01865790559613427,0.001018031938683207,0.8690302642763812,0.32345013477088946,172,0.495957,0.436658,181,0,2,188,371,1
tconbeer__gitlab-analytics-sqlfmt,2020-02-08T18:07:44,f1178ba1ab1b85cee84805f50c444358deacece7,Merge branch '3639-land-handbook-update-data-in-analytics-schema-for-analysts-to-use' of gitlab.com:gitlab-data/analytic,412,376,False,0.7857142857142857,12,0.8367223102833367,0.016597932312773206,0.0007795384914075263,0.8805593395006172,0.3470873786407767,179,0.521845,0.402913,195,0,5,212,412,1
tconbeer__gitlab-analytics-sqlfmt,2020-03-10T16:44:13,b6d99eeea456a82a0e65b7a6271aeec43e5a3bc4,Update ga360_session_custom_dimension.sql,432,383,False,0.8571428571428571,12,0.8288317888859188,0.016437962936583703,0.0008483281975008129,0.8677833739818204,0.3263888888888889,190,0.5,0.402778,275,0,7,150,432,1
tconbeer__gitlab-analytics-sqlfmt,2020-04-09T16:45:03,e8f4b2233f274afcedb0b0d522fa4ec56efe2549,fix json field parsing in qualtrics nps survey model,498,478,False,0.7857142857142857,14,0.8261347275896037,0.016270925266384944,0.0008401420487394196,0.8804529538525396,0.3654618473895582,202,0.528112,0.35743,309,0,19,170,498,1
tconbeer__gitlab-analytics-sqlfmt,2020-05-08T11:46:15,2e2d8c05208cc8a9fb68cbb04dbd5a1c88c4b700,finish model,526,503,False,0.8571428571428571,15,0.8284504035754786,0.01619595807679952,0.0007966141146335639,0.8808937222735863,0.3593155893536122,212,0.522814,0.353612,282,0,21,223,526,1
tconbeer__gitlab-analytics-sqlfmt,2020-06-08T13:44:10,5f26ac945f3700cdf985b72ac7e672f273f748d7,add fct_invoice_items table,577,541,False,0.5714285714285714,15,0.8311974640695838,0.016184987441195346,0.0008346101642938895,0.8747208827290555,0.35528596187175043,241,0.5026,0.365685,237,3,22,315,577,1
tconbeer__gitlab-analytics-sqlfmt,2020-07-08T19:35:44,82f1e218f4f9c932184bb351a87e7e7ea720984f,add models + test,635,582,False,0.8571428571428571,14,0.8310637079455977,0.016002663787794257,0.0008250317719490585,0.8704040249188909,0.3228346456692913,258,0.496063,0.333858,233,0,33,369,635,1
tconbeer__gitlab-analytics-sqlfmt,2020-08-07T16:49:02,8c6d311519b5dc8df556d253b6027d8081d8d910,Merge branch 'rkohnke-master-patch-92122' into 'master',732,705,False,0.5714285714285714,16,0.8242837244187292,0.01081602634085125,0.0004125722266272093,0.9261747946325634,0.3319672131147541,270,0.484973,0.258197,311,0,38,383,732,1
tconbeer__gitlab-analytics-sqlfmt,2020-09-06T19:59:44,b908f0bcb917a59239e0260ff6c7787df883c244,adding is_outbound and is_sourced fields,764,755,False,0.7142857142857143,15,0.8255898602471423,0.010761968642766833,0.0003956511066219183,0.9261950166463709,0.3403141361256545,269,0.497382,0.242147,324,0,45,395,764,1
tconbeer__gitlab-analytics-sqlfmt,2020-10-06T14:45:12,b64f5794c04bb715a81e49de1fa03d138616a8d4,updating schema.yml files,885,905,False,0.8571428571428571,16,0.8130128634811197,0.010671917548009209,0.00037840928997714767,0.927014872302368,0.3288135593220339,271,0.501695,0.158192,422,0,54,409,885,1
tconbeer__gitlab-analytics-sqlfmt,2020-11-05T14:26:29,ec4ce1e45f54f86ec5cb42b1466ad6fb589fead2,Fix column,961,966,False,0.8571428571428571,20,0.8235475674952251,0.010157555382934272,0.0002973589072990804,0.932554671474327,0.3309053069719043,313,0.48179,0.173777,445,0,60,456,961,1
tconbeer__gitlab-analytics-sqlfmt,2020-12-04T18:25:34,d57db9a9587c1e3ccfd2103ea4f096f445cc0e3f,Move two models to analytics,994,1025,False,0.7857142857142857,15,0.8165978208642694,0.010125208618656168,0.00028010145480768624,0.9336797165479088,0.3460764587525151,313,0.48994,0.160966,459,0,70,465,994,1
tconbeer__gitlab-analytics-sqlfmt,2021-01-04T19:52:58,60084a7351f2cad93d13e4447863be909b2094c3,update,1085,1162,False,0.8571428571428571,15,0.8171272473701158,0.01011514013991364,0.0002874761740081146,0.9347705147645475,0.3824884792626728,338,0.479263,0.152995,37,75,82,891,1085,1
tconbeer__gitlab-analytics-sqlfmt,2021-02-03T19:49:54,c5e89427f0b0707b47b36896daccf9c734e3dcd8,Merge branch '7770-create-seat-link-mart-tables' into 'master',1150,1281,False,0.6428571428571429,15,0.8199588623306617,0.010083077701366221,0.0002786605719308252,0.9363659458214281,0.42,352,0.49913,0.15913,36,75,97,942,1150,1
tconbeer__gitlab-analytics-sqlfmt,2021-03-05T12:25:12,7db96ac47081876786c3953ed8756b5035f811a9,update freshness on gitlab models,1369,1461,False,0.7142857142857143,17,0.8242870465405352,0.01005252524489128,0.0002703516725576907,0.9380475994190315,0.3747260774287801,421,0.477721,0.160701,36,75,117,1141,1369,1
tconbeer__gitlab-analytics-sqlfmt,2021-04-04T16:56:07,4c46355ea0eb26b5a84fad9b5dfc5306145d6247,update ids,1384,1469,False,0.7142857142857143,17,0.8260761065611443,0.007915717235891255,0.0002073391143672213,0.9507728288661709,0.3735549132947977,432,0.476156,0.16763,37,77,117,1153,1384,1
tconbeer__gitlab-analytics-sqlfmt,2021-05-04T16:04:28,ef2b7221ae888030d5dbb6e3755996180fd32b2b,add survey invitation emails sent model,1420,1492,False,0.42857142857142855,17,0.8238446885739491,0.0071290079170426715,0.00020207008275729046,0.9551838197862607,0.3591549295774648,438,0.476056,0.162676,39,77,123,1181,1420,1
tconbeer__gitlab-analytics-sqlfmt,2021-06-03T20:09:30,acd78a3b4200931d8d45817083e5906550058647,Merge remote-tracking branch 'origin/master' into fct-retention-snapshot,1484,1542,False,0.7857142857142857,19,0.8288280697567351,0.007112543601478742,0.00019193963265032792,0.955165912795842,0.35444743935309975,468,0.471698,0.172507,38,76,156,1214,1484,1
tconbeer__gitlab-analytics-sqlfmt,2021-07-02T14:40:27,e2a0cdd1d2802f37ecdfbf6ec0cf09ae85504da5,Apply 3 suggestion(s) to 3 file(s),1532,1570,False,0.5714285714285714,23,0.8324239110889511,0.0070798216921476856,0.00019105642350685247,0.9527884559749632,0.34595300261096606,492,0.469321,0.179504,38,76,166,1252,1532,1
tconbeer__gitlab-analytics-sqlfmt,2021-08-02T16:15:57,4d847507ff35e58810f2d20bc808a22301cc654f,revert cohort changes,1618,1648,False,0.7142857142857143,22,0.8363238850856205,0.007320878449605701,0.00018185128804243609,0.9505756090233164,0.3374536464771323,516,0.461063,0.171199,38,76,195,1309,1618,1
tconbeer__gitlab-analytics-sqlfmt,2021-09-01T14:27:55,0eea0223991b7a2880cf144f041ef9124cb411b5,Added CASE statement to fix boolean issue,1670,1663,False,1.0,23,0.837007557087477,0.007316795933185603,0.0001907325071389666,0.9507179609684174,0.3203592814371258,542,0.454491,0.176647,38,76,207,1349,1670,1
tconbeer__gitlab-analytics-sqlfmt,2021-10-01T15:57:06,eeaa7d1c193f9058f8ea67b20a1c15647cc7a5bb,update macro and add email,1719,1694,False,0.7142857142857143,23,0.8389347594767983,0.007305460356111311,0.0001812818786898974,0.9507793946604463,0.31878999418266435,573,0.455497,0.190227,38,63,211,1407,1719,1
tconbeer__gitlab-analytics-sqlfmt,2021-10-30T16:43:00,c44921e0fd1b1a6c01f4b9aee846df52a6c8e509,updated tech dbt model,1774,1764,False,0.7857142857142857,23,0.8392771987662045,0.007312632680901148,0.0001814412627464735,0.9515589808861679,0.3196166854565953,577,0.457723,0.173055,38,63,212,1461,1774,1
tconbeer__gitlab-analytics-sqlfmt,2021-11-30T12:21:53,10d0623cef16507572a7f6b2317302508d485924,bucketed column docs,1836,1830,False,0.7142857142857143,23,0.8425145762008507,0.004447986513893992,0.0001029432956828226,0.969951350553059,0.3235294117647059,600,0.455338,0.174837,39,63,219,1515,1836,1
tconbeer__gitlab-analytics-sqlfmt,2021-12-30T14:27:13,c703018d60311f7bd1184a661e94b9eef64c412f,edit schema file,1866,1854,False,0.6428571428571429,26,0.843901024419449,0.004445823757993797,9.235282172759527e-05,0.9700041935098727,0.3220793140407288,613,0.452304,0.176313,39,68,226,1533,1866,1
tconbeer__gitlab-analytics-sqlfmt,2022-01-29T00:02:13,06b4775432f98adbb6dc6adbbf071a476c8cdb88,Update transform/snowflake-dbt/models/sources/license/sources.yml,2007,1952,False,0.6428571428571429,25,0.8463471304933531,0.004443989766231612,9.04486928031496e-05,0.9700305619152494,0.3009466865969108,659,0.425012,0.164425,39,68,230,1670,2007,1
tconbeer__gitlab-analytics-sqlfmt,2022-02-28T13:37:54,756cf2125fdb1c3a467034c98616e7ff486e4e7e,added back previous year figures on metrics,2014,1945,False,0.7142857142857143,23,0.8472702195740924,0.0044499991923857745,9.057436600773397e-05,0.9699898352971766,0.2984111221449851,670,0.415094,0.166832,37,68,233,1676,2014,1
tconbeer__gitlab-analytics-sqlfmt,2022-03-30T10:23:42,9e931e1d6d267eb6c7cbc3deb0319bf915b159a2,alias field in rpt_crm_person_with_opp,2038,1954,False,0.9285714285714286,22,0.8475417951773447,0.004445263368311081,8.868266284463084e-05,0.9699945224742983,0.2904808635917566,676,0.416094,0.16683,37,68,240,1693,2038,1
tconbeer__gitlab-analytics-sqlfmt,2022-04-29T14:16:25,8e8739823a7914b63b8603afe3ab302054c5b435,Merge branch '12101-add-new-fields-to-restricted_safe_legacy-customers_db_leads' into 'master',2168,2043,False,0.7142857142857143,24,0.846223909151001,0.004437858821750464,9.217652991468763e-05,0.9701333781420618,0.2753690036900369,722,0.403137,0.153598,37,68,255,1808,2168,1
tconbeer__gitlab-analytics-sqlfmt,2022-05-18T16:42:44,28526934a3e9215449b4ae33bb9b23a5a6f4f759,chore: apply sqlfmt d0e14b9 (#5),2167,2124,False,0.7142857142857143,26,0.8414170468562877,0.004427893826031328,9.007507397631709e-05,0.9703903469476983,0.2990309183202584,691,0.422243,0.141671,37,68,255,1807,2167,1
tconbeer__gitlab-analytics-sqlfmt,2022-06-13T12:43:55,9360d2f1986c37615926b0416e8d0fb23cae3e6e,chore: apply aca4b6a (#11),2167,2124,False,0.7142857142857143,26,0.8414170468562877,0.004427893826031328,9.007507397631709e-05,0.9703903015633955,0.2990309183202584,691,0.422243,0.141671,37,68,255,1807,2167,1
tconbeer__gitlab-analytics-sqlfmt,2022-07-21T12:42:45,4d75449eeb2d7a97dbb63fae4458de19dd2a382a,chore: apply sqlfmt 0d3b30e (#20),2167,2124,False,0.7142857142857143,26,0.8414170468562877,0.004427893826031328,9.007507397631709e-05,0.970390383124074,0.2990309183202584,691,0.422243,0.141671,37,68,255,1807,2167,1
tconbeer__gitlab-analytics-sqlfmt,2022-08-19T15:57:09,11d30d3bc82d98c99e4223319487ce26ebb17689,chore: apply sqlfmt 3e0f900 (#28),2167,2124,False,0.7142857142857143,26,0.8414170468562877,0.004427893826031328,9.007507397631709e-05,0.9703902672129516,0.2990309183202584,691,0.422243,0.141671,37,68,255,1807,2167,1
tconbeer__gitlab-analytics-sqlfmt,2022-09-29T16:13:52,1bd9940468387e3535af6102594b6dd65ac1ea67,chore: apply 862f9a6 (#31),2167,2124,False,0.7142857142857143,26,0.8414170468562877,0.004427893826031328,9.007507397631709e-05,0.9703903048863676,0.2990309183202584,691,0.422243,0.141671,37,68,255,1807,2167,1
tconbeer__gitlab-analytics-sqlfmt,2022-11-21T15:12:53,52dc37d28b885658bd233ed1cb1688425ac48816,chore: apply sqlfmt a0e5254 (#39),2167,2124,False,0.7142857142857143,26,0.8414170468562877,0.004427893826031328,9.007507397631709e-05,0.9703902905271962,0.2990309183202584,691,0.422243,0.141671,37,68,255,1807,2167,1
tconbeer__gitlab-analytics-sqlfmt,2022-11-29T19:52:35,90ffb234d9e0eb67ecede0dc683b39d6d75ab619,chore: apply sqlfmt a7ed980 (#40),2167,2124,False,0.7142857142857143,26,0.8414170468562877,0.004427893826031328,9.007507397631709e-05,0.9703903916808395,0.2990309183202584,691,0.422243,0.141671,37,68,255,1807,2167,1
tconbeer__gitlab-analytics-sqlfmt,2023-01-24T08:54:51,c786f5c5a78f1b7459ab947a7356f208830b1013,chore: apply sqlfmt d97af4e (#44),2167,2124,False,0.7142857142857143,26,0.8414170468562877,0.004427893826031328,9.007507397631709e-05,0.9703903554781594,0.2990309183202584,691,0.422243,0.141671,37,68,255,1807,2167,1
tconbeer__gitlab-analytics-sqlfmt,2023-01-26T16:19:11,7b0001e2bc0bc6a23a9a444d2784bfa40de4a643,chore: apply sqlfmt 125a964 (#51),2167,2124,False,0.7142857142857143,26,0.8414170468562877,0.004427893826031328,9.007507397631709e-05,0.9703903809478901,0.2990309183202584,691,0.422243,0.141671,37,68,255,1807,2167,1
tconbeer__gitlab-analytics-sqlfmt,2023-04-14T15:29:50,b1935f42a9c2b50bc35ca61664d377a3967b4bb7,chore: apply sqlfmt 54b8edd (#53),2167,2124,False,0.7142857142857143,26,0.8414170468562877,0.004427893826031328,9.007507397631709e-05,0.9703903384992931,0.2990309183202584,691,0.422243,0.141671,37,68,255,1807,2167,1
tconbeer__gitlab-analytics-sqlfmt,2024-07-26T12:32:14,5cd49f611eb73e536fa0b686b8143e275544d91c,chore: apply sqlfmt aed0f3 (#54),2167,2124,False,0.7142857142857143,26,0.8414170468562877,0.004427893826031328,9.007507397631709e-05,0.9703902953796716,0.2990309183202584,691,0.422243,0.141671,37,68,255,1807,2167,1
tconbeer__gitlab-analytics-sqlfmt,2025-10-17T11:53:08,f859b7942620548ea7ccfc7eaa25d3e5620c307b,chore: apply sqlfmt bc43911 (#55),2167,2124,False,0.7142857142857143,26,0.8414170468562877,0.004427893826031328,9.007507397631709e-05,0.9703903471625489,0.2990309183202584,691,0.422243,0.141671,37,68,255,1807,2167,1
techindicium__dbt-dag-monitoring,2023-03-15T10:48:41,c477314925e3833643596c28226afcd0dd4785ee,Update fact_airflow_monitoring_task_instance.sql,10,14,False,0.7142857142857143,4,0.44285714285714284,0.5755026278697969,0.08771191471237745,0.530851704370805,0.5,1,1.0,0.0,5,0,5,0,10,1
techindicium__dbt-dag-monitoring,2023-04-28T19:57:03,d0182a6bc0642d874bfebb2473b12c80a47d0999,Modified dbt,10,14,False,0.7142857142857143,4,0.44285714285714284,0.5755026278697969,0.08771191471237745,0.5308516855399594,0.5,1,1.0,0.0,5,0,5,0,10,1
techindicium__dbt-dag-monitoring,2023-11-30T18:39:02,10aa4bcf4a114ff87ea2f9aa34c3fcecf7a7c3ac,removing my name :(,10,14,False,0.7142857142857143,4,0.44285714285714284,0.5755026278697969,0.08771191471237745,0.5308515124277197,0.5,1,1.0,0.0,5,0,5,0,14,1
techindicium__dbt-dag-monitoring,2023-12-19T12:30:38,ce097b9915d3dbb1099237b0de9c4efefc14f1d4,Replacing airflow_monitoring to dag_monitoring,18,9,False,0.7142857142857143,2,0.8209876543209876,1.4384471871911695,0.2586412887922734,0.18128114822864078,0.16666666666666666,12,0.333333,0.555556,13,0,5,0,18,1
techindicium__dbt-dag-monitoring,2024-02-08T08:45:01,3768be25120ff590bedf1d4a91822bc63d1d0af5,Adjustments on stgs,18,9,False,0.7142857142857143,2,0.8209876543209876,1.4384471871911695,0.2586412887922734,0.18128114822864086,0.16666666666666666,12,0.333333,0.555556,13,0,5,0,18,1
techindicium__dbt-dag-monitoring,2024-03-21T17:35:39,8a969b824f2475a4d280a6275f738c24188105e5,corretions,19,9,False,0.7142857142857143,2,0.8304093567251462,1.4384471871911695,0.2586412887922734,0.18128114822864114,0.15789473684210525,13,0.315789,0.578947,13,0,6,0,19,1
techindicium__dbt-dag-monitoring,2024-04-02T12:01:10,77817baf46fb97d900a507f4d2aff4d6802f4966,adjustment at dim_dates to run in redshift,19,9,False,0.7142857142857143,2,0.8304093567251462,1.4384471871911695,0.2586412887922734,0.18128114822864094,0.15789473684210525,13,0.315789,0.578947,13,0,6,0,19,1
techindicium__dbt-dag-monitoring,2024-05-31T17:37:31,8a087045b0622252b6f0b8695304a479a23693cf,macro for specifying right dayofyear for databricks,19,9,False,0.7142857142857143,2,0.8304093567251462,1.4384471871911695,0.2586412887922734,0.1812811482286408,0.15789473684210525,13,0.315789,0.578947,13,0,6,0,19,1
techindicium__dbt-dag-monitoring,2024-07-29T20:27:53,40669e95840ea4e79a54ed02395b5ed88a35f1c3,fix-description,19,9,False,0.7142857142857143,2,0.8304093567251462,1.4384471871911695,0.2586412887922734,0.1812811482286408,0.15789473684210525,13,0.315789,0.578947,13,0,6,0,19,1
techindicium__dbt-dag-monitoring,2024-08-27T17:15:50,8684b05b88bdd97d15789b078cb92262ec643582,working for adf,19,9,False,0.7142857142857143,2,0.8304093567251462,1.4384471871911695,0.2586412887922734,0.18128114822864097,0.15789473684210525,13,0.315789,0.578947,13,0,6,0,19,1
techindicium__dbt-dag-monitoring,2024-09-06T18:01:07,67f0075e2a1a2ae344acc601141da2b104c38cb6,space,19,9,False,0.7142857142857143,2,0.8304093567251462,1.4384471871911695,0.2586412887922734,0.18128114822864075,0.15789473684210525,13,0.315789,0.578947,13,0,6,0,19,1
techindicium__dbt-dag-monitoring,2024-11-05T17:09:52,29408ee9eef5d77f58b288f5d6f6fda85e6f46ff,Changing the name of the macro to 'day_of_week'.,20,12,False,0.6428571428571429,2,0.7633333333333333,1.7381977547400282,0.26329630992595676,0.3924606933467867,0.25,13,0.35,0.55,13,0,7,0,20,1
techindicium__dbt-dag-monitoring,2024-12-02T13:05:54,3b2de49da95b1327bffb02ab9710606f1329085d,Adding a macro to use date_diff on different adapters.,20,12,False,0.6428571428571429,2,0.7633333333333333,1.7381977547400282,0.26329630992595676,0.3924606933270755,0.25,13,0.35,0.55,13,0,7,0,20,1
thegoodparty__gp-data-platform,2025-03-26T15:57:29,554ec51020a7c312c6d867bcfa6eb838aec50629,fix: filing_period schema on empty incremental loads (#28),15,1,False,0.9285714285714286,1,0.9333333333333333,2.0,1.0,0.0,0.0,14,0.133333,0.866667,14,1,0,0,15,1
thegoodparty__gp-data-platform,2025-04-28T17:59:26,f8c9050770f9020fcca4cf48d88e27a07f5e76a0,"[WEB-4100, WEB-4104] fix: handle position-place by rolling up to parent (#41)",37,27,False,0.5,3,0.7505538325210457,0.5734930533901966,0.06803227008147825,0.43554182241543493,0.2972972972972973,21,0.432432,0.513514,23,11,3,0,37,1
thegoodparty__gp-data-platform,2025-05-24T18:53:16,87cccd23f3bb8a8508f7704e14b71475a71969bf,perf: add `loaded_at` to l2 data sets (#53),243,32,False,0.7142857142857143,4,0.9547325102880658,0.2770363718044711,0.029821674046634668,0.7225714741036997,0.053497942386831275,224,0.078189,0.91358,228,10,5,0,243,1
thegoodparty__gp-data-platform,2025-06-26T15:40:22,a9c9049278b47851a0e2fc193029a323e900ecde,[DT-119] general mart: candidacy v0 (#64),350,38,False,0.7142857142857143,4,0.9604571428571429,0.2770363718044711,0.029821674046634668,0.7225715972142178,0.037142857142857144,325,0.054286,0.92,332,12,6,0,350,1
thegoodparty__gp-data-platform,2025-07-25T10:52:29,1c2481e03e7dd082e820ad85f1b57340ad80d119,[DT-178] use data from gp app when available for candidacy mart (#70),357,50,False,0.7142857142857143,4,0.9496029816885432,0.2770363718044711,0.029821674046634668,0.7225714746136541,0.04201680672268908,322,0.053221,0.893557,332,18,7,0,357,1
thegoodparty__gp-data-platform,2025-08-22T14:40:36,b78890b0267b2157c5e4ce65a6b98fead020e14f,[DT-253] keep 2 years of past election races (#81),370,60,False,0.6428571428571429,5,0.9379108838568299,0.07157848374203443,0.00770371213983834,0.7673486935907867,0.043243243243243246,326,0.07027,0.872973,340,19,11,0,370,1
thegoodparty__gp-data-platform,2025-09-24T14:02:38,edbcce18d72302d6887b4022e4e0d58ba604ed22,[DATA-1196] add Amplitude data to dbt (#100),395,89,False,0.7142857142857143,7,0.9192556728693928,0.018231147277065436,0.0019369821028819361,0.7189090996846735,0.06582278481012659,332,0.159494,0.835443,351,29,15,0,395,1
thegoodparty__gp-data-platform,2025-10-24T14:38:06,b95a89d13986d0a688903b4a738c607ec04dfee3,[DATA-1224] hot fix: use correct candidate_id reference (#115),425,90,False,0.6428571428571429,5,0.9240261437908497,0.018711463001730176,0.001977547838466188,0.6350391432249362,0.06352941176470588,362,0.148235,0.847059,381,28,16,0,425,1
thegoodparty__gp-data-platform,2025-11-19T16:42:13,439b08ab06be315ba54a2a899e841211629447e8,[DATA-1339] add domain and website tables from gp-api db (#125),435,107,False,0.7142857142857143,4,0.9271601961257133,0.04631839779194813,0.003486875439460515,0.7275502367822898,0.09195402298850575,368,0.089655,0.83908,387,26,22,0,435,1
thegoodparty__gp-data-platform,2025-12-23T22:48:31,79b4c0e36609c7e3dde4d6991049c14d7d3e9d58,hotfix: update tcr stg table schema (#145),441,112,False,0.7142857142857143,5,0.9299373902006765,0.05025929715080695,0.003749975430223339,0.8143067649028257,0.09070294784580499,369,0.097506,0.827664,391,25,25,0,441,1
thegoodparty__gp-data-platform,2026-01-22T13:17:01,90474f5789f7d3410b9f7660a86ecb95050f0ce0,DATA-1437: Add ballotready_position_id to campaigns mart (#156),550,118,False,0.7142857142857143,6,0.9418850714502889,0.048711961943848706,0.0036344961104218167,0.8238048519954015,0.07454545454545454,473,0.081818,0.852727,497,27,26,0,550,1
thegoodparty__gp-data-platform,2026-02-20T15:52:26,6eaad43ef6a3e9a66b9733fcf3a7edb1306c9db2,Add HubSpot race context columns to candidates_outreach (#205),580,178,False,0.6428571428571429,7,0.9275765388333871,0.04124653638282416,0.0028728349721431684,0.6534448822146682,0.11896551724137931,471,0.175862,0.806897,498,42,40,0,580,1
thegoodparty__gp-data-platform,2026-03-24T14:30:15,cadee12bc453d9a110285661eddc373a9a74e374,[DATA-1804] Fix HubSpot staging models failing on removed columns (#274),768,212,False,0.35714285714285715,7,0.9359094429691451,0.03711357855197955,0.00255735761806649,0.9503374149065591,0.1171875,646,0.147135,0.834635,677,50,40,1,768,1
thegoodparty__gp-data-platform,2026-04-23T15:14:09,cc63dbe08bcbc8f3d9fe2b875ca81d7908119de4,[DATA-1797] Civics mart README and YAML description improvements (#314),788,264,False,0.6428571428571429,10,0.9252953176146876,0.0674985384327151,0.004340086325422751,0.9509229014918879,0.15228426395939088,644,0.167513,0.812183,682,60,45,1,788,1
thegoodparty__gp-data-platform,2026-05-18T12:16:45,2d8f0daafd004301ad1c98afbf0629dda98ea5fb,[DATA-1496] Add prospects mart for Connect Rate / Activation Rate metrics (#397),804,338,False,0.6428571428571429,10,0.9284380484843686,0.06963673098908536,0.0040970894445847075,0.9688061397327407,0.21641791044776118,640,0.19403,0.792289,681,72,50,1,804,1
thegoodparty__gp-data-platform,2026-06-22T15:42:17,ece7f69f55dc733f8584b3422d2f4fbd4543aea2,[DATA-2005] Amplitude event catalog: warehouse metadata + rename (#525),830,398,False,0.6428571428571429,9,0.9249370924341228,0.08403825516965653,0.0044641150923991745,0.9157007850633447,0.25421686746987954,643,0.209639,0.76988,686,84,58,2,830,1
thegoodparty__gp-data-platform,2026-07-21T17:21:04,a355ba9a879f93b23bde3ad991648348c8186d8b,[DATA-2166] Add hf_most_important_policy_item to public.Voter (#652),855,473,False,0.5714285714285714,8,0.9238040014204099,0.04041191182450857,0.0015334131900276787,0.9480067290139537,0.3286549707602339,663,0.222222,0.77193,704,85,64,2,855,1
thegoodparty__gp-data-platform,2026-08-04T17:03:33,4cf74213808559d3fff4fde0e410193393951749,[DATA-2190] Seed candidacy/party worklist from upcoming API race rosters (#759),858,479,False,0.42857142857142855,8,0.9235971317215048,0.04035721571120852,0.0015304434004961035,0.9480951585428952,0.3321678321678322,664,0.223776,0.770396,705,87,64,2,858,1
tuva-health__medicare_cclf_connector,2022-05-18T20:30:27,e854e6e936ebe177c1f73b1a3396bd78eda44877,connector finished with validation,7,5,False,0.7857142857142857,2,0.40816326530612246,0.4384471871911691,0.0961179679779242,0.22599467198452963,0.0,2,0.857143,0.142857,0,0,2,5,7,1
tuva-health__medicare_cclf_connector,2022-06-02T19:17:10,9cd04a168396e9e1feaf27177d7c89d9f4aa835a,added variables for table references,7,5,False,0.7857142857142857,2,0.40816326530612246,0.4384471871911691,0.0961179679779242,0.22599467198453022,0.0,2,0.857143,0.142857,0,0,2,5,7,1
tuva-health__medicare_cclf_connector,2022-07-12T13:01:12,f34c658582a21e18a9c33e4c2da7662d40069538,snowflake version,7,5,False,0.7857142857142857,2,0.40816326530612246,0.4384471871911691,0.0961179679779242,0.2259946719845295,0.0,2,0.857143,0.142857,0,0,2,5,7,1
tuva-health__medicare_cclf_connector,2022-07-29T12:05:06,62a7e09eced2f381a24b3a9480d7abf172aa6bc3,fixed output db issue,7,5,False,0.7857142857142857,2,0.40816326530612246,0.4384471871911691,0.0961179679779242,0.2259946719845299,0.0,2,0.857143,0.142857,0,0,2,5,7,1
tuva-health__medicare_cclf_connector,2022-11-14T09:19:21,dfd302f9c5e4c1a0a506d05cb8cd53dba1e3db61,Additional data model updates and new enrollment_end_date logic (#24),7,5,False,0.7857142857142857,2,0.40816326530612246,0.4384471871911691,0.0961179679779242,0.2259946719845303,0.0,2,0.857143,0.142857,0,0,2,5,7,1
tuva-health__medicare_cclf_connector,2022-12-08T11:45:05,0baea7126e6995585c293d4661d52e9232dd2a6d,Fix bug in eligibility and add cross-database support (#25),9,7,False,0.6428571428571429,3,0.41025641025641024,0.30647479777212755,0.06529735850286975,0.35052001978976327,0.0,2,0.888889,0.111111,2,0,2,5,9,1
tuva-health__medicare_cclf_connector,2023-01-14T00:25:07,1d3d9c6c2ab2311401abe53aa21fb82710c866f0,"updated fips_state, readme, and dbt_project.yml",10,7,False,0.6428571428571429,3,0.46923076923076923,0.30647479777212755,0.06529735850286975,0.35052001978974395,0.0,3,0.8,0.2,2,0,3,5,10,1
tuva-health__medicare_cclf_connector,2023-01-25T12:02:07,7736e9c86b94a3ed1bea3e451aa666820b4f5c90,Fix missing model config (#37),10,7,False,0.6428571428571429,3,0.46923076923076923,0.30647479777212755,0.06529735850286975,0.35052001978973385,0.0,3,0.8,0.2,2,0,3,5,10,1
tuva-health__medicare_cclf_connector,2023-02-23T18:12:25,3896e508a513ec2b4761c07b95388889cbc4448e,added apr_drg_code column,10,7,False,0.6428571428571429,3,0.46923076923076923,0.30647479777212755,0.06529735850286975,0.35052001978976643,0.0,3,0.8,0.2,2,0,3,5,10,1
tuva-health__medicare_cclf_connector,2023-03-29T12:46:47,2d4ad3ade07b57b362585d0b4d2c8e122f855b7b,added new column total_cost_amount (#39),10,7,False,0.6428571428571429,3,0.46923076923076923,0.30647479777212755,0.06529735850286975,0.3505200197897386,0.0,3,0.8,0.2,2,0,3,5,10,1
tuva-health__medicare_cclf_connector,2023-06-08T07:25:38,9564516dbd263561736dc7e747e67f0bde39add4,Revises the SQL to support PostgreSQL. (#41),10,7,False,0.6428571428571429,3,0.46923076923076923,0.30647479777212755,0.06529735850286975,0.3505200197897382,0.0,3,0.8,0.2,2,0,3,5,10,1
tuva-health__medicare_cclf_connector,2023-06-17T15:06:40,594c9ca84853329bf21663e269ef77a6a3e4265f,"fixed data type issue, removed unnecessary vars, updated readme (#52)",10,7,False,0.6428571428571429,3,0.46923076923076923,0.30647479777212755,0.06529735850286975,0.3505200197897174,0.0,3,0.8,0.2,2,5,0,3,10,1
tuva-health__medicare_cclf_connector,2023-09-27T17:14:02,419dbb7335d3cbc94c39f02bf7610a93e3f2e1d9,Add original_reason_entitlement_code to Eligibility (#55),10,7,False,0.6428571428571429,3,0.46923076923076923,0.30647479777212755,0.06529735850286975,0.3505200197897146,0.0,3,0.8,0.2,2,5,0,3,10,1
tuva-health__medicare_cclf_connector,2023-11-17T08:28:43,a822d8b263f4d2b29488b659cf607b2e97f14ac5,Data model changes issue279 (#56),10,7,False,0.6428571428571429,3,0.46923076923076923,0.30647479777212755,0.06529735850286975,0.35052001978975567,0.0,3,0.8,0.2,2,5,0,3,10,1
tuva-health__medicare_cclf_connector,2024-01-02T15:15:03,163ae8c04ab6a3fc4c4adbf847135917fe99b0f6,Fixes issue with payer and plan causing financial_pmpm joins to miss (#58),10,7,False,0.6428571428571429,3,0.46923076923076923,0.30647479777212755,0.06529735850286975,0.35052001978972486,0.0,3,0.8,0.2,2,5,0,3,10,1
tuva-health__medicare_cclf_connector,2024-01-17T00:35:20,1caf09d6ce1d7f4a130f384afd8f156ae344ba51,Use claim adjustment type code to determine if claim is a reversal (#59),10,7,False,0.6428571428571429,3,0.46923076923076923,0.30647479777212755,0.06529735850286975,0.35052001978971326,0.0,3,0.8,0.2,2,5,0,3,10,1
tuva-health__medicare_cclf_connector,2024-08-26T08:58:37,ac37b7bda2aeb1f2b4593e7fa7c9d47025f33f8b,Upgrade to Tuva package v0.10 (#64),15,12,False,0.7857142857142857,3,0.3575757575757576,0.19705235480916605,0.031579782314966415,0.47106993806976616,0.0,3,0.8,0.066667,7,5,0,3,15,1
tuva-health__medicare_cclf_connector,2024-10-01T06:29:16,518133aa4cac0e442dee59b899c89ae286fafc5b,Fix diagnosis code type mapping (#66),15,12,False,0.7857142857142857,3,0.3575757575757576,0.19705235480916605,0.031579782314966415,0.4710699380522931,0.0,3,0.8,0.066667,7,5,0,3,15,1
tuva-health__medicare_cclf_connector,2024-10-08T15:38:45,29111cacc0dcd7a14adc9e193ded0e4001670a81,Fixes column reference in parta_claims_header to match CCLF specs (#67),15,12,False,0.7857142857142857,3,0.3575757575757576,0.19705235480916605,0.031579782314966415,0.47106993807521436,0.0,3,0.8,0.066667,7,5,0,3,15,1
tuva-health__medicare_cclf_connector,2024-11-18T16:29:56,b84bffb81ada2f361f0acb3b47cc15c22ebba74b,Add effective date to xref window logic,29,29,False,0.7142857142857143,7,0.5670498084291188,0.1066403861233147,0.01146596373715139,0.6610098845561132,0.06896551724137931,2,0.965517,0.034483,10,16,0,3,29,1
tuva-health__medicare_cclf_connector,2024-12-18T11:46:57,1a831d3a5b09bc95d7ff1641864f65c9941f911c,Update input layer mapping,29,29,False,0.7142857142857143,7,0.5670498084291188,0.1066403861233147,0.01146596373715139,0.6610098739664474,0.06896551724137931,2,0.965517,0.034483,10,16,0,3,29,1
tuva-health__medicare_cclf_connector,2025-03-25T14:21:18,1ebfc28609dccad58243fa6ca492720ed04ac233,pad discharge disposition (#71),29,29,False,0.7142857142857143,7,0.5670498084291188,0.1066403861233147,0.01146596373715139,0.6610097362945974,0.06896551724137931,2,0.965517,0.034483,10,16,0,3,29,1
tuva-health__medicare_cclf_connector,2025-08-29T07:08:41,f686713f918dcb987a762081c35632afe25ae27c,tuva version and schema update,29,29,False,0.7142857142857143,7,0.5670498084291188,0.1066403861233147,0.01146596373715139,0.6610093825659941,0.06896551724137931,2,0.965517,0.034483,10,16,0,3,29,1
tuva-health__medicare_cclf_connector,2025-10-23T11:23:52,7f6c17b90904257faa88c1840949e0f66f45b4e4,Adding support for cms provider attribution mart,29,29,False,0.7142857142857143,7,0.5670498084291188,0.1066403861233147,0.01146596373715139,0.6610098015272978,0.06896551724137931,2,0.965517,0.034483,10,16,0,3,29,1
tuva-health__medicare_cclf_connector,2025-12-15T11:08:29,a80f2e75234ee519013ea2533b0481543d6c1bf6,Coderabbit fixes,29,29,False,0.7142857142857143,7,0.5670498084291188,0.1066403861233147,0.01146596373715139,0.6610093235803157,0.06896551724137931,2,0.965517,0.034483,10,16,0,3,29,1
tuva-health__medicare_cclf_connector,2026-01-22T17:43:59,1ac21bdfbe8ac4593733f4f274bd3976334bb32c,Update connector to 0.16.0 and add CI workflows (#82),29,29,False,0.7142857142857143,7,0.5670498084291188,0.1066403861233147,0.01146596373715139,0.6610097666043474,0.06896551724137931,2,0.965517,0.034483,10,16,0,3,29,1
tuva-health__medicare_cclf_connector,2026-04-15T21:35:58,c24e124822eb145b79fc7ea8cb032044bb4fddec,Fix issue with ALR specific objects being built when demo data is enabled,40,50,False,0.7142857142857143,9,0.43712121212121213,0.11683534616250013,0.010392752516583652,0.8743168326315338,0.275,1,1.0,0.0,10,27,0,3,40,1
tuva-health__medicare_lds_connector,2022-08-16T10:22:47,92d08d4b5fb0b30e2a5dfaa5c3ba8117dcb08bc2,Update models/core/eligibility.sql,9,7,False,0.8571428571428571,1,0.2222222222222222,0.9999999999999993,0.12499999999999989,0.3594851234359279,0.0,2,0.888889,0.111111,0,0,2,7,9,1
tuva-health__medicare_lds_connector,2022-12-06T09:45:44,72e735c1bac23d35876e38d570c101125f62b071,Fix bug for missing demographics (#5),10,8,False,0.8571428571428571,1,0.2,0.9999999999999993,0.12499999999999989,0.26775911133213315,0.0,2,0.8,0.0,0,0,2,8,10,1
tuva-health__medicare_lds_connector,2022-12-19T09:04:49,afd7431d793a50fcd27d97800bb4de478afc816a,Add support for BigQuery and Redshift (#6),10,8,False,0.8571428571428571,1,0.2,0.9999999999999993,0.12499999999999989,0.3264777818949945,0.0,2,0.8,0.0,0,0,2,8,10,1
tuva-health__medicare_lds_connector,2023-01-27T09:14:35,62877964dc6d4f1974182308adb66f77f75372b6,fixed date issue and macro problems,11,8,False,0.8571428571428571,1,0.2727272727272727,0.9999999999999993,0.12499999999999989,0.2652567751078764,0.0,3,0.727273,0.090909,0,0,3,8,11,1
tuva-health__medicare_lds_connector,2023-02-24T14:43:53,2890b16150a3f773e0ec9bfc568cee48dccac8e5,added apr_drg_code,11,8,False,0.8571428571428571,1,0.2727272727272727,0.9999999999999993,0.12499999999999989,0.41648377480950055,0.0,3,0.727273,0.090909,0,0,3,8,11,1
tuva-health__medicare_lds_connector,2023-03-20T16:49:10,0afe15f170fb6130b4928f6bc56d51ea505d0d35,Medicare saf revamp (#13),11,8,False,0.8571428571428571,1,0.2727272727272727,0.9999999999999993,0.12499999999999989,0.43584430694579446,0.0,3,0.727273,0.090909,0,0,3,8,11,1
tuva-health__medicare_lds_connector,2023-07-01T22:51:18,d7304d64a0e33060cea87502f391e86872dd7315,Fix paid amounts (#22),11,8,False,0.8571428571428571,1,0.2727272727272727,0.9999999999999993,0.12499999999999989,0.3789131163789902,0.0,3,0.727273,0.090909,0,8,0,3,11,1
tuva-health__medicare_lds_connector,2023-09-27T17:24:45,7ef43f19b7a19c79d524079400a648347b1bbc30,Improvements to CI Testing (#28),11,8,False,0.8571428571428571,1,0.2727272727272727,0.9999999999999993,0.12499999999999989,0.3325358563781866,0.0,3,0.727273,0.090909,0,8,0,3,11,1
tuva-health__medicare_lds_connector,2023-11-16T19:06:04,05b970d53d9836106b5389ff576e95711ba9c639,added pharmacy amount,11,8,False,0.8571428571428571,1,0.2727272727272727,0.9999999999999993,0.12499999999999989,0.3884501409601474,0.0,3,0.727273,0.090909,0,8,0,3,11,1
tuva-health__medicare_lds_connector,2024-01-05T17:59:12,c2f4e1446ddf3fca75f5ab4dcbaeaaad8489d110,moved paid amount for outpatient; changed union syntax so mismatch in column order does not cause issues,11,1,False,0.9285714285714286,1,0.9090909090909091,2.0,1.0,0.0,0.0,10,0.181818,0.818182,0,8,0,3,11,1
tuva-health__medicare_lds_connector,2024-07-02T15:56:43,73328394bb55a03f15f5b93649ccf430331b666b,adding coalesce to facility npi,12,3,False,0.8571428571428571,2,0.7916666666666666,0.585786437626905,0.17157287525381,0.0833333333333168,0.0,9,0.333333,0.666667,0,9,0,3,12,1
tuva-health__medicare_lds_connector,2024-08-26T08:56:40,aa56dbd99f5062129175019c26cb0b28ac3505be,Upgrade to Tuva package v0.10 (#35),26,17,False,0.8571428571428571,2,0.4346153846153846,0.585786437626905,0.17157287525380993,0.08333333333334138,0.0,9,0.153846,0.038462,15,8,0,3,26,1
tuva-health__medicare_lds_connector,2024-12-17T16:50:29,f5c8dc26c0f5ed84d6406eadbbbc0f0a53c87ac1,replacing patient_id with person_id (#37),26,17,False,0.8571428571428571,2,0.4346153846153846,0.585786437626905,0.17157287525380993,0.08333333333345032,0.0,9,0.153846,0.038462,15,8,0,3,26,1
tuva-health__tuva-core,2021-11-26T08:52:21,fcc6274dd508f01b242b422148ca1120b08877e4,updated abstractions for source data,13,22,False,0.6428571428571429,3,0.4930966469428008,0.3052218733290569,0.03506245003830549,0.7315515088165095,0.7692307692307693,1,1.0,0.0,4,0,0,9,13,2
tuva-health__tuva-core,2022-02-05T15:42:41,cb9a587b8abfeb044915a744cb0b3a04b7a84a86,added tests for core tables,18,28,False,0.7142857142857143,3,0.572463768115942,0.29492799101628614,0.031655982787367684,0.8080137353490429,0.6666666666666666,2,0.888889,0.0,5,0,0,13,18,2
tuva-health__tuva-core,2022-03-07T09:30:39,060c4aa7b7f63205e82119ff7a1875ae47785b28,adding encounter overlap analytics,24,47,False,0.5,4,0.5115248226950354,0.5895111265777289,0.04449629295548002,0.43040577064126445,1.0,1,1.0,0.0,4,0,0,20,24,2
tuva-health__tuva-core,2022-04-08T21:48:12,eaf9b2a6cff6ff5bf574219aba37df8bca4be26d,major updates for next release,12,0,False,,,0.0,0.0,0.0,0.0,0.0,12,0.083333,1.0,0,0,0,12,12,2
tuva-health__tuva-core,2023-05-05T09:58:34,b66ad6a9ee5dcba2a2952b6fd58ff857a5f0adf8,removed the parent folders anaytics and preprocessing (#76),75,146,False,0.6428571428571429,6,0.6418092428711898,0.1434287776570285,0.007137693453189997,0.777529214108199,0.96,1,1.0,0.0,0,50,8,17,75,2
tuva-health__tuva-core,2023-06-01T15:58:45,33de6bdbaf85cc06b76fc32df1c73c6d706b6347,Added Staging to Layer to Data Marts (#107),140,212,False,0.7857142857142857,9,0.6174859190988223,0.015660832426228448,0.0005205360679330378,0.6150580472326604,0.5714285714285714,8,0.792857,0.042857,19,86,8,27,140,2
tuva-health__tuva-core,2023-06-19T15:06:03,03cf2a291265bf651deb31d9762a062d540de747,updated acute inpatient yml (#166),158,238,False,1.0,8,0.6752867405972937,0.010853939276809183,0.0003607641801001955,0.49865989017409024,0.569620253164557,10,0.791139,0.044304,25,96,8,29,158,2
tuva-health__tuva-core,2023-07-10T14:20:18,b3d878ac3cc55b2c01646585897c4a3a93fc5cac,Terminology dupes (#174),162,243,False,1.0,8,0.6735357495701961,0.010853939276809183,0.0003607641801001955,0.49866352740487124,0.5617283950617284,10,0.771605,0.04321,25,100,8,29,162,2
tuva-health__tuva-core,2023-08-31T11:13:50,3676a26861b403fa6bfa1c69e01cc87c458d92de,Clinical support (#188),200,305,False,0.9285714285714286,10,0.7000406504065041,0.011097205203783293,0.0003688497763397206,0.48065894804939535,0.58,11,0.79,0.025,47,109,12,32,200,2
tuva-health__tuva-core,2023-10-02T22:44:25,2b1e1be0fd458070c93bc3363d03d144bea45abc,Revise serv cat (#249),227,358,False,0.9285714285714286,10,0.7226826956120693,0.016020594384537113,0.0005154683614938487,0.5064543758605043,0.6035242290748899,6,0.859031,0.013216,54,118,12,43,227,2
tuva-health__tuva-core,2023-11-01T15:02:37,579b314d2b60fd367a7faa933dd07872a1e63728,"Bug fixes for Breast Cancer Screening and CMS HCC, and improvements for quality measure performance periods (#273)",236,418,False,0.8571428571428571,10,0.7065755624790034,0.029037227079407615,0.000934171468065054,0.8103676260740816,0.7923728813559322,5,0.872881,0.012712,54,130,12,40,236,2
tuva-health__tuva-core,2023-11-30T10:03:48,d9114731027124a12c8be972abe944b4313017b4,Minor updates to yml documentation for Core and Chronic Conditions (#295),235,417,False,0.8571428571428571,10,0.706000231267345,0.029098397834268992,0.0009361394236730471,0.8098586251734857,0.7957446808510639,5,0.87234,0.012766,53,130,12,40,235,2
tuva-health__tuva-core,2023-12-21T18:36:18,04fd65ed54f738127fc16465cb3a9d42903ba047,Normalization fixes 2 (#320),279,522,False,0.8571428571428571,12,0.64500411189981,0.04113156522415714,0.0012227768173833655,0.34738302663757503,0.8781362007168458,2,0.996416,0.003584,59,165,12,43,279,2
tuva-health__tuva-core,2024-01-30T13:29:44,4a68dd741ed64bfa9bc4b1deb0ed898cbd60cacc,config,283,525,False,1.0,11,0.6488836270257667,0.04094761885968511,0.0012173084553104051,0.3495087889237084,0.8657243816254417,3,0.992933,0.007067,60,166,12,45,283,2
tuva-health__tuva-core,2024-02-23T16:02:12,402071e920535ca42d6831fc19473f7433fd6e17,added comma to select statement (#397),295,564,False,1.0,12,0.6472399871738872,0.03998633811363908,0.0011887310829944199,0.40517000895005795,0.9220338983050848,3,0.99322,0.00678,60,177,12,46,295,2
tuva-health__tuva-core,2024-03-29T11:33:55,30944bfd29502089f0e841b22246620aad014fbb,Add observation suspecting logic for HCC 48 - Morbid Obesity (#429),310,616,False,0.7857142857142857,12,0.6483496776018874,0.038492754194002124,0.0011443291668651392,0.5223501835006187,0.9967741935483871,3,0.993548,0.006452,61,190,12,47,310,2
tuva-health__tuva-core,2024-04-29T13:15:35,e3bc58a859384600255720f9e5007638362e578d,Added tuva prefix to schema name (#450),324,656,False,1.0,11,0.6524910670346834,0.037589686164951404,0.001117482365287974,0.6019476158903128,1.0339506172839505,3,0.993827,0.006173,64,200,12,48,324,2
tuva-health__tuva-core,2024-05-21T17:23:55,ec12783b3d1a5ebbe48fc7dc4df37adc572a977a,Add seed documentation (#478),371,760,False,0.9285714285714286,13,0.6828869836939853,0.03569998937624224,0.0010613045233738123,0.6682969810284202,1.0566037735849056,3,0.994609,0.005391,73,226,12,60,371,2
tuva-health__tuva-core,2024-06-27T16:47:44,221aad121127141ad463af75d44ca0d94be7c6f1,Merge branch 'main' into bugfix-schema-prefix,356,745,False,0.7857142857142857,14,0.7038177014703303,0.03563038669648344,0.0011074549811362373,0.7689185124485326,1.101123595505618,3,0.994382,0.005618,75,219,13,49,356,2
tuva-health__tuva-core,2024-07-25T17:43:38,1a239177fc8727ea11c968c8d767b01997910edc,using dbt utils tests for safer compatibility (#554),673,1101,False,0.9285714285714286,14,0.7668921625230918,0.03656926899604919,0.001097298636927342,0.7696991750516683,0.6523031203566122,11,0.56315,0.013373,75,504,35,59,673,2
tuva-health__tuva-core,2024-08-28T06:00:06,0f855aa4888e5f023f90252c063c7403551a3d14,New Quality Measure CQM 130: Documentation of Current Medications in the Medical Record (#576),684,1132,False,0.9285714285714286,14,0.7718600524299254,0.036051980835129685,0.0009418229606003479,0.7778312139559389,0.6710526315789473,11,0.570175,0.013158,75,515,35,59,684,2
tuva-health__tuva-core,2024-09-24T14:27:29,af81e97dd24ecee770049af357816dd5a104cabf,Encounters and Service Categories (#585),803,1447,False,0.9285714285714286,14,0.7904387749089865,0.02465091886055283,0.00026220112547521626,0.8002801711544038,0.8156911581569116,11,0.633873,0.011208,79,611,35,78,803,2
tuva-health__tuva-core,2024-10-24T11:40:45,f27e632a0cd789e7ab398574adb4eefa23236f66,added safe cast for obs+lab result eval (#632),865,1535,False,0.8571428571428571,11,0.8037090118396566,0.02890035062884343,0.0003074000436368163,0.7713647689559661,0.8127167630057803,33,0.63237,0.034682,80,656,37,92,865,2
tuva-health__tuva-core,2024-11-21T20:09:20,a2dd6ea4adda6017003b56a9ac458a68dca2c268,postgreql safe data_quality__eligibility_death_flag (#640),875,1560,False,1.0,12,0.8055122360130879,0.028366727051505745,0.0003017241294215912,0.7675805477868978,0.8205714285714286,33,0.636571,0.034286,80,666,37,92,875,2
tuva-health__tuva-core,2024-12-12T16:18:37,8e576200b19eae506727094d0d194593230188d7,Tuva Data Model Change: Add person_id (#685),824,1366,False,0.9285714285714286,12,0.7957534915908516,0.031180746269823627,0.0003316555873816602,0.7686963317865889,0.6978155339805825,33,0.614078,0.036408,80,612,38,94,824,2
tuva-health__tuva-core,2025-01-13T11:47:17,e450f761d450d169be92acee0e50d521efb91eea,Expanding DME definition (#696),825,1369,False,1.0,12,0.7961624253213039,0.031010968078858538,0.00032984973113250144,0.7665526249058567,0.6993939393939393,33,0.614545,0.036364,80,613,38,94,825,2
tuva-health__tuva-core,2025-02-18T08:59:18,1a5b7b0aec7224af82df802e9fbaab2e90f3cb81,"Breaking Changes:  Add drg, group, and file columns (#715)",822,1366,False,0.9285714285714286,13,0.7957962702140156,0.031108395778502433,0.00033088672429470355,0.7677343965479425,0.7019464720194647,33,0.615572,0.036496,80,609,38,95,822,2
tuva-health__tuva-core,2025-03-25T16:09:44,28fb2e28361a35e14f4df17d345cdcffb4ab0d91,Add columns to single condition CCSR mart (#744),840,1420,False,1.0,14,0.7943799893969312,0.0024143082613675916,1.4456891180207987e-05,0.8905488566752234,0.705952380952381,13,0.985714,0.014286,80,612,38,110,840,2
tuva-health__tuva-core,2025-04-18T15:57:23,ebfbf176e32c25410584ab075f37aa5ed910bec7,Added check for readmissions enabled for mart review,842,1422,False,1.0,15,0.795102940843494,0.002411325354132912,1.4439029515240612e-05,0.890913746069753,0.7042755344418052,13,0.985748,0.014252,80,613,38,111,842,2
tuva-health__tuva-core,2025-05-23T19:40:35,4ca37e4be0291dc1fc91b8af4276f33bdd113f8c,Updating multiple values tests to have a floor of 0 as not null tests should check for nulls (#872),843,1422,False,1.0,13,0.7972999710350291,0.0024109110066025123,1.4436548399944075e-05,0.8909150656208842,0.7034400948991696,14,0.984579,0.015421,80,613,38,112,843,2
tuva-health__tuva-core,2025-06-20T14:27:17,d07e82a21a01c10e2eb17b1653c32408592b1634,932 if encounters between claims and clinical datasets overlap ie adt both encounter get thrown out in readmissions (#93,888,1657,False,0.9285714285714286,15,0.7976700334731703,0.0014833676858887924,8.902911919340695e-06,0.9159358274103716,0.884009009009009,16,0.983108,0.016892,92,637,38,121,888,2
tuva-health__tuva-core,2025-07-23T11:13:28,bd4e960d231f53e715f52cece7bb0240010c396b,Fixing typo,904,1701,False,0.9285714285714286,15,0.7994366341918655,0.0014733333056486347,8.842687334234021e-06,0.9174904418733847,0.8993362831858407,16,0.983407,0.016593,99,640,38,127,904,2
tuva-health__tuva-core,2025-08-21T15:21:00,bec9f056d42f5eff52514a0ed7840dd64e8be52e,Setting severity level to warn hcpcs_code input test (#1033),904,1701,False,0.9285714285714286,15,0.7994366341918655,0.0014733333056486347,8.842687334234021e-06,0.9174904059063682,0.8993362831858407,16,0.983407,0.016593,99,640,38,127,904,2
tuva-health__tuva-core,2025-09-15T11:59:10,09e15a34a03ce50a7feb679e958f49e85417754a,Prospective benchmarks (#1049),984,1644,False,0.9285714285714286,16,0.8039441423725407,0.0011981660637864907,5.397128753957928e-06,0.921902476256713,0.6890243902439024,18,0.978659,0.01626,103,703,40,138,984,2
tuva-health__tuva-core,2025-10-21T17:10:47,cc3df24bfa979168f1536735b44d41b99dcfc704,fixing bad term join,1003,1684,False,1.0,18,0.8070772320345816,0.0012064105003941187,5.434265747919012e-06,0.9254259046189766,0.6989032901296112,20,0.971087,0.015952,110,709,40,144,1003,2
tuva-health__tuva-core,2025-11-11T10:35:27,c20ba04d3f315e7a671c79ec75f38cf806f8ec9a,"Revert ""Performance improvements for `claims_preprocessing.member_mon… (#1123)",1045,1743,False,1.0,18,0.8133741365354977,0.0011706915806510032,5.273370180407555e-06,0.9264604082999166,0.6880382775119617,21,0.971292,0.016268,130,709,40,166,1045,2
tuva-health__tuva-core,2025-12-19T09:38:33,c68b6d5d3e31ee3877e740933a1045a61ef80bf1,Performance improvements for claims_enrollment__member_months (#1163),1047,1745,False,0.9285714285714286,18,0.8133764423501343,0.0011696794625660177,5.268811103177801e-06,0.9266135643463187,0.6867239732569246,21,0.971347,0.016237,130,709,40,168,1047,2
tuva-health__tuva-core,2026-01-15T10:02:26,5afad69e09b24a7f7522672072e6a7239db2639e,Duckdb semantic layer (#1171),1052,1752,False,1.0,19,0.8139126367810929,0.0011671336979764695,5.257343728427063e-06,0.9270699474502686,0.685361216730038,21,0.971483,0.01616,130,710,40,172,1052,2
tuva-health__tuva-core,2026-02-15T15:35:25,46c5b24c6db04f835a40790b2536488a61941649,updated docs (#1210),1049,1756,False,1.0,18,0.8061710852561713,0.0011648213987950585,5.246927996604118e-06,0.9274838166826195,0.6920877025738799,19,0.979028,0.016206,130,710,40,169,1049,2
tuva-health__tuva-core,2026-03-19T17:38:27,1029da6223a0c33ab2f93b52150213497daad3b6,Update input layer dictionary mappings and required mart tags (#1285),1050,1757,False,0.9285714285714286,17,0.8061453287351257,0.001164798468389174,5.2468247067875585e-06,0.9269309837625299,0.6914285714285714,19,0.979048,0.01619,130,711,40,169,1050,2
tuva-health__tuva-core,2026-04-16T13:57:24,16b0ad0be3c73f5063d068ac10fd0303bf28fcc8,Recover missing PR changes dropped after #1312 (#1313),1052,1757,False,1.0,16,0.8092482204192853,0.001165751692463943,5.251118496453614e-06,0.9267713258945367,0.6920152091254753,23,0.975285,0.019962,127,711,40,174,1052,2
tuva-health__tuva-core,2026-05-18T17:55:52,cf32ede42efa0340d9f96a4ebf23a6208dbf19e6,Refactor DAG viewer and data dictionaries (#1342),1182,1740,False,1.0,16,0.8347960357584182,0.001285146705896795,6.69344658583538e-06,0.9255741742857876,0.6150592216582065,169,0.852792,0.14044,129,696,40,317,1182,2
tuva-health__tuva-core,2026-07-02T16:09:55,8a730acb3a12ffd764c2741b504d20c4f8bc2908,Update HCC recapture gap status logic for closed - high/low coefficient (#1358),1182,1740,False,1.0,16,0.8347960357584182,0.001285146705896795,6.69344658583538e-06,0.925570423659955,0.6150592216582065,169,0.852792,0.14044,129,696,40,317,1182,2
tuva-health__tuva-core,2026-07-21T09:31:36,10b9eb73894a00547221fb19ef614542c188f4ba,Adding missing tag for Chronic Conditions mart dependency (#1367),1182,1740,False,1.0,16,0.8347960357584182,0.001285146705896795,6.69344658583538e-06,0.9255670433180594,0.6150592216582065,169,0.852792,0.14044,129,696,40,317,1182,2
wnl-icb-analytics__dbt-OLIDS,2025-06-05T23:11:38,72a2bdc90655fcaf50dbd05c3863fb58bffee8fb,deleted empty test,152,0,False,,,0.0,0.0,0.0,0.0,0.0,152,0.006579,1.0,0,61,81,10,152,1
wnl-icb-analytics__dbt-OLIDS,2025-07-03T16:06:37,610bb7d4435fc68d53e1f4d0e22d55b9765502ed,fix: correct field references for demographic data in PowerBI dashboard tables,257,474,False,0.35714285714285715,8,0.6964164679302122,0.12280706842166046,0.003288844687060583,0.8752405382130943,1.0583657587548638,55,0.789883,0.210117,48,114,95,0,257,1
wnl-icb-analytics__dbt-OLIDS,2025-07-28T19:40:07,ba49a48c9016831189af0958f14eb973dca56849,feat: enhance flu vaccination models with dual-campaign support and uptake analysis,278,480,False,0.5714285714285714,6,0.7089857525744111,0.11871468839657724,0.0028791962240762047,0.6872635451297867,0.9316546762589928,57,0.78777,0.190647,49,127,102,0,278,1
wnl-icb-analytics__dbt-OLIDS,2025-09-02T16:25:38,d8c6e9fd9d22481dd8e2464e8318f51ffe788e97,Merge branch 'main' into pop-health-needs-1,414,602,False,0.5714285714285714,7,0.7941720629047179,0.12661623542427894,0.002685653521266343,0.8977914455588555,0.8405797101449275,160,0.608696,0.376812,154,140,120,0,414,1
wnl-icb-analytics__dbt-OLIDS,2025-09-18T22:53:06,6d65d31eaa33a150340072042906ca35a56145c2,fix: correct model references and add connection info display,482,747,False,0.7142857142857143,8,0.8089639626940456,0.0858977521451594,0.0013620895879458367,0.7869629462275559,0.8443983402489627,142,0.692946,0.278008,178,163,128,13,482,1
wnl-icb-analytics__dbt-OLIDS,2025-10-31T17:32:37,197064156a0be7dcd4dddbb078daf96da05c51a1,feat: add POSTCODE_HASH reference table and update clone databases,59,87,False,0.6428571428571429,9,0.8458543289051763,0.3591349570084962,0.01684480342955866,0.813044293537873,0.576271186440678,6,0.830508,0.0,29,1,0,29,59,1
wnl-icb-analytics__dbt-OLIDS,2025-12-12T22:39:20,c8821cd7f9b3c6c67896d5f364b8dcd699bec4d0,feat: add comprehensive dbt data quality tests and align models with Alpha schema,59,74,False,0.7142857142857143,10,0.8472189066603008,0.34987404791898,0.01657309577648342,0.45826190998508703,0.3728813559322034,7,0.79661,0.0,29,1,0,29,59,1
wnl-icb-analytics__dbt-OLIDS,2026-01-23T23:09:00,dbb9de15714d1166696dcadf4a61bc916be0e28a,style: normalise line endings in sources.yml,59,74,False,0.7142857142857143,10,0.8472189066603008,0.34987404791898,0.01657309577648342,0.4582619099838265,0.3728813559322034,7,0.79661,0.0,29,1,0,29,59,1
wnl-icb-analytics__dbt-OLIDS,2026-02-23T12:16:52,eca55a129a240d81525808a5ab28fdaf44d07c21,fix: correct datetime column names to match deployed schema,59,74,False,0.7142857142857143,10,0.8472189066603008,0.34987404791898,0.01657309577648342,0.45826190998462324,0.3728813559322034,7,0.79661,0.0,29,1,0,29,59,1
wnl-icb-analytics__dbt-OLIDS,2026-03-27T19:41:35,cf6588260776900031104960570b92c1f85b60f6,feat: add enriched concept map with EMIS reference fallback,62,76,False,0.7142857142857143,10,0.8522761531504371,0.34661182076696345,0.016415985063629908,0.5409613868683805,0.3548387096774194,8,0.790323,0.016129,31,2,0,29,62,1
wnl-icb-analytics__dbt-OLIDS,2026-04-17T21:51:52,9c663981484e6ab3c01f502872b7e93d87aa95bd,feat: switch OLIDS source from alpha to clinical validation database,62,76,False,0.7142857142857143,10,0.8522761531504371,0.34661182076696345,0.016415985063629908,0.5409613868664978,0.3548387096774194,8,0.790323,0.016129,31,2,0,29,62,1
wnl-icb-analytics__dbt-OLIDS,2026-05-13T22:32:54,89425160585146cfece2c87857a833d1b41d220a,feat: add BNF chapter/section/code to MEDICATION_ORDER and MEDICATION_STATEMENT (#234),64,78,False,0.6428571428571429,6,0.8521745391705069,0.23664116079163544,0.011207570145962926,0.7839043702135208,0.34375,8,0.796875,0.015625,32,2,0,30,64,1
wnl-icb-analytics__dbt-OLIDS,2026-06-12T17:22:53,7d1651af5d0bf2819377b016f217ac737cd947d0,feat: align dbt project with Data_Store_OLIDS schema release (#237),62,76,False,0.7857142857142857,7,0.8461655508216677,0.1322495639818213,0.006863749815766227,0.9198572159098409,0.3387096774193548,7,0.822581,0.016129,31,2,0,29,62,1
wnl-icb-analytics__dbt-OLIDS,2026-07-20T10:21:08,1cd933b31c58de742ca6e6549a49d84a14ac4eaf,style: explicit ASC on qualify tie-breakers (sqlfluff AM03),166,295,False,0.5714285714285714,10,0.8401032702237522,0.08038153121393465,0.0022641424203719914,0.9300974546731544,0.8493975903614458,12,0.849398,0.006024,31,4,0,131,166,1
