asset_id,asset_type,in_degree,out_degree,total_degree,df_in_degree,df_out_degree,pc_child_count,pagerank_df,pagerank_df_reverse,betweenness_df,descendants_df,ancestors_df,clustering,graph,is_core
7c036def-1482-4ed2-85b6-a761da4268cc,Data Field,1,0,1,0,0,0,0.0030901425354892776,0.003081586603883224,0.0,0,0,0,DLG1,0
2c041a74-14f4-4b5d-83b2-f35871409b26,Data Field,1,0,1,0,0,0,0.0030901425354892776,0.003081586603883224,0.0,0,0,0,DLG1,0
3e678d99-c0a9-4476-b273-0d6d4d5bbf8b,Data Field,1,0,1,0,0,0,0.0030901425354892776,0.003081586603883224,0.0,0,0,0,DLG1,0
489ea572-3d6a-4595-ba53-7f7372c02fc5,Data Field,1,0,1,0,0,0,0.0030901425354892776,0.003081586603883224,0.0,0,0,0,DLG1,0
3381f431-98a4-4d56-b397-51756294420a,Data Field,1,0,1,0,0,0,0.0030901425354892776,0.003081586603883224,0.0,0,0,0,DLG1,0
2af8f253-4ea1-4b80-87cb-03985b77f371,Data Field,1,0,1,0,0,0,0.0030901425354892776,0.003081586603883224,0.0,0,0,0,DLG1,0
65b2ae52-c18b-47b1-919e-db3ed41cca7e,Data Field,1,0,1,0,0,0,0.0030901425354892776,0.003081586603883224,0.0,0,0,0,DLG1,0
7819933d-b04a-44d4-a7d2-f8bd570e8a2c,Data Field,1,0,1,0,0,0,0.0030901425354892776,0.003081586603883224,0.0,0,0,0,DLG1,0
04658df9-a3b2-4b05-90ef-693bbf68619a,Data Field,1,0,1,0,0,0,0.0030901425354892776,0.003081586603883224,0.0,0,0,0,DLG1,0
43bad231-78c7-4e8e-8734-e151d9fe8c15,Data Field,1,0,1,0,0,0,0.0030901425354892776,0.003081586603883224,0.0,0,0,0,DLG1,0
51299624-5a5c-486e-983b-0f3726583185,Data Field,1,0,1,0,0,0,0.0030901425354892776,0.003081586603883224,0.0,0,0,0,DLG1,0
e6075610-55d7-4e42-a01c-d0371aa35280,Data Field,1,0,1,0,0,0,0.0030901425354892776,0.003081586603883224,0.0,0,0,0,DLG1,0
c4b1f6fc-caa9-4163-86a0-275f8c4bffd1,Data Field,1,0,1,0,0,0,0.0030901425354892776,0.003081586603883224,0.0,0,0,0,DLG1,0
cfd49738-d442-44d5-b725-d17ffb827b18,Data Job,1,1,2,1,1,0,0.0057564251766354085,0.004391233013922951,1.7062517062517064e-05,1,3,0,DLG1,0
dbff7ba9-18a8-40a4-9146-e8624de24a15,Data Field,1,0,1,0,0,0,0.0030901425354892776,0.003081586603883224,0.0,0,0,0,DLG1,0
d4cefc02-4661-4232-947c-fdbe11c6ab41,Data Field,1,0,1,0,0,0,0.0030901425354892776,0.003081586603883224,0.0,0,0,0,DLG1,0
6b7e4eb6-db74-4ae8-8c9b-905383ad2768,Data Field,1,0,1,0,0,0,0.0030901425354892776,0.003081586603883224,0.0,0,0,0,DLG1,0
e7877d3a-a871-4d03-a00c-9dcf5337bf41,Data Field,1,0,1,0,0,0,0.0030901425354892776,0.003081586603883224,0.0,0,0,0,DLG1,0
651f95de-d630-4588-bb16-db3708df426c,Data Field,1,0,1,0,0,0,0.0030901425354892776,0.003081586603883224,0.0,0,0,0,DLG1,0
f4a016ce-d872-4d68-a696-f8d1baab5d60,Data Job,1,1,2,1,1,0,0.0057564251766354085,0.004391233013922951,1.7062517062517064e-05,1,3,0,DLG1,0
7e4ddb3f-1c41-41e9-8b77-2661e5703789,Data Field,1,0,1,0,0,0,0.0030901425354892776,0.003081586603883224,0.0,0,0,0,DLG1,0
863e53d8-2547-497f-8947-8ab121209f16,Data Field,1,0,1,0,0,0,0.0030901425354892776,0.003081586603883224,0.0,0,0,0,DLG1,0
20485a9a-3f1f-4d6d-8d90-0bb9a24852a0,Data Field,1,0,1,0,0,0,0.0030901425354892776,0.003081586603883224,0.0,0,0,0,DLG1,0
e8327477-3c4d-4c9c-b108-70af8f30c1c0,Data Field,1,0,1,0,0,0,0.0030901425354892776,0.003081586603883224,0.0,0,0,0,DLG1,0
7b7bffa9-dd3d-46ed-85cb-35167024708b,Data Field,1,0,1,0,0,0,0.0030901425354892776,0.003081586603883224,0.0,0,0,0,DLG1,0
e8b855fc-a048-4bee-84bc-97cfc9448350,Data Field,1,0,1,0,0,0,0.0030901425354892776,0.003081586603883224,0.0,0,0,0,DLG1,0
f878cd84-8503-4293-bad2-92da11ea7cfc,Data Job,1,1,2,1,1,0,0.0037467538051505064,0.01204335456300433,4.55000455000455e-05,4,1,0,DLG1,0
c6508c50-be37-49d9-8cdf-d35c85532f81,Data Field,1,0,1,0,0,0,0.0030901425354892776,0.003081586603883224,0.0,0,0,0,DLG1,0
ea2bbbd9-37cf-4910-a184-f22120f463ea,Data Field,1,0,1,0,0,0,0.0030901425354892776,0.003081586603883224,0.0,0,0,0,DLG1,0
9e1037ad-116e-4e73-9984-ccda6aa2e998,Data Field,1,0,1,0,0,0,0.0030901425354892776,0.003081586603883224,0.0,0,0,0,DLG1,0
bda81321-79bf-4e97-8ac0-28990794f620,Data Field,1,0,1,0,0,0,0.0030901425354892776,0.003081586603883224,0.0,0,0,0,DLG1,0
349842ed-8fd7-489e-a110-be3d9f5d09a5,Data Field,1,0,1,0,0,0,0.0030901425354892776,0.003081586603883224,0.0,0,0,0,DLG1,0
c574ce73-58df-4b27-ab6c-c5fbf37ab5db,Data Field,1,0,1,0,0,0,0.0030901425354892776,0.003081586603883224,0.0,0,0,0,DLG1,0
6e2221b4-abe9-4edf-b965-3a09b42be4f3,Data Field,1,0,1,0,0,0,0.0030901425354892776,0.003081586603883224,0.0,0,0,0,DLG1,0
728b362f-93be-49ac-bd67-9220685e92d4,Data Field,1,0,1,0,0,0,0.0030901425354892776,0.003081586603883224,0.0,0,0,0,DLG1,0
acef95bf-242e-4afd-983a-e327ce6cd141,Data Field,1,0,1,0,0,0,0.0030901425354892776,0.003081586603883224,0.0,0,0,0,DLG1,0
aa622874-0649-4817-a4f8-d42ed79b4141,Data Field,1,0,1,0,0,0,0.0030901425354892776,0.003081586603883224,0.0,0,0,0,DLG1,0
5ed55859-6eab-4547-9c67-dc6df58496ca,Data Field,1,0,1,0,0,0,0.0030901425354892776,0.003081586603883224,0.0,0,0,0,DLG1,0
a398bee0-558a-439a-832d-f884d14de3d9,Data Field,1,0,1,0,0,0,0.0030901425354892776,0.003081586603883224,0.0,0,0,0,DLG1,0
dde923c4-4529-40cc-a4b9-badbc33188e5,Data Field,1,0,1,0,0,0,0.0030901425354892776,0.003081586603883224,0.0,0,0,0,DLG1,0
b5276e48-100a-45c6-befc-9512bd34744b,Data Field,1,0,1,0,0,0,0.0030901425354892776,0.003081586603883224,0.0,0,0,0,DLG1,0
f4d11903-1231-4f34-872c-c7f35d328a78,Data Field,1,0,1,0,0,0,0.0030901425354892776,0.003081586603883224,0.0,0,0,0,DLG1,0
d12b386b-2661-48ab-b771-8ea2a684ce7a,Data Field,1,0,1,0,0,0,0.0030901425354892776,0.003081586603883224,0.0,0,0,0,DLG1,0
4d7895e6-6376-401d-9164-792eb4327195,Data Table,0,20,20,0,4,16,0.0030901425354892776,0.02072170181734398,0.0,13,0,0,DLG1,1
0b965bfc-ae63-4ebe-8a8d-dadb27bafb12,Data Field,1,0,1,0,0,0,0.0030901425354892776,0.003081586603883224,0.0,0,0,0,DLG1,0
157231f0-be8b-44e1-bde4-c20262e09c41,Data Field,1,0,1,0,0,0,0.0030901425354892776,0.003081586603883224,0.0,0,0,0,DLG1,0
a693add5-e178-410b-96e0-b23bba4d6c32,Data Field,1,0,1,0,0,0,0.0030901425354892776,0.003081586603883224,0.0,0,0,0,DLG1,0
83262b43-48cb-42ff-b22e-615c9f40fbf4,Data Field,1,0,1,0,0,0,0.0030901425354892776,0.003081586603883224,0.0,0,0,0,DLG1,0
e4e5ffbf-bf2e-4a46-ae0c-5f8f73aab24f,Data Table,2,34,36,2,0,34,0.01287765119844514,0.003081586603883224,0.0,0,5,0,DLG1,0
7ad6694b-74cb-4ca7-984c-09b598daa854,Data Field,1,0,1,0,0,0,0.0030901425354892776,0.003081586603883224,0.0,0,0,0,DLG1,0
370c1578-5ba7-45b1-ba03-4b3fbdc4f174,Data Field,1,0,1,0,0,0,0.0030901425354892776,0.003081586603883224,0.0,0,0,0,DLG1,0
dffef0de-5250-4976-ad82-6a1dbf3735a0,Data Field,1,0,1,0,0,0,0.0030901425354892776,0.003081586603883224,0.0,0,0,0,DLG1,0
9d35a395-cbce-4980-9e71-b267a35f845c,Data Field,1,0,1,0,0,0,0.0030901425354892776,0.003081586603883224,0.0,0,0,0,DLG1,0
9c90a1f6-5d00-4edf-b99b-a5e45efdc5d6,Data Table,1,20,21,1,2,18,0.006274485791418743,0.010546126443760667,6.825006825006825e-05,3,2,0,DLG1,0
9459c65f-79c8-43e8-b3ef-ac27a4e6d6c6,Data Field,1,0,1,0,0,0,0.0030901425354892776,0.003081586603883224,0.0,0,0,0,DLG1,0
8064eefe-dc42-48fa-8107-32dabb157676,Data Field,1,0,1,0,0,0,0.0030901425354892776,0.003081586603883224,0.0,0,0,0,DLG1,0
87cf17f1-528a-4e65-9fdf-7995eef4b9c4,Data Field,1,0,1,0,0,0,0.0030901425354892776,0.003081586603883224,0.0,0,0,0,DLG1,0
32f9f8a6-e5fd-4071-9154-3ebf4330dc84,Data Field,1,0,1,0,0,0,0.0030901425354892776,0.003081586603883224,0.0,0,0,0,DLG1,0
484ce57a-bce8-41c2-93d0-d8b41adb28b3,Data Field,1,0,1,0,0,0,0.0030901425354892776,0.003081586603883224,0.0,0,0,0,DLG1,0
60ddfb78-aa47-47d9-bd7e-3e9e00ec26ca,Data Field,1,0,1,0,0,0,0.0030901425354892776,0.003081586603883224,0.0,0,0,0,DLG1,0
b6fe7402-2011-40e6-a7e1-e75e3a0f0f25,Data Field,1,0,1,0,0,0,0.0030901425354892776,0.003081586603883224,0.0,0,0,0,DLG1,0
c427e857-22b6-46e3-aef9-bcb3dbcb3772,Data Field,1,0,1,0,0,0,0.0030901425354892776,0.003081586603883224,0.0,0,0,0,DLG1,0
8bd21a2a-236a-4f76-adec-c3d4e6535712,Data Field,1,0,1,0,0,0,0.0030901425354892776,0.003081586603883224,0.0,0,0,0,DLG1,0
1b675eb9-556f-4d24-b47c-309a44663967,Data Field,1,0,1,0,0,0,0.0030901425354892776,0.003081586603883224,0.0,0,0,0,DLG1,0
c628c616-3d7b-450d-90c4-c1a5e9a3a839,Data Field,1,0,1,0,0,0,0.0030901425354892776,0.003081586603883224,0.0,0,0,0,DLG1,0
d3c3862b-b8b6-4ab9-aaa9-76538d621e39,Data Field,1,0,1,0,0,0,0.0030901425354892776,0.003081586603883224,0.0,0,0,0,DLG1,0
de22de71-b74e-40a2-9cbb-ed5e57db8dff,Data Field,1,0,1,0,0,0,0.0030901425354892776,0.003081586603883224,0.0,0,0,0,DLG1,0
512e028a-c41f-406e-b2c8-0dfab4942ed5,Data Field,1,0,1,0,0,0,0.0030901425354892776,0.003081586603883224,0.0,0,0,0,DLG1,0
73e3398e-f845-4b92-97fc-a40f99541d6d,Data Field,1,0,1,0,0,0,0.0030901425354892776,0.003081586603883224,0.0,0,0,0,DLG1,0
e2a4197e-59e7-46d7-81c6-bc41c8a55bec,Data Field,1,0,1,0,0,0,0.0030901425354892776,0.003081586603883224,0.0,0,0,0,DLG1,0
cf28e281-caec-4c82-9a04-431c66abf5b8,Data Field,1,0,1,0,0,0,0.0030901425354892776,0.003081586603883224,0.0,0,0,0,DLG1,0
39b11b98-2849-4db4-a251-4e89d204953d,Data Field,1,0,1,0,0,0,0.0030901425354892776,0.003081586603883224,0.0,0,0,0,DLG1,0
068f8995-cdf0-4915-b927-47598402f5f0,Data Field,1,0,1,0,0,0,0.0030901425354892776,0.003081586603883224,0.0,0,0,0,DLG1,0
b64bc9ea-7127-4d67-a066-2a022f9020c8,Data Field,1,0,1,0,0,0,0.0030901425354892776,0.003081586603883224,0.0,0,0,0,DLG1,0
dc823b49-1a4e-4d53-b893-6a3fc61d1463,Data Field,1,0,1,0,0,0,0.0030901425354892776,0.003081586603883224,0.0,0,0,0,DLG1,0
f7a2c785-ff98-4bb7-afb7-59ffe903036f,Data Field,1,0,1,0,0,0,0.0030901425354892776,0.003081586603883224,0.0,0,0,0,DLG1,0
327618d4-5b5c-462d-a1d1-d93eda70016b,Data Field,1,0,1,0,0,0,0.0030901425354892776,0.003081586603883224,0.0,0,0,0,DLG1,0
a8ecc956-f3d0-4444-8e0b-76a74d4edcc0,Data Field,1,0,1,0,0,0,0.0030901425354892776,0.003081586603883224,0.0,0,0,0,DLG1,0
ef787b84-ead2-4ab7-86cf-2ad515fe4e6e,Data Field,1,0,1,0,0,0,0.0030901425354892776,0.003081586603883224,0.0,0,0,0,DLG1,0
34bd0188-6047-48be-8dcf-3679681bfadb,Data Field,1,0,1,0,0,0,0.0030901425354892776,0.003081586603883224,0.0,0,0,0,DLG1,0
dfc90beb-b669-4338-9dd3-fbf423a028c9,Data Field,1,0,1,0,0,0,0.0030901425354892776,0.003081586603883224,0.0,0,0,0,DLG1,0
08c9d438-111c-4c77-a38b-3e6b6ab8966d,Data Field,1,0,1,0,0,0,0.0030901425354892776,0.003081586603883224,0.0,0,0,0,DLG1,0
ed10a2a1-bb56-461b-a412-4a49511ffcff,Data Field,1,0,1,0,0,0,0.0030901425354892776,0.003081586603883224,0.0,0,0,0,DLG1,0
b25cab00-b96d-4b02-80bb-f6b9247d6dba,Data Field,1,0,1,0,0,0,0.0030901425354892776,0.003081586603883224,0.0,0,0,0,DLG1,0
0e289531-7c90-49ae-908c-cc82673e3de4,Data Field,1,0,1,0,0,0,0.0030901425354892776,0.003081586603883224,0.0,0,0,0,DLG1,0
271becee-71dc-4f88-8c93-dbc3707ce6f3,Data Job,3,1,4,3,1,0,0.007686421423117878,0.0057008794239626764,3.412503412503413e-05,1,3,0,DLG1,0
2f3e9998-0096-4fbb-acd0-474ae30637e6,Data Job,2,1,3,2,1,0,0.007029810153456651,0.0057008794239626764,2.275002275002275e-05,1,2,0,DLG1,0
29541897-3240-47f3-95db-e576ae35c394,Data Field,1,0,1,0,0,0,0.0030901425354892776,0.003081586603883224,0.0,0,0,0,DLG1,0
2af521cb-cce5-446d-bffc-355d190f5365,Data Field,1,0,1,0,0,0,0.0030901425354892776,0.003081586603883224,0.0,0,0,0,DLG1,0
6626a198-d493-4ac0-b6ca-a475a8a51a67,Data Field,1,0,1,0,0,0,0.0030901425354892776,0.003081586603883224,0.0,0,0,0,DLG1,0
ab2b664f-76b4-4533-a92b-2bc2807516e4,Data Field,1,0,1,0,0,0,0.0030901425354892776,0.003081586603883224,0.0,0,0,0,DLG1,0
6d8b50e3-501f-461b-8dbf-8ca69425f054,Data Field,1,0,1,0,0,0,0.0030901425354892776,0.003081586603883224,0.0,0,0,0,DLG1,0
b8164d5b-4e66-4fde-9c53-456fb7146b53,Data Field,1,0,1,0,0,0,0.0030901425354892776,0.003081586603883224,0.0,0,0,0,DLG1,0
ab7ef906-c6f3-4528-9c55-fa564bfc376c,Data Table,1,14,15,1,0,14,0.009063976677841494,0.003081586603883224,0.0,0,3,0,DLG1,0
44554c32-f810-48f3-80da-2863a9a539df,Data Field,1,0,1,0,0,0,0.0030901425354892776,0.003081586603883224,0.0,0,0,0,DLG1,0
518369bf-95a7-4e15-beef-e4c8f7909b4a,Data Field,1,0,1,0,0,0,0.0030901425354892776,0.003081586603883224,0.0,0,0,0,DLG1,0
64529c04-309b-4e35-b3a2-adf74ada78c3,Data Field,1,0,1,0,0,0,0.0030901425354892776,0.003081586603883224,0.0,0,0,0,DLG1,0
73c4ed08-27b3-4679-aea5-25eb55bc567a,Data Field,1,0,1,0,0,0,0.0030901425354892776,0.003081586603883224,0.0,0,0,0,DLG1,0
9b5fac31-822e-432f-8f90-44bd0e48843e,Data Field,1,0,1,0,0,0,0.0030901425354892776,0.003081586603883224,0.0,0,0,0,DLG1,0
637edd71-025a-434b-ab2f-6e1f9ba1e5d0,Data Field,1,0,1,0,0,0,0.0030901425354892776,0.003081586603883224,0.0,0,0,0,DLG1,0
a3fac4e6-7311-4e27-857f-8b692d90c8c4,Data Field,1,0,1,0,0,0,0.0030901425354892776,0.003081586603883224,0.0,0,0,0,DLG1,0
c93892ca-a6bc-4f0f-a82e-f61915101220,Data Table,0,7,7,0,1,6,0.0030901425354892776,0.004696668943815888,0.0,2,0,0,DLG1,0
7f5df4ef-4df9-4f1c-ae08-ff3b7acd63fc,Data Field,1,0,1,0,0,0,0.0030901425354892776,0.003081586603883224,0.0,0,0,0,DLG1,0
4182ba05-dbe2-4689-ab5f-c4f38d9524e9,Data Field,1,0,1,0,0,0,0.0030901425354892776,0.003081586603883224,0.0,0,0,0,DLG1,0
aa80392a-a482-40e2-8ed8-048064eccb5f,Data Table,0,16,16,0,2,14,0.0030901425354892776,0.007119292453714884,0.0,4,0,0,DLG1,0
6911361e-4eb8-4a66-9b71-94927f874c08,Data Field,1,0,1,0,0,0,0.0030901425354892776,0.003081586603883224,0.0,0,0,0,DLG1,0
43c6530b-abb6-45d2-86ca-b12d05553182,Data Field,1,0,1,0,0,0,0.0030901425354892776,0.003081586603883224,0.0,0,0,0,DLG1,0
1e21328a-da9e-4e63-8dc8-05e3fe2af2f2,Data Table,0,5,5,0,1,4,0.0030901425354892776,0.0055042101137822205,0.0,2,0,0,DLG1,0
1ee8a081-228a-436b-ae13-e02042a56376,Data Field,1,0,1,0,0,0,0.0030901425354892776,0.003081586603883224,0.0,0,0,0,DLG1,0
18ad8554-2be6-4fd4-a2a8-2c2f44dc004c,Data Field,1,0,1,0,0,0,0.0030901425354892776,0.003081586603883224,0.0,0,0,0,DLG1,0
23c67188-5982-40c8-9aea-35c20f1d0c5a,Data Field,1,0,1,0,0,0,0.0030901425354892776,0.003081586603883224,0.0,0,0,0,DLG1,0
930023ce-106b-4704-940d-83344c488028,Data Field,1,0,1,0,0,0,0.0030901425354892776,0.003081586603883224,0.0,0,0,0,DLG1,0
f791f48c-df23-41f1-bdfd-5341d32f6e52,Data Field,1,0,1,0,0,0,0.0030901425354892776,0.003081586603883224,0.0,0,0,0,DLG1,0
c55e1828-6b17-4bbb-b7b5-03d3c794eddd,Data Table,1,16,17,1,0,16,0.009621874855126045,0.003081586603883224,0.0,0,4,0,DLG1,1
651243a5-a8ce-4dbf-ad98-a71e676723fe,Data Field,1,0,1,0,0,0,0.0030901425354892776,0.003081586603883224,0.0,0,0,0,DLG1,0
b4201d12-1efe-475f-9db9-fda308a084a7,Data Field,1,0,1,0,0,0,0.0030901425354892776,0.003081586603883224,0.0,0,0,0,DLG1,0
74c6ca34-9fe9-418a-af96-9bcc415fe9ba,Data Field,1,0,1,0,0,0,0.0030901425354892776,0.003081586603883224,0.0,0,0,0,DLG1,0
7e8cc29a-0210-4b11-a0d2-329bc39e9cb5,Data Field,1,0,1,0,0,0,0.0030901425354892776,0.003081586603883224,0.0,0,0,0,DLG1,0
d22b490a-ce3f-4009-9889-a2d088649309,Data Field,1,0,1,0,0,0,0.0030901425354892776,0.003081586603883224,0.0,0,0,0,DLG1,0
f7ff9642-1d6e-4b37-b6f0-00f1c94cddb4,Data Field,1,0,1,0,0,0,0.0030901425354892776,0.003081586603883224,0.0,0,0,0,DLG1,0
2ae0aa22-ad06-48c6-81f8-cdedbb795f39,Data Field,1,0,1,0,0,0,0.0030901425354892776,0.003081586603883224,0.0,0,0,0,DLG1,0
378f4bc8-702f-45b7-b15a-3ea7a3cf6b88,Data Table,1,18,19,1,1,17,0.007390282145987843,0.007926833623681215,6.825006825006825e-05,2,3,0,DLG1,0
0157d2f7-65ef-4124-8915-18ea623848f6,Data Field,1,0,1,0,0,0,0.0030901425354892776,0.003081586603883224,0.0,0,0,0,DLG1,0
c202ecd1-08b5-4a2b-b000-507e7aa9d92a,Data Field,1,0,1,0,0,0,0.0030901425354892776,0.003081586603883224,0.0,0,0,0,DLG1,0
26353e82-5e08-4704-8662-4da5641737a1,Data Field,1,0,1,0,0,0,0.0030901425354892776,0.003081586603883224,0.0,0,0,0,DLG1,0
5ad58810-739d-424c-b260-ac8c3a2a439e,Data Field,1,0,1,0,0,0,0.0030901425354892776,0.003081586603883224,0.0,0,0,0,DLG1,0
6f199aab-d342-4f23-868a-1d229a2783ea,Data Field,1,0,1,0,0,0,0.0030901425354892776,0.003081586603883224,0.0,0,0,0,DLG1,0
68c54a87-158a-4df8-b813-c527038f8fe3,Data Field,1,0,1,0,0,0,0.0030901425354892776,0.003081586603883224,0.0,0,0,0,DLG1,0
339b7bdf-e13a-4370-b47b-6daf32a375dd,Data Field,1,0,1,0,0,0,0.0030901425354892776,0.003081586603883224,0.0,0,0,0,DLG1,0
57bd3293-9d8c-493a-9dae-7dd3431e37dd,Data Field,1,0,1,0,0,0,0.0030901425354892776,0.003081586603883224,0.0,0,0,0,DLG1,0
f3b1d4bc-9f57-49d9-8d11-04f035e9538d,Data Field,1,0,1,0,0,0,0.0030901425354892776,0.003081586603883224,0.0,0,0,0,DLG1,0
2bb099b5-96fd-40d5-9f9f-db95d8fc421f,Data Field,1,0,1,0,0,0,0.0030901425354892776,0.003081586603883224,0.0,0,0,0,DLG1,0
d2185ea3-c2f1-450a-9951-04a6946a888b,Data Field,1,0,1,0,0,0,0.0030901425354892776,0.003081586603883224,0.0,0,0,0,DLG1,0
fec8336b-bf01-4c56-92dc-b7d16c6dae79,Data Table,1,17,18,1,0,17,0.011061037756782723,0.003081586603883224,0.0,0,5,0,DLG1,0
2ac43448-d855-44a8-9dcd-fc4236f1ad5c,Data Field,1,0,1,0,0,0,0.0030901425354892776,0.003081586603883224,0.0,0,0,0,DLG1,0
27c9efde-1fe5-46e5-a6f9-afac61da83fe,Data Field,1,0,1,0,0,0,0.0030901425354892776,0.003081586603883224,0.0,0,0,0,DLG1,0
777af99b-814b-442d-a643-266fb29bcb39,Data Field,1,0,1,0,0,0,0.0030901425354892776,0.003081586603883224,0.0,0,0,0,DLG1,0
8a4ff642-e9fd-4cda-be87-28714577e9be,Data Field,1,0,1,0,0,0,0.0030901425354892776,0.003081586603883224,0.0,0,0,0,DLG1,0
f25ca79c-0f48-4436-a081-1ffa2a9db01d,Data Field,1,0,1,0,0,0,0.0030901425354892776,0.003081586603883224,0.0,0,0,0,DLG1,0
9758719c-a30d-4688-a288-82fd12f29de2,Data Field,1,0,1,0,0,0,0.0030901425354892776,0.003081586603883224,0.0,0,0,0,DLG1,0
78ff3eae-07ad-4acd-bc80-9b310de819a2,Data Field,1,0,1,0,0,0,0.0030901425354892776,0.003081586603883224,0.0,0,0,0,DLG1,0
d2f834ce-82e4-4bee-bb95-ebe889c65530,Data Field,1,0,1,0,0,0,0.0030901425354892776,0.003081586603883224,0.0,0,0,0,DLG1,0
0f3b2250-535e-4a20-86b3-166f0d872c37,Data Field,1,0,1,0,0,0,0.0030901425354892776,0.003081586603883224,0.0,0,0,0,DLG1,0
02293903-657c-47b6-99c2-8dcf286e9f99,Data Job,1,1,2,1,1,0,0.004403365074811734,0.0057008794239626764,1.1375011375011375e-05,1,1,0,DLG1,0
435a0957-dd2e-4a68-b335-095ddb30ae9f,Data Field,1,0,1,0,0,0,0.0030901425354892776,0.003081586603883224,0.0,0,0,0,DLG1,0
a52b1ec2-ad54-4ef3-b8eb-3a38f8cfad9c,Data Field,1,0,1,0,0,0,0.0030901425354892776,0.003081586603883224,0.0,0,0,0,DLG1,0
49d27c5c-8af0-4dd0-9bcb-4c22508e59ae,Data Field,1,0,1,0,0,0,0.0030901425354892776,0.003081586603883224,0.0,0,0,0,DLG1,0
1e40ef96-b08e-4bbc-8928-f956dd1ef1f7,Data Job,1,1,2,1,1,0,0.009371762806799827,0.0057008794239626764,4.55000455000455e-05,1,4,0,DLG1,0
6a940f1e-1af1-46bd-bb23-10521a8756b0,Data Field,1,0,1,0,0,0,0.0030901425354892776,0.003081586603883224,0.0,0,0,0,DLG1,0
cf7a04c3-8be7-48e9-90cd-0d173d799d7f,Data Field,1,0,1,0,0,0,0.0030901425354892776,0.003081586603883224,0.0,0,0,0,DLG1,0
7050be14-cab2-4c64-a9cf-d479d014cb47,Data Field,1,0,1,0,0,0,0.0030901425354892776,0.003081586603883224,0.0,0,0,0,DLG1,0
e8818ac0-5be4-4b99-b593-e65e8619898f,Data Field,1,0,1,0,0,0,0.0030901425354892776,0.003081586603883224,0.0,0,0,0,DLG1,0
d73a9100-bb3a-4431-81ab-9d8693a8ab42,Data Field,1,0,1,0,0,0,0.0030901425354892776,0.003081586603883224,0.0,0,0,0,DLG1,0
fa296e04-99e7-43f0-9bd7-a78e4b89c656,Data Field,1,0,1,0,0,0,0.0030901425354892776,0.003081586603883224,0.0,0,0,0,DLG1,0
386f79cf-e884-4470-ae4a-e677c89e20dd,Data Field,1,0,1,0,0,0,0.0030901425354892776,0.003081586603883224,0.0,0,0,0,DLG1,0
246f1dbb-9807-4403-907f-07cce0f4619c,Data Field,1,0,1,0,0,0,0.0030901425354892776,0.003081586603883224,0.0,0,0,0,DLG1,0
ff24be71-204c-4919-a311-d92c634e352e,Data Field,1,0,1,0,0,0,0.0030901425354892776,0.003081586603883224,0.0,0,0,0,DLG1,0
94190601-d803-4b8d-9b13-9ef0979213dd,Data Field,1,0,1,0,0,0,0.0030901425354892776,0.003081586603883224,0.0,0,0,0,DLG1,0
2aa65ae0-ff70-45c6-aa06-34d49f776fd0,Data Job,2,1,3,2,1,0,0.005059976344472963,0.009817400363285793,6.825006825006825e-05,3,2,0,DLG1,0
9d78a277-3927-4e8f-9b89-0d130f3c9e76,Data Field,1,0,1,0,0,0,0.0030901425354892776,0.003081586603883224,0.0,0,0,0,DLG1,0
f1389c29-7a04-4c7c-ba7e-ec620a26069a,Data Field,1,0,1,0,0,0,0.0030901425354892776,0.003081586603883224,0.0,0,0,0,DLG1,0
30842a89-6204-4653-9acf-f2ed1ca1ca12,Data Field,1,0,1,0,0,0,0.0030901425354892776,0.003081586603883224,0.0,0,0,0,DLG1,0
0670ac71-22e1-49fa-8218-497489a475ca,Data Field,1,0,1,0,0,0,0.0030901425354892776,0.003081586603883224,0.0,0,0,0,DLG1,0
062d99fb-24e8-446a-bfd6-1dce1ef21140,Data Field,1,0,1,0,0,0,0.0030901425354892776,0.003081586603883224,0.0,0,0,0,DLG1,0
302726d4-2f28-4ce9-b475-95b3c44286ca,Data Field,1,0,1,0,0,0,0.0030901425354892776,0.003081586603883224,0.0,0,0,0,DLG1,0
5adb1b0d-eafc-434d-921f-d1314f3b93c3,Data Field,1,0,1,0,0,0,0.0030901425354892776,0.003081586603883224,0.0,0,0,0,DLG1,0
a1bf79dd-7bd6-40e2-b18b-64d55fce1639,Data Field,1,0,1,0,0,0,0.0030901425354892776,0.003081586603883224,0.0,0,0,0,DLG1,0
d0d4d696-f01f-41cd-a51b-dd2be55a4399,Data Field,1,0,1,0,0,0,0.0030901425354892776,0.003081586603883224,0.0,0,0,0,DLG1,0
906e9ab0-cf59-4179-8158-257b9facaa9f,Data Table,1,22,23,1,0,22,0.006832383968703292,0.003081586603883224,0.0,0,2,0,DLG1,0
4e8d9ad0-d7f7-4ec9-886d-801af07294b1,Data Field,1,0,1,0,0,0,0.0030901425354892776,0.003081586603883224,0.0,0,0,0,DLG1,0
d94d4bfb-b05d-4a1e-83e9-81caf6a8894f,Data Field,1,0,1,0,0,0,0.0030901425354892776,0.003081586603883224,0.0,0,0,0,DLG1,0
bdc856f1-e227-45dd-b667-11e7b4e8b242,Data Field,1,0,1,0,0,0,0.0030901425354892776,0.003081586603883224,0.0,0,0,0,DLG1,0
a6ed8eb4-5211-4a5e-9c12-e5fc142eec65,Data Field,1,0,1,0,0,0,0.0030901425354892776,0.003081586603883224,0.0,0,0,0,DLG1,0
055bcac0-5579-49c5-8699-3a03b8e2bd99,Data Field,1,0,1,0,0,0,0.0030901425354892776,0.003081586603883224,0.0,0,0,0,DLG1,0
714cdd61-b978-4d08-b09c-3810009437db,Data Field,1,0,1,0,0,0,0.0030901425354892776,0.003081586603883224,0.0,0,0,0,DLG1,0
941a4352-ca52-4f6b-9682-94db3a56da89,Data Field,1,0,1,0,0,0,0.0030901425354892776,0.003081586603883224,0.0,0,0,0,DLG1,0
4a4afa21-af33-47d3-aa19-67f6bc517068,Data Field,1,0,1,0,0,0,0.0030901425354892776,0.003081586603883224,0.0,0,0,0,DLG1,0
e4b5156d-d447-4398-b04b-267091258cff,Data Field,1,0,1,0,0,0,0.0030901425354892776,0.003081586603883224,0.0,0,0,0,DLG1,0
0d3ac955-f21b-4ff0-b238-05fc96d40042,Data Field,1,0,1,0,0,0,0.0030901425354892776,0.003081586603883224,0.0,0,0,0,DLG1,0
c57c49f1-3e41-43dc-8346-defdaa9d3270,Data Table,0,22,22,0,2,20,0.0030901425354892776,0.012099961555011498,0.0,6,0,0,DLG1,0
012db555-d9f4-4755-9ded-38564241ef7c,Data Field,1,0,1,0,0,0,0.0030901425354892776,0.003081586603883224,0.0,0,0,0,DLG1,0
2e071d7e-2267-454e-b8ab-1dfc43ff19a6,Data Field,1,0,1,0,0,0,0.0030901425354892776,0.003081586603883224,0.0,0,0,0,DLG1,0
ef2f4af1-e04f-4830-8bc7-6584c9ef6832,Data Field,1,0,1,0,0,0,0.0030901425354892776,0.003081586603883224,0.0,0,0,0,DLG1,0
b3322937-9315-4ec3-b773-cfb586b51ff4,Data Field,1,0,1,0,0,0,0.0030901425354892776,0.003081586603883224,0.0,0,0,0,DLG1,0
c74740e3-9e41-4264-a66e-dad858912494,Data Field,1,0,1,0,0,0,0.0030901425354892776,0.003081586603883224,0.0,0,0,0,DLG1,0
c0a1af28-6d52-4c6d-b08e-a3e44cf44aee,Data Field,1,0,1,0,0,0,0.0030901425354892776,0.003081586603883224,0.0,0,0,0,DLG1,0
b0c70e9b-f7e4-4cdd-b820-8df69d1b9e51,Data Field,1,0,1,0,0,0,0.0030901425354892776,0.003081586603883224,0.0,0,0,0,DLG1,0
e21726b2-49ba-4470-89ad-f49f0de46bb1,Data Field,1,0,1,0,0,0,0.0030901425354892776,0.003081586603883224,0.0,0,0,0,DLG1,0
58d4ede9-4b92-4aba-bcde-6d64b66cdb5c,Data Field,1,0,1,0,0,0,0.0030901425354892776,0.003081586603883224,0.0,0,0,0,DLG1,0
332f595e-a63c-40d4-9e03-e37665407e56,Data Table,0,30,30,0,1,29,0.0030901425354892776,0.004696668943815888,0.0,2,0,0,DLG1,0
c514ce60-5d2a-48d7-abe3-2ae20ac3e5d3,Data Field,1,0,1,0,0,0,0.0030901425354892776,0.003081586603883224,0.0,0,0,0,DLG1,0
1b75135b-fe94-48d8-bc98-73aceeeee08c,Data Field,1,0,1,0,0,0,0.0030901425354892776,0.003081586603883224,0.0,0,0,0,DLG1,0
7ca47875-d0da-474e-9fab-9e7ea8b32ba5,Data Field,1,0,1,0,0,0,0.0030901425354892776,0.003081586603883224,0.0,0,0,0,DLG1,0
985eeed3-e724-4a34-8205-c43f5f4ff574,Data Field,1,0,1,0,0,0,0.0030901425354892776,0.003081586603883224,0.0,0,0,0,DLG1,0
0666e445-ad9b-4122-8289-4459d6645274,Data Job,3,1,4,3,1,0,0.008999643962440336,0.0057008794239626764,3.412503412503413e-05,1,3,0,DLG1,0
f347c5af-f875-4653-8016-124d7e90d27e,Data Field,1,0,1,0,0,0,0.0030901425354892776,0.003081586603883224,0.0,0,0,0,DLG1,0
fdcf9717-48d8-4abe-a6c3-4a043a4bfe4c,Data Field,1,0,1,0,0,0,0.0030901425354892776,0.003081586603883224,0.0,0,0,0,DLG1,0
e47e634d-8dbf-443d-81b4-55808e36f748,Data Field,1,0,1,0,0,0,0.0030901425354892776,0.003081586603883224,0.0,0,0,0,DLG1,0
4f7da911-ebee-4eea-bde1-57d664fef34e,Data Field,1,0,1,0,0,0,0.0030901425354892776,0.003081586603883224,0.0,0,0,0,DLG1,0
73e08909-a189-4f02-93dd-81f456785546,Data Field,1,0,1,0,0,0,0.0030901425354892776,0.003081586603883224,0.0,0,0,0,DLG1,0
11119992-122e-4d2e-91f6-c396f9066b84,Data Field,1,0,1,0,0,0,0.0030901425354892776,0.003081586603883224,0.0,0,0,0,DLG1,0
f811e244-8813-4549-b278-4cc9ca3447ca,Data Field,1,0,1,0,0,0,0.0030901425354892776,0.003081586603883224,0.0,0,0,0,DLG1,0
731ec27e-b53b-4a3a-9398-10202c40416b,Data Field,1,0,1,0,0,0,0.0030901425354892776,0.003081586603883224,0.0,0,0,0,DLG1,0
8a753038-2b08-45b6-87ec-39bd0443926d,Data Field,1,0,1,0,0,0,0.0030901425354892776,0.003081586603883224,0.0,0,0,0,DLG1,0
16c947af-0dd0-4640-9cc9-a499362b5ef5,Data Field,1,0,1,0,0,0,0.0030901425354892776,0.003081586603883224,0.0,0,0,0,DLG1,0
b015b035-dd9c-45af-a28d-d299774b282a,Data Field,1,0,1,0,0,0,0.0030901425354892776,0.003081586603883224,0.0,0,0,0,DLG1,0
83f0963f-c086-4088-b43a-a809a1a70afa,Data Field,1,0,1,0,0,0,0.0030901425354892776,0.003081586603883224,0.0,0,0,0,DLG1,0
ee583736-7492-4a79-aec7-ba5d0b85177e,Data Field,1,0,1,0,0,0,0.0030901425354892776,0.003081586603883224,0.0,0,0,0,DLG1,0
06801011-e314-442f-b724-22df472d2305,Data Field,1,0,1,0,0,0,0.0030901425354892776,0.003081586603883224,0.0,0,0,0,DLG1,0
fa51874d-a670-458a-b04d-c9126c5d9f35,Data Field,1,0,1,0,0,0,0.0030901425354892776,0.003081586603883224,0.0,0,0,0,DLG1,0
527ce38f-a1d4-41b3-bc51-de325f7c809c,Data Field,1,0,1,0,0,0,0.0030901425354892776,0.003081586603883224,0.0,0,0,0,DLG1,0
27ac30ed-39bc-48ec-97dc-d00266a5c047,Data Field,1,0,1,0,0,0,0.0030901425354892776,0.003081586603883224,0.0,0,0,0,DLG1,0
2747e589-a963-42c6-945c-1231f03e6f22,Data Field,1,0,1,0,0,0,0.0030901425354892776,0.003081586603883224,0.0,0,0,0,DLG1,0
d18a0029-ca20-4a59-b4a4-b47b7847665f,Data Field,1,0,1,0,0,0,0.0030901425354892776,0.003081586603883224,0.0,0,0,0,DLG1,0
a251bdfe-0e2e-456a-a2e1-7888f32f4bf1,Data Field,1,0,1,0,0,0,0.0030901425354892776,0.003081586603883224,0.0,0,0,0,DLG1,0
ab1456f5-3144-468b-8b42-836003b0c213,Data Field,1,0,1,0,0,0,0.0030901425354892776,0.003081586603883224,0.0,0,0,0,DLG1,0
5f54902d-633e-4cb8-94bc-ec75339b631d,Data Field,1,0,1,0,0,0,0.0030901425354892776,0.003081586603883224,0.0,0,0,0,DLG1,0
e8ecf73a-6b7e-4a4d-8a42-54eafb7a5a49,Data Field,1,0,1,0,0,0,0.0030901425354892776,0.003081586603883224,0.0,0,0,0,DLG1,0
3c940192-88e3-4c70-838e-ffff9c3e9101,Data Field,1,0,1,0,0,0,0.0030901425354892776,0.003081586603883224,0.0,0,0,0,DLG1,0
62aa0dd8-0803-4205-881e-2138e5f05106,Data Field,1,0,1,0,0,0,0.0030901425354892776,0.003081586603883224,0.0,0,0,0,DLG1,0
c4bb5a87-7e76-4049-903f-7095a48f6b2d,Data Field,1,0,1,0,0,0,0.0030901425354892776,0.003081586603883224,0.0,0,0,0,DLG1,0
4f3eb237-5d81-4e42-b48b-43174cc86031,Data Field,1,0,1,0,0,0,0.0030901425354892776,0.003081586603883224,0.0,0,0,0,DLG1,0
663387e1-f18c-4618-bd73-033505b0efae,Data Field,1,0,1,0,0,0,0.0030901425354892776,0.003081586603883224,0.0,0,0,0,DLG1,0
3af62c33-4284-4d32-9a5a-5c0ea025a718,Data Field,1,0,1,0,0,0,0.0030901425354892776,0.003081586603883224,0.0,0,0,0,DLG1,0
4657ef9b-a4ff-443b-ab30-e0716e7856cf,Data Field,1,0,1,0,0,0,0.0030901425354892776,0.003081586603883224,0.0,0,0,0,DLG1,0
508e5e6a-4c82-4140-b97a-c299b1650617,Data Field,1,0,1,0,0,0,0.0030901425354892776,0.003081586603883224,0.0,0,0,0,DLG1,0
35152af4-9211-4a5e-abca-feb49c70743d,Data Table,1,16,17,1,0,16,0.010737671209695144,0.003081586603883224,0.0,0,4,0,DLG1,1
557ae286-ca96-4b83-b2e3-ec512b21bfc3,Data Field,1,0,1,0,0,0,0.0030901425354892776,0.003081586603883224,0.0,0,0,0,DLG1,0
c735d5a5-e7cd-4a03-aa47-d1e6ac0d0487,Data Field,1,0,1,0,0,0,0.0030901425354892776,0.003081586603883224,0.0,0,0,0,DLG1,0
2d33922f-3650-4cec-84b2-879e03fff488,Data Field,1,0,1,0,0,0,0.0030901425354892776,0.003081586603883224,0.0,0,0,0,DLG1,0
9bad865c-4844-45d2-9a52-a2bcdbd7cdd1,Data Field,1,0,1,0,0,0,0.0030901425354892776,0.003081586603883224,0.0,0,0,0,DLG1,0
610b555e-6a47-4f7b-bafc-8c12370f2444,Data Field,1,0,1,0,0,0,0.0030901425354892776,0.003081586603883224,0.0,0,0,0,DLG1,0
03f4cb30-9870-4c1c-9590-8e867fc06ee5,Data Table,0,32,32,0,1,31,0.0030901425354892776,0.004696668943815888,0.0,2,0,0,DLG1,0
69360b26-ea15-4210-acf2-5174c343fd4a,Data Field,1,0,1,0,0,0,0.0030901425354892776,0.003081586603883224,0.0,0,0,0,DLG1,0
0189243c-4306-4e30-a73c-f3d886e23ddb,Data Field,1,0,1,0,0,0,0.0030901425354892776,0.003081586603883224,0.0,0,0,0,DLG1,0
cef393c3-a674-4844-be69-73b9d2bdb578,Data Field,1,0,1,0,0,0,0.0030901425354892776,0.003081586603883224,0.0,0,0,0,DLG1,0
5e8d83e8-aef7-4da6-a10b-024b599a3c79,Data Field,1,0,1,0,0,0,0.0030901425354892776,0.003081586603883224,0.0,0,0,0,DLG1,0
dde05de9-3ad5-4454-9568-8a987b22ebcb,Data Field,1,0,1,0,0,0,0.0030901425354892776,0.003081586603883224,0.0,0,0,0,DLG1,0
42698457-18d3-4b3d-811b-7c5e5d8f5844,Data Field,1,0,1,0,0,0,0.0030901425354892776,0.003081586603883224,0.0,0,0,0,DLG1,0
bb771774-be71-409f-90e2-d3b014cb9e82,Data Field,1,0,1,0,0,0,0.0030901425354892776,0.003081586603883224,0.0,0,0,0,DLG1,0
c88eef4e-edc1-43ce-a2dc-7355ffddeb34,Data Field,1,0,1,0,0,0,0.0030901425354892776,0.003081586603883224,0.0,0,0,0,DLG1,0
a024cd0b-0550-4a16-918a-ca80509380ad,Data Field,1,0,1,0,0,0,0.0030901425354892776,0.003081586603883224,0.0,0,0,0,DLG1,0
cfd2451c-745c-40c2-b1f3-11eee3080ba9,Data Field,1,0,1,0,0,0,0.0030901425354892776,0.003081586603883224,0.0,0,0,0,DLG1,0
46a8fac7-289f-49b9-ae68-0ec260571413,Data Field,1,0,1,0,0,0,0.0030901425354892776,0.003081586603883224,0.0,0,0,0,DLG1,0
21fea4f2-3de7-4313-8b2a-7a6dc9f6c82b,Data Field,1,0,1,0,0,0,0.0030901425354892776,0.003081586603883224,0.0,0,0,0,DLG1,0
1bebb769-0e8a-4da0-af8c-37e12181c6ea,Data Field,1,0,1,0,0,0,0.0030901425354892776,0.003081586603883224,0.0,0,0,0,DLG1,0
j8wy8tqa-g8qx-6z9w-hzz0-8iglz2dm5tby,Data Field,1,0,1,0,0,0,0.0030901425354892776,0.003081586603883224,0.0,0,0,0,DLG1,0
viidk650-k67c-8ybs-8x2a-zgtsesbd736b,Data Field,1,0,1,0,0,0,0.0030901425354892776,0.003081586603883224,0.0,0,0,0,DLG1,0
7m7c3kr6-5ymz-27zz-ymib-rcc10w7unkrz,Data Field,1,0,1,0,0,0,0.0030901425354892776,0.003081586603883224,0.0,0,0,0,DLG1,0
6laljc1w-gjo0-06ra-3yg0-k7jowdy0yaaa,Data Field,1,0,1,0,0,0,0.0030901425354892776,0.003081586603883224,0.0,0,0,0,DLG1,0
5xa2ik3s-t21q-p8s1-mrd1-eh0r352r14hf,Data Field,1,0,1,0,0,0,0.0030901425354892776,0.003081586603883224,0.0,0,0,0,DLG1,0
zz79jgaf-5csr-hkxi-maq2-uj5sslrztwvp,Data Field,1,0,1,0,0,0,0.0030901425354892776,0.003081586603883224,0.0,0,0,0,DLG1,0
hqnwy5un-suue-bpz0-f5mv-ma6l6ak6pl0w,Data Field,1,0,1,0,0,0,0.0030901425354892776,0.003081586603883224,0.0,0,0,0,DLG1,0
8ehzvdf0-8980-zgta-lyw3-0od6a1zn3ku2,Data Field,1,0,1,0,0,0,0.0030901425354892776,0.003081586603883224,0.0,0,0,0,DLG1,0
vq06jq9w-91mw-j7e8-ft91-v84ammg7uzi1,Data Field,1,0,1,0,0,0,0.0030901425354892776,0.003081586603883224,0.0,0,0,0,DLG1,0
okfp0b3j-89fu-ouog-y8qo-2rgp8bo0xhe2,Data Field,1,0,1,0,0,0,0.0030901425354892776,0.003081586603883224,0.0,0,0,0,DLG1,0
i6784wp4-u1of-cyy2-xnev-tf8fi5kqo2uz,Data Field,1,0,1,0,0,0,0.0030901425354892776,0.003081586603883224,0.0,0,0,0,DLG1,0
fizerhk9-tfu7-k2nv-15pe-bfdk9hzad83s,Data Field,1,0,1,0,0,0,0.0030901425354892776,0.003081586603883224,0.0,0,0,0,DLG1,0
rfpdr3tn-nxek-o0dh-im6h-uj5venz2j8uw,Data Field,1,0,1,0,0,0,0.0030901425354892776,0.003081586603883224,0.0,0,0,0,DLG1,0
ls1mwvso-hnsd-wr8r-pea7-ioafhl7g3r6p,Data Field,1,0,1,0,0,0,0.0030901425354892776,0.003081586603883224,0.0,0,0,0,DLG1,0
jqwaipmw-kbt5-1puz-7rwy-y2pw23g5ff4q,Data Field,1,0,1,0,0,0,0.0030901425354892776,0.003081586603883224,0.0,0,0,0,DLG1,0
nhlf6cee-ieq2-shcd-i4l7-ojhmn83ocwtr,Data Field,1,0,1,0,0,0,0.0030901425354892776,0.003081586603883224,0.0,0,0,0,DLG1,0
tweazujs-3693-ryoi-7nfw-ggrienae55sh,Data Field,1,0,1,0,0,0,0.0030901425354892776,0.003081586603883224,0.0,0,0,0,DLG1,0
islpqxyx-tru0-t8va-gp5y-emn6my3ihfsu,Data Field,1,0,1,0,0,0,0.0030901425354892776,0.003081586603883224,0.0,0,0,0,DLG1,0
tu6nxyyy-m7km-r6dq-mtit-d2g5eucy4rap,Data Field,1,0,1,0,0,0,0.0030901425354892776,0.003081586603883224,0.0,0,0,0,DLG1,0
wywtvufk-e00t-3h8s-d95v-x60fdjtrq7p8,Data Field,1,0,1,0,0,0,0.0030901425354892776,0.003081586603883224,0.0,0,0,0,DLG1,0
ewsddmbn-k0ha-5mpf-df2j-3uiuhwcas458,Data Field,1,0,1,0,0,0,0.0030901425354892776,0.003081586603883224,0.0,0,0,0,DLG1,0
5r51tyoe-uaca-7gqo-lyf1-4kpbb5rvhc8g,Data Field,1,0,1,0,0,0,0.0030901425354892776,0.003081586603883224,0.0,0,0,0,DLG1,0
avtd6d2k-cniq-jols-67aq-0xpw6oz5v0lq,Data Field,1,0,1,0,0,0,0.0030901425354892776,0.003081586603883224,0.0,0,0,0,DLG1,0
o3nd2uvl-nlxw-fa2r-tupa-m5m4mfk0da8i,Data Field,1,0,1,0,0,0,0.0030901425354892776,0.003081586603883224,0.0,0,0,0,DLG1,0
p44hfhe5-g4di-5vgh-mrsx-2nmmxbt9tpic,Data Field,1,0,1,0,0,0,0.0030901425354892776,0.003081586603883224,0.0,0,0,0,DLG1,0
8l8cleu4-ou8v-c0rl-aw79-lg7worn4vecs,Data Field,1,0,1,0,0,0,0.0030901425354892776,0.003081586603883224,0.0,0,0,0,DLG1,0
z7suf9vu-ibnj-nri3-4f1e-1qyte5urpczy,Data Field,1,0,1,0,0,0,0.0030901425354892776,0.003081586603883224,0.0,0,0,0,DLG1,0
y1ufrfpz-02dj-t9p6-t6gh-h3sd6kpg8pg6,Data Field,1,0,1,0,0,0,0.0030901425354892776,0.003081586603883224,0.0,0,0,0,DLG1,0
ifsorok7-52ql-g4b0-r3uq-fxrspf8vlklz,Data Field,1,0,1,0,0,0,0.0030901425354892776,0.003081586603883224,0.0,0,0,0,DLG1,0
2of56jqx-fsfk-0j91-30os-2u1vf2kjz6z5,Data Field,1,0,1,0,0,0,0.0030901425354892776,0.003081586603883224,0.0,0,0,0,DLG1,0
h55f2nfs-ybz7-t8o7-jfk6-irtncxw50a3v,Data Field,1,0,1,0,0,0,0.0030901425354892776,0.003081586603883224,0.0,0,0,0,DLG1,0
u2440cae-fhvc-dj2l-6ns4-vey4jx2xhv7i,Data Field,1,0,1,0,0,0,0.0030901425354892776,0.003081586603883224,0.0,0,0,0,DLG1,0
8t953wij-5fkl-kgu9-cc24-l6n7ngh4e5sc,Data Field,1,0,1,0,0,0,0.0030901425354892776,0.003081586603883224,0.0,0,0,0,DLG1,0
h9cou70p-kzc5-asfy-ydrr-64feyp6rwkrb,Data Field,1,0,1,0,0,0,0.0030901425354892776,0.003081586603883224,0.0,0,0,0,DLG1,0
kkl1868z-69vq-khcy-lz3x-bt7imcp0w8ph,Data Field,1,0,1,0,0,0,0.0030901425354892776,0.003081586603883224,0.0,0,0,0,DLG1,0
nx45x5qw-4lyy-g1jq-n09i-w04q889ec06c,Data Field,1,0,1,0,0,0,0.0030901425354892776,0.003081586603883224,0.0,0,0,0,DLG1,0
0o2yzofz-e555-pffb-941n-arwz69aeh2zm,Data Field,1,0,1,0,0,0,0.0030901425354892776,0.003081586603883224,0.0,0,0,0,DLG1,0
1xp2nfy5-7jlq-zb56-v39v-6q1n3drrjflm,Data Field,1,0,1,0,0,0,0.0030901425354892776,0.003081586603883224,0.0,0,0,0,DLG1,0
b18c6acn-h6a3-vblm-idiw-vr9tjplidtmu,Data Field,1,0,1,0,0,0,0.0030901425354892776,0.003081586603883224,0.0,0,0,0,DLG1,0
jomi9h3v-m6tn-det9-tk8c-3p6uxklh8m8v,Data Field,1,0,1,0,0,0,0.0030901425354892776,0.003081586603883224,0.0,0,0,0,DLG1,0
lp6gdw4m-3ojz-9ikx-durc-2mv7z7ihs8af,Data Field,1,0,1,0,0,0,0.0030901425354892776,0.003081586603883224,0.0,0,0,0,DLG1,0
6xtum8ml-94b0-lbfd-suoe-cyp34e88kzii,Data Field,1,0,1,0,0,0,0.0030901425354892776,0.003081586603883224,0.0,0,0,0,DLG1,0
ltmvvg0j-u9p3-9ife-6uu1-7i70w5zyl6e5,Data Field,1,0,1,0,0,0,0.0030901425354892776,0.003081586603883224,0.0,0,0,0,DLG1,0
jg627z9m-szkf-2vlo-fk27-tmk9kyynkfgv,Data Field,1,0,1,0,0,0,0.0030901425354892776,0.003081586603883224,0.0,0,0,0,DLG1,0
g4qxt562-kaxv-nilw-b5s4-9q7gghg4v50q,Data Field,1,0,1,0,0,0,0.0030901425354892776,0.003081586603883224,0.0,0,0,0,DLG1,0
1p6xhohm-fzer-ymmt-gv4x-evoim9jvqgt0,Data Field,1,0,1,0,0,0,0.0030901425354892776,0.003081586603883224,0.0,0,0,0,DLG1,0
q9fxdpg7-7tw0-ypb6-iqf7-0l8qz1xvqdu1,Data Field,1,0,1,0,0,0,0.0030901425354892776,0.003081586603883224,0.0,0,0,0,DLG1,0
w0j2g24b-tzx1-vziq-8087-68k9fh344ni4,Data Field,1,0,1,0,0,0,0.0030901425354892776,0.003081586603883224,0.0,0,0,0,DLG1,0
zv7f8874-fvui-tgb9-pwdv-07pbbhugn8rf,Data Field,1,0,1,0,0,0,0.0030901425354892776,0.003081586603883224,0.0,0,0,0,DLG1,0
ze235pd7-4rua-75na-3mo7-e0zs9ds4sbgd,Data Field,1,0,1,0,0,0,0.0030901425354892776,0.003081586603883224,0.0,0,0,0,DLG1,0
2neotv8g-vd3q-acxj-hh3q-1lwws0wdf6t5,Data Field,1,0,1,0,0,0,0.0030901425354892776,0.003081586603883224,0.0,0,0,0,DLG1,0
1jv4dhgs-kcqp-asad-0mhl-bksg8c8cc8il,Data Field,1,0,1,0,0,0,0.0030901425354892776,0.003081586603883224,0.0,0,0,0,DLG1,0
e9fb6c0a-8378-4841-bf4d-7f9080bdbd59,Data Table,0,18,18,0,1,17,0.0018843173883764301,0.002684361999326539,0.0,6,0,0,DLG2,0
5bb10c11-78c5-4be8-a93d-a7fdf3cb73e7,Data Field,1,0,1,0,0,0,0.0018843173883764301,0.002009948071449611,0.0,0,0,0,DLG2,0
783ba88f-86a9-463d-a329-7be8a122a452,Data Table,1,20,21,1,1,19,0.018217681051771562,0.0035905164875151673,0.00014959842173665067,2,16,0,DLG2,1
c7d53a55-b2b5-4775-ad43-920fcc47d1d6,Data Field,1,0,1,0,0,0,0.0018843173883764301,0.002009948071449611,0.0,0,0,0,DLG2,0
ff8b7658-d821-4dd8-909e-2ab670d93f26,Data Field,1,0,1,0,0,0,0.0018843173883764301,0.002009948071449611,0.0,0,0,0,DLG2,0
cbfa1286-65fa-4eda-b7c2-81acf3d38f15,Data Job,7,1,8,7,1,0,0.013094593149732787,0.005549882566170999,0.00016362327377446168,5,7,0,DLG2,0
6ffeca58-4a44-49e0-b1e0-e1321d3218ee,Data Field,1,0,1,0,0,0,0.0018843173883764301,0.002009948071449611,0.0,0,0,0,DLG2,0
67f7b615-9996-4d8b-952a-6a10f8f4d376,Data Field,1,0,1,0,0,0,0.0018843173883764301,0.002009948071449611,0.0,0,0,0,DLG2,0
105b0459-6147-4c42-809f-c1a77217fb1f,Data Field,1,0,1,0,0,0,0.0018843173883764301,0.002009948071449611,0.0,0,0,0,DLG2,0
fc41b8a0-ad7d-491d-9cd0-be6995a6466c,Data Field,1,0,1,0,0,0,0.0018843173883764301,0.002009948071449611,0.0,0,0,0,DLG2,0
4a4368c4-8d0e-4e84-b9e6-60685dd6e186,Data Field,1,0,1,0,0,0,0.0018843173883764301,0.002009948071449611,0.0,0,0,0,DLG2,0
4e5dbf18-3428-4f35-b467-2dfa08aaa9ac,Data Field,1,0,1,0,0,0,0.0018843173883764301,0.002009948071449611,0.0,0,0,0,DLG2,0
e26a8997-ee2a-402e-9d8c-76de03961e98,Data Field,1,0,1,0,0,0,0.0018843173883764301,0.002009948071449611,0.0,0,0,0,DLG2,0
d2e7077c-5338-470b-8f75-0d7f3796dd03,Data Field,1,0,1,0,0,0,0.0018843173883764301,0.002009948071449611,0.0,0,0,0,DLG2,0
7f5d41fb-0f8f-4f76-b188-b2f18712b4b5,Data Field,1,0,1,0,0,0,0.0018843173883764301,0.002009948071449611,0.0,0,0,0,DLG2,0
bb9a8e38-fabb-4902-b911-f34fef9478f2,Data Field,1,0,1,0,0,0,0.0018843173883764301,0.002009948071449611,0.0,0,0,0,DLG2,0
61e68414-8a02-4179-a2a0-c60ae5f8f292,Data Field,1,0,1,0,0,0,0.0018843173883764301,0.002009948071449611,0.0,0,0,0,DLG2,0
b78a3c55-2c0d-4f72-b4eb-24bccbd6620c,Data Table,0,48,48,0,1,47,0.0018843173883764301,0.002684361999326539,0.0,6,0,0,DLG2,0
23034336-afd2-49f8-8167-709fa38ed16e,Data Field,1,0,1,0,0,0,0.0018843173883764301,0.002009948071449611,0.0,0,0,0,DLG2,0
bc1c3026-2597-4fc2-b593-dca14698a6f4,Data Field,1,0,1,0,0,0,0.0018843173883764301,0.002009948071449611,0.0,0,0,0,DLG2,0
fe976e1b-febd-44c2-834a-3ca0ab102d46,Data Field,1,0,1,0,0,0,0.0018843173883764301,0.002009948071449611,0.0,0,0,0,DLG2,0
22087892-76c3-4e7b-ae9b-f8dd743344ff,Data Field,1,0,1,0,0,0,0.0018843173883764301,0.002009948071449611,0.0,0,0,0,DLG2,0
73dfe649-f015-4f98-8881-add79e26b2c2,Data Field,1,0,1,0,0,0,0.0018843173883764301,0.002009948071449611,0.0,0,0,0,DLG2,0
09eb8608-c897-475a-b536-3a12273f7e4a,Data Field,1,0,1,0,0,0,0.0018843173883764301,0.002009948071449611,0.0,0,0,0,DLG2,0
27398468-6530-4c71-8295-82b029ea4b78,Data Field,1,0,1,0,0,0,0.0018843173883764301,0.002009948071449611,0.0,0,0,0,DLG2,0
93c40bea-5f6f-430f-8319-fbcb046025c6,Data Job,2,1,3,2,1,0,0.019228158832130235,0.005062623122643139,0.000210372780567165,3,15,0,DLG2,0
9518e2fd-8128-474b-a9d3-88c26c61ffa1,Data Field,1,0,1,0,0,0,0.0018843173883764301,0.002009948071449611,0.0,0,0,0,DLG2,0
152f4085-183f-4ba5-b398-1cd64027163a,Data Field,1,0,1,0,0,0,0.0018843173883764301,0.002009948071449611,0.0,0,0,0,DLG2,0
a664e6f4-005d-4ac6-8767-1b3cbb20053c,Data Field,1,0,1,0,0,0,0.0018843173883764301,0.002009948071449611,0.0,0,0,0,DLG2,0
26bbf983-f506-4497-a02e-604d0ace8b41,Data Field,1,0,1,0,0,0,0.0018843173883764301,0.002009948071449611,0.0,0,0,0,DLG2,0
5b418bf7-c612-4da3-ba83-b76d3f1be6fe,Data Field,1,0,1,0,0,0,0.0018843173883764301,0.002009948071449611,0.0,0,0,0,DLG2,0
d073b6d9-7f7e-4840-9b97-e744d2694123,Data Field,1,0,1,0,0,0,0.0018843173883764301,0.002009948071449611,0.0,0,0,0,DLG2,0
e633f58c-f257-4624-9d79-da7a20b96991,Data Field,1,0,1,0,0,0,0.0018843173883764301,0.002009948071449611,0.0,0,0,0,DLG2,0
9726c1d0-c7bf-4d36-919e-76003def3795,Data Field,1,0,1,0,0,0,0.0018843173883764301,0.002009948071449611,0.0,0,0,0,DLG2,0
081201b3-be27-405d-b68f-4975ed26cb40,Data Field,1,0,1,0,0,0,0.0018843173883764301,0.002009948071449611,0.0,0,0,0,DLG2,0
9b0aa56c-0a7a-4b0d-87c8-0f10aa223a2d,Data Field,1,0,1,0,0,0,0.0018843173883764301,0.002009948071449611,0.0,0,0,0,DLG2,0
ea992937-abe1-4cc9-a91b-a8398f92a428,Data Field,1,0,1,0,0,0,0.0018843173883764301,0.002009948071449611,0.0,0,0,0,DLG2,0
3e1bd9e9-508e-4f1a-8090-0f2b19a2e83a,Data Field,1,0,1,0,0,0,0.0018843173883764301,0.002009948071449611,0.0,0,0,0,DLG2,0
f8ce2314-d9eb-42c2-b964-898a173fb692,Data Field,1,0,1,0,0,0,0.0018843173883764301,0.002009948071449611,0.0,0,0,0,DLG2,0
3f240cbb-6e9f-4402-955a-9d54780241c3,Data Table,1,5,6,1,1,4,0.013011543200220747,0.004162400482245209,0.00014959842173665067,4,8,0,DLG2,0
7583ade1-d49e-4457-a66b-a2c5360fdb61,Data Field,1,0,1,0,0,0,0.0018843173883764301,0.002009948071449611,0.0,0,0,0,DLG2,0
0899d581-88c8-4b14-a307-62439d264161,Data Field,1,0,1,0,0,0,0.0018843173883764301,0.002009948071449611,0.0,0,0,0,DLG2,0
ea12aa42-c043-43a0-8539-b88a6c0d8018,Data Field,1,0,1,0,0,0,0.0018843173883764301,0.002009948071449611,0.0,0,0,0,DLG2,0
d2e7e47d-4ece-455e-a01a-e9b7e1617e58,Data Field,1,0,1,0,0,0,0.0018843173883764301,0.002009948071449611,0.0,0,0,0,DLG2,0
5d523117-aa9c-441c-b35d-484024cbcf9a,Data Field,1,0,1,0,0,0,0.0018843173883764301,0.002009948071449611,0.0,0,0,0,DLG2,0
b252c569-773c-4d04-8597-1929e5b749b6,Data Field,1,0,1,0,0,0,0.0018843173883764301,0.002009948071449611,0.0,0,0,0,DLG2,0
a3d5e2cd-d7e3-4102-9333-70870934a6e2,Data Field,1,0,1,0,0,0,0.0018843173883764301,0.002009948071449611,0.0,0,0,0,DLG2,0
4a8ec689-6c52-44f9-be20-49fd2dac36ee,Data Field,1,0,1,0,0,0,0.0018843173883764301,0.002009948071449611,0.0,0,0,0,DLG2,0
c59c7830-358f-43c3-a451-65a6c54586ea,Data Field,1,0,1,0,0,0,0.0018843173883764301,0.002009948071449611,0.0,0,0,0,DLG2,0
c89aa963-9de8-49a7-beb5-7c798d519cf8,Data Field,1,0,1,0,0,0,0.0018843173883764301,0.002009948071449611,0.0,0,0,0,DLG2,0
4d0a33fc-bc6a-4638-8adc-6b005ad4b606,Data Field,1,0,1,0,0,0,0.0018843173883764301,0.002009948071449611,0.0,0,0,0,DLG2,0
d79393a5-c660-4ab5-9ff4-6ce4480b6f86,Data Field,1,0,1,0,0,0,0.0018843173883764301,0.002009948071449611,0.0,0,0,0,DLG2,0
28d5fdae-28df-4191-9c38-c037a6a9a669,Data Field,1,0,1,0,0,0,0.0018843173883764301,0.002009948071449611,0.0,0,0,0,DLG2,0
a4093d03-e23f-4086-a46e-827522b60a72,Data Field,1,0,1,0,0,0,0.0018843173883764301,0.002009948071449611,0.0,0,0,0,DLG2,0
574a04f5-fa68-47f5-aa1d-6663e5870e9b,Data Table,0,12,12,0,1,11,0.0018843173883764301,0.002684361999326539,0.0,6,0,0,DLG2,0
c167b6af-38ea-4c9d-a2b6-9bbc66de2b6b,Data Field,1,0,1,0,0,0,0.0018843173883764301,0.002009948071449611,0.0,0,0,0,DLG2,0
c7be9266-bad3-4e78-8b33-d1602740a463,Data Field,1,0,1,0,0,0,0.0018843173883764301,0.002009948071449611,0.0,0,0,0,DLG2,0
5275bf1f-2992-46de-ad6a-d0594cd008b4,Data Field,1,0,1,0,0,0,0.0018843173883764301,0.002009948071449611,0.0,0,0,0,DLG2,0
8fbe3a1f-9347-49b2-b15a-04881f3d957c,Data Field,1,0,1,0,0,0,0.0018843173883764301,0.002009948071449611,0.0,0,0,0,DLG2,0
31190d54-55b8-4898-97c9-04baf0bff260,Data Field,1,0,1,0,0,0,0.0018843173883764301,0.002009948071449611,0.0,0,0,0,DLG2,0
c32d6b91-97c2-489f-8654-0a6e9524b756,Data Field,1,0,1,0,0,0,0.0018843173883764301,0.002009948071449611,0.0,0,0,0,DLG2,0
25b0c556-0768-457f-b5d0-6c7221e45f53,Data Field,1,0,1,0,0,0,0.0018843173883764301,0.002009948071449611,0.0,0,0,0,DLG2,0
01f748fc-0746-4276-ad44-dc8cd3f55460,Data Field,1,0,1,0,0,0,0.0018843173883764301,0.002009948071449611,0.0,0,0,0,DLG2,0
707833fd-7d15-49c8-b896-9ebbb7aae4bd,Data Field,1,0,1,0,0,0,0.0018843173883764301,0.002009948071449611,0.0,0,0,0,DLG2,0
ff9cd6b7-ca0c-481b-8028-aef87765a916,Data Field,1,0,1,0,0,0,0.0018843173883764301,0.002009948071449611,0.0,0,0,0,DLG2,0
18a5316d-42f6-43ac-bfe6-d2ef135e4bc0,Data Field,1,0,1,0,0,0,0.0018843173883764301,0.002009948071449611,0.0,0,0,0,DLG2,0
decec507-27c0-4abb-9721-c65a620b41a5,Data Field,1,0,1,0,0,0,0.0018843173883764301,0.002009948071449611,0.0,0,0,0,DLG2,0
f8b2a007-9a21-4c01-b430-403f99a8815d,Data Field,1,0,1,0,0,0,0.0018843173883764301,0.002009948071449611,0.0,0,0,0,DLG2,0
96f5e3e3-bebe-4cda-a0a1-2293e21798d7,Data Field,1,0,1,0,0,0,0.0018843173883764301,0.002009948071449611,0.0,0,0,0,DLG2,0
cb2f856d-366c-4506-a761-459298b49510,Data Field,1,0,1,0,0,0,0.0018843173883764301,0.002009948071449611,0.0,0,0,0,DLG2,0
7b8b8d3a-013a-4b1c-bb77-0da5f2790bbe,Data Field,1,0,1,0,0,0,0.0018843173883764301,0.002009948071449611,0.0,0,0,0,DLG2,0
cebca44d-8673-4a24-8344-fc620f0bee6a,Data Field,1,0,1,0,0,0,0.0018843173883764301,0.002009948071449611,0.0,0,0,0,DLG2,0
a23d3001-6dd0-45b3-acf6-0ca7db65e7bd,Data Field,1,0,1,0,0,0,0.0018843173883764301,0.002009948071449611,0.0,0,0,0,DLG2,0
87aabcb4-ccf6-4260-8440-7f6168bd6d86,Data Field,1,0,1,0,0,0,0.0018843173883764301,0.002009948071449611,0.0,0,0,0,DLG2,0
473b3fbf-6a9e-4ae5-b648-14ffe2a68b4f,Data Field,1,0,1,0,0,0,0.0018843173883764301,0.002009948071449611,0.0,0,0,0,DLG2,0
8dc8454b-5dbe-4880-94d7-140b2f12a8ec,Data Field,1,0,1,0,0,0,0.0018843173883764301,0.002009948071449611,0.0,0,0,0,DLG2,0
fa283199-be7d-4c63-b3f0-487bdcdedef9,Data Field,1,0,1,0,0,0,0.0018843173883764301,0.002009948071449611,0.0,0,0,0,DLG2,0
1cce5eec-e4e1-40a0-bfdf-5aaa7a6cff62,Data Field,1,0,1,0,0,0,0.0018843173883764301,0.002009948071449611,0.0,0,0,0,DLG2,0
eb88b3d2-b94b-42c2-8e17-86ed06f33401,Data Field,1,0,1,0,0,0,0.0018843173883764301,0.002009948071449611,0.0,0,0,0,DLG2,0
c2cdfd5e-d19c-4dc7-976f-7845fa17403b,Data Field,1,0,1,0,0,0,0.0018843173883764301,0.002009948071449611,0.0,0,0,0,DLG2,0
8a544f8b-caac-462e-9237-62f64787807b,Data Field,1,0,1,0,0,0,0.0018843173883764301,0.002009948071449611,0.0,0,0,0,DLG2,0
90f0f7d1-550f-4777-8f29-3cd48f7124c1,Data Field,1,0,1,0,0,0,0.0018843173883764301,0.002009948071449611,0.0,0,0,0,DLG2,0
10d8ea86-ca89-47c4-8df5-9b3a491a286d,Data Field,1,0,1,0,0,0,0.0018843173883764301,0.002009948071449611,0.0,0,0,0,DLG2,0
65d4464c-8e2e-4d17-8860-5b70d5780961,Data Field,1,0,1,0,0,0,0.0018843173883764301,0.002009948071449611,0.0,0,0,0,DLG2,0
decafc76-4efc-443c-832c-a20495388309,Data Field,1,0,1,0,0,0,0.0018843173883764301,0.002009948071449611,0.0,0,0,0,DLG2,0
93c98b0d-5f79-4236-9d45-39947136419b,Data Field,1,0,1,0,0,0,0.0018843173883764301,0.002009948071449611,0.0,0,0,0,DLG2,0
d3c8fd65-eedf-4b58-ad46-47f29d14d176,Data Field,1,0,1,0,0,0,0.0018843173883764301,0.002009948071449611,0.0,0,0,0,DLG2,0
e388a124-2dc7-4fb2-bd0b-6b22f5f079d3,Data Field,1,0,1,0,0,0,0.0018843173883764301,0.002009948071449611,0.0,0,0,0,DLG2,0
5e083de1-5873-4fcc-bd10-43926ef9be3f,Data Table,0,19,19,0,2,17,0.0018843173883764301,0.004644228764892204,0.0,4,0,0,DLG2,0
f5a22ec2-c471-45de-b915-5d3a1a0d535b,Data Field,1,0,1,0,0,0,0.0018843173883764301,0.002009948071449611,0.0,0,0,0,DLG2,0
3a747883-99e7-4f09-a499-f8f61c346620,Data Field,1,0,1,0,0,0,0.0018843173883764301,0.002009948071449611,0.0,0,0,0,DLG2,0
62cb19df-15a2-42e9-9c24-3952c47713ac,Data Field,1,0,1,0,0,0,0.0018843173883764301,0.002009948071449611,0.0,0,0,0,DLG2,0
03e10577-e30d-44ce-857f-6370e9e01ccf,Data Field,1,0,1,0,0,0,0.0018843173883764301,0.002009948071449611,0.0,0,0,0,DLG2,0
29ad21ad-1540-43fb-adec-500a12fb82f2,Data Field,1,0,1,0,0,0,0.0018843173883764301,0.002009948071449611,0.0,0,0,0,DLG2,0
4ff21dc3-e87e-4c07-bb04-31cf958f6f81,Data Field,1,0,1,0,0,0,0.0018843173883764301,0.002009948071449611,0.0,0,0,0,DLG2,0
d284d725-2f38-4797-9a72-f1ab59a84820,Data Field,1,0,1,0,0,0,0.0018843173883764301,0.002009948071449611,0.0,0,0,0,DLG2,0
6a989e97-214c-4630-8a21-8de5e795638d,Data Field,1,0,1,0,0,0,0.0018843173883764301,0.002009948071449611,0.0,0,0,0,DLG2,0
aca2bde8-9073-404e-8747-7953c4765f9f,Data Field,1,0,1,0,0,0,0.0018843173883764301,0.002009948071449611,0.0,0,0,0,DLG2,0
047fd851-3499-4387-9dce-de5f47f8f635,Data Field,1,0,1,0,0,0,0.0018843173883764301,0.002009948071449611,0.0,0,0,0,DLG2,0
b027f7ea-fd7a-4958-9283-4aacd92c799e,Data Field,1,0,1,0,0,0,0.0018843173883764301,0.002009948071449611,0.0,0,0,0,DLG2,0
a43d3869-904f-4f32-8eb9-c4e36cca82bc,Data Field,1,0,1,0,0,0,0.0018843173883764301,0.002009948071449611,0.0,0,0,0,DLG2,0
bdc7c684-b8d9-432a-9173-a593d452931c,Data Field,1,0,1,0,0,0,0.0018843173883764301,0.002009948071449611,0.0,0,0,0,DLG2,0
d5688c10-5219-4dbe-aa86-d83997cd900e,Data Field,1,0,1,0,0,0,0.0018843173883764301,0.002009948071449611,0.0,0,0,0,DLG2,0
297926f1-eb62-4874-a1c5-acd42521205a,Data Table,0,20,20,0,1,19,0.0018843173883764301,0.0030636603488266483,0.0,2,0,0,DLG2,0
dd812b7f-5717-44fe-8d5a-9c45100025e0,Data Field,1,0,1,0,0,0,0.0018843173883764301,0.002009948071449611,0.0,0,0,0,DLG2,0
8f3dac74-c3f2-4f60-aa7b-9239b922216f,Data Field,1,0,1,0,0,0,0.0018843173883764301,0.002009948071449611,0.0,0,0,0,DLG2,0
d7a8326b-460e-4238-b4ce-c95a964adf9a,Data Table,1,59,60,1,0,59,0.0068878417278331475,0.002009948071449611,0.0,0,4,0,DLG2,1
aa62a94e-b5d0-45ff-8ee7-f98132d771df,Data Field,1,0,1,0,0,0,0.0018843173883764301,0.002009948071449611,0.0,0,0,0,DLG2,0
972cd51c-4c73-43b7-aaae-2480b4a6a848,Data Field,1,0,1,0,0,0,0.0018843173883764301,0.002009948071449611,0.0,0,0,0,DLG2,0
a7268505-5d45-4f7c-9c34-f0408ce83112,Data Field,1,0,1,0,0,0,0.0018843173883764301,0.002009948071449611,0.0,0,0,0,DLG2,0
44077e71-412e-4935-85e9-5ec8a5b80044,Data Field,1,0,1,0,0,0,0.0018843173883764301,0.002009948071449611,0.0,0,0,0,DLG2,0
fde00d64-ef5f-45ea-8567-794b7b46277e,Data Table,0,20,20,0,1,19,0.0018843173883764301,0.0030636603488266483,0.0,2,0,0,DLG2,0
f07979f2-3917-4ac4-bbac-c32861c4d6c8,Data Field,1,0,1,0,0,0,0.0018843173883764301,0.002009948071449611,0.0,0,0,0,DLG2,0
9a39a0c6-6834-4758-af1b-14dfc8592b02,Data Field,1,0,1,0,0,0,0.0018843173883764301,0.002009948071449611,0.0,0,0,0,DLG2,0
c9944462-45ad-425f-bde1-1c3c7c7aa8cc,Data Field,1,0,1,0,0,0,0.0018843173883764301,0.002009948071449611,0.0,0,0,0,DLG2,0
a9583a0f-551c-4b96-8fb4-a12c552343f7,Data Field,1,0,1,0,0,0,0.0018843173883764301,0.002009948071449611,0.0,0,0,0,DLG2,0
d0796789-84dd-4f92-ab5c-277a199d0a75,Data Field,1,0,1,0,0,0,0.0018843173883764301,0.002009948071449611,0.0,0,0,0,DLG2,0
e48df875-0455-4f34-8056-b78fa7e91116,Data Field,1,0,1,0,0,0,0.0018843173883764301,0.002009948071449611,0.0,0,0,0,DLG2,0
0a921168-8bc0-46dc-9872-2a8fc9de701e,Data Field,1,0,1,0,0,0,0.0018843173883764301,0.002009948071449611,0.0,0,0,0,DLG2,0
6113b3bd-6b4b-4058-afc4-c66ea84c6ada,Data Field,1,0,1,0,0,0,0.0018843173883764301,0.002009948071449611,0.0,0,0,0,DLG2,0
79485b7b-07e4-48db-9318-188ff6c66303,Data Field,1,0,1,0,0,0,0.0018843173883764301,0.002009948071449611,0.0,0,0,0,DLG2,0
b3c8b4b9-d5d5-4212-8e73-c966d32ac4b6,Data Job,3,1,4,3,1,0,0.005887987303146557,0.0037185217106743143,1.4024852037811e-05,1,3,0,DLG2,0
a3a727a2-7f58-4cfe-a12a-82ba18b57262,Data Field,1,0,1,0,0,0,0.0018843173883764301,0.002009948071449611,0.0,0,0,0,DLG2,0
03ebea59-e4e4-4b9e-b28d-c6319d10c1be,Data Field,1,0,1,0,0,0,0.0018843173883764301,0.002009948071449611,0.0,0,0,0,DLG2,0
f8a2abcd-49c4-470b-a4e7-a2a5ee495c77,Data Field,1,0,1,0,0,0,0.0018843173883764301,0.002009948071449611,0.0,0,0,0,DLG2,0
6c9d131c-a0e8-4d17-bb3d-a56b3ff9b0b6,Data Field,1,0,1,0,0,0,0.0018843173883764301,0.002009948071449611,0.0,0,0,0,DLG2,0
b8ff2ec6-549f-4c77-8d8e-565eb3e8e5d1,Data Job,2,1,3,2,1,0,0.0181741985717977,0.0037185217106743143,8.414911222686601e-05,1,18,0,DLG2,0
0b749f23-b2da-4fc2-aede-f8253c891c28,Data Field,1,0,1,0,0,0,0.0018843173883764301,0.002009948071449611,0.0,0,0,0,DLG2,0
bab871ab-ce67-46bf-8f8b-c68526375c8f,Data Table,1,4,5,1,0,4,0.017381227353515334,0.002009948071449611,0.0,0,19,0,DLG2,0
0239381d-b6f2-4063-ad56-a441ba586e48,Data Field,1,0,1,0,0,0,0.0018843173883764301,0.002009948071449611,0.0,0,0,0,DLG2,0
eeb5f442-e44c-4702-aa5f-a080b1172054,Data Field,1,0,1,0,0,0,0.0018843173883764301,0.002009948071449611,0.0,0,0,0,DLG2,0
257849e3-d585-41c2-965a-da07f6879090,Data Field,1,0,1,0,0,0,0.0018843173883764301,0.002009948071449611,0.0,0,0,0,DLG2,0
68b11886-04ec-4100-ad66-28e038daf7b1,Data Field,1,0,1,0,0,0,0.0018843173883764301,0.002009948071449611,0.0,0,0,0,DLG2,0
0f1c9259-59da-4777-bb99-fdef6ee6bb6a,Data Field,1,0,1,0,0,0,0.0018843173883764301,0.002009948071449611,0.0,0,0,0,DLG2,0
f9bdb329-386c-4279-aa58-7d4d64198acd,Data Field,1,0,1,0,0,0,0.0018843173883764301,0.002009948071449611,0.0,0,0,0,DLG2,0
01438f90-6b18-476a-a675-8cc0b370be94,Data Field,1,0,1,0,0,0,0.0018843173883764301,0.002009948071449611,0.0,0,0,0,DLG2,0
fcec5c22-81d4-450a-a803-6dab5a6fea5b,Data Field,1,0,1,0,0,0,0.0018843173883764301,0.002009948071449611,0.0,0,0,0,DLG2,0
0fdd7f35-bc8f-4cca-a40b-e94e15164a0f,Data Field,1,0,1,0,0,0,0.0018843173883764301,0.002009948071449611,0.0,0,0,0,DLG2,0
0d45e00b-0516-47f1-84f5-be9fc2fd4652,Data Field,1,0,1,0,0,0,0.0018843173883764301,0.002009948071449611,0.0,0,0,0,DLG2,0
dbe2b494-9720-4c6f-a183-49ac99ceab25,Data Field,1,0,1,0,0,0,0.0018843173883764301,0.002009948071449611,0.0,0,0,0,DLG2,0
5d294a03-1467-424b-abf3-2e2e8b853df2,Data Field,1,0,1,0,0,0,0.0018843173883764301,0.002009948071449611,0.0,0,0,0,DLG2,0
adbc6640-72d5-4b08-8688-8d149c3c0849,Data Field,1,0,1,0,0,0,0.0018843173883764301,0.002009948071449611,0.0,0,0,0,DLG2,0
c5b807de-4545-416d-8361-bf0e1e743823,Data Field,1,0,1,0,0,0,0.0018843173883764301,0.002009948071449611,0.0,0,0,0,DLG2,0
32f154a8-6106-4a99-a9a8-df748daaca2b,Data Field,1,0,1,0,0,0,0.0018843173883764301,0.002009948071449611,0.0,0,0,0,DLG2,0
d6e6366b-214c-4cca-9036-25eece4914a7,Data Field,1,0,1,0,0,0,0.0018843173883764301,0.002009948071449611,0.0,0,0,0,DLG2,0
6e008e30-8da7-4bf6-907d-ae95cfd7f5c1,Data Field,1,0,1,0,0,0,0.0018843173883764301,0.002009948071449611,0.0,0,0,0,DLG2,0
c10fd2b9-9f9f-419e-bd35-428ad61b6f69,Data Field,1,0,1,0,0,0,0.0018843173883764301,0.002009948071449611,0.0,0,0,0,DLG2,0
4b021116-e7ef-4a21-be14-eaf484652422,Data Field,1,0,1,0,0,0,0.0018843173883764301,0.002009948071449611,0.0,0,0,0,DLG2,0
d7a27a79-a954-406a-ac15-a5d8d7cc0b11,Data Field,1,0,1,0,0,0,0.0018843173883764301,0.002009948071449611,0.0,0,0,0,DLG2,0
c6eecad9-b810-4f09-9cc4-f0c644988c07,Data Field,1,0,1,0,0,0,0.0018843173883764301,0.002009948071449611,0.0,0,0,0,DLG2,0
2444b0b6-6282-45b0-8f57-76e367c843b6,Data Field,1,0,1,0,0,0,0.0018843173883764301,0.002009948071449611,0.0,0,0,0,DLG2,0
f3078166-72b6-4423-95ea-42cfaae69acf,Data Field,1,0,1,0,0,0,0.0018843173883764301,0.002009948071449611,0.0,0,0,0,DLG2,0
22fc47d7-ffd9-4d35-a51f-5edcf9e26b5b,Data Field,1,0,1,0,0,0,0.0018843173883764301,0.002009948071449611,0.0,0,0,0,DLG2,0
299e732d-d2d1-40e9-ab9c-cde66fa46c4f,Data Field,1,0,1,0,0,0,0.0018843173883764301,0.002009948071449611,0.0,0,0,0,DLG2,0
b9377d06-ea66-4d8a-8323-fdac9c8d558f,Data Field,1,0,1,0,0,0,0.0018843173883764301,0.002009948071449611,0.0,0,0,0,DLG2,0
5901b789-fb28-469e-b062-c3e714eed0c1,Data Field,1,0,1,0,0,0,0.0018843173883764301,0.002009948071449611,0.0,0,0,0,DLG2,0
94d7e739-1f57-436c-80fb-29ae83549034,Data Field,1,0,1,0,0,0,0.0018843173883764301,0.002009948071449611,0.0,0,0,0,DLG2,0
55e69a36-7e07-477d-8ee1-b669fec269f3,Data Field,1,0,1,0,0,0,0.0018843173883764301,0.002009948071449611,0.0,0,0,0,DLG2,0
05875cdb-f7af-42bb-a8de-c99d981c211f,Data Job,2,1,3,2,1,0,0.0036859688500229873,0.0037185217106743143,9.349901358540667e-06,1,2,0,DLG2,0
ee01f4a1-9598-492b-a249-91e9c416dad7,Data Field,1,0,1,0,0,0,0.0018843173883764301,0.002009948071449611,0.0,0,0,0,DLG2,0
c1bd92be-8cff-4b2a-a168-83517146be42,Data Field,1,0,1,0,0,0,0.0018843173883764301,0.002009948071449611,0.0,0,0,0,DLG2,0
4244cc83-5952-420b-a472-0ef1a1ea2d58,Data Field,1,0,1,0,0,0,0.0018843173883764301,0.002009948071449611,0.0,0,0,0,DLG2,0
66829357-78ad-4915-a96f-77d2fbc65227,Data Field,1,0,1,0,0,0,0.0018843173883764301,0.002009948071449611,0.0,0,0,0,DLG2,0
f5fda6ed-6b92-4b1a-a860-2f953c1b8cac,Data Field,1,0,1,0,0,0,0.0018843173883764301,0.002009948071449611,0.0,0,0,0,DLG2,0
673fa812-c2eb-48ff-8843-db18517e4934,Data Field,1,0,1,0,0,0,0.0018843173883764301,0.002009948071449611,0.0,0,0,0,DLG2,0
4e1d8661-aa71-48ca-bd9a-bcbb2e8e712e,Data Field,1,0,1,0,0,0,0.0018843173883764301,0.002009948071449611,0.0,0,0,0,DLG2,0
db0b9c21-0214-456d-92d6-62128400f0c3,Data Field,1,0,1,0,0,0,0.0018843173883764301,0.002009948071449611,0.0,0,0,0,DLG2,0
97ed7e5f-b1d8-49a0-8a8a-c3402f1abb7c,Data Field,1,0,1,0,0,0,0.0018843173883764301,0.002009948071449611,0.0,0,0,0,DLG2,0
545ea767-9710-451b-bc76-0b54b0c430ed,Data Field,1,0,1,0,0,0,0.0018843173883764301,0.002009948071449611,0.0,0,0,0,DLG2,0
e47848d1-8642-4632-a9ba-346a13496d84,Data Field,1,0,1,0,0,0,0.0018843173883764301,0.002009948071449611,0.0,0,0,0,DLG2,0
4e94eab8-2ea3-426a-9e3c-2bc87bc56c23,Data Field,1,0,1,0,0,0,0.0018843173883764301,0.002009948071449611,0.0,0,0,0,DLG2,0
ae7e6ba2-28d2-4cbc-b950-60ba3c5e3522,Data Field,1,0,1,0,0,0,0.0018843173883764301,0.002009948071449611,0.0,0,0,0,DLG2,0
703ea067-7c5b-40c6-a23c-5943d6d9b5fc,Data Field,1,0,1,0,0,0,0.0018843173883764301,0.002009948071449611,0.0,0,0,0,DLG2,0
1ff5dac2-e9d4-4183-a05c-5db2a90ab124,Data Field,1,0,1,0,0,0,0.0018843173883764301,0.002009948071449611,0.0,0,0,0,DLG2,0
35d74c5f-6f2e-4ce6-84f2-8f145c3201ad,Data Field,1,0,1,0,0,0,0.0018843173883764301,0.002009948071449611,0.0,0,0,0,DLG2,0
07dce456-68d6-4239-ade2-1aab521b9a48,Data Field,1,0,1,0,0,0,0.0018843173883764301,0.002009948071449611,0.0,0,0,0,DLG2,0
3161476f-a099-43f6-93d8-35478987306f,Data Field,1,0,1,0,0,0,0.0018843173883764301,0.002009948071449611,0.0,0,0,0,DLG2,0
33ce6965-8f1d-4658-b845-96e195147c94,Data Field,1,0,1,0,0,0,0.0018843173883764301,0.002009948071449611,0.0,0,0,0,DLG2,0
df5b1450-44c1-454e-8e7a-1b87085f931b,Data Field,1,0,1,0,0,0,0.0018843173883764301,0.002009948071449611,0.0,0,0,0,DLG2,0
730b4ad0-ddd1-4855-9578-98ab4fce39cc,Data Field,1,0,1,0,0,0,0.0018843173883764301,0.002009948071449611,0.0,0,0,0,DLG2,0
77fc0833-3424-4e06-8b1b-954e69fd9889,Data Field,1,0,1,0,0,0,0.0018843173883764301,0.002009948071449611,0.0,0,0,0,DLG2,0
3f434916-1cfa-4c21-a663-3f7d8aeebce0,Data Field,1,0,1,0,0,0,0.0018843173883764301,0.002009948071449611,0.0,0,0,0,DLG2,0
b644bd0e-7546-49b6-8f44-68212ba6f759,Data Field,1,0,1,0,0,0,0.0018843173883764301,0.002009948071449611,0.0,0,0,0,DLG2,0
4ed09a9c-1ee5-4c8f-8fff-c0c886f7b2d1,Data Field,1,0,1,0,0,0,0.0018843173883764301,0.002009948071449611,0.0,0,0,0,DLG2,0
6ee69cf9-4fb2-4023-8b2c-df7beed87317,Data Field,1,0,1,0,0,0,0.0018843173883764301,0.002009948071449611,0.0,0,0,0,DLG2,0
551c78ad-d86f-46e3-bf1b-c0d4baa62d72,Data Field,1,0,1,0,0,0,0.0018843173883764301,0.002009948071449611,0.0,0,0,0,DLG2,0
ac6de10f-eb81-4e7f-99b3-0eb41d6ebb79,Data Field,1,0,1,0,0,0,0.0018843173883764301,0.002009948071449611,0.0,0,0,0,DLG2,0
7c42e03b-85f7-48e6-b5c7-088a6fa2c1ba,Data Field,1,0,1,0,0,0,0.0018843173883764301,0.002009948071449611,0.0,0,0,0,DLG2,0
e90c512f-8700-4c41-875f-2bf91b13e4ec,Data Field,1,0,1,0,0,0,0.0018843173883764301,0.002009948071449611,0.0,0,0,0,DLG2,0
b022fdbd-ead8-4f2c-af0e-11af07db0f36,Data Field,1,0,1,0,0,0,0.0018843173883764301,0.002009948071449611,0.0,0,0,0,DLG2,0
7897ed8e-6d36-4d97-81ca-1f7bd93dbae8,Data Field,1,0,1,0,0,0,0.0018843173883764301,0.002009948071449611,0.0,0,0,0,DLG2,0
821685e1-2e67-41b7-927f-85aebb4ce12d,Data Field,1,0,1,0,0,0,0.0018843173883764301,0.002009948071449611,0.0,0,0,0,DLG2,0
e21a32c6-d978-4b90-970d-fddf7e55ae37,Data Table,1,34,35,1,0,34,0.00501671072238138,0.002009948071449611,0.0,0,3,0,DLG2,0
a9182551-26bb-4fec-bf8d-a7efca38070a,Data Field,1,0,1,0,0,0,0.0018843173883764301,0.002009948071449611,0.0,0,0,0,DLG2,0
c4ec28ca-cbbf-4395-8655-705181479097,Data Field,1,0,1,0,0,0,0.0018843173883764301,0.002009948071449611,0.0,0,0,0,DLG2,0
65ffeef5-be96-4017-9b7b-f496ea72f433,Data Field,1,0,1,0,0,0,0.0018843173883764301,0.002009948071449611,0.0,0,0,0,DLG2,0
58c03796-2b49-46c5-9546-373c3cba296b,Data Field,1,0,1,0,0,0,0.0018843173883764301,0.002009948071449611,0.0,0,0,0,DLG2,0
6e21f185-ee71-4bbb-9c47-c65877f8f29b,Data Field,1,0,1,0,0,0,0.0018843173883764301,0.002009948071449611,0.0,0,0,0,DLG2,0
d64184b5-7b79-43c2-8b82-d4cabcf108c6,Data Field,1,0,1,0,0,0,0.0018843173883764301,0.002009948071449611,0.0,0,0,0,DLG2,0
e0cbcc31-efd4-437e-b686-257951716b56,Data Table,0,35,35,0,1,34,0.0018843173883764301,0.0035905164875151673,0.0,2,0,0,DLG2,0
b4f394f8-5ce0-4224-b1f2-fffeada624e9,Data Field,1,0,1,0,0,0,0.0018843173883764301,0.002009948071449611,0.0,0,0,0,DLG2,0
b7bb70cd-f986-4fda-a9a7-9fd5056a5613,Data Field,1,0,1,0,0,0,0.0018843173883764301,0.002009948071449611,0.0,0,0,0,DLG2,0
45b7de0f-5b7d-4e42-a6c6-df3981f7c596,Data Field,1,0,1,0,0,0,0.0018843173883764301,0.002009948071449611,0.0,0,0,0,DLG2,0
a521ce38-9944-42e2-9ba2-49c0786f356f,Data Field,1,0,1,0,0,0,0.0018843173883764301,0.002009948071449611,0.0,0,0,0,DLG2,0
31899526-1222-409b-96ae-eab36f955c0a,Data Field,1,0,1,0,0,0,0.0018843173883764301,0.002009948071449611,0.0,0,0,0,DLG2,0
8acefc55-ad97-4675-8354-815b2085d569,Data Field,1,0,1,0,0,0,0.0018843173883764301,0.002009948071449611,0.0,0,0,0,DLG2,0
3055de0e-3fce-4c77-9578-6c9deb52cbe9,Data Field,1,0,1,0,0,0,0.0018843173883764301,0.002009948071449611,0.0,0,0,0,DLG2,0
2e4d0b8e-ebd6-4ef1-821b-ca7bad06c6fb,Data Field,1,0,1,0,0,0,0.0018843173883764301,0.002009948071449611,0.0,0,0,0,DLG2,0
ee5fd368-3c43-454e-8221-b6f964678e82,Data Field,1,0,1,0,0,0,0.0018843173883764301,0.002009948071449611,0.0,0,0,0,DLG2,0
0f994050-9d53-42c8-bbe4-ed090f08d117,Data Field,1,0,1,0,0,0,0.0018843173883764301,0.002009948071449611,0.0,0,0,0,DLG2,0
4b0b3d72-4602-440a-b190-75859501c1d5,Data Table,2,7,9,2,1,6,0.005427458957547399,0.006730845566588106,8.414911222686601e-05,6,3,0,DLG2,1
dcd0cc71-7cb4-426f-9ae0-07d992e16eb0,Data Field,1,0,1,0,0,0,0.0018843173883764301,0.002009948071449611,0.0,0,0,0,DLG2,0
cbd26ca6-55e7-4ac3-ab8e-6f2dd0078fb1,Data Field,1,0,1,0,0,0,0.0018843173883764301,0.002009948071449611,0.0,0,0,0,DLG2,0
58cf596f-8f2b-4770-8115-6742d417b34d,Data Field,1,0,1,0,0,0,0.0018843173883764301,0.002009948071449611,0.0,0,0,0,DLG2,0
9300f6bb-4f6b-4dc5-83b4-f66e2e676218,Data Field,1,0,1,0,0,0,0.0018843173883764301,0.002009948071449611,0.0,0,0,0,DLG2,0
02e9cd5e-3d6e-4326-b238-04ddb4effe81,Data Field,1,0,1,0,0,0,0.0018843173883764301,0.002009948071449611,0.0,0,0,0,DLG2,0
859afe08-84c6-4a37-b5e5-0b472ba7d781,Data Field,1,0,1,0,0,0,0.0018843173883764301,0.002009948071449611,0.0,0,0,0,DLG2,0
de35b70c-9645-4893-9fe9-134ffb3c1934,Data Field,1,0,1,0,0,0,0.0018843173883764301,0.002009948071449611,0.0,0,0,0,DLG2,0
2dee3239-340f-4217-9e45-69780bc05b2f,Data Field,1,0,1,0,0,0,0.0018843173883764301,0.002009948071449611,0.0,0,0,0,DLG2,0
d1abc4a5-8956-4e79-b2b7-0585cd5a8b39,Data Field,1,0,1,0,0,0,0.0018843173883764301,0.002009948071449611,0.0,0,0,0,DLG2,0
8d962509-fad2-4c2a-86a8-3d2769b07571,Data Job,1,1,2,1,1,0,0.0064964231745285,0.005549882566170999,9.349901358540668e-05,5,4,0,DLG2,0
a3a301fb-7b95-4696-8a6a-46199f951330,Data Field,1,0,1,0,0,0,0.0018843173883764301,0.002009948071449611,0.0,0,0,0,DLG2,0
164c8e36-de37-472f-a6ff-7cb9fd9e2581,Data Job,1,1,2,1,1,0,0.0020845008841149366,0.0024370914812557867,1.1687376698175834e-06,1,1,0,DLG2,0
d963f9ee-3dc1-44a2-afe6-aee30e8e743e,Data Field,1,0,1,0,0,0,0.0018843173883764301,0.002009948071449611,0.0,0,0,0,DLG2,0
bcaf1614-8e28-4cea-b897-59e18a2f2382,Data Field,1,0,1,0,0,0,0.0018843173883764301,0.002009948071449611,0.0,0,0,0,DLG2,0
566b7e49-dd39-4af9-a0ca-318cf1747208,Data Job,1,1,2,1,1,0,0.0020845008841149366,0.00487433121510416,1.6362327377446167e-05,7,1,0,DLG2,0
3aeb6734-4829-42c8-bcc6-458664c094d3,Data Field,1,0,1,0,0,0,0.0018843173883764301,0.002009948071449611,0.0,0,0,0,DLG2,0
93dcd8f8-2858-462d-bda0-c3b96f1e96b0,Data Field,1,0,1,0,0,0,0.0018843173883764301,0.002009948071449611,0.0,0,0,0,DLG2,0
732ae79e-a08d-4ae5-b310-433e255757c1,Data Field,1,0,1,0,0,0,0.0018843173883764301,0.002009948071449611,0.0,0,0,0,DLG2,0
a8c93e53-a362-455c-b07d-586b84ea0d2b,Data Field,1,0,1,0,0,0,0.0018843173883764301,0.002009948071449611,0.0,0,0,0,DLG2,0
c3e4a4ba-9ad4-4364-8e65-3baaa76a0481,Data Table,4,18,22,4,0,18,0.008970600526718367,0.002009948071449611,0.0,0,5,0,DLG2,1
fb17fc00-8a86-4e01-9708-f60c4f13d4f3,Data Field,1,0,1,0,0,0,0.0018843173883764301,0.002009948071449611,0.0,0,0,0,DLG2,0
8f05cd61-ebb6-4daf-897f-898e38b47d4e,Data Field,1,0,1,0,0,0,0.0018843173883764301,0.002009948071449611,0.0,0,0,0,DLG2,0
91de0733-aa48-421c-b944-d7986b8eb440,Data Field,1,0,1,0,0,0,0.0018843173883764301,0.002009948071449611,0.0,0,0,0,DLG2,0
f8fbcb3f-182c-4bf7-882d-3ccea56518ac,Data Field,1,0,1,0,0,0,0.0018843173883764301,0.002009948071449611,0.0,0,0,0,DLG2,0
b86127a4-9fd3-494a-bf85-c1c81095beeb,Data Field,1,0,1,0,0,0,0.0018843173883764301,0.002009948071449611,0.0,0,0,0,DLG2,0
9443a82d-9d1a-4546-a847-32dafbf6d609,Data Field,1,0,1,0,0,0,0.0018843173883764301,0.002009948071449611,0.0,0,0,0,DLG2,0
dcc48f93-e564-4070-9161-5cedd0dad9e6,Data Field,1,0,1,0,0,0,0.0018843173883764301,0.002009948071449611,0.0,0,0,0,DLG2,0
2426271a-44ec-4e28-a0e1-26bd3c5430c0,Data Field,1,0,1,0,0,0,0.0018843173883764301,0.002009948071449611,0.0,0,0,0,DLG2,0
8772e6ee-ce8b-4fad-adac-abdb986faa70,Data Field,1,0,1,0,0,0,0.0018843173883764301,0.002009948071449611,0.0,0,0,0,DLG2,0
d2f65585-fbbf-4692-b2a8-a8cb15325176,Data Field,1,0,1,0,0,0,0.0018843173883764301,0.002009948071449611,0.0,0,0,0,DLG2,0
0950fc6a-12ad-4b72-976f-4d7fd37f29e8,Data Field,1,0,1,0,0,0,0.0018843173883764301,0.002009948071449611,0.0,0,0,0,DLG2,0
4f39fb55-b217-4a35-b69c-1ba251ed8d3a,Data Field,1,0,1,0,0,0,0.0018843173883764301,0.002009948071449611,0.0,0,0,0,DLG2,0
0dbbd798-78f9-46cf-b7f8-33a59bfd425d,Data Field,1,0,1,0,0,0,0.0018843173883764301,0.002009948071449611,0.0,0,0,0,DLG2,0
40db6be1-cc2d-4321-ae23-f962bb68d4c6,Data Field,1,0,1,0,0,0,0.0018843173883764301,0.002009948071449611,0.0,0,0,0,DLG2,0
7b405816-cf6b-477c-96f4-de0fd7db0373,Data Field,1,0,1,0,0,0,0.0018843173883764301,0.002009948071449611,0.0,0,0,0,DLG2,0
c937120c-6fd6-4c90-a8d3-6461fcacc594,Data Field,1,0,1,0,0,0,0.0018843173883764301,0.002009948071449611,0.0,0,0,0,DLG2,0
31e2e76b-9354-4e3f-8438-f7a3b745b11e,Data Field,1,0,1,0,0,0,0.0018843173883764301,0.002009948071449611,0.0,0,0,0,DLG2,0
2005f9cc-7350-422f-9778-0df4f6fea78b,Data Job,1,1,2,1,1,0,0.0020845008841149366,0.0037185217106743143,4.674950679270334e-06,1,1,0,DLG2,0
59fd94e6-c700-43e6-92fa-ed959f4f8dcc,Data Field,1,0,1,0,0,0,0.0018843173883764301,0.002009948071449611,0.0,0,0,0,DLG2,0
b7802c9b-3fb6-45e5-b17d-8cc64d59ff40,Data Field,1,0,1,0,0,0,0.0018843173883764301,0.002009948071449611,0.0,0,0,0,DLG2,0
f985aed7-d010-4719-b82e-b231c9ff95de,Data Field,1,0,1,0,0,0,0.0018843173883764301,0.002009948071449611,0.0,0,0,0,DLG2,0
2475b11a-996d-4916-88f9-c4a55e8db866,Data Field,1,0,1,0,0,0,0.0018843173883764301,0.002009948071449611,0.0,0,0,0,DLG2,0
578049b8-600a-44f2-bf1a-7ef000026f80,Data Job,1,1,2,1,1,0,0.0020845008841149366,0.0024370914812557867,1.1687376698175834e-06,1,1,0,DLG2,0
219c95f7-e7f3-478f-ae5b-718b4f8b6547,Data Field,1,0,1,0,0,0,0.0018843173883764301,0.002009948071449611,0.0,0,0,0,DLG2,0
b686d8b7-22cb-4cee-9269-333d4e347760,Data Field,1,0,1,0,0,0,0.0018843173883764301,0.002009948071449611,0.0,0,0,0,DLG2,0
250f6268-b734-46f1-906f-4a5d933fedd6,Data Field,1,0,1,0,0,0,0.0018843173883764301,0.002009948071449611,0.0,0,0,0,DLG2,0
86ef443d-acfa-49ea-b53e-114aaa3f9c53,Data Field,1,0,1,0,0,0,0.0018843173883764301,0.002009948071449611,0.0,0,0,0,DLG2,0
41dc7463-912c-4114-bf5e-f003f60d633b,Data Field,1,0,1,0,0,0,0.0018843173883764301,0.002009948071449611,0.0,0,0,0,DLG2,0
deeca306-d353-4095-be3a-8d7e6dbeb71e,Data Field,1,0,1,0,0,0,0.0018843173883764301,0.002009948071449611,0.0,0,0,0,DLG2,0
f94759fc-73d5-491a-a30a-e8df932376f2,Data Field,1,0,1,0,0,0,0.0018843173883764301,0.002009948071449611,0.0,0,0,0,DLG2,0
27afb03e-6995-433b-a16e-a55c7ca3127e,Data Field,1,0,1,0,0,0,0.0018843173883764301,0.002009948071449611,0.0,0,0,0,DLG2,0
fc026d15-48a1-493c-8a00-255bf9f84f12,Data Field,1,0,1,0,0,0,0.0018843173883764301,0.002009948071449611,0.0,0,0,0,DLG2,0
685cc679-b0fd-4cd5-b984-09bb7371174f,Data Field,1,0,1,0,0,0,0.0018843173883764301,0.002009948071449611,0.0,0,0,0,DLG2,0
65fd86fb-9321-4b16-9888-d7afd62202b0,Data Table,0,24,24,0,8,16,0.0018843173883764301,0.023340322502567488,0.0,18,0,0,DLG2,1
5bbd5b9e-23b9-4661-a011-800e7499cafd,Data Table,1,20,21,1,1,19,0.0074039265545056835,0.004162400482245209,9.349901358540668e-05,4,5,0,DLG2,0
40970de1-9ef8-4b6e-9b53-c6685b50c2d8,Data Field,1,0,1,0,0,0,0.0018843173883764301,0.002009948071449611,0.0,0,0,0,DLG2,0
334ba39a-643a-4205-a862-bacd475a9e69,Data Field,1,0,1,0,0,0,0.0018843173883764301,0.002009948071449611,0.0,0,0,0,DLG2,0
417d8a5e-151b-42e7-ab2a-7ebbac92074a,Data Field,1,0,1,0,0,0,0.0018843173883764301,0.002009948071449611,0.0,0,0,0,DLG2,0
fb521ced-93bf-400f-a9f5-38c1646f93cd,Data Job,1,1,2,1,1,0,0.0020845008841149366,0.0024370914812557867,1.1687376698175834e-06,1,1,0,DLG2,0
7728e418-0a20-4df7-bcaa-4baae9472895,Data Field,1,0,1,0,0,0,0.0018843173883764301,0.002009948071449611,0.0,0,0,0,DLG2,0
0ecbeb85-6b8a-4051-82d7-283e93641a7d,Data Field,1,0,1,0,0,0,0.0018843173883764301,0.002009948071449611,0.0,0,0,0,DLG2,0
e8313602-9445-439a-8721-dfb801086a86,Data Job,1,1,2,1,1,0,0.0020845008841149366,0.00487433121510416,1.6362327377446167e-05,7,1,0,DLG2,0
2cacc365-1112-41f6-9888-51b0e59cba9c,Data Field,1,0,1,0,0,0,0.0018843173883764301,0.002009948071449611,0.0,0,0,0,DLG2,0
ffdfc7c5-faba-4eec-97c0-23e6431f3d34,Data Field,1,0,1,0,0,0,0.0018843173883764301,0.002009948071449611,0.0,0,0,0,DLG2,0
0cd063a8-fdd2-4be0-b6bf-88d916ae59ae,Data Field,1,0,1,0,0,0,0.0018843173883764301,0.002009948071449611,0.0,0,0,0,DLG2,0
b45e1052-7240-46f1-b105-612700747f27,Data Job,1,1,2,1,1,0,0.0020845008841149366,0.0024370914812557867,1.1687376698175834e-06,1,1,0,DLG2,0
ea59ca86-b1d5-48af-b669-2ae38d40db13,Data Field,1,0,1,0,0,0,0.0018843173883764301,0.002009948071449611,0.0,0,0,0,DLG2,0
9af061e2-50c8-4e8d-97e0-b38e6673ce18,Data Field,1,0,1,0,0,0,0.0018843173883764301,0.002009948071449611,0.0,0,0,0,DLG2,0
d16c3625-fdcf-470c-a9c9-4690a679ca8e,Data Field,1,0,1,0,0,0,0.0018843173883764301,0.002009948071449611,0.0,0,0,0,DLG2,0
735bff33-d3f0-482f-933e-42890c39afb0,Data Table,1,17,18,1,0,17,0.0036558881729619143,0.002009948071449611,0.0,0,2,0,DLG2,0
aa78dc7e-b6a0-424e-ae1e-cdee2b71bb1c,Data Field,1,0,1,0,0,0,0.0018843173883764301,0.002009948071449611,0.0,0,0,0,DLG2,0
fdfe6791-7375-4ec9-8284-1f3bdffe8c6a,Data Field,1,0,1,0,0,0,0.0018843173883764301,0.002009948071449611,0.0,0,0,0,DLG2,0
ec4ca37e-7f84-4109-b4c3-071997201d67,Data Field,1,0,1,0,0,0,0.0018843173883764301,0.002009948071449611,0.0,0,0,0,DLG2,0
fbff7ffb-ae9b-4118-b43a-227e30dea898,Data Field,1,0,1,0,0,0,0.0018843173883764301,0.002009948071449611,0.0,0,0,0,DLG2,0
1479e219-0591-45b4-842a-af5b74be82a6,Data Field,1,0,1,0,0,0,0.0018843173883764301,0.002009948071449611,0.0,0,0,0,DLG2,0
bfa2e1c2-ea2c-40bf-be0b-e59b40f7b624,Data Field,1,0,1,0,0,0,0.0018843173883764301,0.002009948071449611,0.0,0,0,0,DLG2,0
db59733e-abed-43c6-a9a3-c58fbf8f3549,Data Field,1,0,1,0,0,0,0.0018843173883764301,0.002009948071449611,0.0,0,0,0,DLG2,0
afa24278-cca8-4fef-8855-27d7527f6a49,Data Field,1,0,1,0,0,0,0.0018843173883764301,0.002009948071449611,0.0,0,0,0,DLG2,0
897041cb-ed3e-4c85-a18e-c70d2997a600,Data Field,1,0,1,0,0,0,0.0018843173883764301,0.002009948071449611,0.0,0,0,0,DLG2,0
a70d40aa-8887-4f6c-a6e7-03d1a0ccd02e,Data Field,1,0,1,0,0,0,0.0018843173883764301,0.002009948071449611,0.0,0,0,0,DLG2,0
ad9077b9-3c77-4490-a06a-6c07d45fd72f,Data Field,1,0,1,0,0,0,0.0018843173883764301,0.002009948071449611,0.0,0,0,0,DLG2,0
ef9e2da7-b7c5-4288-86d8-4ebd87e71706,Data Field,1,0,1,0,0,0,0.0018843173883764301,0.002009948071449611,0.0,0,0,0,DLG2,0
65223c30-5598-4165-a071-0e4526b5dd48,Data Field,1,0,1,0,0,0,0.0018843173883764301,0.002009948071449611,0.0,0,0,0,DLG2,0
9e95da81-948d-4f46-b5f7-e9b3f6bba71e,Data Field,1,0,1,0,0,0,0.0018843173883764301,0.002009948071449611,0.0,0,0,0,DLG2,0
2e79871e-4c3c-4677-a4d9-6962eed8fb39,Data Table,0,17,17,0,1,16,0.0018843173883764301,0.002684361999326539,0.0,6,0,0,DLG2,0
691058fa-1ef1-40d0-96eb-0eb68a8fbdf6,Data Table,0,12,12,0,1,11,0.0018843173883764301,0.002684361999326539,0.0,6,0,0,DLG2,0
4b46f2a8-3ab6-49d5-9104-988bede0bbbc,Data Field,1,0,1,0,0,0,0.0018843173883764301,0.002009948071449611,0.0,0,0,0,DLG2,0
c050dd1c-a7c1-4c8e-ae0b-5c97aae40150,Data Table,0,33,33,0,1,32,0.0018843173883764301,0.002684361999326539,0.0,6,0,0,DLG2,0
07869625-0df2-43fc-b107-4a6ca4bc6fbd,Data Field,1,0,1,0,0,0,0.0018843173883764301,0.002009948071449611,0.0,0,0,0,DLG2,0
c1802ffe-bba8-4868-a4fb-0de662ff89fd,Data Field,1,0,1,0,0,0,0.0018843173883764301,0.002009948071449611,0.0,0,0,0,DLG2,0
6992679e-cb9a-4de8-9ddd-7f19cbe08b3e,Data Field,1,0,1,0,0,0,0.0018843173883764301,0.002009948071449611,0.0,0,0,0,DLG2,0
4d1c0380-48d1-4361-8745-82f32c377187,Data Field,1,0,1,0,0,0,0.0018843173883764301,0.002009948071449611,0.0,0,0,0,DLG2,0
6f6b5057-1cc0-49a4-b69c-e0ae5a8b5bd4,Data Field,1,0,1,0,0,0,0.0018843173883764301,0.002009948071449611,0.0,0,0,0,DLG2,0
523b3c01-9377-4142-9051-39e59cdf4d9c,Data Field,1,0,1,0,0,0,0.0018843173883764301,0.002009948071449611,0.0,0,0,0,DLG2,0
906307b0-fee7-46a4-a7e6-77d7c6b45c79,Data Field,1,0,1,0,0,0,0.0018843173883764301,0.002009948071449611,0.0,0,0,0,DLG2,0
bd97c774-87ef-44d9-8d42-e8f98cd154b9,Data Field,1,0,1,0,0,0,0.0018843173883764301,0.002009948071449611,0.0,0,0,0,DLG2,0
66814ed0-2b9b-41f0-b069-e8e98fb1b978,Data Field,1,0,1,0,0,0,0.0018843173883764301,0.002009948071449611,0.0,0,0,0,DLG2,0
f2b7e7d8-5d8a-4394-af59-8fbd02c4276e,Data Field,1,0,1,0,0,0,0.0018843173883764301,0.002009948071449611,0.0,0,0,0,DLG2,0
c8a3d262-8a8d-4b1c-90a5-2c2c568f9268,Data Field,1,0,1,0,0,0,0.0018843173883764301,0.002009948071449611,0.0,0,0,0,DLG2,0
c4b475b1-17d5-404d-ad9f-12733d475467,Data Field,1,0,1,0,0,0,0.0018843173883764301,0.002009948071449611,0.0,0,0,0,DLG2,0
8acf4fdf-adb8-47ae-975b-a39118289443,Data Field,1,0,1,0,0,0,0.0018843173883764301,0.002009948071449611,0.0,0,0,0,DLG2,0
9507c1b1-bff5-4db0-a58e-91de62c9a403,Data Field,1,0,1,0,0,0,0.0018843173883764301,0.002009948071449611,0.0,0,0,0,DLG2,0
b3b2078c-6314-48e9-b359-e2fb84fa6cd9,Data Field,1,0,1,0,0,0,0.0018843173883764301,0.002009948071449611,0.0,0,0,0,DLG2,0
80e29192-e803-4c5c-99f8-8dc925e9843d,Data Field,1,0,1,0,0,0,0.0018843173883764301,0.002009948071449611,0.0,0,0,0,DLG2,0
e0fdfd5a-efe1-4f2f-807e-aad0d86d4837,Data Field,1,0,1,0,0,0,0.0018843173883764301,0.002009948071449611,0.0,0,0,0,DLG2,0
b14e241a-b4a2-4d27-a262-6fb3078f36c2,Data Field,1,0,1,0,0,0,0.0018843173883764301,0.002009948071449611,0.0,0,0,0,DLG2,0
6e3bf0f4-6eef-478b-842f-c059bceeb483,Data Table,0,12,12,0,1,11,0.0018843173883764301,0.002684361999326539,0.0,6,0,0,DLG2,0
301127df-c188-4f41-8b31-efb007d704f8,Data Field,1,0,1,0,0,0,0.0018843173883764301,0.002009948071449611,0.0,0,0,0,DLG2,0
64f27196-4acf-428b-91f1-7dc9552434f4,Data Field,1,0,1,0,0,0,0.0018843173883764301,0.002009948071449611,0.0,0,0,0,DLG2,0
32b1cc90-aa07-4462-a1a5-300d2d224575,Data Field,1,0,1,0,0,0,0.0018843173883764301,0.002009948071449611,0.0,0,0,0,DLG2,0
7e9874bb-07ce-4cca-a6a9-e2180091bc03,Data Field,1,0,1,0,0,0,0.0018843173883764301,0.002009948071449611,0.0,0,0,0,DLG2,0
0128e4dd-8899-4f48-a827-6031b5b41636,Data Field,1,0,1,0,0,0,0.0018843173883764301,0.002009948071449611,0.0,0,0,0,DLG2,0
eaea2f54-fd1e-4ad5-a15f-312bf820ee96,Data Field,1,0,1,0,0,0,0.0018843173883764301,0.002009948071449611,0.0,0,0,0,DLG2,0
a03f2218-5723-41a7-af2f-8a2266ac14f1,Data Field,1,0,1,0,0,0,0.0018843173883764301,0.002009948071449611,0.0,0,0,0,DLG2,0
5af6aab4-c6fa-4510-a802-acac02f34098,Data Field,1,0,1,0,0,0,0.0018843173883764301,0.002009948071449611,0.0,0,0,0,DLG2,0
9864d463-6688-426b-a18f-b3c485770f6b,Data Field,1,0,1,0,0,0,0.0018843173883764301,0.002009948071449611,0.0,0,0,0,DLG2,0
6431ef2a-8dab-48c2-8b80-f4b063b5bb73,Data Field,1,0,1,0,0,0,0.0018843173883764301,0.002009948071449611,0.0,0,0,0,DLG2,0
11bd21a2-3984-4191-93cd-218d27e05437,Data Field,1,0,1,0,0,0,0.0018843173883764301,0.002009948071449611,0.0,0,0,0,DLG2,0
48b22fb0-fa58-4f4d-89c4-4010c66d101b,Data Field,1,0,1,0,0,0,0.0018843173883764301,0.002009948071449611,0.0,0,0,0,DLG2,0
afac479c-2d69-45c0-a26e-040938992f9a,Data Field,1,0,1,0,0,0,0.0018843173883764301,0.002009948071449611,0.0,0,0,0,DLG2,0
2f25af81-2998-491c-8aa8-e2e6403bf0a7,Data Field,1,0,1,0,0,0,0.0018843173883764301,0.002009948071449611,0.0,0,0,0,DLG2,0
35d1e976-0d2c-45ed-8bc5-7794b177a4bd,Data Field,1,0,1,0,0,0,0.0018843173883764301,0.002009948071449611,0.0,0,0,0,DLG2,0
955e666c-fbe1-4cba-95e7-9727fe898a93,Data Field,1,0,1,0,0,0,0.0018843173883764301,0.002009948071449611,0.0,0,0,0,DLG2,0
f2b535b4-58a6-4b31-a874-7d955d52e476,Data Field,1,0,1,0,0,0,0.0018843173883764301,0.002009948071449611,0.0,0,0,0,DLG2,0
03e86a42-cdfa-407d-80e8-95160bb77acd,Data Field,1,0,1,0,0,0,0.0018843173883764301,0.002009948071449611,0.0,0,0,0,DLG2,0
3527ead9-2a00-404b-ba86-dc1e4fd943ef,Data Field,1,0,1,0,0,0,0.0018843173883764301,0.002009948071449611,0.0,0,0,0,DLG2,0
667747e9-5af4-4c90-b8de-4a6cf1f1ad3e,Data Field,1,0,1,0,0,0,0.0018843173883764301,0.002009948071449611,0.0,0,0,0,DLG2,0
887ba1a1-480e-42bd-a439-7c2aee718f20,Data Field,1,0,1,0,0,0,0.0018843173883764301,0.002009948071449611,0.0,0,0,0,DLG2,0
45d0375a-3183-44b9-a3e3-cd9efe1d73db,Data Field,1,0,1,0,0,0,0.0018843173883764301,0.002009948071449611,0.0,0,0,0,DLG2,0
2ee05afc-7849-4fc2-a079-7156610fc948,Data Field,1,0,1,0,0,0,0.0018843173883764301,0.002009948071449611,0.0,0,0,0,DLG2,0
67fa6221-f5d5-4cd9-b185-afd2e7e4e7f1,Data Field,1,0,1,0,0,0,0.0018843173883764301,0.002009948071449611,0.0,0,0,0,DLG2,0
69054ac8-9cbb-4c67-b858-76c45a974039,Data Field,1,0,1,0,0,0,0.0018843173883764301,0.002009948071449611,0.0,0,0,0,DLG2,0
be9ab215-eed4-4ce8-91b9-4a8559bfc66a,Data Field,1,0,1,0,0,0,0.0018843173883764301,0.002009948071449611,0.0,0,0,0,DLG2,0
817a67f4-c9cb-4a83-b26a-0c5a1d751ac7,Data Field,1,0,1,0,0,0,0.0018843173883764301,0.002009948071449611,0.0,0,0,0,DLG2,0
6e92d922-5fb2-4497-9ae9-8a63ef6a8880,Data Field,1,0,1,0,0,0,0.0018843173883764301,0.002009948071449611,0.0,0,0,0,DLG2,0
6aa708c2-4c3f-4b15-9260-78e48bb057f4,Data Field,1,0,1,0,0,0,0.0018843173883764301,0.002009948071449611,0.0,0,0,0,DLG2,0
3a63e0cc-538d-4316-8741-ca6a17b84864,Data Field,1,0,1,0,0,0,0.0018843173883764301,0.002009948071449611,0.0,0,0,0,DLG2,0
fca8fa09-5a3b-4ee5-8c65-d6f00f83cffd,Data Field,1,0,1,0,0,0,0.0018843173883764301,0.002009948071449611,0.0,0,0,0,DLG2,0
ebe38b87-bd0d-40ac-b390-2d0e3a2ec3fe,Data Field,1,0,1,0,0,0,0.0018843173883764301,0.002009948071449611,0.0,0,0,0,DLG2,0
0a513cf0-5bda-4d82-b437-d015affd1767,Data Field,1,0,1,0,0,0,0.0018843173883764301,0.002009948071449611,0.0,0,0,0,DLG2,0
fe2bf2e5-2fbe-4d69-a124-4aa92359d480,Data Field,1,0,1,0,0,0,0.0018843173883764301,0.002009948071449611,0.0,0,0,0,DLG2,0
ce37900e-2239-4337-ba62-b348e92663a3,Data Field,1,0,1,0,0,0,0.0018843173883764301,0.002009948071449611,0.0,0,0,0,DLG2,0
5cc1a0b2-8ae3-4e7f-a43a-9f6e06437a53,Data Field,1,0,1,0,0,0,0.0018843173883764301,0.002009948071449611,0.0,0,0,0,DLG2,0
656f86f2-a756-4be6-b58d-9c4e0784f9ca,Data Field,1,0,1,0,0,0,0.0018843173883764301,0.002009948071449611,0.0,0,0,0,DLG2,0
p4r8ce3y-fyat-t5iz-orj8-n8uybaxbcebh,Data Field,1,0,1,0,0,0,0.0018843173883764301,0.002009948071449611,0.0,0,0,0,DLG2,0
vttbxuxp-ng9m-k4y5-kfhb-7b863jit2xce,Data Field,1,0,1,0,0,0,0.0018843173883764301,0.002009948071449611,0.0,0,0,0,DLG2,0
qsa5o0tf-sv9i-qshr-ezg6-sk5x3k3foowp,Data Field,1,0,1,0,0,0,0.0018843173883764301,0.002009948071449611,0.0,0,0,0,DLG2,0
y0j2cpgq-f04g-tqae-ufjr-wdc349as7dmy,Data Field,1,0,1,0,0,0,0.0018843173883764301,0.002009948071449611,0.0,0,0,0,DLG2,0
w8tq080v-n99r-c312-a9ja-ocn2vu70ujwq,Data Field,1,0,1,0,0,0,0.0018843173883764301,0.002009948071449611,0.0,0,0,0,DLG2,0
e4zmvtp8-a2j1-8hop-wwto-lhz1x0xuhgfe,Data Field,1,0,1,0,0,0,0.0018843173883764301,0.002009948071449611,0.0,0,0,0,DLG2,0
s3yjyjxm-sn5c-kxll-4klp-d9x6rxej4dw3,Data Field,1,0,1,0,0,0,0.0018843173883764301,0.002009948071449611,0.0,0,0,0,DLG2,0
2enk0ujs-bnpn-j6i1-lwnx-aoi2b58jftkt,Data Field,1,0,1,0,0,0,0.0018843173883764301,0.002009948071449611,0.0,0,0,0,DLG2,0
x6bpmudl-y2f0-p6jp-32kg-1w14v9bgq6gq,Data Field,1,0,1,0,0,0,0.0018843173883764301,0.002009948071449611,0.0,0,0,0,DLG2,0
6qcgnk9h-qews-hqys-q55r-jom9jgrsfqii,Data Field,1,0,1,0,0,0,0.0018843173883764301,0.002009948071449611,0.0,0,0,0,DLG2,0
d5ia590t-heg5-12t2-pgt7-lebweu45vdlg,Data Field,1,0,1,0,0,0,0.0018843173883764301,0.002009948071449611,0.0,0,0,0,DLG2,0
aarscg7f-lxl9-ti15-i15x-f60jndyrtvr6,Data Field,1,0,1,0,0,0,0.0018843173883764301,0.002009948071449611,0.0,0,0,0,DLG2,0
z9ik6qc6-2zs4-fsvb-jxlz-1w9fbgu6edjw,Data Field,1,0,1,0,0,0,0.0018843173883764301,0.002009948071449611,0.0,0,0,0,DLG2,0
h1cbsvyb-z1gh-y9h6-y9xs-u16jp60ohlaq,Data Field,1,0,1,0,0,0,0.0018843173883764301,0.002009948071449611,0.0,0,0,0,DLG2,0
5wfsc7am-eixb-luut-vfwg-8ihvbtqd95qd,Data Field,1,0,1,0,0,0,0.0018843173883764301,0.002009948071449611,0.0,0,0,0,DLG2,0
kqdlffl8-bamo-zbg6-033v-22y6ufdtnd3h,Data Field,1,0,1,0,0,0,0.0018843173883764301,0.002009948071449611,0.0,0,0,0,DLG2,0
qtgbdq12-uwka-xrmo-9m7f-u4488g7wth4d,Data Field,1,0,1,0,0,0,0.0018843173883764301,0.002009948071449611,0.0,0,0,0,DLG2,0
2eslu817-8xev-roiy-sza1-casy9rzmcl78,Data Field,1,0,1,0,0,0,0.0018843173883764301,0.002009948071449611,0.0,0,0,0,DLG2,0
2qdzec8o-a0et-bjsu-1cuh-b0n2e6iepgss,Data Field,1,0,1,0,0,0,0.0018843173883764301,0.002009948071449611,0.0,0,0,0,DLG2,0
6l2id1uo-kyc6-5dqv-7iug-zakuf5f1yiwq,Data Field,1,0,1,0,0,0,0.0018843173883764301,0.002009948071449611,0.0,0,0,0,DLG2,0
zjyks1rc-e7nj-j4vf-bkbb-da6djdjycg3c,Data Field,1,0,1,0,0,0,0.0018843173883764301,0.002009948071449611,0.0,0,0,0,DLG2,0
q9qlzjuy-fzpx-hlo1-qfmc-zfpf3q35jwxc,Data Field,1,0,1,0,0,0,0.0018843173883764301,0.002009948071449611,0.0,0,0,0,DLG2,0
7f05limv-bv3e-o1cv-qb0v-dhg390qqamxl,Data Field,1,0,1,0,0,0,0.0018843173883764301,0.002009948071449611,0.0,0,0,0,DLG2,0
8atrkmoi-xukd-ytdm-lppk-nrtpc9nf5l6v,Data Field,1,0,1,0,0,0,0.0018843173883764301,0.002009948071449611,0.0,0,0,0,DLG2,0
9whuog8x-zu48-nj8e-9gwv-lxtexlqnj71s,Data Field,1,0,1,0,0,0,0.0018843173883764301,0.002009948071449611,0.0,0,0,0,DLG2,0
87rrhbid-wx8v-fqas-wni6-q206fu9x8u5q,Data Field,1,0,1,0,0,0,0.0018843173883764301,0.002009948071449611,0.0,0,0,0,DLG2,0
4l388fyh-u1xa-u0dq-lqc2-zzcj8o2tqnu1,Data Field,1,0,1,0,0,0,0.0018843173883764301,0.002009948071449611,0.0,0,0,0,DLG2,0
h8dcc0r7-26xd-3fck-h9s0-r7bs8n8ebgdd,Data Field,1,0,1,0,0,0,0.0018843173883764301,0.002009948071449611,0.0,0,0,0,DLG2,0
yyuvb6gk-04og-py4h-zj1e-vsz18yxiujmk,Data Field,1,0,1,0,0,0,0.0018843173883764301,0.002009948071449611,0.0,0,0,0,DLG2,0
6a5r26d9-03ec-ynjh-oh8j-jklsr5411y5f,Data Field,1,0,1,0,0,0,0.0018843173883764301,0.002009948071449611,0.0,0,0,0,DLG2,0
a0iq12ro-9jq9-ems0-29um-4g40vurhbvpw,Data Field,1,0,1,0,0,0,0.0018843173883764301,0.002009948071449611,0.0,0,0,0,DLG2,0
yeo133wa-3pfe-b9tv-fp3d-wry1wsl7t190,Data Field,1,0,1,0,0,0,0.0018843173883764301,0.002009948071449611,0.0,0,0,0,DLG2,0
lruarn5o-x6ar-dwyz-f9uz-iixk4h86ss81,Data Field,1,0,1,0,0,0,0.0018843173883764301,0.002009948071449611,0.0,0,0,0,DLG2,0
l0i0j13a-x32g-w99d-7e8v-61pwn9x1wo0m,Data Field,1,0,1,0,0,0,0.0018843173883764301,0.002009948071449611,0.0,0,0,0,DLG2,0
5n31xwxh-hyvr-uye3-71eq-2wbfsto6uhog,Data Field,1,0,1,0,0,0,0.0018843173883764301,0.002009948071449611,0.0,0,0,0,DLG2,0
1ffitxu3-gxtt-zg0l-8jm7-5vleb1h5xqzt,Data Field,1,0,1,0,0,0,0.0018843173883764301,0.002009948071449611,0.0,0,0,0,DLG2,0
opdt9xuq-3v5e-dwf1-mrm3-uzz0uf3ggnbo,Data Field,1,0,1,0,0,0,0.0018843173883764301,0.002009948071449611,0.0,0,0,0,DLG2,0
l59tb8hv-c9az-owl9-kj0i-sa4vakft5v98,Data Field,1,0,1,0,0,0,0.0018843173883764301,0.002009948071449611,0.0,0,0,0,DLG2,0
t196w9ar-a72o-d2e0-93tz-chuavtn9377o,Data Field,1,0,1,0,0,0,0.0018843173883764301,0.002009948071449611,0.0,0,0,0,DLG2,0
x0m7is5t-46ah-r0jx-sy8q-7xk0qnpth9vn,Data Field,1,0,1,0,0,0,0.0018843173883764301,0.002009948071449611,0.0,0,0,0,DLG2,0
9bgtnta1-ouem-ijcy-06y4-p6enqfzg4rov,Data Field,1,0,1,0,0,0,0.0018843173883764301,0.002009948071449611,0.0,0,0,0,DLG2,0
yvbgev4r-4why-qx18-rtt6-63d1gjjz1uci,Data Field,1,0,1,0,0,0,0.0018843173883764301,0.002009948071449611,0.0,0,0,0,DLG2,0
49q8074k-ixk7-txb6-om7w-h8jsk392sbt7,Data Field,1,0,1,0,0,0,0.0018843173883764301,0.002009948071449611,0.0,0,0,0,DLG2,0
s7vg7ryd-c7pw-5auq-fnzf-xzwyv5cmqlxy,Data Field,1,0,1,0,0,0,0.0018843173883764301,0.002009948071449611,0.0,0,0,0,DLG2,0
ubxwkb50-k25m-laez-vw12-ht3r6knz6ydu,Data Field,1,0,1,0,0,0,0.0018843173883764301,0.002009948071449611,0.0,0,0,0,DLG2,0
73zgv28g-mcjt-u4yu-nxpn-z5rhizn9ndj8,Data Field,1,0,1,0,0,0,0.0018843173883764301,0.002009948071449611,0.0,0,0,0,DLG2,0
fuz2hopl-da1j-1lxo-5m8s-xztgyc9v5x3a,Data Field,1,0,1,0,0,0,0.0018843173883764301,0.002009948071449611,0.0,0,0,0,DLG2,0
ql25bdy8-jgpr-b2vd-dgmf-4ql45kshd978,Data Field,1,0,1,0,0,0,0.0018843173883764301,0.002009948071449611,0.0,0,0,0,DLG2,0
pme0ef58-ifxp-tad0-j7ar-ln8h25zcomef,Data Field,1,0,1,0,0,0,0.0018843173883764301,0.002009948071449611,0.0,0,0,0,DLG2,0
90h57t88-s4vr-ejkj-34gk-m8gdbnj1kw2p,Data Field,1,0,1,0,0,0,0.0018843173883764301,0.002009948071449611,0.0,0,0,0,DLG2,0
8aa39emv-oypv-xv7o-dvof-3wolv1t2e875,Data Field,1,0,1,0,0,0,0.0018843173883764301,0.002009948071449611,0.0,0,0,0,DLG2,0
l2zgar1x-ab2o-ivvy-po63-vrvb5rt9gtyd,Data Field,1,0,1,0,0,0,0.0018843173883764301,0.002009948071449611,0.0,0,0,0,DLG2,0
zly9yar5-c0xb-5i4v-jxih-exeyw6ieomdw,Data Field,1,0,1,0,0,0,0.0018843173883764301,0.002009948071449611,0.0,0,0,0,DLG2,0
u6dfrcd0-zfy0-r4dv-fkxe-uutynsqi69rr,Data Field,1,0,1,0,0,0,0.0018843173883764301,0.002009948071449611,0.0,0,0,0,DLG2,0
hf1ipydd-00be-xjpw-4ly9-vui4a61r6vhl,Data Field,1,0,1,0,0,0,0.0018843173883764301,0.002009948071449611,0.0,0,0,0,DLG2,0
v9p1couy-sbsd-xg0i-zoob-j1gx8hf8ioyv,Data Field,1,0,1,0,0,0,0.0018843173883764301,0.002009948071449611,0.0,0,0,0,DLG2,0
pwkzomo5-tv7n-i2ql-ew4y-fjlz2kf7c8ce,Data Field,1,0,1,0,0,0,0.0018843173883764301,0.002009948071449611,0.0,0,0,0,DLG2,0
21a34gln-jyr5-6ctb-0ffw-pfn27dgkh7jh,Data Field,1,0,1,0,0,0,0.0018843173883764301,0.002009948071449611,0.0,0,0,0,DLG2,0
b3q7gv7a-q3d0-drdm-6gzr-u59qcdnvjp2j,Data Field,1,0,1,0,0,0,0.0018843173883764301,0.002009948071449611,0.0,0,0,0,DLG2,0
8z5qmkhx-88q4-bw9q-wrmn-5q7x1aqzie88,Data Field,1,0,1,0,0,0,0.0018843173883764301,0.002009948071449611,0.0,0,0,0,DLG2,0
528knad1-agl7-zzwd-5bb1-mvghkcanqbiu,Data Field,1,0,1,0,0,0,0.0018843173883764301,0.002009948071449611,0.0,0,0,0,DLG2,0
womq0pqi-8fq7-t2x5-irwc-7su6od8oxv4s,Data Field,1,0,1,0,0,0,0.0018843173883764301,0.002009948071449611,0.0,0,0,0,DLG2,0
21n49oxp-bbqr-ytbn-a7g6-vv7d2opnsrtc,Data Field,1,0,1,0,0,0,0.0018843173883764301,0.002009948071449611,0.0,0,0,0,DLG2,0
sdykmdrk-r22o-cf3m-e7y2-f0m918fvpo8n,Data Field,1,0,1,0,0,0,0.0018843173883764301,0.002009948071449611,0.0,0,0,0,DLG2,0
krp4tl25-ydtr-qrpo-at1n-k0yaddvfyg64,Data Field,1,0,1,0,0,0,0.0018843173883764301,0.002009948071449611,0.0,0,0,0,DLG2,0
0sqbfnn3-9ru5-zhqj-gk41-ppkldwlsq43d,Data Field,1,0,1,0,0,0,0.0018843173883764301,0.002009948071449611,0.0,0,0,0,DLG2,0
p2d4ln4c-pnqa-lq0a-9mpe-l3yzlm96iymj,Data Field,1,0,1,0,0,0,0.0018843173883764301,0.002009948071449611,0.0,0,0,0,DLG2,0
m9y079xg-sb0v-7fnl-9b4i-sdycs5bq8ecx,Data Field,1,0,1,0,0,0,0.0018843173883764301,0.002009948071449611,0.0,0,0,0,DLG2,0
p6zdg7wl-5af4-hbbf-bti9-noe2pfaldpww,Data Field,1,0,1,0,0,0,0.0018843173883764301,0.002009948071449611,0.0,0,0,0,DLG2,0
vfb49i8j-9929-8i0b-absk-honbkg124fan,Data Field,1,0,1,0,0,0,0.0018843173883764301,0.002009948071449611,0.0,0,0,0,DLG2,0
7aj3rf6k-y40y-gqt0-ly8o-z9t8wydd7so1,Data Field,1,0,1,0,0,0,0.0018843173883764301,0.002009948071449611,0.0,0,0,0,DLG2,0
zhqxb3hb-pee5-7y9w-90e0-t7eckn2qwdi7,Data Field,1,0,1,0,0,0,0.0018843173883764301,0.002009948071449611,0.0,0,0,0,DLG2,0
5vd7fjzk-vaz1-4bia-w1l2-ba5z8ijpqxsw,Data Field,1,0,1,0,0,0,0.0018843173883764301,0.002009948071449611,0.0,0,0,0,DLG2,0
nm1qwts6-xqnf-71u5-3tb0-3lfwn08kcrnx,Data Field,1,0,1,0,0,0,0.0018843173883764301,0.002009948071449611,0.0,0,0,0,DLG2,0
52lkxf9e-38ka-201v-uubo-8gbyirezc2ap,Data Field,1,0,1,0,0,0,0.0018843173883764301,0.002009948071449611,0.0,0,0,0,DLG2,0
ln3zwgla-63g4-8vrc-40bt-q69dsmc8lqei,Data Field,1,0,1,0,0,0,0.0018843173883764301,0.002009948071449611,0.0,0,0,0,DLG2,0
6ou8i3uw-nrpr-9wbi-0qav-u6jhpkrurjlo,Data Field,1,0,1,0,0,0,0.0018843173883764301,0.002009948071449611,0.0,0,0,0,DLG2,0
fsetykjb-hjdi-8u4l-fjna-zzupk83x9wcv,Data Field,1,0,1,0,0,0,0.0018843173883764301,0.002009948071449611,0.0,0,0,0,DLG2,0
2hmc6ch9-hxjm-64ei-i3v2-dknr63043h9j,Data Field,1,0,1,0,0,0,0.0018843173883764301,0.002009948071449611,0.0,0,0,0,DLG2,0
nzwezhkl-l5e0-8887-et0q-yc5ghby84ips,Data Field,1,0,1,0,0,0,0.0018843173883764301,0.002009948071449611,0.0,0,0,0,DLG2,0
3yke16fg-81c1-4p87-mjtb-c68tkkpj6wai,Data Field,1,0,1,0,0,0,0.0018843173883764301,0.002009948071449611,0.0,0,0,0,DLG2,0
os5njw6a-azmq-evd3-so0b-m11zcsoaqolb,Data Field,1,0,1,0,0,0,0.0018843173883764301,0.002009948071449611,0.0,0,0,0,DLG2,0
pjb2j4r7-12f4-gd6c-avpc-3tbc3ogk0w4k,Data Field,1,0,1,0,0,0,0.0018843173883764301,0.002009948071449611,0.0,0,0,0,DLG2,0
rn5x5nz4-s4tk-s0hi-pkmd-gox4uk40w1ca,Data Field,1,0,1,0,0,0,0.0018843173883764301,0.002009948071449611,0.0,0,0,0,DLG2,0
0fzl9skf-0wxw-vuyy-d6b6-4jq7wu7y7eo1,Data Field,1,0,1,0,0,0,0.0018843173883764301,0.002009948071449611,0.0,0,0,0,DLG2,0
8lu7chn3-p106-fzug-fab2-w4dbalo2geai,Data Field,1,0,1,0,0,0,0.0018843173883764301,0.002009948071449611,0.0,0,0,0,DLG2,0
w7s6tjfl-hbrj-aquk-5mxg-coosh25bej1k,Data Field,1,0,1,0,0,0,0.0018843173883764301,0.002009948071449611,0.0,0,0,0,DLG2,0
sy0lvurk-8g4b-y0ko-03as-s4dsfvbevfrh,Data Field,1,0,1,0,0,0,0.0018843173883764301,0.002009948071449611,0.0,0,0,0,DLG2,0
f6t09qox-7k50-lgw8-7fcb-moagamlbdtot,Data Field,1,0,1,0,0,0,0.0018843173883764301,0.002009948071449611,0.0,0,0,0,DLG2,0
tjwhiw2z-u8ay-i52m-b2ph-9ynjp0itb24r,Data Field,1,0,1,0,0,0,0.0018843173883764301,0.002009948071449611,0.0,0,0,0,DLG2,0
qa03mcue-z6f5-u1s8-hxcc-3kkbzarppqwr,Data Field,1,0,1,0,0,0,0.0018843173883764301,0.002009948071449611,0.0,0,0,0,DLG2,0
a5ox1hnf-hq2f-vlhe-zsau-9wwp5jcpjmr0,Data Field,1,0,1,0,0,0,0.0018843173883764301,0.002009948071449611,0.0,0,0,0,DLG2,0
f4f0dz7g-d9n0-2qjm-rbsp-0slnj82jmmai,Data Field,1,0,1,0,0,0,0.0018843173883764301,0.002009948071449611,0.0,0,0,0,DLG2,0
3cq18bbx-ox6x-qtc7-dopq-qrsr4d37xpjx,Data Field,1,0,1,0,0,0,0.0018843173883764301,0.002009948071449611,0.0,0,0,0,DLG2,0
b3fzbjct-53nx-eotk-4co1-lvy2x27vjm86,Data Field,1,0,1,0,0,0,0.0018843173883764301,0.002009948071449611,0.0,0,0,0,DLG2,0
zq2cawpv-h16f-dler-zt20-lk2yxxbb39rl,Data Field,1,0,1,0,0,0,0.0018843173883764301,0.002009948071449611,0.0,0,0,0,DLG2,0
q7v8tv8v-p7ah-nwvr-7krw-vq3ki7r8gh1w,Data Field,1,0,1,0,0,0,0.0018843173883764301,0.002009948071449611,0.0,0,0,0,DLG2,0
z7kbz1zi-713s-onyq-gmxb-0iu8xfpsxkf7,Data Field,1,0,1,0,0,0,0.0018843173883764301,0.002009948071449611,0.0,0,0,0,DLG2,0
dbhogk69-mknm-hv7x-h5jo-li2qpknioeyk,Data Field,1,0,1,0,0,0,0.0018843173883764301,0.002009948071449611,0.0,0,0,0,DLG2,0
rotc5vf9-7jlg-3ahn-m5ah-fgyqyerr00d2,Data Field,1,0,1,0,0,0,0.0018843173883764301,0.002009948071449611,0.0,0,0,0,DLG2,0
tocy3z3d-dbax-myb0-f2vq-itzb9ce7yjee,Data Field,1,0,1,0,0,0,0.0018843173883764301,0.002009948071449611,0.0,0,0,0,DLG2,0
yyysxi28-7oiz-q582-ijjr-tp9dzf9iil3v,Data Field,1,0,1,0,0,0,0.0018843173883764301,0.002009948071449611,0.0,0,0,0,DLG2,0
weg9uv6h-ydy1-4p3r-w1gw-msyb92ez6yq8,Data Field,1,0,1,0,0,0,0.0018843173883764301,0.002009948071449611,0.0,0,0,0,DLG2,0
v34w9c3h-ak7g-1u4j-qobi-6u4lh2mhg7pw,Data Field,1,0,1,0,0,0,0.0018843173883764301,0.002009948071449611,0.0,0,0,0,DLG2,0
esmuw22p-95h4-49wz-j108-cuqrv68bssy4,Data Field,1,0,1,0,0,0,0.0018843173883764301,0.002009948071449611,0.0,0,0,0,DLG2,0
5lrobk9i-ewkc-m258-ss6e-ydogcg8df724,Data Field,1,0,1,0,0,0,0.0018843173883764301,0.002009948071449611,0.0,0,0,0,DLG2,0
3q48jo3p-fb5m-kkbs-bavn-3ldgbs69b9lg,Data Field,1,0,1,0,0,0,0.0018843173883764301,0.002009948071449611,0.0,0,0,0,DLG2,0
0wct3rbd-upkx-dokm-80as-n37sk14qpwlx,Data Field,1,0,1,0,0,0,0.0018843173883764301,0.002009948071449611,0.0,0,0,0,DLG2,0
6zpr0cpp-aixb-1gqt-1npa-so01wwooafmc,Data Field,1,0,1,0,0,0,0.0018843173883764301,0.002009948071449611,0.0,0,0,0,DLG2,0
4a0488b2-6797-4fcf-9290-ec2b310ecf7f,Data Field,1,0,1,0,0,0,0.001164116158650781,0.0012298941735776805,0.0,0,0,0,DLG9,0
7e180d09-ef92-4d9d-ae3e-bcfe119b673a,Data Field,1,0,1,0,0,0,0.001164116158650781,0.0012298941735776805,0.0,0,0,0,DLG9,0
2d9e8a64-7f1c-4499-a027-f1fc3d0a7d80,Data Field,1,0,1,0,0,0,0.001164116158650781,0.0012298941735776805,0.0,0,0,0,DLG9,0
957222f3-879f-4699-9f50-762c6db1328e,Data Field,1,0,1,0,0,0,0.001164116158650781,0.0012298941735776805,0.0,0,0,0,DLG9,0
7d171f49-c15c-44df-8a9e-88fd45b322ac,Data Table,3,70,73,3,0,70,0.008282764373700806,0.0012298941735776805,0.0,0,34,0,DLG9,1
2b28cf90-7867-4d76-a96c-b8e2c43d5366,Data Field,1,0,1,0,0,0,0.001164116158650781,0.0012298941735776805,0.0,0,0,0,DLG9,0
7154060d-943c-4226-b8f7-e0d90e31bdd4,Data Field,1,0,1,0,0,0,0.001164116158650781,0.0012298941735776805,0.0,0,0,0,DLG9,0
4f600906-8395-427e-977c-fde958384a9b,Data Field,1,0,1,0,0,0,0.001164116158650781,0.0012298941735776805,0.0,0,0,0,DLG9,0
a672673b-2154-49e7-bfc4-002c7412dde6,Data Field,1,0,1,0,0,0,0.001164116158650781,0.0012298941735776805,0.0,0,0,0,DLG9,0
470e819f-3d15-4934-b242-218cd9418df6,Data Field,1,0,1,0,0,0,0.001164116158650781,0.0012298941735776805,0.0,0,0,0,DLG9,0
9d24c5b0-36b0-4e3e-941e-95e8db260b76,Data Field,1,0,1,0,0,0,0.001164116158650781,0.0012298941735776805,0.0,0,0,0,DLG9,0
503ab8e9-420f-48a1-b9a9-c29ef22b8ea0,Data Field,1,0,1,0,0,0,0.001164116158650781,0.0012298941735776805,0.0,0,0,0,DLG9,0
bb174170-6182-49dd-9a0c-c70e150ed78c,Data Table,0,13,13,0,1,12,0.001164116158650781,0.00229452693662943,0.0,10,0,0,DLG9,0
3a71edf0-e416-4064-b2c5-fa04c90acea1,Data Table,2,13,15,2,0,13,0.006424001550451311,0.0012298941735776805,0.0,0,33,0,DLG9,1
8717bc7e-f6d6-413d-b13f-aa2f4cd821a0,Data Field,1,0,1,0,0,0,0.001164116158650781,0.0012298941735776805,0.0,0,0,0,DLG9,0
1402f729-bead-4d01-899e-bbaf2bcfc55e,Data Field,1,0,1,0,0,0,0.001164116158650781,0.0012298941735776805,0.0,0,0,0,DLG9,0
d59b4ab5-6f4f-4a9c-ade0-2a1e5aace712,Data Field,1,0,1,0,0,0,0.001164116158650781,0.0012298941735776805,0.0,0,0,0,DLG9,0
58db0597-6333-40b9-a00b-3a59d6403cb3,Data Field,1,0,1,0,0,0,0.001164116158650781,0.0012298941735776805,0.0,0,0,0,DLG9,0
7ce99ae4-f66f-4e62-84d4-1153db64eff4,Data Job,1,1,2,1,1,0,0.0025091797018764383,0.001578454079453859,1.6980811682798438e-05,1,29,0,DLG9,0
d71067fa-4bf8-40ba-901a-ac76bd2a8762,Data Field,1,0,1,0,0,0,0.001164116158650781,0.0012298941735776805,0.0,0,0,0,DLG9,0
a5350b0e-a9b5-45a9-b954-cf87d02965c0,Data Field,1,0,1,0,0,0,0.001164116158650781,0.0012298941735776805,0.0,0,0,0,DLG9,0
3821a6fe-dc96-47c8-bcd7-9161c014b695,Data Field,1,0,1,0,0,0,0.001164116158650781,0.0012298941735776805,0.0,0,0,0,DLG9,0
e09348f2-496f-4969-9ec2-cb108f065c48,Data Field,1,0,1,0,0,0,0.001164116158650781,0.0012298941735776805,0.0,0,0,0,DLG9,0
d6829570-b635-49f9-b4de-3f7def6c348f,Data Field,1,0,1,0,0,0,0.001164116158650781,0.0012298941735776805,0.0,0,0,0,DLG9,0
81260eb3-1315-4496-abe5-52f6140e6ebd,Data Field,1,0,1,0,0,0,0.001164116158650781,0.0012298941735776805,0.0,0,0,0,DLG9,0
8fa988bd-8754-4877-acae-81317c0bb233,Data Field,1,0,1,0,0,0,0.001164116158650781,0.0012298941735776805,0.0,0,0,0,DLG9,0
bd81f3ce-4fa2-47ab-b80b-3178c68a0250,Data Field,1,0,1,0,0,0,0.001164116158650781,0.0012298941735776805,0.0,0,0,0,DLG9,0
246fb3bc-a275-46df-90be-39cdad77915e,Data Field,1,0,1,0,0,0,0.001164116158650781,0.0012298941735776805,0.0,0,0,0,DLG9,0
7dc736bf-48d4-4b02-9c12-b0aec94780de,Data Field,1,0,1,0,0,0,0.001164116158650781,0.0012298941735776805,0.0,0,0,0,DLG9,0
ee781a1a-801b-40eb-a82f-09e82f925e1f,Data Field,1,0,1,0,0,0,0.001164116158650781,0.0012298941735776805,0.0,0,0,0,DLG9,0
2a9ed03f-b76a-4243-9ca4-e85b96aac65f,Data Field,1,0,1,0,0,0,0.001164116158650781,0.0012298941735776805,0.0,0,0,0,DLG9,0
0fdc6126-528e-4a4a-a72f-c7ab779b6b37,Data Field,1,0,1,0,0,0,0.001164116158650781,0.0012298941735776805,0.0,0,0,0,DLG9,0
160cb2df-d671-47f6-8636-db226a44d219,Data Field,1,0,1,0,0,0,0.001164116158650781,0.0012298941735776805,0.0,0,0,0,DLG9,0
6c2c3ecd-8a0e-42da-b8c5-219fbe1d0fb7,Data Field,1,0,1,0,0,0,0.001164116158650781,0.0012298941735776805,0.0,0,0,0,DLG9,0
3b128ec0-9019-4af6-8b16-a5b0c23edacc,Data Field,1,0,1,0,0,0,0.001164116158650781,0.0012298941735776805,0.0,0,0,0,DLG9,0
02af7d6f-f5ab-45fa-8e40-f91a3dcd3c78,Data Table,0,6,6,0,3,3,0.001164116158650781,0.0026707518990651486,0.0,5,0,0,DLG9,1
9cf1e29c-a4e3-48d7-a655-bd54577ccfd5,Data Field,1,0,1,0,0,0,0.001164116158650781,0.0012298941735776805,0.0,0,0,0,DLG9,0
050c4cf2-4ac7-40ce-9cd1-65c2c6036f7b,Data Field,1,0,1,0,0,0,0.001164116158650781,0.0012298941735776805,0.0,0,0,0,DLG9,0
e42e43fa-9271-4748-a62c-c5a49e22fbee,Data Field,1,0,1,0,0,0,0.001164116158650781,0.0012298941735776805,0.0,0,0,0,DLG9,0
b410d3d7-1d78-482c-bf62-ee5e998e21df,Data Table,0,4,4,0,1,3,0.001164116158650781,0.00229452693662943,0.0,10,0,0,DLG9,0
beaaa63f-ec23-47a1-92a8-5f75afcf57c8,Data Field,1,0,1,0,0,0,0.001164116158650781,0.0012298941735776805,0.0,0,0,0,DLG9,0
286254dc-28c2-4082-9479-1fe50c5a8dcc,Data Field,1,0,1,0,0,0,0.001164116158650781,0.0012298941735776805,0.0,0,0,0,DLG9,0
a14da02f-d1ec-4077-8343-c84ddd4d3fc4,Data Field,1,0,1,0,0,0,0.001164116158650781,0.0012298941735776805,0.0,0,0,0,DLG9,0
63f942e5-d112-42cc-93fc-53c59ac99f59,Data Field,1,0,1,0,0,0,0.001164116158650781,0.0012298941735776805,0.0,0,0,0,DLG9,0
77730277-a309-4660-9d81-5598d19e9152,Data Field,1,0,1,0,0,0,0.001164116158650781,0.0012298941735776805,0.0,0,0,0,DLG9,0
26bad039-ae18-45cd-a5ce-87e42e2ffab1,Data Field,1,0,1,0,0,0,0.001164116158650781,0.0012298941735776805,0.0,0,0,0,DLG9,0
af4b0fa4-4da1-435b-a7c2-4bccc7b81170,Data Field,1,0,1,0,0,0,0.001164116158650781,0.0012298941735776805,0.0,0,0,0,DLG9,0
7a9a558a-fb77-4cb5-9527-76b4d9c568ff,Data Field,1,0,1,0,0,0,0.001164116158650781,0.0012298941735776805,0.0,0,0,0,DLG9,0
2e4d6768-a488-4161-b23f-a45d4d8757b4,Data Field,1,0,1,0,0,0,0.001164116158650781,0.0012298941735776805,0.0,0,0,0,DLG9,0
83becbac-b85a-493d-b683-0f0e2d8d7d14,Data Job,5,2,7,5,2,0,0.015831094017393695,0.006258460138790747,0.00042686247299172626,9,27,0,DLG9,0
ccc6e1ab-d347-41f9-99fd-88d8594e21a7,Data Field,1,0,1,0,0,0,0.001164116158650781,0.0012298941735776805,0.0,0,0,0,DLG9,0
799ca56a-8835-4fcc-a4ed-e5867007e3d6,Data Field,1,0,1,0,0,0,0.001164116158650781,0.0012298941735776805,0.0,0,0,0,DLG9,0
086f3017-340f-4fe0-9952-a95d59111a9b,Data Field,1,0,1,0,0,0,0.001164116158650781,0.0012298941735776805,0.0,0,0,0,DLG9,0
0c3aff84-25dd-4a10-bc0b-86e59ef21770,Data Table,1,45,46,1,5,40,0.007925143079058932,0.004683846734349251,0.00034430059549949934,7,28,0,DLG9,1
3cd0b05a-677a-4aca-8a05-8947f1733ae7,Data Field,1,0,1,0,0,0,0.001164116158650781,0.0012298941735776805,0.0,0,0,0,DLG9,0
a3564359-f582-4e9a-bc27-f2179a1b8ed6,Data Field,1,0,1,0,0,0,0.001164116158650781,0.0012298941735776805,0.0,0,0,0,DLG9,0
83cdb2f5-bed0-4cfe-8c32-390d8573e2d7,Data Table,0,4,4,0,1,3,0.001164116158650781,0.00229452693662943,0.0,10,0,0,DLG9,0
78aaa669-7835-42cd-8177-0b2cac30e587,Data Field,1,0,1,0,0,0,0.001164116158650781,0.0012298941735776805,0.0,0,0,0,DLG9,0
c4b99d38-defc-4243-83e7-e6c6e31394c6,Data Field,1,0,1,0,0,0,0.001164116158650781,0.0012298941735776805,0.0,0,0,0,DLG9,0
5d77e51e-b093-4e14-a259-75fb69b09d68,Data Field,1,0,1,0,0,0,0.001164116158650781,0.0012298941735776805,0.0,0,0,0,DLG9,0
c6afdcea-2357-40cf-90e4-f999344ae9db,Data Field,1,0,1,0,0,0,0.001164116158650781,0.0012298941735776805,0.0,0,0,0,DLG9,0
dc8c2749-3790-48af-94bc-c01eb65ee74d,Data Field,1,0,1,0,0,0,0.001164116158650781,0.0012298941735776805,0.0,0,0,0,DLG9,0
7bf40f24-9528-46db-9f05-09c3a87c3b13,Data Field,1,0,1,0,0,0,0.001164116158650781,0.0012298941735776805,0.0,0,0,0,DLG9,0
82384c41-555a-478e-b426-a9d318b138f7,Data Field,1,0,1,0,0,0,0.001164116158650781,0.0012298941735776805,0.0,0,0,0,DLG9,0
2789d4a9-080e-4683-b7a2-197795615d71,Data Field,1,0,1,0,0,0,0.001164116158650781,0.0012298941735776805,0.0,0,0,0,DLG9,0
e3822e19-5109-4d52-b456-d1562f348c6d,Data Field,1,0,1,0,0,0,0.001164116158650781,0.0012298941735776805,0.0,0,0,0,DLG9,0
bf6b1424-a43d-42d6-ae6f-0e5f7eedbde2,Data Field,1,0,1,0,0,0,0.001164116158650781,0.0012298941735776805,0.0,0,0,0,DLG9,0
456cef92-066b-45f3-8599-f3da184a68c0,Data Field,1,0,1,0,0,0,0.001164116158650781,0.0012298941735776805,0.0,0,0,0,DLG9,0
15080a2e-1047-4430-9acc-72b6e0b44edc,Data Field,1,0,1,0,0,0,0.001164116158650781,0.0012298941735776805,0.0,0,0,0,DLG9,0
efeb07b5-ed39-4c15-b654-043a9cec736e,Data Field,1,0,1,0,0,0,0.001164116158650781,0.0012298941735776805,0.0,0,0,0,DLG9,0
faab63a0-8c2b-4a9b-b9bc-3a4436d7092a,Data Field,1,0,1,0,0,0,0.001164116158650781,0.0012298941735776805,0.0,0,0,0,DLG9,0
201fc9bf-afe7-42fe-9443-cd4c2aa08a11,Data Field,1,0,1,0,0,0,0.001164116158650781,0.0012298941735776805,0.0,0,0,0,DLG9,0
adf091f8-18d8-4d09-9952-b5fccf41bd3b,Data Field,1,0,1,0,0,0,0.001164116158650781,0.0012298941735776805,0.0,0,0,0,DLG9,0
d026dfd8-e872-4d64-aac3-35b1a3f59154,Data Field,1,0,1,0,0,0,0.001164116158650781,0.0012298941735776805,0.0,0,0,0,DLG9,0
28c53f24-c9b6-4ad6-a681-003ea5510a0b,Data Field,1,0,1,0,0,0,0.001164116158650781,0.0012298941735776805,0.0,0,0,0,DLG9,0
7f581ed9-ba65-4f55-8cc1-9279e0d0ea89,Data Field,1,0,1,0,0,0,0.001164116158650781,0.0012298941735776805,0.0,0,0,0,DLG9,0
46c96c27-16f7-4e57-85a4-bdc595f8b41b,Data Table,0,4,4,0,1,3,0.001164116158650781,0.00229452693662943,0.0,10,0,0,DLG9,0
d302a3a2-68b8-4569-9420-a957209d685d,Data Field,1,0,1,0,0,0,0.001164116158650781,0.0012298941735776805,0.0,0,0,0,DLG9,0
000ca565-15d3-4c67-998d-4850e4e4f852,Data Field,1,0,1,0,0,0,0.001164116158650781,0.0012298941735776805,0.0,0,0,0,DLG9,0
8b8383f1-825a-46b6-aa7e-a84f4e04240f,Data Field,1,0,1,0,0,0,0.001164116158650781,0.0012298941735776805,0.0,0,0,0,DLG9,0
06649904-b1e7-4f03-af04-0fffde5a0483,Data Field,1,0,1,0,0,0,0.001164116158650781,0.0012298941735776805,0.0,0,0,0,DLG9,0
93c4e882-97e1-4ebf-aded-82361d199347,Data Field,1,0,1,0,0,0,0.001164116158650781,0.0012298941735776805,0.0,0,0,0,DLG9,0
d91b6a25-0a01-4573-b70c-40a0b2b3b593,Data Job,3,1,4,3,1,0,0.003086412549319849,0.0017527340323919484,2.7227853215521633e-05,1,31,0,DLG9,0
11ebaba1-c494-4a96-a4e0-4a8def2f2b97,Data Field,1,0,1,0,0,0,0.001164116158650781,0.0012298941735776805,0.0,0,0,0,DLG9,0
f2d03be8-a006-437e-89e6-7bbe9bf62b5e,Data Field,1,0,1,0,0,0,0.001164116158650781,0.0012298941735776805,0.0,0,0,0,DLG9,0
39ba5e82-7769-4c0e-9285-c20a7974d90b,Data Field,1,0,1,0,0,0,0.001164116158650781,0.0012298941735776805,0.0,0,0,0,DLG9,0
38d41c5e-4576-45f1-856d-b69e844973b7,Data Field,1,0,1,0,0,0,0.001164116158650781,0.0012298941735776805,0.0,0,0,0,DLG9,0
9446fc4c-7341-4640-9598-ee959dd815db,Data Field,1,0,1,0,0,0,0.001164116158650781,0.0012298941735776805,0.0,0,0,0,DLG9,0
e27dcac2-3314-4c46-a0d9-a0104aa258dd,Data Field,1,0,1,0,0,0,0.001164116158650781,0.0012298941735776805,0.0,0,0,0,DLG9,0
108ac165-a76d-479b-a126-9919f124d1fb,Data Field,1,0,1,0,0,0,0.001164116158650781,0.0012298941735776805,0.0,0,0,0,DLG9,0
108e6bbe-0f91-4a28-a6d1-58f79d20d05c,Data Field,1,0,1,0,0,0,0.001164116158650781,0.0012298941735776805,0.0,0,0,0,DLG9,0
97680e32-9622-4361-9400-8e23faff6ee3,Data Field,1,0,1,0,0,0,0.001164116158650781,0.0012298941735776805,0.0,0,0,0,DLG9,0
2021ee1e-010e-48e7-842a-5da03d20a200,Data Job,3,1,4,3,1,0,0.003086412549319849,0.0017527340323919484,2.7227853215521633e-05,1,31,0,DLG9,0
2a769649-2b10-4d98-95b3-783db023ee84,Data Field,1,0,1,0,0,0,0.001164116158650781,0.0012298941735776805,0.0,0,0,0,DLG9,0
d4c293c5-4527-44ee-acbe-a71c66c92079,Data Field,1,0,1,0,0,0,0.001164116158650781,0.0012298941735776805,0.0,0,0,0,DLG9,0
047ddd68-51a3-49fd-8dc0-d003e9cb2aa9,Data Field,1,0,1,0,0,0,0.001164116158650781,0.0012298941735776805,0.0,0,0,0,DLG9,0
8acbb2ff-2373-45b6-a376-c9ef6cc96a72,Data Field,1,0,1,0,0,0,0.001164116158650781,0.0012298941735776805,0.0,0,0,0,DLG9,0
61c151f9-ddcb-49d8-9fb3-711728ced355,Data Field,1,0,1,0,0,0,0.001164116158650781,0.0012298941735776805,0.0,0,0,0,DLG9,0
378d451e-4d84-418f-b6f8-ffad99499774,Data Field,1,0,1,0,0,0,0.001164116158650781,0.0012298941735776805,0.0,0,0,0,DLG9,0
1099897a-e81b-4aaf-9482-23546c7845aa,Data Field,1,0,1,0,0,0,0.001164116158650781,0.0012298941735776805,0.0,0,0,0,DLG9,0
7912b95e-11e5-4b19-9326-e17e07b204a1,Data Field,1,0,1,0,0,0,0.001164116158650781,0.0012298941735776805,0.0,0,0,0,DLG9,0
c2cd5c8c-cddd-4288-a031-bb4a52ba263f,Data Field,1,0,1,0,0,0,0.001164116158650781,0.0012298941735776805,0.0,0,0,0,DLG9,0
ee7821e6-e1de-4dc0-8cbd-11dd74ff0033,Data Field,1,0,1,0,0,0,0.001164116158650781,0.0012298941735776805,0.0,0,0,0,DLG9,0
b397c486-528b-430b-9d5b-4515fef7d92e,Data Field,1,0,1,0,0,0,0.001164116158650781,0.0012298941735776805,0.0,0,0,0,DLG9,0
a26f4afd-e458-42fb-8ae0-65e84b2aad34,Data Field,1,0,1,0,0,0,0.001164116158650781,0.0012298941735776805,0.0,0,0,0,DLG9,0
7d95c846-8366-43a1-bf36-195c5ba0f53a,Data Field,1,0,1,0,0,0,0.001164116158650781,0.0012298941735776805,0.0,0,0,0,DLG9,0
5818c5ab-bc80-4dc2-b6ad-413286cd6f80,Data Field,1,0,1,0,0,0,0.001164116158650781,0.0012298941735776805,0.0,0,0,0,DLG9,0
609e6102-d5d8-4904-932a-ad1d1e530717,Data Field,1,0,1,0,0,0,0.001164116158650781,0.0012298941735776805,0.0,0,0,0,DLG9,0
b35b47ae-8fc2-49a5-a597-496d478ef0ab,Data Field,1,0,1,0,0,0,0.001164116158650781,0.0012298941735776805,0.0,0,0,0,DLG9,0
827fa0b9-89f3-4fc7-b4ae-9b4638cdb7c4,Data Field,1,0,1,0,0,0,0.001164116158650781,0.0012298941735776805,0.0,0,0,0,DLG9,0
5be5b2e6-f7f1-4386-8ed5-c8d9dad76d75,Data Field,1,0,1,0,0,0,0.001164116158650781,0.0012298941735776805,0.0,0,0,0,DLG9,0
2e986bf0-fbf8-4917-835d-c4b25c4a1dc1,Data Field,1,0,1,0,0,0,0.001164116158650781,0.0012298941735776805,0.0,0,0,0,DLG9,0
24ea95a4-2954-476f-a371-fb42e3253eab,Data Field,1,0,1,0,0,0,0.001164116158650781,0.0012298941735776805,0.0,0,0,0,DLG9,0
8fd29450-2efe-467c-9c0c-be162c664a5d,Data Field,1,0,1,0,0,0,0.001164116158650781,0.0012298941735776805,0.0,0,0,0,DLG9,0
8da93de0-8da9-434e-b910-05cc6a2ed9cf,Data Field,1,0,1,0,0,0,0.001164116158650781,0.0012298941735776805,0.0,0,0,0,DLG9,0
dc8f1303-04db-4cc6-9738-5fbe045d4123,Data Field,1,0,1,0,0,0,0.001164116158650781,0.0012298941735776805,0.0,0,0,0,DLG9,0
9d67e317-796c-4ac8-8795-243dd1d36037,Data Field,1,0,1,0,0,0,0.001164116158650781,0.0012298941735776805,0.0,0,0,0,DLG9,0
888f8b39-ca28-42d8-8010-04435d3e8a34,Data Field,1,0,1,0,0,0,0.001164116158650781,0.0012298941735776805,0.0,0,0,0,DLG9,0
bcaa1838-f8aa-419b-bd07-23c4903b562f,Data Field,1,0,1,0,0,0,0.001164116158650781,0.0012298941735776805,0.0,0,0,0,DLG9,0
5edf8494-376e-48c7-af06-6b947839e824,Data Field,1,0,1,0,0,0,0.001164116158650781,0.0012298941735776805,0.0,0,0,0,DLG9,0
a0e0a3c1-e567-4f00-a954-410fb738cfd3,Data Field,1,0,1,0,0,0,0.001164116158650781,0.0012298941735776805,0.0,0,0,0,DLG9,0
c3c15142-add1-4f62-86bf-eef9c3e6aff2,Data Field,1,0,1,0,0,0,0.001164116158650781,0.0012298941735776805,0.0,0,0,0,DLG9,0
a7d3d79c-bb4b-4185-977f-73cf637250b5,Data Field,1,0,1,0,0,0,0.001164116158650781,0.0012298941735776805,0.0,0,0,0,DLG9,0
5b077d24-0a37-4558-9e42-ea50e4ff2707,Data Field,1,0,1,0,0,0,0.001164116158650781,0.0012298941735776805,0.0,0,0,0,DLG9,0
3d99b4c3-8dae-4ea4-bdaa-a5abb1094cca,Data Field,1,0,1,0,0,0,0.001164116158650781,0.0012298941735776805,0.0,0,0,0,DLG9,0
587db09f-cafd-4925-87c7-fbbc58137dcc,Data Field,1,0,1,0,0,0,0.001164116158650781,0.0012298941735776805,0.0,0,0,0,DLG9,0
9d64e406-4c0b-417a-a78c-9055ff0d3a90,Data Field,1,0,1,0,0,0,0.001164116158650781,0.0012298941735776805,0.0,0,0,0,DLG9,0
81e4cb71-11c7-412e-a109-33263b8b5323,Data Field,1,0,1,0,0,0,0.001164116158650781,0.0012298941735776805,0.0,0,0,0,DLG9,0
75a6f81f-7a53-4236-a93e-940b20e955e2,Data Field,1,0,1,0,0,0,0.001164116158650781,0.0012298941735776805,0.0,0,0,0,DLG9,0
75fefe5d-c4b0-4e7f-8234-7b9d2dac9742,Data Table,1,95,96,1,0,95,0.007925143079058932,0.0012298941735776805,0.0,0,28,0,DLG9,0
351364ab-da0d-437f-b9c8-6d53d1bd3b48,Data Field,1,0,1,0,0,0,0.001164116158650781,0.0012298941735776805,0.0,0,0,0,DLG9,0
2a5137fd-35f0-4889-bd95-2a39aa1bcf13,Data Field,1,0,1,0,0,0,0.001164116158650781,0.0012298941735776805,0.0,0,0,0,DLG9,0
85292f1c-11cd-4a32-a0ca-229e7e355f24,Data Field,1,0,1,0,0,0,0.001164116158650781,0.0012298941735776805,0.0,0,0,0,DLG9,0
60f1ed42-49dc-4478-90dc-1c9441731b84,Data Field,1,0,1,0,0,0,0.001164116158650781,0.0012298941735776805,0.0,0,0,0,DLG9,0
0ff5157f-2e21-4cfb-bda2-54a5c601d886,Data Field,1,0,1,0,0,0,0.001164116158650781,0.0012298941735776805,0.0,0,0,0,DLG9,0
75705cff-e2a9-4912-9c09-74a03701dcaa,Data Field,1,0,1,0,0,0,0.001164116158650781,0.0012298941735776805,0.0,0,0,0,DLG9,0
bc6b3a84-2988-440a-821f-40e5e9322088,Data Field,1,0,1,0,0,0,0.001164116158650781,0.0012298941735776805,0.0,0,0,0,DLG9,0
bd707857-2390-4a17-8f7d-c542831d3cc6,Data Field,1,0,1,0,0,0,0.001164116158650781,0.0012298941735776805,0.0,0,0,0,DLG9,0
0f3afc97-4ebb-433d-8f43-eec1dc82f508,Data Field,1,0,1,0,0,0,0.001164116158650781,0.0012298941735776805,0.0,0,0,0,DLG9,0
8d567eaa-c0a4-407c-ae6e-3897008da058,Data Field,1,0,1,0,0,0,0.001164116158650781,0.0012298941735776805,0.0,0,0,0,DLG9,0
4d964c4b-3ab7-49d6-ad1f-5348615fd1e1,Data Field,1,0,1,0,0,0,0.001164116158650781,0.0012298941735776805,0.0,0,0,0,DLG9,0
02ea1bd4-5253-42ff-af2c-ba31a175389f,Data Field,1,0,1,0,0,0,0.001164116158650781,0.0012298941735776805,0.0,0,0,0,DLG9,0
ca32358d-f310-4620-8471-18a273e0fd6e,Data Field,1,0,1,0,0,0,0.001164116158650781,0.0012298941735776805,0.0,0,0,0,DLG9,0
2ddf3c29-ef7c-45f2-85f6-2937933a22ee,Data Field,1,0,1,0,0,0,0.001164116158650781,0.0012298941735776805,0.0,0,0,0,DLG9,0
a5216ba3-4888-475d-9753-49c2bd01134b,Data Field,1,0,1,0,0,0,0.001164116158650781,0.0012298941735776805,0.0,0,0,0,DLG9,0
8d6e4c6b-b8df-4918-afe3-680136719fa0,Data Field,1,0,1,0,0,0,0.001164116158650781,0.0012298941735776805,0.0,0,0,0,DLG9,0
f976d8b1-6d84-41bb-bd84-d69193d63fa2,Data Field,1,0,1,0,0,0,0.001164116158650781,0.0012298941735776805,0.0,0,0,0,DLG9,0
8bb87613-0ede-4d84-885d-670d090ed28d,Data Field,1,0,1,0,0,0,0.001164116158650781,0.0012298941735776805,0.0,0,0,0,DLG9,0
718064f8-93fe-4eb2-bea0-233241c5859c,Data Field,1,0,1,0,0,0,0.001164116158650781,0.0012298941735776805,0.0,0,0,0,DLG9,0
b4c9f175-2c98-4992-814f-15ca42cf4801,Data Field,1,0,1,0,0,0,0.001164116158650781,0.0012298941735776805,0.0,0,0,0,DLG9,0
3fb64079-e423-46c5-9239-43d4828bbc4a,Data Field,1,0,1,0,0,0,0.001164116158650781,0.0012298941735776805,0.0,0,0,0,DLG9,0
53909444-ecca-4d5e-8b32-1d06ff15e9a5,Data Field,1,0,1,0,0,0,0.001164116158650781,0.0012298941735776805,0.0,0,0,0,DLG9,0
fa0188fd-5641-45c6-9e02-133cd1ac55ee,Data Field,1,0,1,0,0,0,0.001164116158650781,0.0012298941735776805,0.0,0,0,0,DLG9,0
e23ae7b2-0672-42bd-a9f3-7bfa898c66bc,Data Field,1,0,1,0,0,0,0.001164116158650781,0.0012298941735776805,0.0,0,0,0,DLG9,0
89168464-4d4d-4467-9be1-9a04baeab47b,Data Field,1,0,1,0,0,0,0.001164116158650781,0.0012298941735776805,0.0,0,0,0,DLG9,0
9c43a6b8-e46e-4baf-bcf4-5254c5dab376,Data Field,1,0,1,0,0,0,0.001164116158650781,0.0012298941735776805,0.0,0,0,0,DLG9,0
9d6c86d6-73bf-490e-bab8-8152c27af3b2,Data Field,1,0,1,0,0,0,0.001164116158650781,0.0012298941735776805,0.0,0,0,0,DLG9,0
aa505298-4fd9-435a-8d6f-92dcc28cb2ea,Data Field,1,0,1,0,0,0,0.001164116158650781,0.0012298941735776805,0.0,0,0,0,DLG9,0
b0f65fc6-dee8-4df9-9588-56ed09c73be3,Data Field,1,0,1,0,0,0,0.001164116158650781,0.0012298941735776805,0.0,0,0,0,DLG9,0
0bee9db6-9103-481b-93ec-ea78caa9dcdf,Data Field,1,0,1,0,0,0,0.001164116158650781,0.0012298941735776805,0.0,0,0,0,DLG9,0
9d55794b-ce17-4601-8666-6d17581b97b2,Data Field,1,0,1,0,0,0,0.001164116158650781,0.0012298941735776805,0.0,0,0,0,DLG9,0
9177f88d-a1c3-4c4e-b696-ea2656ce2350,Data Field,1,0,1,0,0,0,0.001164116158650781,0.0012298941735776805,0.0,0,0,0,DLG9,0
3f8b82f7-a615-4107-a87a-fdb4461ce6c6,Data Field,1,0,1,0,0,0,0.001164116158650781,0.0012298941735776805,0.0,0,0,0,DLG9,0
81edc245-d144-463c-b8f6-a2d772eda0ed,Data Field,1,0,1,0,0,0,0.001164116158650781,0.0012298941735776805,0.0,0,0,0,DLG9,0
620df1f4-7fa4-40ef-9735-967a2fcc02f0,Data Field,1,0,1,0,0,0,0.001164116158650781,0.0012298941735776805,0.0,0,0,0,DLG9,0
83bf3068-6d70-4ee1-8bc4-93861fff3285,Data Field,1,0,1,0,0,0,0.001164116158650781,0.0012298941735776805,0.0,0,0,0,DLG9,0
3f236a66-d0f0-4481-bb2a-cbdc1c0dcc2d,Data Field,1,0,1,0,0,0,0.001164116158650781,0.0012298941735776805,0.0,0,0,0,DLG9,0
4031e26f-a5d1-42a3-ba23-891e536654b5,Data Field,1,0,1,0,0,0,0.001164116158650781,0.0012298941735776805,0.0,0,0,0,DLG9,0
bc42e7bc-a6a1-4489-90b4-9752862c4838,Data Field,1,0,1,0,0,0,0.001164116158650781,0.0012298941735776805,0.0,0,0,0,DLG9,0
7bf45c6e-7e69-4bbe-868f-495ad32313d8,Data Field,1,0,1,0,0,0,0.001164116158650781,0.0012298941735776805,0.0,0,0,0,DLG9,0
32403af1-7571-4395-bdfb-293c3b11479f,Data Field,1,0,1,0,0,0,0.001164116158650781,0.0012298941735776805,0.0,0,0,0,DLG9,0
c9de612b-f612-4859-b77b-e0422dc7ae09,Data Field,1,0,1,0,0,0,0.001164116158650781,0.0012298941735776805,0.0,0,0,0,DLG9,0
b0b03de1-b8e4-4910-aa20-5d913740c21b,Data Field,1,0,1,0,0,0,0.001164116158650781,0.0012298941735776805,0.0,0,0,0,DLG9,0
86b582a3-4a9e-4827-9729-90f76f1ce347,Data Field,1,0,1,0,0,0,0.001164116158650781,0.0012298941735776805,0.0,0,0,0,DLG9,0
f67625ef-eaf4-4474-b2ae-0835b66cac64,Data Field,1,0,1,0,0,0,0.001164116158650781,0.0012298941735776805,0.0,0,0,0,DLG9,0
e397c40f-a572-46c4-93ef-dd1d7d3d28be,Data Field,1,0,1,0,0,0,0.001164116158650781,0.0012298941735776805,0.0,0,0,0,DLG9,0
43924d9c-144a-4d9b-bfc2-b2f35dcd973a,Data Field,1,0,1,0,0,0,0.001164116158650781,0.0012298941735776805,0.0,0,0,0,DLG9,0
d79206ab-48e1-4942-a60e-d6172a8ad0f8,Data Field,1,0,1,0,0,0,0.001164116158650781,0.0012298941735776805,0.0,0,0,0,DLG9,0
7e77d730-210d-49e8-81d9-d7d613e88fac,Data Field,1,0,1,0,0,0,0.001164116158650781,0.0012298941735776805,0.0,0,0,0,DLG9,0
a578beb7-3a29-4385-95f4-c29c48816382,Data Field,1,0,1,0,0,0,0.001164116158650781,0.0012298941735776805,0.0,0,0,0,DLG9,0
c472275a-297d-4d53-af90-43de59086d77,Data Field,1,0,1,0,0,0,0.001164116158650781,0.0012298941735776805,0.0,0,0,0,DLG9,0
f8413e4f-696f-4467-8b69-bfa18b607fb2,Data Field,1,0,1,0,0,0,0.001164116158650781,0.0012298941735776805,0.0,0,0,0,DLG9,0
b0365ad8-20bf-45d9-8698-3104c7efa0eb,Data Field,1,0,1,0,0,0,0.001164116158650781,0.0012298941735776805,0.0,0,0,0,DLG9,0
03acc40e-043d-4a52-b2b4-19275e237e5d,Data Field,1,0,1,0,0,0,0.001164116158650781,0.0012298941735776805,0.0,0,0,0,DLG9,0
e3e9f51b-f31e-4e78-9049-3b90dd6216c2,Data Field,1,0,1,0,0,0,0.001164116158650781,0.0012298941735776805,0.0,0,0,0,DLG9,0
39d99cf7-93da-47b5-a301-8bc4f503d15c,Data Field,1,0,1,0,0,0,0.001164116158650781,0.0012298941735776805,0.0,0,0,0,DLG9,0
94b1d804-714d-4455-b597-eca939701ffd,Data Field,1,0,1,0,0,0,0.001164116158650781,0.0012298941735776805,0.0,0,0,0,DLG9,0
b25916c1-d3ce-4dbd-b5ee-28cf2608fc86,Data Field,1,0,1,0,0,0,0.001164116158650781,0.0012298941735776805,0.0,0,0,0,DLG9,0
4e50a43f-eed5-4b13-97b6-89e5854eae42,Data Field,1,0,1,0,0,0,0.001164116158650781,0.0012298941735776805,0.0,0,0,0,DLG9,0
98e409bb-84d9-4c96-8852-20bf1b84a2ea,Data Field,1,0,1,0,0,0,0.001164116158650781,0.0012298941735776805,0.0,0,0,0,DLG9,0
b20c4df9-62fb-46ee-8b6a-4039470f5a0b,Data Field,1,0,1,0,0,0,0.001164116158650781,0.0012298941735776805,0.0,0,0,0,DLG9,0
6f9e827b-bc83-42ac-906e-d6f57a941c3d,Data Field,1,0,1,0,0,0,0.001164116158650781,0.0012298941735776805,0.0,0,0,0,DLG9,0
c6b3236e-0b09-4c15-89a4-fb0a27be112b,Data Field,1,0,1,0,0,0,0.001164116158650781,0.0012298941735776805,0.0,0,0,0,DLG9,0
b10aa418-8d5b-4bae-99d5-c46f093d2c9c,Data Field,1,0,1,0,0,0,0.001164116158650781,0.0012298941735776805,0.0,0,0,0,DLG9,0
c07e8118-b148-4192-a80a-76115d0ea6c3,Data Field,1,0,1,0,0,0,0.001164116158650781,0.0012298941735776805,0.0,0,0,0,DLG9,0
4a8bcad2-431f-4fdd-b8d4-4e2847bbf139,Data Field,1,0,1,0,0,0,0.001164116158650781,0.0012298941735776805,0.0,0,0,0,DLG9,0
2e8f7f0f-fb72-48c0-8c99-403724c19e4d,Data Field,1,0,1,0,0,0,0.001164116158650781,0.0012298941735776805,0.0,0,0,0,DLG9,0
867a48c7-edb9-4c33-b7fd-6e72303b861e,Data Field,1,0,1,0,0,0,0.001164116158650781,0.0012298941735776805,0.0,0,0,0,DLG9,0
a671fea1-5f7a-4f7a-8d62-08afb3ba4f92,Data Field,1,0,1,0,0,0,0.001164116158650781,0.0012298941735776805,0.0,0,0,0,DLG9,0
c8ca516c-6a58-4912-aee1-e6be58e28d5b,Data Field,1,0,1,0,0,0,0.001164116158650781,0.0012298941735776805,0.0,0,0,0,DLG9,0
3b29dc6e-78df-41b3-8ed0-4e138310dc23,Data Field,1,0,1,0,0,0,0.001164116158650781,0.0012298941735776805,0.0,0,0,0,DLG9,0
14f9fef6-a9b7-41a7-b17d-0e8c5bbcbf2f,Data Field,1,0,1,0,0,0,0.001164116158650781,0.0012298941735776805,0.0,0,0,0,DLG9,0
c8ebcb73-bdc0-4eda-a3a4-df5a298bdaef,Data Field,1,0,1,0,0,0,0.001164116158650781,0.0012298941735776805,0.0,0,0,0,DLG9,0
2baff774-983f-45b5-94b6-332abc15a22f,Data Table,0,17,17,0,1,16,0.001164116158650781,0.007313804314130211,0.0,20,0,0,DLG9,0
51dfd62a-f8ed-4ba0-b370-47234ef43448,Data Job,1,1,2,1,1,0,0.0018008493468512235,0.0020784150014329385,1.8444674758901753e-05,14,3,0,DLG9,0
7087e93a-6290-4ca1-a1e4-9107cd11c313,Data Field,1,0,1,0,0,0,0.001164116158650781,0.0012298941735776805,0.0,0,0,0,DLG9,0
28ff195e-b188-4cf2-8546-ecb22423601e,Data Field,1,0,1,0,0,0,0.001164116158650781,0.0012298941735776805,0.0,0,0,0,DLG9,0
4b7b601b-fd0f-4c57-9f4e-1291704070a5,Data Job,1,1,2,1,1,0,0.0021536581828394854,0.007261240906630924,3.337607813515555e-05,19,1,0,DLG9,0
480c1f9d-50c0-4021-84b4-a51dd2dc0680,Data Field,1,0,1,0,0,0,0.001164116158650781,0.0012298941735776805,0.0,0,0,0,DLG9,0
c03bd4e7-a17f-4076-b76a-2faf16d4f22d,Data Field,1,0,1,0,0,0,0.001164116158650781,0.0012298941735776805,0.0,0,0,0,DLG9,0
993d06f9-e9b5-4824-8193-6f3a1db53ee6,Data Field,1,0,1,0,0,0,0.001164116158650781,0.0012298941735776805,0.0,0,0,0,DLG9,0
4f2d9d28-bbcc-4745-a2e4-fcc1819a9183,Data Job,1,1,2,1,1,0,0.006674185226103183,0.0022058499628345276,0.0001932299260456374,11,20,0,DLG9,0
a2ddf398-f1d5-43da-862a-f28799e63125,Data Field,1,0,1,0,0,0,0.001164116158650781,0.0012298941735776805,0.0,0,0,0,DLG9,0
6369b992-6a72-41e3-94f7-0db7051920af,Data Field,1,0,1,0,0,0,0.001164116158650781,0.0012298941735776805,0.0,0,0,0,DLG9,0
37e40560-03ad-418d-b9b4-bc72a0ed2f39,Data Field,1,0,1,0,0,0,0.001164116158650781,0.0012298941735776805,0.0,0,0,0,DLG9,0
2c549750-74b4-4a6c-9df0-a7b419782988,Data Field,1,0,1,0,0,0,0.001164116158650781,0.0012298941735776805,0.0,0,0,0,DLG9,0
2be0c6cb-281c-4c87-8bdb-8ecdef1a553c,Data Job,1,1,2,1,1,0,0.006674185226103183,0.0022058499628345276,0.0001932299260456374,11,20,0,DLG9,0
85c5732d-73c6-4140-94f4-30c5ba8288f0,Data Field,1,0,1,0,0,0,0.001164116158650781,0.0012298941735776805,0.0,0,0,0,DLG9,0
978092e4-3688-413f-80c6-c689aa056182,Data Field,1,0,1,0,0,0,0.001164116158650781,0.0012298941735776805,0.0,0,0,0,DLG9,0
ad21e722-b520-4f4e-b960-d853c5c53fdf,Data Field,1,0,1,0,0,0,0.001164116158650781,0.0012298941735776805,0.0,0,0,0,DLG9,0
3d99365a-ced5-4b2c-8da7-91d65b18a39a,Data Table,1,30,31,1,4,26,0.0029949453166403235,0.0071273524243475215,6.323888488766315e-05,18,2,0,DLG9,0
b7a4ad8d-2294-41dd-8698-90755222cf8b,Data Field,1,0,1,0,0,0,0.001164116158650781,0.0012298941735776805,0.0,0,0,0,DLG9,0
5ffc514d-67ee-4f47-967f-d21d20006f7e,Data Field,1,0,1,0,0,0,0.001164116158650781,0.0012298941735776805,0.0,0,0,0,DLG9,0
236205e2-33a4-4183-aaf3-379df5dc3e48,Data Field,1,0,1,0,0,0,0.001164116158650781,0.0012298941735776805,0.0,0,0,0,DLG9,0
281ee0b0-e01b-4ff2-9549-28b7a94ed3ca,Data Field,1,0,1,0,0,0,0.001164116158650781,0.0012298941735776805,0.0,0,0,0,DLG9,0
4ce1ffd5-2d30-4af7-8110-969ea8de6d5c,Data Field,1,0,1,0,0,0,0.001164116158650781,0.0012298941735776805,0.0,0,0,0,DLG9,0
fda13712-5671-4e99-91d9-7e0c92a215c9,Data Field,1,0,1,0,0,0,0.001164116158650781,0.0012298941735776805,0.0,0,0,0,DLG9,0
85b6e39a-7fc5-4e52-8c8e-e69bdf5195d6,Data Field,1,0,1,0,0,0,0.001164116158650781,0.0012298941735776805,0.0,0,0,0,DLG9,0
c648bd64-85d3-47f0-ab70-0f8c54a0b5ee,Data Field,1,0,1,0,0,0,0.001164116158650781,0.0012298941735776805,0.0,0,0,0,DLG9,0
f9e82df9-1a04-4f8c-a49c-dcefaba27cd2,Data Field,1,0,1,0,0,0,0.001164116158650781,0.0012298941735776805,0.0,0,0,0,DLG9,0
a2d78ac8-730b-4f4e-9ed3-bba6f511b382,Data Field,1,0,1,0,0,0,0.001164116158650781,0.0012298941735776805,0.0,0,0,0,DLG9,0
dcfc0095-e372-4a2d-a81f-d1f3f063b280,Data Field,1,0,1,0,0,0,0.001164116158650781,0.0012298941735776805,0.0,0,0,0,DLG9,0
85952b64-01c9-43d7-91ed-dc5ad31baaca,Data Table,2,31,33,2,1,30,0.012542212722934659,0.00229452693662943,0.0003864598520912748,10,22,0,DLG9,0
52fe4349-6013-459d-bf31-7ab58bf13929,Data Field,1,0,1,0,0,0,0.001164116158650781,0.0012298941735776805,0.0,0,0,0,DLG9,0
aba219f4-60ba-49aa-aa85-3983a673ab77,Data Field,1,0,1,0,0,0,0.001164116158650781,0.0012298941735776805,0.0,0,0,0,DLG9,0
3b5d02fd-2bf4-4fbe-884e-8765d291858b,Data Field,1,0,1,0,0,0,0.001164116158650781,0.0012298941735776805,0.0,0,0,0,DLG9,0
cc80bf0f-7e4f-44a1-9b6e-976755b48929,Data Table,5,83,88,5,2,81,0.012942238869231931,0.004983354327842519,0.00043388901575702217,13,19,0,DLG9,1
8f1dc73b-3a7c-4937-a119-4c072feacc23,Data Field,1,0,1,0,0,0,0.001164116158650781,0.0012298941735776805,0.0,0,0,0,DLG9,0
94d7b1c2-b8df-496a-8a53-22cad18353d9,Data Field,1,0,1,0,0,0,0.001164116158650781,0.0012298941735776805,0.0,0,0,0,DLG9,0
ea88b6de-d5c9-44e8-b64b-7f5421e282b0,Data Field,1,0,1,0,0,0,0.001164116158650781,0.0012298941735776805,0.0,0,0,0,DLG9,0
e89dff3a-14fa-4b62-b05f-026d7d8e7ec8,Data Field,1,0,1,0,0,0,0.001164116158650781,0.0012298941735776805,0.0,0,0,0,DLG9,0
ab1abe63-469d-4f32-9c28-1c0bb014b55c,Data Job,1,1,2,1,1,0,0.0018008493468512235,0.0020784150014329385,1.8444674758901753e-05,14,3,0,DLG9,0
ee6f70e7-ebe6-4530-80dd-fc4f7120e57c,Data Field,1,0,1,0,0,0,0.001164116158650781,0.0012298941735776805,0.0,0,0,0,DLG9,0
65a35f72-978f-46f1-8202-35b744f700ac,Data Field,1,0,1,0,0,0,0.001164116158650781,0.0012298941735776805,0.0,0,0,0,DLG9,0
929bb4b3-d94b-4aa3-9607-bb2c912b31a4,Data Field,1,0,1,0,0,0,0.001164116158650781,0.0012298941735776805,0.0,0,0,0,DLG9,0
bedec39a-b003-499a-80ea-a8af47565947,Data Field,1,0,1,0,0,0,0.001164116158650781,0.0012298941735776805,0.0,0,0,0,DLG9,0
3f81717a-a5dc-46a5-8c2f-859efbc86418,Data Field,1,0,1,0,0,0,0.001164116158650781,0.0012298941735776805,0.0,0,0,0,DLG9,0
ef867d29-fc38-42db-8650-f05fc16cad40,Data Field,1,0,1,0,0,0,0.001164116158650781,0.0012298941735776805,0.0,0,0,0,DLG9,0
89661637-016c-4145-b96a-c4d75a13c2bb,Data Field,1,0,1,0,0,0,0.001164116158650781,0.0012298941735776805,0.0,0,0,0,DLG9,0
7eb635fc-2a1f-49ee-839a-4e1170a14101,Data Field,1,0,1,0,0,0,0.001164116158650781,0.0012298941735776805,0.0,0,0,0,DLG9,0
be52480c-259a-4008-8b53-c82bd2f9fcc0,Data Field,1,0,1,0,0,0,0.001164116158650781,0.0012298941735776805,0.0,0,0,0,DLG9,0
80a7011b-5817-4b17-8ee2-8c4f67dee0c2,Data Field,1,0,1,0,0,0,0.001164116158650781,0.0012298941735776805,0.0,0,0,0,DLG9,0
04ab34df-4963-4df4-823d-c0de7f3401f4,Data Field,1,0,1,0,0,0,0.001164116158650781,0.0012298941735776805,0.0,0,0,0,DLG9,0
ed534842-e2cb-4ae2-a4bf-31c5cad5f7b2,Data Field,1,0,1,0,0,0,0.001164116158650781,0.0012298941735776805,0.0,0,0,0,DLG9,0
e6a75940-28e9-4561-be1a-79bb0c07993e,Data Field,1,0,1,0,0,0,0.001164116158650781,0.0012298941735776805,0.0,0,0,0,DLG9,0
db6286e9-a295-4fb3-a5ed-139ec20590c3,Data Field,1,0,1,0,0,0,0.001164116158650781,0.0012298941735776805,0.0,0,0,0,DLG9,0
16732891-47a4-4b54-94a4-81de5aab3170,Data Field,1,0,1,0,0,0,0.001164116158650781,0.0012298941735776805,0.0,0,0,0,DLG9,0
91db4cef-2c16-48d8-8c2f-541e05bb8901,Data Field,1,0,1,0,0,0,0.001164116158650781,0.0012298941735776805,0.0,0,0,0,DLG9,0
b7949812-846c-442a-8692-447ffa91f3e2,Data Field,1,0,1,0,0,0,0.001164116158650781,0.0012298941735776805,0.0,0,0,0,DLG9,0
de9ba525-eb21-4ebe-97c9-6f8c4671f031,Data Field,1,0,1,0,0,0,0.001164116158650781,0.0012298941735776805,0.0,0,0,0,DLG9,0
8a851216-e4a8-4735-b8e1-f95ccbc2cf4f,Data Field,1,0,1,0,0,0,0.001164116158650781,0.0012298941735776805,0.0,0,0,0,DLG9,0
86180fa1-d924-4dc6-a2e0-6ecda15a8725,Data Field,1,0,1,0,0,0,0.001164116158650781,0.0012298941735776805,0.0,0,0,0,DLG9,0
f3ff0dec-f239-482f-8ced-ce050285ae06,Data Field,1,0,1,0,0,0,0.001164116158650781,0.0012298941735776805,0.0,0,0,0,DLG9,0
0dd513a0-822f-457c-866f-c4c5f5f9c413,Data Field,1,0,1,0,0,0,0.001164116158650781,0.0012298941735776805,0.0,0,0,0,DLG9,0
e09ad5cb-74e3-42a3-a60a-289f13f79c05,Data Field,1,0,1,0,0,0,0.001164116158650781,0.0012298941735776805,0.0,0,0,0,DLG9,0
3a002ec8-889f-4582-82e4-53bdd4e04899,Data Field,1,0,1,0,0,0,0.001164116158650781,0.0012298941735776805,0.0,0,0,0,DLG9,0
4c412c6b-2440-4e9b-bffc-7b8c71bbc204,Data Field,1,0,1,0,0,0,0.001164116158650781,0.0012298941735776805,0.0,0,0,0,DLG9,0
3deeb4b2-c0b7-49b7-b25d-36f8f9002363,Data Field,1,0,1,0,0,0,0.001164116158650781,0.0012298941735776805,0.0,0,0,0,DLG9,0
b40847b6-c14a-43b2-813a-c4297062a857,Data Field,1,0,1,0,0,0,0.001164116158650781,0.0012298941735776805,0.0,0,0,0,DLG9,0
d8456fd1-48ee-4532-be84-512ab31a674d,Data Job,1,1,2,1,1,0,0.0018008493468512235,0.0020784150014329385,1.8444674758901753e-05,14,3,0,DLG9,0
6b64d098-46bb-4a77-b5e3-675e15161ca5,Data Field,1,0,1,0,0,0,0.001164116158650781,0.0012298941735776805,0.0,0,0,0,DLG9,0
fb6bccdd-034b-45d5-af71-85e843de8f59,Data Field,1,0,1,0,0,0,0.001164116158650781,0.0012298941735776805,0.0,0,0,0,DLG9,0
8fd5c76c-3a29-44d6-a9a8-3057b660a08f,Data Field,1,0,1,0,0,0,0.001164116158650781,0.0012298941735776805,0.0,0,0,0,DLG9,0
e01af6c4-c762-4001-ae7f-47c7f4fd86fc,Data Field,1,0,1,0,0,0,0.001164116158650781,0.0012298941735776805,0.0,0,0,0,DLG9,0
85d69686-3050-4bf2-80a4-2e5fe4e6b914,Data Field,1,0,1,0,0,0,0.001164116158650781,0.0012298941735776805,0.0,0,0,0,DLG9,0
fd64c831-914d-40a9-89b3-2c927d16472c,Data Field,1,0,1,0,0,0,0.001164116158650781,0.0012298941735776805,0.0,0,0,0,DLG9,0
b9363f3e-103e-4eed-a742-646757a83ccf,Data Field,1,0,1,0,0,0,0.001164116158650781,0.0012298941735776805,0.0,0,0,0,DLG9,0
1842ce9e-5588-46d4-b2fe-afa10635711b,Data Field,1,0,1,0,0,0,0.001164116158650781,0.0012298941735776805,0.0,0,0,0,DLG9,0
f9e40fcf-7582-412a-aabb-20d0018902d7,Data Field,1,0,1,0,0,0,0.001164116158650781,0.0012298941735776805,0.0,0,0,0,DLG9,0
f086d679-ad42-41a3-9014-23890b9a5cfa,Data Field,1,0,1,0,0,0,0.001164116158650781,0.0012298941735776805,0.0,0,0,0,DLG9,0
97236957-ee70-40a7-9ad8-a6ec24b1dfac,Data Field,1,0,1,0,0,0,0.001164116158650781,0.0012298941735776805,0.0,0,0,0,DLG9,0
7085f743-b938-42fe-a02d-36b404d6bd56,Data Field,1,0,1,0,0,0,0.001164116158650781,0.0012298941735776805,0.0,0,0,0,DLG9,0
640783ff-f0fa-4859-b549-33b45f82a2f1,Data Field,1,0,1,0,0,0,0.001164116158650781,0.0012298941735776805,0.0,0,0,0,DLG9,0
961dcedf-26c8-4c62-ad92-811a0c1cc4b1,Data Field,1,0,1,0,0,0,0.001164116158650781,0.0012298941735776805,0.0,0,0,0,DLG9,0
6bf1add7-b51e-4d1d-bff8-1227bc3485c8,Data Field,1,0,1,0,0,0,0.001164116158650781,0.0012298941735776805,0.0,0,0,0,DLG9,0
a9e0fc75-0c8f-4175-b036-b5ece3cc5fc4,Data Field,1,0,1,0,0,0,0.001164116158650781,0.0012298941735776805,0.0,0,0,0,DLG9,0
e10f9167-7b9d-4884-9f4b-cb13c6c40431,Data Field,1,0,1,0,0,0,0.001164116158650781,0.0012298941735776805,0.0,0,0,0,DLG9,0
210a0f3f-dbab-42ab-84b2-bffd4909d99b,Data Table,0,19,19,0,1,18,0.001164116158650781,0.0031470173132183334,0.0,24,0,0,DLG9,0
9e6201f0-d60c-4593-ae19-d00073f794ec,Data Field,1,0,1,0,0,0,0.001164116158650781,0.0012298941735776805,0.0,0,0,0,DLG9,0
3123a2da-6cd1-4da9-9696-4f1b3c0d337a,Data Field,1,0,1,0,0,0,0.001164116158650781,0.0012298941735776805,0.0,0,0,0,DLG9,0
7440b2fc-5819-4d41-9e7b-ddcaae269208,Data Field,1,0,1,0,0,0,0.001164116158650781,0.0012298941735776805,0.0,0,0,0,DLG9,0
9ea5229b-1091-4f89-a622-4d477aec7f60,Data Field,1,0,1,0,0,0,0.001164116158650781,0.0012298941735776805,0.0,0,0,0,DLG9,0
7788313f-f497-4b85-a908-c316ec02e88b,Data Job,4,1,5,4,1,0,0.003464188281837337,0.0017527340323919484,8.783178456619882e-06,1,7,0,DLG9,0
dedc7324-9dac-419c-97ee-4d5b59cf8fa9,Data Field,1,0,1,0,0,0,0.001164116158650781,0.0012298941735776805,0.0,0,0,0,DLG9,0
de2f4ccf-a5f3-44c3-8187-f5bd4f97e1e9,Data Field,1,0,1,0,0,0,0.001164116158650781,0.0012298941735776805,0.0,0,0,0,DLG9,0
e3f0527a-adad-4d26-8899-1a1109872aac,Data Job,4,1,5,4,1,0,0.003464188281837337,0.0037712739958336286,0.00019674319742828535,16,7,0,DLG9,0
3964d1b1-dea4-4734-b63e-252ee3680662,Data Field,1,0,1,0,0,0,0.001164116158650781,0.0012298941735776805,0.0,0,0,0,DLG9,0
510cec63-1d65-4063-9bcb-af9546aa1ba5,Data Field,1,0,1,0,0,0,0.001164116158650781,0.0012298941735776805,0.0,0,0,0,DLG9,0
50afcc5e-7e6e-4681-8531-ebee5cc8a553,Data Table,0,19,19,0,1,18,0.001164116158650781,0.0017266458324009585,0.0,2,0,0,DLG9,0
66a5b006-2dc0-4ac7-b51c-7b536df04408,Data Field,1,0,1,0,0,0,0.001164116158650781,0.0012298941735776805,0.0,0,0,0,DLG9,0
0c496a27-3a11-4d7c-9670-04fc9bf9cac4,Data Field,1,0,1,0,0,0,0.001164116158650781,0.0012298941735776805,0.0,0,0,0,DLG9,0
de4be134-9f44-4a90-b666-821f82986924,Data Field,1,0,1,0,0,0,0.001164116158650781,0.0012298941735776805,0.0,0,0,0,DLG9,0
9baf0b6c-12f1-4d2a-a14a-b35b70ad7636,Data Field,1,0,1,0,0,0,0.001164116158650781,0.0012298941735776805,0.0,0,0,0,DLG9,0
104e609f-0292-4865-a8be-7818a5491775,Data Field,1,0,1,0,0,0,0.001164116158650781,0.0012298941735776805,0.0,0,0,0,DLG9,0
1cbd3354-bf4a-4f02-b027-ce2244e7c5f9,Data Field,1,0,1,0,0,0,0.001164116158650781,0.0012298941735776805,0.0,0,0,0,DLG9,0
735bd0a0-45aa-40bd-a5f9-f2cf4c4b88ab,Data Field,1,0,1,0,0,0,0.001164116158650781,0.0012298941735776805,0.0,0,0,0,DLG9,0
11f86747-877b-4fe1-a057-d5c077cf4d2b,Data Field,1,0,1,0,0,0,0.001164116158650781,0.0012298941735776805,0.0,0,0,0,DLG9,0
50f25f43-ff47-4fa2-98e6-fa94d3809873,Data Field,1,0,1,0,0,0,0.001164116158650781,0.0012298941735776805,0.0,0,0,0,DLG9,0
f6d406d1-8942-43b3-acf3-cd0f1e2a286a,Data Field,1,0,1,0,0,0,0.001164116158650781,0.0012298941735776805,0.0,0,0,0,DLG9,0
1840ef2b-ba39-4dfb-8e95-65008ae16320,Data Field,1,0,1,0,0,0,0.001164116158650781,0.0012298941735776805,0.0,0,0,0,DLG9,0
842eec4e-1b76-4089-b7e1-44325a49467b,Data Field,1,0,1,0,0,0,0.001164116158650781,0.0012298941735776805,0.0,0,0,0,DLG9,0
2a1cd884-1d8d-414f-a323-1005665ced38,Data Field,1,0,1,0,0,0,0.001164116158650781,0.0012298941735776805,0.0,0,0,0,DLG9,0
d9d7a4d5-551c-4a53-9930-a1aa1586721f,Data Field,1,0,1,0,0,0,0.001164116158650781,0.0012298941735776805,0.0,0,0,0,DLG9,0
62be6a4a-bc13-4194-97e6-3d4015c2559f,Data Field,1,0,1,0,0,0,0.001164116158650781,0.0012298941735776805,0.0,0,0,0,DLG9,0
86ca690a-be16-4e62-a406-ac3b5c9eeaf5,Data Field,1,0,1,0,0,0,0.001164116158650781,0.0012298941735776805,0.0,0,0,0,DLG9,0
e55d2f20-5a24-40f1-bba8-2f7ecdbe832b,Data Field,1,0,1,0,0,0,0.001164116158650781,0.0012298941735776805,0.0,0,0,0,DLG9,0
08ed4538-07fa-4db6-8d3a-5f1395896381,Data Table,0,21,21,0,2,19,0.001164116158650781,0.002397346469416027,0.0,19,0,0,DLG9,0
9031e096-3138-4452-be95-265757c149c0,Data Field,1,0,1,0,0,0,0.001164116158650781,0.0012298941735776805,0.0,0,0,0,DLG9,0
5f74d6c2-07eb-4ac2-8f24-0ab9fce6e331,Data Table,0,20,20,0,1,19,0.001164116158650781,0.0017266458324009585,0.0,2,0,0,DLG9,0
acdba1e4-12de-478a-80e5-24eb7230a3c7,Data Field,1,0,1,0,0,0,0.001164116158650781,0.0012298941735776805,0.0,0,0,0,DLG9,0
5872b7e1-f481-422b-a04a-64e21bf2ccf1,Data Field,1,0,1,0,0,0,0.001164116158650781,0.0012298941735776805,0.0,0,0,0,DLG9,0
c2f15d9b-e606-47e8-8b1b-557ec04d9bb7,Data Field,1,0,1,0,0,0,0.001164116158650781,0.0012298941735776805,0.0,0,0,0,DLG9,0
c695d73c-ef51-40f5-a457-ba062104e7db,Data Field,1,0,1,0,0,0,0.001164116158650781,0.0012298941735776805,0.0,0,0,0,DLG9,0
99c913f8-dbd2-4702-a885-c120e01bb521,Data Field,1,0,1,0,0,0,0.001164116158650781,0.0012298941735776805,0.0,0,0,0,DLG9,0
9d7beaa4-fe0b-417b-ba0c-8040107e7873,Data Table,1,23,24,1,4,19,0.0038362324504411602,0.0038615132458948718,0.00011593795562738244,22,3,0,DLG9,1
ba732540-7b15-40de-bdaa-b48476b26b77,Data Field,1,0,1,0,0,0,0.001164116158650781,0.0012298941735776805,0.0,0,0,0,DLG9,0
9672e357-5004-4c99-b241-bc9166bd797d,Data Field,1,0,1,0,0,0,0.001164116158650781,0.0012298941735776805,0.0,0,0,0,DLG9,0
90ec7b68-8647-4ab7-bcf3-4a39ec5c9d37,Data Field,1,0,1,0,0,0,0.001164116158650781,0.0012298941735776805,0.0,0,0,0,DLG9,0
89496ef7-a23c-456c-be6a-26854f5a690d,Data Field,1,0,1,0,0,0,0.001164116158650781,0.0012298941735776805,0.0,0,0,0,DLG9,0
0f86890e-8806-4d50-8ea9-2156a3e2bfb0,Data Field,1,0,1,0,0,0,0.001164116158650781,0.0012298941735776805,0.0,0,0,0,DLG9,0
df8b7d6e-a64e-43d2-9c1d-cd9190c41520,Data Field,1,0,1,0,0,0,0.001164116158650781,0.0012298941735776805,0.0,0,0,0,DLG9,0
14b3b246-6528-49c6-aaeb-3658107009a7,Data Field,1,0,1,0,0,0,0.001164116158650781,0.0012298941735776805,0.0,0,0,0,DLG9,0
ab52094b-6d29-4ea5-92b6-9d89297bcf6f,Data Field,1,0,1,0,0,0,0.001164116158650781,0.0012298941735776805,0.0,0,0,0,DLG9,0
aa794307-5e41-4b83-9da1-028d077ad540,Data Job,2,1,3,2,1,0,0.0029694172697429847,0.0022755738912062164,8.783178456619882e-06,1,5,0,DLG9,0
59574d11-b968-4c40-bf53-9f4855d04d7d,Data Field,1,0,1,0,0,0,0.001164116158650781,0.0012298941735776805,0.0,0,0,0,DLG9,0
d1c9e4c6-69b7-4bb9-86fe-03bf419cfd1a,Data Field,1,0,1,0,0,0,0.001164116158650781,0.0012298941735776805,0.0,0,0,0,DLG9,0
27fb9acc-054b-4644-b286-9607b1213e9e,Data Field,1,0,1,0,0,0,0.001164116158650781,0.0012298941735776805,0.0,0,0,0,DLG9,0
a8d81373-92aa-4362-876c-e3c3b773d53e,Data Field,1,0,1,0,0,0,0.001164116158650781,0.0012298941735776805,0.0,0,0,0,DLG9,0
5f8bc24b-d880-483f-a3cc-28285eec1cd4,Data Field,1,0,1,0,0,0,0.001164116158650781,0.0012298941735776805,0.0,0,0,0,DLG9,0
b880babd-d472-4e8c-9bdc-916ea411da4f,Data Field,1,0,1,0,0,0,0.001164116158650781,0.0012298941735776805,0.0,0,0,0,DLG9,0
62d09fec-b4cc-4c1d-8f7d-0d2bbd9674c1,Data Field,1,0,1,0,0,0,0.001164116158650781,0.0012298941735776805,0.0,0,0,0,DLG9,0
4f56b53b-d37f-43a1-a7ce-e7a4641c00e4,Data Table,1,13,14,1,0,13,0.003689602651450618,0.0012298941735776805,0.0,0,6,0,DLG9,0
556ee378-6a55-4bd0-ace5-6ed60e346c21,Data Field,1,0,1,0,0,0,0.001164116158650781,0.0012298941735776805,0.0,0,0,0,DLG9,0
28f51bd4-cafb-4011-a428-66959d927fd6,Data Table,0,17,17,0,1,16,0.001164116158650781,0.0021973092912332473,0.0,2,0,0,DLG9,0
58bacdfe-7f5f-4a35-9aa9-40ee43930601,Data Field,1,0,1,0,0,0,0.001164116158650781,0.0012298941735776805,0.0,0,0,0,DLG9,0
800f416c-34cc-45e2-abe6-3f69a055e157,Data Field,1,0,1,0,0,0,0.001164116158650781,0.0012298941735776805,0.0,0,0,0,DLG9,0
9736cfd2-f18e-4fb6-9130-90ca49030774,Data Field,1,0,1,0,0,0,0.001164116158650781,0.0012298941735776805,0.0,0,0,0,DLG9,0
4ef3d9c0-d04b-4dba-8252-ec7cb2fc8f5b,Data Field,1,0,1,0,0,0,0.001164116158650781,0.0012298941735776805,0.0,0,0,0,DLG9,0
2e4b2ef7-2002-42d9-a475-b2fbeb25a952,Data Field,1,0,1,0,0,0,0.001164116158650781,0.0012298941735776805,0.0,0,0,0,DLG9,0
07bec33a-442e-408f-8305-fc754eda3118,Data Field,1,0,1,0,0,0,0.001164116158650781,0.0012298941735776805,0.0,0,0,0,DLG9,0
bd3155a8-e905-4639-8eec-e5ec41df9302,Data Field,1,0,1,0,0,0,0.001164116158650781,0.0012298941735776805,0.0,0,0,0,DLG9,0
f5840b1d-45f0-4846-b25a-14d599c4fd0e,Data Field,1,0,1,0,0,0,0.001164116158650781,0.0012298941735776805,0.0,0,0,0,DLG9,0
888d55d2-2f57-4473-8b04-e6964c9f5adf,Data Field,1,0,1,0,0,0,0.001164116158650781,0.0012298941735776805,0.0,0,0,0,DLG9,0
d483f9ed-3c3a-469b-a755-e9791285d5cc,Data Table,0,22,22,0,2,20,0.001164116158650781,0.002397346469416027,0.0,19,0,0,DLG9,0
8c7d82a1-a7ec-483f-afd0-26b9e8e46921,Data Field,1,0,1,0,0,0,0.001164116158650781,0.0012298941735776805,0.0,0,0,0,DLG9,0
6c0806f9-9977-4840-a353-2457a2eacb54,Data Field,1,0,1,0,0,0,0.001164116158650781,0.0012298941735776805,0.0,0,0,0,DLG9,0
a71e691f-26f4-4743-9666-736410e41911,Data Field,1,0,1,0,0,0,0.001164116158650781,0.0012298941735776805,0.0,0,0,0,DLG9,0
ea678379-f49f-4601-abcd-9f2d26afb9d5,Data Field,1,0,1,0,0,0,0.001164116158650781,0.0012298941735776805,0.0,0,0,0,DLG9,0
06fcf652-d5c4-4d28-85a1-afe85c78bbf3,Data Table,0,21,21,0,1,20,0.001164116158650781,0.0031470173132183334,0.0,24,0,0,DLG9,0
953b5dc4-2c9c-4db4-b87f-b2888ee37f21,Data Field,1,0,1,0,0,0,0.001164116158650781,0.0012298941735776805,0.0,0,0,0,DLG9,0
1daf57d5-315f-4f8f-9e0e-c75000a985f2,Data Field,1,0,1,0,0,0,0.001164116158650781,0.0012298941735776805,0.0,0,0,0,DLG9,0
0fc415b2-4f0c-4b7a-b87b-4d239a78fcb4,Data Field,1,0,1,0,0,0,0.001164116158650781,0.0012298941735776805,0.0,0,0,0,DLG9,0
3ea836ad-0841-44ca-b003-f4cf80acc80c,Data Field,1,0,1,0,0,0,0.001164116158650781,0.0012298941735776805,0.0,0,0,0,DLG9,0
95ee580b-9841-47b6-80dd-a1c64848e2d4,Data Field,1,0,1,0,0,0,0.001164116158650781,0.0012298941735776805,0.0,0,0,0,DLG9,0
8bde08df-a20b-4a50-9ae0-0cd35a6c1953,Data Field,1,0,1,0,0,0,0.001164116158650781,0.0012298941735776805,0.0,0,0,0,DLG9,0
5c74b468-bea8-4c7e-b9cf-0cf07c87084c,Data Field,1,0,1,0,0,0,0.001164116158650781,0.0012298941735776805,0.0,0,0,0,DLG9,0
870c5006-37e8-49d7-be2b-ef18897e2698,Data Field,1,0,1,0,0,0,0.001164116158650781,0.0012298941735776805,0.0,0,0,0,DLG9,0
450cd8d5-e24b-4e00-80ba-fd5e4d4fdd85,Data Field,1,0,1,0,0,0,0.001164116158650781,0.0012298941735776805,0.0,0,0,0,DLG9,0
b1a66834-c1bf-45cb-a48f-4fddf06c1f74,Data Field,1,0,1,0,0,0,0.001164116158650781,0.0012298941735776805,0.0,0,0,0,DLG9,0
0045d38e-1ab6-4bca-933c-e74ab4052b42,Data Field,1,0,1,0,0,0,0.001164116158650781,0.0012298941735776805,0.0,0,0,0,DLG9,0
5a87f456-551d-4d10-9f9c-1ce4480e5d51,Data Field,1,0,1,0,0,0,0.001164116158650781,0.0012298941735776805,0.0,0,0,0,DLG9,0
e3736fbe-105e-45f9-8ce4-a76e44008951,Data Field,1,0,1,0,0,0,0.001164116158650781,0.0012298941735776805,0.0,0,0,0,DLG9,0
22dade33-67df-49f8-8bc9-4a5457e9e653,Data Field,1,0,1,0,0,0,0.001164116158650781,0.0012298941735776805,0.0,0,0,0,DLG9,0
616217b1-de12-489b-bdd1-099dcf85bd47,Data Field,1,0,1,0,0,0,0.001164116158650781,0.0012298941735776805,0.0,0,0,0,DLG9,0
221237e3-86c8-4efd-9b02-f42479ff4fee,Data Field,1,0,1,0,0,0,0.001164116158650781,0.0012298941735776805,0.0,0,0,0,DLG9,0
00482f99-e9b8-4e3d-bd86-291a1e2e8bd9,Data Field,1,0,1,0,0,0,0.001164116158650781,0.0012298941735776805,0.0,0,0,0,DLG9,0
d7301e71-ec07-435f-9e51-cef0e59259ec,Data Field,1,0,1,0,0,0,0.001164116158650781,0.0012298941735776805,0.0,0,0,0,DLG9,0
c3182a9c-660f-4e3a-8d92-cb91275627e4,Data Job,2,1,3,2,1,0,0.0031432002070281894,0.004508810055835996,8.080524180090292e-05,23,2,0,DLG9,0
32d31d12-602d-479b-bb4e-32cb50fc1a27,Data Field,1,0,1,0,0,0,0.001164116158650781,0.0012298941735776805,0.0,0,0,0,DLG9,0
a63dade6-d3fd-4366-8def-551f7bc78204,Data Table,0,18,18,0,2,16,0.001164116158650781,0.002397346469416027,0.0,19,0,0,DLG9,0
ac2c0a32-4050-42ac-81ae-7ef89311b7bf,Data Field,1,0,1,0,0,0,0.001164116158650781,0.0012298941735776805,0.0,0,0,0,DLG9,0
1a52aa71-24a7-4532-917f-17c91c349b79,Data Job,3,1,4,3,1,0,0.003958959293931689,0.0017527340323919484,7.0265427652959055e-06,1,6,0,DLG9,0
ef7e102d-b9c5-4773-b6d1-394aa710666d,Data Field,1,0,1,0,0,0,0.001164116158650781,0.0012298941735776805,0.0,0,0,0,DLG9,0
ce7a4ca5-0b3d-48cd-988f-97ffe3e300ed,Data Table,2,33,35,2,0,33,0.00747701984495171,0.0012298941735776805,0.0,0,11,0,DLG9,0
2d975164-2e40-4331-8e79-89562690dad0,Data Table,1,20,21,1,1,19,0.004110246218351036,0.002999131648808633,0.00021079628295887716,15,8,0,DLG9,1
d83260aa-cc54-4096-bf34-ee108d50036a,Data Field,1,0,1,0,0,0,0.001164116158650781,0.0012298941735776805,0.0,0,0,0,DLG9,0
57e33bcc-a713-4ffd-be84-a264b9d9231f,Data Job,1,1,2,1,1,0,0.004661578682901674,0.0020784150014329385,0.00022133609710682102,14,9,0,DLG9,0
72658020-744d-437c-b441-7c3e2d36350d,Data Field,1,0,1,0,0,0,0.001164116158650781,0.0012298941735776805,0.0,0,0,0,DLG9,0
33296c52-4d41-49a7-b94b-73262b559bc5,Data Field,1,0,1,0,0,0,0.001164116158650781,0.0012298941735776805,0.0,0,0,0,DLG9,0
a9b0924e-7ab6-469e-a57f-05fdbeb357ec,Data Field,1,0,1,0,0,0,0.001164116158650781,0.0012298941735776805,0.0,0,0,0,DLG9,0
0144711f-4030-457a-80c8-e175f5adfe20,Data Field,1,0,1,0,0,0,0.001164116158650781,0.0012298941735776805,0.0,0,0,0,DLG9,0
a6d9ca91-06da-476f-8e7c-daaf4b3f173f,Data Field,1,0,1,0,0,0,0.001164116158650781,0.0012298941735776805,0.0,0,0,0,DLG9,0
9ccbab0a-3e16-4b59-9405-2361de527e41,Data Field,1,0,1,0,0,0,0.001164116158650781,0.0012298941735776805,0.0,0,0,0,DLG9,0
5cbd9d0d-5595-4b15-9643-95231e3b9109,Data Field,1,0,1,0,0,0,0.001164116158650781,0.0012298941735776805,0.0,0,0,0,DLG9,0
e30fe9f6-5141-4003-b3ab-7f9ea900a537,Data Field,1,0,1,0,0,0,0.001164116158650781,0.0012298941735776805,0.0,0,0,0,DLG9,0
ce4809a4-64ee-4441-ada3-a0ddf95b2b44,Data Field,1,0,1,0,0,0,0.001164116158650781,0.0012298941735776805,0.0,0,0,0,DLG9,0
475a2ff5-b32b-4a82-a00e-335a0d8dcf4c,Data Field,1,0,1,0,0,0,0.001164116158650781,0.0012298941735776805,0.0,0,0,0,DLG9,0
59ed7421-d4fa-4758-9fea-ecab9e43a8a1,Data Field,1,0,1,0,0,0,0.001164116158650781,0.0012298941735776805,0.0,0,0,0,DLG9,0
9865f127-6bf3-46df-ab5b-d7a0b8aed888,Data Field,1,0,1,0,0,0,0.001164116158650781,0.0012298941735776805,0.0,0,0,0,DLG9,0
2f189d2b-22cd-4fce-bd38-f90bc2a549fb,Data Field,1,0,1,0,0,0,0.001164116158650781,0.0012298941735776805,0.0,0,0,0,DLG9,0
e1f6124f-3bc1-4eee-83a9-ea8c093cb6bd,Data Field,1,0,1,0,0,0,0.001164116158650781,0.0012298941735776805,0.0,0,0,0,DLG9,0
f0f3d31f-463e-4588-9241-b98e9eb53c38,Data Field,1,0,1,0,0,0,0.001164116158650781,0.0012298941735776805,0.0,0,0,0,DLG9,0
575e0d0a-cc11-4a24-85f3-92a6964e4d7f,Data Field,1,0,1,0,0,0,0.001164116158650781,0.0012298941735776805,0.0,0,0,0,DLG9,0
bdbc541d-d306-4d93-8c29-fee8998de9dc,Data Field,1,0,1,0,0,0,0.001164116158650781,0.0012298941735776805,0.0,0,0,0,DLG9,0
911923b8-52f5-4b88-9c30-300dfaf6e4d6,Data Field,1,0,1,0,0,0,0.001164116158650781,0.0012298941735776805,0.0,0,0,0,DLG9,0
d2fc6080-b739-46bf-bfc7-01068449052b,Data Field,1,0,1,0,0,0,0.001164116158650781,0.0012298941735776805,0.0,0,0,0,DLG9,0
94c0a336-5062-470b-968d-0aa708d27c97,Data Field,1,0,1,0,0,0,0.001164116158650781,0.0012298941735776805,0.0,0,0,0,DLG9,0
e0d3f8b2-3754-42f2-9789-51370ad1716b,Data Field,1,0,1,0,0,0,0.001164116158650781,0.0012298941735776805,0.0,0,0,0,DLG9,0
42679e1c-afa5-43ef-b61b-e9a558eabfe5,Data Field,1,0,1,0,0,0,0.001164116158650781,0.0012298941735776805,0.0,0,0,0,DLG9,0
7d2c7839-5ad2-44b2-82c3-dbd1132d65d8,Data Field,1,0,1,0,0,0,0.001164116158650781,0.0012298941735776805,0.0,0,0,0,DLG9,0
7deea575-f9f9-43af-a40b-d9dba7077e16,Data Field,1,0,1,0,0,0,0.001164116158650781,0.0012298941735776805,0.0,0,0,0,DLG9,0
cbb6a1e5-5a04-41c2-b050-6e68b0870577,Data Field,1,0,1,0,0,0,0.001164116158650781,0.0012298941735776805,0.0,0,0,0,DLG9,0
9d553aec-f04a-4b6d-8428-fcdd248bd35d,Data Field,1,0,1,0,0,0,0.001164116158650781,0.0012298941735776805,0.0,0,0,0,DLG9,0
847128b6-fe49-4a82-b635-35ca3aaf58ba,Data Field,1,0,1,0,0,0,0.001164116158650781,0.0012298941735776805,0.0,0,0,0,DLG9,0
ca225d7b-5ccd-49f0-82d2-dd64d1bf1d8c,Data Field,1,0,1,0,0,0,0.001164116158650781,0.0012298941735776805,0.0,0,0,0,DLG9,0
906a4043-b9cf-4fd2-8dcf-7772ecbb5623,Data Field,1,0,1,0,0,0,0.001164116158650781,0.0012298941735776805,0.0,0,0,0,DLG9,0
33d9cb0d-b7ce-4a55-aa14-57fba4af8513,Data Field,1,0,1,0,0,0,0.001164116158650781,0.0012298941735776805,0.0,0,0,0,DLG9,0
1770d04b-c66b-4b7a-a1ac-164e0ea619b5,Data Field,1,0,1,0,0,0,0.001164116158650781,0.0012298941735776805,0.0,0,0,0,DLG9,0
1749c236-e0a7-40cd-80ed-a6b32c487cce,Data Field,1,0,1,0,0,0,0.001164116158650781,0.0012298941735776805,0.0,0,0,0,DLG9,0
411276d2-fe10-4a45-ac84-cf9d07e4f5d8,Data Field,1,0,1,0,0,0,0.001164116158650781,0.0012298941735776805,0.0,0,0,0,DLG9,0
2d51c18c-754c-4069-b240-8348c94a327a,Data Field,1,0,1,0,0,0,0.001164116158650781,0.0012298941735776805,0.0,0,0,0,DLG9,0
cbcae8f9-c0b8-452a-baf3-ee05e9bacb66,Data Field,1,0,1,0,0,0,0.001164116158650781,0.0012298941735776805,0.0,0,0,0,DLG9,0
bf187915-0d5a-4c62-a7b0-733fa2e5ede2,Data Field,1,0,1,0,0,0,0.001164116158650781,0.0012298941735776805,0.0,0,0,0,DLG9,0
5593d402-f0e7-47b8-91c2-d5b1259b0304,Data Field,1,0,1,0,0,0,0.001164116158650781,0.0012298941735776805,0.0,0,0,0,DLG9,0
45cba78a-c843-493b-a76c-e26d3431cde1,Data Field,1,0,1,0,0,0,0.001164116158650781,0.0012298941735776805,0.0,0,0,0,DLG9,0
37b616d6-83fd-4670-96ac-e402327772db,Data Job,2,1,3,2,1,0,0.002756565207923614,0.001578454079453859,1.7859129528460426e-05,1,30,0,DLG9,0
e7fa8da5-465d-44ea-85e5-89fa5a118477,Data Field,1,0,1,0,0,0,0.001164116158650781,0.0012298941735776805,0.0,0,0,0,DLG9,0
04eedcd4-d4af-43af-96a1-486541ee7592,Data Field,1,0,1,0,0,0,0.001164116158650781,0.0012298941735776805,0.0,0,0,0,DLG9,0
2aadc5ca-9ae8-4cd0-ba84-a918fc979a0d,Data Field,1,0,1,0,0,0,0.001164116158650781,0.0012298941735776805,0.0,0,0,0,DLG9,0
bacc9aa9-f175-4118-89b8-58142e1825bf,Data Field,1,0,1,0,0,0,0.001164116158650781,0.0012298941735776805,0.0,0,0,0,DLG9,0
5c988dfd-02f4-4c49-a8aa-d2648845773c,Data Field,1,0,1,0,0,0,0.001164116158650781,0.0012298941735776805,0.0,0,0,0,DLG9,0
2dca2446-6e07-4c7b-8d43-df0ec059f054,Data Field,1,0,1,0,0,0,0.001164116158650781,0.0012298941735776805,0.0,0,0,0,DLG9,0
36e7e261-26de-4f47-8f55-f7d29862e6e0,Data Field,1,0,1,0,0,0,0.001164116158650781,0.0012298941735776805,0.0,0,0,0,DLG9,0
13d2db8f-f2b5-4778-b4b2-e7a1fbe65a85,Data Field,1,0,1,0,0,0,0.001164116158650781,0.0012298941735776805,0.0,0,0,0,DLG9,0
2fe8850c-d275-440d-91b6-041a67b116f6,Data Field,1,0,1,0,0,0,0.001164116158650781,0.0012298941735776805,0.0,0,0,0,DLG9,0
875643a0-3a47-4b3e-b1c8-ac2fdc7c3a5e,Data Field,1,0,1,0,0,0,0.001164116158650781,0.0012298941735776805,0.0,0,0,0,DLG9,0
655aac2d-8dd9-4c0a-9f48-da536082198f,Data Field,1,0,1,0,0,0,0.001164116158650781,0.0012298941735776805,0.0,0,0,0,DLG9,0
c79506b1-271b-4dc2-9a74-aa51a633f5de,Data Field,1,0,1,0,0,0,0.001164116158650781,0.0012298941735776805,0.0,0,0,0,DLG9,0
acff5113-fd49-45b5-96d4-1595363d35ce,Data Field,1,0,1,0,0,0,0.001164116158650781,0.0012298941735776805,0.0,0,0,0,DLG9,0
367404ba-b807-4a91-8314-a21f5f4066d1,Data Field,1,0,1,0,0,0,0.001164116158650781,0.0012298941735776805,0.0,0,0,0,DLG9,0
254b24e6-43cb-49a5-a975-c0267745a75e,Data Field,1,0,1,0,0,0,0.001164116158650781,0.0012298941735776805,0.0,0,0,0,DLG9,0
3df3f191-1f11-4602-906d-1abea901c068,Data Field,1,0,1,0,0,0,0.001164116158650781,0.0012298941735776805,0.0,0,0,0,DLG9,0
ad81b65f-c3bb-4087-bbfe-e43a863a1472,Data Field,1,0,1,0,0,0,0.001164116158650781,0.0012298941735776805,0.0,0,0,0,DLG9,0
26ef0607-467f-481e-b284-868f4bee1c43,Data Table,0,36,36,0,4,32,0.001164116158650781,0.0033417835108265157,0.0,6,0,0,DLG9,1
2a6f0790-dc80-4092-bb75-8a4b4d6f5c0a,Data Field,1,0,1,0,0,0,0.001164116158650781,0.0012298941735776805,0.0,0,0,0,DLG9,0
9148a199-14f4-433c-bc29-b668b4079f21,Data Field,1,0,1,0,0,0,0.001164116158650781,0.0012298941735776805,0.0,0,0,0,DLG9,0
05a12e63-f839-4b59-9fa1-6887164307cd,Data Field,1,0,1,0,0,0,0.001164116158650781,0.0012298941735776805,0.0,0,0,0,DLG9,0
69af7f0a-365d-4f05-9d25-d1d20ad97aa0,Data Field,1,0,1,0,0,0,0.001164116158650781,0.0012298941735776805,0.0,0,0,0,DLG9,0
212bae3e-12cb-4cca-a188-7ee4083c4138,Data Field,1,0,1,0,0,0,0.001164116158650781,0.0012298941735776805,0.0,0,0,0,DLG9,0
ca2771d4-3629-45e4-abc3-8a62c8360607,Data Field,1,0,1,0,0,0,0.001164116158650781,0.0012298941735776805,0.0,0,0,0,DLG9,0
949d3ecb-f5c8-4b8d-b1ff-f8792fa3fb7d,Data Field,1,0,1,0,0,0,0.001164116158650781,0.0012298941735776805,0.0,0,0,0,DLG9,0
ce0c15c6-bb34-4b02-93b5-48ea77c770bd,Data Field,1,0,1,0,0,0,0.001164116158650781,0.0012298941735776805,0.0,0,0,0,DLG9,0
9107c03a-4a12-4a30-bbc7-bb73a04e2167,Data Field,1,0,1,0,0,0,0.001164116158650781,0.0012298941735776805,0.0,0,0,0,DLG9,0
e3a69106-faad-4f78-b3ed-4ab76e60f4f2,Data Field,1,0,1,0,0,0,0.001164116158650781,0.0012298941735776805,0.0,0,0,0,DLG9,0
eec6d43d-c08e-4b55-875b-d417dc9dc8a6,Data Field,1,0,1,0,0,0,0.001164116158650781,0.0012298941735776805,0.0,0,0,0,DLG9,0
32cd8222-ecac-471c-aeb8-c46af6593285,Data Field,1,0,1,0,0,0,0.001164116158650781,0.0012298941735776805,0.0,0,0,0,DLG9,0
484258fc-42ad-457d-9341-9328c94acdd7,Data Field,1,0,1,0,0,0,0.001164116158650781,0.0012298941735776805,0.0,0,0,0,DLG9,0
64d1d6c7-5240-4c10-afe2-f7f5a2dd47f6,Data Field,1,0,1,0,0,0,0.001164116158650781,0.0012298941735776805,0.0,0,0,0,DLG9,0
7536d11c-db0a-4d50-83c3-65e9d56f0b3d,Data Field,1,0,1,0,0,0,0.001164116158650781,0.0012298941735776805,0.0,0,0,0,DLG9,0
067e8cdf-2432-4daf-a236-ed14d066ca1e,Data Field,1,0,1,0,0,0,0.001164116158650781,0.0012298941735776805,0.0,0,0,0,DLG9,0
cc3d55e5-b812-4565-981c-70df00a718f9,Data Field,1,0,1,0,0,0,0.001164116158650781,0.0012298941735776805,0.0,0,0,0,DLG9,0
3009e807-2ee1-418c-b795-00474a2fb4b8,Data Field,1,0,1,0,0,0,0.001164116158650781,0.0012298941735776805,0.0,0,0,0,DLG9,0
8a662a73-2e99-4b6d-8e38-bcf55e8a8dfe,Data Field,1,0,1,0,0,0,0.001164116158650781,0.0012298941735776805,0.0,0,0,0,DLG9,0
b262614c-b35e-4edf-82a6-e8a78b0fd467,Data Field,1,0,1,0,0,0,0.001164116158650781,0.0012298941735776805,0.0,0,0,0,DLG9,0
efcd0161-9ad9-4d63-a002-1393c7672cf4,Data Field,1,0,1,0,0,0,0.001164116158650781,0.0012298941735776805,0.0,0,0,0,DLG9,0
be722002-3995-4b62-92c4-86d665d50c05,Data Field,1,0,1,0,0,0,0.001164116158650781,0.0012298941735776805,0.0,0,0,0,DLG9,0
2200eda4-b8cd-4d63-aa96-20b73986e2bf,Data Field,1,0,1,0,0,0,0.001164116158650781,0.0012298941735776805,0.0,0,0,0,DLG9,0
c9b738b5-79f3-4702-8451-b17b3247c82b,Data Field,1,0,1,0,0,0,0.001164116158650781,0.0012298941735776805,0.0,0,0,0,DLG9,0
a0321548-024b-4689-97db-14802df52af9,Data Field,1,0,1,0,0,0,0.001164116158650781,0.0012298941735776805,0.0,0,0,0,DLG9,0
b55bbc64-bfa5-41f8-9726-61ca24af6c05,Data Field,1,0,1,0,0,0,0.001164116158650781,0.0012298941735776805,0.0,0,0,0,DLG9,0
fb57426a-1a1d-4505-83c1-830b99a31425,Data Field,1,0,1,0,0,0,0.001164116158650781,0.0012298941735776805,0.0,0,0,0,DLG9,0
3559c7ae-e76e-4e7f-be43-08be85f56078,Data Field,1,0,1,0,0,0,0.001164116158650781,0.0012298941735776805,0.0,0,0,0,DLG9,0
102a05e7-a904-4191-9e69-b5fbf286dcb3,Data Field,1,0,1,0,0,0,0.001164116158650781,0.0012298941735776805,0.0,0,0,0,DLG9,0
20c0e22c-ab90-4ade-8148-8bc95678bbce,Data Field,1,0,1,0,0,0,0.001164116158650781,0.0012298941735776805,0.0,0,0,0,DLG9,0
f1cd8673-4bb1-4c76-8da3-01720e1bb7a9,Data Field,1,0,1,0,0,0,0.001164116158650781,0.0012298941735776805,0.0,0,0,0,DLG9,0
cd041bf7-5429-4567-bc46-51d32814e111,Data Field,1,0,1,0,0,0,0.001164116158650781,0.0012298941735776805,0.0,0,0,0,DLG9,0
33388f2b-6f9d-45db-9fc7-c052d9b998c9,Data Field,1,0,1,0,0,0,0.001164116158650781,0.0012298941735776805,0.0,0,0,0,DLG9,0
fb4371b7-9ff1-425d-99bc-d45f30635b8e,Data Job,3,1,4,3,1,0,0.003086412549319849,0.001578454079453859,1.9615765219784406e-05,1,31,0,DLG9,0
e034990d-ee76-4bc2-b6db-c9c1e1f5c57e,Data Field,1,0,1,0,0,0,0.001164116158650781,0.0012298941735776805,0.0,0,0,0,DLG9,0
adc45487-b922-4ab5-9381-a13daed3088b,Data Field,1,0,1,0,0,0,0.001164116158650781,0.0012298941735776805,0.0,0,0,0,DLG9,0
a6592609-ac24-4b43-9742-7c4ea0d46e7d,Data Field,1,0,1,0,0,0,0.001164116158650781,0.0012298941735776805,0.0,0,0,0,DLG9,0
8cbbc914-8881-49f7-a2e2-234ce54fec40,Data Field,1,0,1,0,0,0,0.001164116158650781,0.0012298941735776805,0.0,0,0,0,DLG9,0
1207ef07-2be5-4ff4-8623-71a827074ff7,Data Field,1,0,1,0,0,0,0.001164116158650781,0.0012298941735776805,0.0,0,0,0,DLG9,0
4ab59e2a-5f5d-47e2-a635-bf22c99bbe6f,Data Field,1,0,1,0,0,0,0.001164116158650781,0.0012298941735776805,0.0,0,0,0,DLG9,0
983fee47-d455-40e1-b30a-ca751cd76469,Data Field,1,0,1,0,0,0,0.001164116158650781,0.0012298941735776805,0.0,0,0,0,DLG9,0
839971d6-7ff7-4f7b-bafb-f75b1003d1fd,Data Field,1,0,1,0,0,0,0.001164116158650781,0.0012298941735776805,0.0,0,0,0,DLG9,0
9df14d01-d5fd-4c27-a09e-f1eaf2506080,Data Field,1,0,1,0,0,0,0.001164116158650781,0.0012298941735776805,0.0,0,0,0,DLG9,0
cfc7bac9-2690-46a1-ae22-76faada4ee1b,Data Field,1,0,1,0,0,0,0.001164116158650781,0.0012298941735776805,0.0,0,0,0,DLG9,0
0099ffe8-4d5d-4138-9226-5bb4c264788b,Data Field,1,0,1,0,0,0,0.001164116158650781,0.0012298941735776805,0.0,0,0,0,DLG9,0
329ce867-6f1e-4917-ac81-7847e14734e6,Data Field,1,0,1,0,0,0,0.001164116158650781,0.0012298941735776805,0.0,0,0,0,DLG9,0
2c99ceec-0cad-4480-b20d-f8a76fda000a,Data Field,1,0,1,0,0,0,0.001164116158650781,0.0012298941735776805,0.0,0,0,0,DLG9,0
203b1d5b-451f-4550-8dd8-0f7be2613b4a,Data Table,0,26,26,0,1,25,0.001164116158650781,0.0018196399986546645,0.0,15,0,0,DLG9,0
b735e269-5d5e-4736-b129-e7cfd4473c69,Data Field,1,0,1,0,0,0,0.001164116158650781,0.0012298941735776805,0.0,0,0,0,DLG9,0
a5ef3b50-2e9c-4b57-9f16-1adef33145e3,Data Field,1,0,1,0,0,0,0.001164116158650781,0.0012298941735776805,0.0,0,0,0,DLG9,0
8f8b8846-7e5f-4d35-89f7-7bcafe7dd5d2,Data Field,1,0,1,0,0,0,0.001164116158650781,0.0012298941735776805,0.0,0,0,0,DLG9,0
a65ee98a-d2f5-422b-ba51-34a8da93bbf5,Data Field,1,0,1,0,0,0,0.001164116158650781,0.0012298941735776805,0.0,0,0,0,DLG9,0
ee9c4d26-30be-477c-97c7-b9cf8fdc997b,Data Field,1,0,1,0,0,0,0.001164116158650781,0.0012298941735776805,0.0,0,0,0,DLG9,0
011c0eeb-f59b-4813-8245-c18dd2bed185,Data Field,1,0,1,0,0,0,0.001164116158650781,0.0012298941735776805,0.0,0,0,0,DLG9,0
ab16285a-98a9-4935-ba2f-430ab805fc05,Data Field,1,0,1,0,0,0,0.001164116158650781,0.0012298941735776805,0.0,0,0,0,DLG9,0
b7b22594-d4a4-486d-843c-2793aef86020,Data Field,1,0,1,0,0,0,0.001164116158650781,0.0012298941735776805,0.0,0,0,0,DLG9,0
02e2cc0c-2754-449e-b906-062a42c42712,Data Field,1,0,1,0,0,0,0.001164116158650781,0.0012298941735776805,0.0,0,0,0,DLG9,0
f08d26c4-197c-4063-8bc0-7d21a4cb5afd,Data Field,1,0,1,0,0,0,0.001164116158650781,0.0012298941735776805,0.0,0,0,0,DLG9,0
c8e9656c-1448-478f-9181-446b6d46fde4,Data Field,1,0,1,0,0,0,0.001164116158650781,0.0012298941735776805,0.0,0,0,0,DLG9,0
5ba0437b-7410-45c7-9a51-7a21a5ac4036,Data Field,1,0,1,0,0,0,0.001164116158650781,0.0012298941735776805,0.0,0,0,0,DLG9,0
86c9ae99-75bb-4416-9869-fc7d8df8bec9,Data Field,1,0,1,0,0,0,0.001164116158650781,0.0012298941735776805,0.0,0,0,0,DLG9,0
40118a18-e97f-4ae0-8d21-fde74a250205,Data Field,1,0,1,0,0,0,0.001164116158650781,0.0012298941735776805,0.0,0,0,0,DLG9,0
7b542eae-3bc3-43b7-aa44-924a1b4671a4,Data Field,1,0,1,0,0,0,0.001164116158650781,0.0012298941735776805,0.0,0,0,0,DLG9,0
64a3141d-70c2-4d17-bfd3-aa0e368281a6,Data Field,1,0,1,0,0,0,0.001164116158650781,0.0012298941735776805,0.0,0,0,0,DLG9,0
617db307-baf9-4f35-a2a1-336160093fde,Data Field,1,0,1,0,0,0,0.001164116158650781,0.0012298941735776805,0.0,0,0,0,DLG9,0
e338bfee-ca38-4bb0-89bc-17a81dec97d0,Data Field,1,0,1,0,0,0,0.001164116158650781,0.0012298941735776805,0.0,0,0,0,DLG9,0
21a99a41-7516-4c8f-95b0-805d5d3ac696,Data Field,1,0,1,0,0,0,0.001164116158650781,0.0012298941735776805,0.0,0,0,0,DLG9,0
06c81359-04c2-498f-a30c-6938dfb340a1,Data Field,1,0,1,0,0,0,0.001164116158650781,0.0012298941735776805,0.0,0,0,0,DLG9,0
e7fe0600-2bdf-4abc-95e6-58fd5f6fb5ff,Data Field,1,0,1,0,0,0,0.001164116158650781,0.0012298941735776805,0.0,0,0,0,DLG9,0
8726e62d-ed3b-4dd5-a393-ea71c1ada73f,Data Field,1,0,1,0,0,0,0.001164116158650781,0.0012298941735776805,0.0,0,0,0,DLG9,0
b2f2d839-64d8-4833-8f74-168c7b0a0cb4,Data Field,1,0,1,0,0,0,0.001164116158650781,0.0012298941735776805,0.0,0,0,0,DLG9,0
848fc115-b38a-43c8-85a3-208e52b3e6c7,Data Field,1,0,1,0,0,0,0.001164116158650781,0.0012298941735776805,0.0,0,0,0,DLG9,0
bcbf0469-8a16-463a-bae7-45562d35ae9e,Data Field,1,0,1,0,0,0,0.001164116158650781,0.0012298941735776805,0.0,0,0,0,DLG9,0
07522e43-aa9c-42d2-a849-238c8931f75b,Data Table,0,28,28,0,1,27,0.001164116158650781,0.0018196399986546645,0.0,15,0,0,DLG9,0
4263b68d-3e2a-40b9-846f-f53f642c8296,Data Field,1,0,1,0,0,0,0.001164116158650781,0.0012298941735776805,0.0,0,0,0,DLG9,0
eb6f6d6a-4f7f-4b81-ae63-6cd0dbde89d7,Data Field,1,0,1,0,0,0,0.001164116158650781,0.0012298941735776805,0.0,0,0,0,DLG9,0
ecb232d7-ba2a-4dbb-8437-a49ed8763ba4,Data Field,1,0,1,0,0,0,0.001164116158650781,0.0012298941735776805,0.0,0,0,0,DLG9,0
84c18128-3cb8-4e10-ad6a-8885438ddc5c,Data Field,1,0,1,0,0,0,0.001164116158650781,0.0012298941735776805,0.0,0,0,0,DLG9,0
9c669393-953d-4e19-81b3-d91f19ab8852,Data Field,1,0,1,0,0,0,0.001164116158650781,0.0012298941735776805,0.0,0,0,0,DLG9,0
10394ac0-8c97-48f1-842b-cc3650953d99,Data Field,1,0,1,0,0,0,0.001164116158650781,0.0012298941735776805,0.0,0,0,0,DLG9,0
5e91dc63-d444-452a-90f8-57a152bc2821,Data Field,1,0,1,0,0,0,0.001164116158650781,0.0012298941735776805,0.0,0,0,0,DLG9,0
5938b4f0-7207-4070-bdb9-cfe84ec2e607,Data Field,1,0,1,0,0,0,0.001164116158650781,0.0012298941735776805,0.0,0,0,0,DLG9,0
a6fcbfd7-75f3-47c5-9550-958695c68491,Data Field,1,0,1,0,0,0,0.001164116158650781,0.0012298941735776805,0.0,0,0,0,DLG9,0
92703805-96ad-4c53-85b9-a1b6614ad040,Data Field,1,0,1,0,0,0,0.001164116158650781,0.0012298941735776805,0.0,0,0,0,DLG9,0
d3a99c48-15bf-4111-905e-528bab742fbd,Data Field,1,0,1,0,0,0,0.001164116158650781,0.0012298941735776805,0.0,0,0,0,DLG9,0
06a8d277-c707-47db-9b92-1bf1e8069505,Data Field,1,0,1,0,0,0,0.001164116158650781,0.0012298941735776805,0.0,0,0,0,DLG9,0
9a728f17-e33a-4aed-bdd2-5cad84e007d9,Data Field,1,0,1,0,0,0,0.001164116158650781,0.0012298941735776805,0.0,0,0,0,DLG9,0
043b6f48-763e-4bd1-ab0a-0c809e9a28e3,Data Field,1,0,1,0,0,0,0.001164116158650781,0.0012298941735776805,0.0,0,0,0,DLG9,0
31594351-76d3-4409-8a0c-617d853becab,Data Field,1,0,1,0,0,0,0.001164116158650781,0.0012298941735776805,0.0,0,0,0,DLG9,0
ed78e256-593a-4138-a3c8-b83a3d055b9e,Data Field,1,0,1,0,0,0,0.001164116158650781,0.0012298941735776805,0.0,0,0,0,DLG9,0
5c3dd3a7-bfa6-4bae-976a-a22d4b93e43a,Data Field,1,0,1,0,0,0,0.001164116158650781,0.0012298941735776805,0.0,0,0,0,DLG9,0
7ee1bce3-4e62-4e71-992f-8d712685b4ce,Data Field,1,0,1,0,0,0,0.001164116158650781,0.0012298941735776805,0.0,0,0,0,DLG9,0
8de7ed89-f339-4c46-aa06-ae5474c69e95,Data Field,1,0,1,0,0,0,0.001164116158650781,0.0012298941735776805,0.0,0,0,0,DLG9,0
ac0e287f-48d1-4665-a425-fcf7c742937b,Data Field,1,0,1,0,0,0,0.001164116158650781,0.0012298941735776805,0.0,0,0,0,DLG9,0
86167a40-5243-40bc-b2c3-fea56ec4cf36,Data Field,1,0,1,0,0,0,0.001164116158650781,0.0012298941735776805,0.0,0,0,0,DLG9,0
0aa3ffe6-691a-4470-aa98-3d1aff9b45d7,Data Field,1,0,1,0,0,0,0.001164116158650781,0.0012298941735776805,0.0,0,0,0,DLG9,0
0dbcb89e-95b2-4d93-b489-5887d66ca669,Data Field,1,0,1,0,0,0,0.001164116158650781,0.0012298941735776805,0.0,0,0,0,DLG9,0
4fcf36b0-acd9-4977-9ab7-bea01a871865,Data Field,1,0,1,0,0,0,0.001164116158650781,0.0012298941735776805,0.0,0,0,0,DLG9,0
8b8d5ab4-553e-433e-a08f-28584d4d2888,Data Field,1,0,1,0,0,0,0.001164116158650781,0.0012298941735776805,0.0,0,0,0,DLG9,0
9211b48a-4cfd-418c-9d05-baed0644b806,Data Field,1,0,1,0,0,0,0.001164116158650781,0.0012298941735776805,0.0,0,0,0,DLG9,0
456f53e5-39c4-4d40-857a-c2f8fa7d759c,Data Field,1,0,1,0,0,0,0.001164116158650781,0.0012298941735776805,0.0,0,0,0,DLG9,0
81b662ed-bcbf-4efd-b38f-dda5006c74d1,Data Field,1,0,1,0,0,0,0.001164116158650781,0.0012298941735776805,0.0,0,0,0,DLG9,0
ad4ed50d-3f5d-40a9-9389-174782716428,Data Field,1,0,1,0,0,0,0.001164116158650781,0.0012298941735776805,0.0,0,0,0,DLG9,0
790b9e1a-2a96-4d0a-b488-7781e25dc57e,Data Field,1,0,1,0,0,0,0.001164116158650781,0.0012298941735776805,0.0,0,0,0,DLG9,0
a57272cc-06fd-41fc-a054-e45eb33da577,Data Field,1,0,1,0,0,0,0.001164116158650781,0.0012298941735776805,0.0,0,0,0,DLG9,0
042a8319-5a07-4d93-9eb7-f88c8426aebf,Data Field,1,0,1,0,0,0,0.001164116158650781,0.0012298941735776805,0.0,0,0,0,DLG9,0
ae0df010-12fe-4b6e-8ffe-9b9487af9c23,Data Field,1,0,1,0,0,0,0.001164116158650781,0.0012298941735776805,0.0,0,0,0,DLG9,0
f229cee8-2c0b-498f-a1cf-f8a22e0b56cb,Data Field,1,0,1,0,0,0,0.001164116158650781,0.0012298941735776805,0.0,0,0,0,DLG9,0
283146a9-c620-44f3-8878-dc515a97e9db,Data Field,1,0,1,0,0,0,0.001164116158650781,0.0012298941735776805,0.0,0,0,0,DLG9,0
2f25027e-9a2e-43f0-8253-0916e9e5ff44,Data Field,1,0,1,0,0,0,0.001164116158650781,0.0012298941735776805,0.0,0,0,0,DLG9,0
a39249e3-7390-462c-93b5-32c8263e2c8e,Data Field,1,0,1,0,0,0,0.001164116158650781,0.0012298941735776805,0.0,0,0,0,DLG9,0
2b8474dc-dd93-4104-9e6a-2473e62855dc,Data Field,1,0,1,0,0,0,0.001164116158650781,0.0012298941735776805,0.0,0,0,0,DLG9,0
9eb8d686-b2a3-48fa-a728-91ee42e7c45a,Data Field,1,0,1,0,0,0,0.001164116158650781,0.0012298941735776805,0.0,0,0,0,DLG9,0
91eb5ef2-20e3-4671-b9f3-fe553910df51,Data Field,1,0,1,0,0,0,0.001164116158650781,0.0012298941735776805,0.0,0,0,0,DLG9,0
1f1ffeea-094d-4ecd-b14d-27d5ca00003e,Data Field,1,0,1,0,0,0,0.001164116158650781,0.0012298941735776805,0.0,0,0,0,DLG9,0
60e4ea10-1191-413a-84b9-316521f69d6c,Data Field,1,0,1,0,0,0,0.001164116158650781,0.0012298941735776805,0.0,0,0,0,DLG9,0
661fdc36-b960-4bc3-a540-69d23ac554f6,Data Field,1,0,1,0,0,0,0.001164116158650781,0.0012298941735776805,0.0,0,0,0,DLG9,0
e8504447-c358-4488-b386-53ef3dcecfbb,Data Field,1,0,1,0,0,0,0.001164116158650781,0.0012298941735776805,0.0,0,0,0,DLG9,0
f4b3bc95-3e75-46ec-9c3d-b7a6b34812cc,Data Field,1,0,1,0,0,0,0.001164116158650781,0.0012298941735776805,0.0,0,0,0,DLG9,0
26034e07-1f50-4f7c-b79f-a582251d6634,Data Field,1,0,1,0,0,0,0.001164116158650781,0.0012298941735776805,0.0,0,0,0,DLG9,0
8d0c4aa0-82c5-4db6-b8e2-41ee5fc3ed6c,Data Job,3,1,4,3,1,0,0.003779933395228632,0.0020784150014329385,6.763047411597309e-05,14,5,0,DLG9,0
684bd348-2890-4411-b98b-608cdf020925,Data Field,1,0,1,0,0,0,0.001164116158650781,0.0012298941735776805,0.0,0,0,0,DLG9,0
e0fcb192-445c-4631-96d6-033d25e0a480,Data Field,1,0,1,0,0,0,0.001164116158650781,0.0012298941735776805,0.0,0,0,0,DLG9,0
df212c1f-5900-4fd0-9506-94c5190690b9,Data Field,1,0,1,0,0,0,0.001164116158650781,0.0012298941735776805,0.0,0,0,0,DLG9,0
a0bc26fe-e222-4365-bf17-9dbd779eb91f,Data Field,1,0,1,0,0,0,0.001164116158650781,0.0012298941735776805,0.0,0,0,0,DLG9,0
77fa541a-f0b1-409d-9389-21f26fe4de06,Data Field,1,0,1,0,0,0,0.001164116158650781,0.0012298941735776805,0.0,0,0,0,DLG9,0
8ed19944-0f04-4878-b82e-b43308f20340,Data Field,1,0,1,0,0,0,0.001164116158650781,0.0012298941735776805,0.0,0,0,0,DLG9,0
c08753b3-95eb-4eee-8eda-2327c846117e,Data Field,1,0,1,0,0,0,0.001164116158650781,0.0012298941735776805,0.0,0,0,0,DLG9,0
e973bf5b-8599-47bc-89a0-4e31e44cfbe7,Data Field,1,0,1,0,0,0,0.001164116158650781,0.0012298941735776805,0.0,0,0,0,DLG9,0
940da9b0-e665-43a5-a7d1-6aa88107e674,Data Field,1,0,1,0,0,0,0.001164116158650781,0.0012298941735776805,0.0,0,0,0,DLG9,0
5dc065b4-03ea-4008-8325-33456fd6345b,Data Field,1,0,1,0,0,0,0.001164116158650781,0.0012298941735776805,0.0,0,0,0,DLG9,0
99011b30-6fd6-4906-a128-1c9fea99bb08,Data Field,1,0,1,0,0,0,0.001164116158650781,0.0012298941735776805,0.0,0,0,0,DLG9,0
82c42180-b46f-4b27-9f6b-951ab33bffb3,Data Field,1,0,1,0,0,0,0.001164116158650781,0.0012298941735776805,0.0,0,0,0,DLG9,0
54a2eb81-f570-4dfb-bcbd-dbc5b32eb7b1,Data Field,1,0,1,0,0,0,0.001164116158650781,0.0012298941735776805,0.0,0,0,0,DLG9,0
0a17d062-4785-405e-b4a5-29d076ef4366,Data Field,1,0,1,0,0,0,0.001164116158650781,0.0012298941735776805,0.0,0,0,0,DLG9,0
520d6cc9-7585-4503-8001-d6c1eda9495d,Data Field,1,0,1,0,0,0,0.001164116158650781,0.0012298941735776805,0.0,0,0,0,DLG9,0
40f3db6c-e1e6-41e9-8420-49978e68353a,Data Field,1,0,1,0,0,0,0.001164116158650781,0.0012298941735776805,0.0,0,0,0,DLG9,0
97b5f59a-19a0-470a-b8b8-2e2773fc0981,Data Field,1,0,1,0,0,0,0.001164116158650781,0.0012298941735776805,0.0,0,0,0,DLG9,0
894d6949-c6a5-47a7-b906-809dbd25a164,Data Field,1,0,1,0,0,0,0.001164116158650781,0.0012298941735776805,0.0,0,0,0,DLG9,0
17f2fb54-7f6e-494e-ae3f-3dc4d4a09a6d,Data Field,1,0,1,0,0,0,0.001164116158650781,0.0012298941735776805,0.0,0,0,0,DLG9,0
12279264-d6cc-45e7-a407-d3d96ac0db56,Data Field,1,0,1,0,0,0,0.001164116158650781,0.0012298941735776805,0.0,0,0,0,DLG9,0
cd8a162c-b6a6-4f9c-9bab-a9af8bbb2e1b,Data Field,1,0,1,0,0,0,0.001164116158650781,0.0012298941735776805,0.0,0,0,0,DLG9,0
7f440a66-2fa8-4b89-b412-dce040dd7d75,Data Field,1,0,1,0,0,0,0.001164116158650781,0.0012298941735776805,0.0,0,0,0,DLG9,0
a0007333-41dd-457f-a035-2b85b5458e0d,Data Field,1,0,1,0,0,0,0.001164116158650781,0.0012298941735776805,0.0,0,0,0,DLG9,0
e5b3b867-2ec9-49b0-b099-18b1355d132a,Data Field,1,0,1,0,0,0,0.001164116158650781,0.0012298941735776805,0.0,0,0,0,DLG9,0
ba5d39d5-20a0-4a8e-856d-22226f6ea79f,Data Field,1,0,1,0,0,0,0.001164116158650781,0.0012298941735776805,0.0,0,0,0,DLG9,0
f985461c-2ec8-46fa-b021-01bf4ee13cba,Data Field,1,0,1,0,0,0,0.001164116158650781,0.0012298941735776805,0.0,0,0,0,DLG9,0
3f9b4521-53d6-4cfd-bb5b-f35328913202,Data Field,1,0,1,0,0,0,0.001164116158650781,0.0012298941735776805,0.0,0,0,0,DLG9,0
02316124-eb53-4cad-a1ff-f598d5dc7cad,Data Field,1,0,1,0,0,0,0.001164116158650781,0.0012298941735776805,0.0,0,0,0,DLG9,0
5b071fc9-c7a7-4617-8f27-d885f0032956,Data Field,1,0,1,0,0,0,0.001164116158650781,0.0012298941735776805,0.0,0,0,0,DLG9,0
ebda1v9p-y1gg-tgvq-mjpg-dr60072su47y,Data Field,1,0,1,0,0,0,0.001164116158650781,0.0012298941735776805,0.0,0,0,0,DLG9,0
dx5e16ii-cvhp-acs8-nvtk-7zws2xdupdki,Data Field,1,0,1,0,0,0,0.001164116158650781,0.0012298941735776805,0.0,0,0,0,DLG9,0
4xw46w7e-jzsm-68yx-wpxo-tox7vcx00mac,Data Field,1,0,1,0,0,0,0.001164116158650781,0.0012298941735776805,0.0,0,0,0,DLG9,0
89lzpao0-hzuq-hc4f-nil5-70ce6xw69iww,Data Field,1,0,1,0,0,0,0.001164116158650781,0.0012298941735776805,0.0,0,0,0,DLG9,0
u9bns59e-54cm-ebu5-cpvk-un6rwt75u5pj,Data Field,1,0,1,0,0,0,0.001164116158650781,0.0012298941735776805,0.0,0,0,0,DLG9,0
jd25a1ch-gbj7-e64u-j9kq-qtecc9q3ge7a,Data Field,1,0,1,0,0,0,0.001164116158650781,0.0012298941735776805,0.0,0,0,0,DLG9,0
xh6ezlyg-fo3y-ir0x-pwfc-c81p6whvyktw,Data Field,1,0,1,0,0,0,0.001164116158650781,0.0012298941735776805,0.0,0,0,0,DLG9,0
4pxoodbb-x07v-v3xg-6ztd-26pugc84hyte,Data Field,1,0,1,0,0,0,0.001164116158650781,0.0012298941735776805,0.0,0,0,0,DLG9,0
iwwx6wqm-gy8t-9a58-ggwu-xfapvsz2zzbm,Data Field,1,0,1,0,0,0,0.001164116158650781,0.0012298941735776805,0.0,0,0,0,DLG9,0
z5qnr8fo-ymsq-krlt-6bg0-dweuusne1uf5,Data Field,1,0,1,0,0,0,0.001164116158650781,0.0012298941735776805,0.0,0,0,0,DLG9,0
a7hvpj22-kvkf-45rn-qg73-892df19c16yf,Data Field,1,0,1,0,0,0,0.001164116158650781,0.0012298941735776805,0.0,0,0,0,DLG9,0
b1vrx4wy-bx4e-lhdl-cubb-xy7oyw9kbbfq,Data Field,1,0,1,0,0,0,0.001164116158650781,0.0012298941735776805,0.0,0,0,0,DLG9,0
df1rw53j-e6yq-znzy-nold-w25zqxzx35oj,Data Field,1,0,1,0,0,0,0.001164116158650781,0.0012298941735776805,0.0,0,0,0,DLG9,0
ha6tuwmv-mpoz-2q33-r0xc-vhwx16v91i16,Data Field,1,0,1,0,0,0,0.001164116158650781,0.0012298941735776805,0.0,0,0,0,DLG9,0
kdwg760l-ubnh-4e34-slut-gopua9tyodrq,Data Field,1,0,1,0,0,0,0.001164116158650781,0.0012298941735776805,0.0,0,0,0,DLG9,0
9phgqzdb-bslf-gksv-a60w-93tiuoovhu4w,Data Field,1,0,1,0,0,0,0.001164116158650781,0.0012298941735776805,0.0,0,0,0,DLG9,0
76q6z04f-d6fi-5ks6-fvx5-5d9z9chzvwni,Data Field,1,0,1,0,0,0,0.001164116158650781,0.0012298941735776805,0.0,0,0,0,DLG9,0
ac637dma-9cih-vrfa-4sq9-0bllwkv42ups,Data Field,1,0,1,0,0,0,0.001164116158650781,0.0012298941735776805,0.0,0,0,0,DLG9,0
44g37zcr-yc6i-zpd3-g796-ipsy2oxbawv9,Data Field,1,0,1,0,0,0,0.001164116158650781,0.0012298941735776805,0.0,0,0,0,DLG9,0
fxdagbwo-q70a-ax61-jquu-youvrzn1kzq1,Data Field,1,0,1,0,0,0,0.001164116158650781,0.0012298941735776805,0.0,0,0,0,DLG9,0
bc94j4ow-n5ei-an5e-0r4b-6dvvkj7l40y9,Data Field,1,0,1,0,0,0,0.001164116158650781,0.0012298941735776805,0.0,0,0,0,DLG9,0
ucqunb62-lynz-pf86-ieyu-8f6jefsbw6i2,Data Field,1,0,1,0,0,0,0.001164116158650781,0.0012298941735776805,0.0,0,0,0,DLG9,0
8iv6vbdg-79me-n04f-uq0d-uqee1avzdebk,Data Field,1,0,1,0,0,0,0.001164116158650781,0.0012298941735776805,0.0,0,0,0,DLG9,0
w22lasrn-pnym-7btp-2qgu-gbvj0g8dxu5j,Data Field,1,0,1,0,0,0,0.001164116158650781,0.0012298941735776805,0.0,0,0,0,DLG9,0
8e4ttzua-fmxi-p5uj-cdyo-k1kus0ckpppo,Data Field,1,0,1,0,0,0,0.001164116158650781,0.0012298941735776805,0.0,0,0,0,DLG9,0
7v410vt3-693z-apb7-96fp-kpta92qcc274,Data Field,1,0,1,0,0,0,0.001164116158650781,0.0012298941735776805,0.0,0,0,0,DLG9,0
8s7v2ac6-mtx7-r6ee-il4x-3l2z1078rssk,Data Field,1,0,1,0,0,0,0.001164116158650781,0.0012298941735776805,0.0,0,0,0,DLG9,0
4l92wqk4-8041-4sn8-5e8s-3qg5pvj27dvh,Data Field,1,0,1,0,0,0,0.001164116158650781,0.0012298941735776805,0.0,0,0,0,DLG9,0
4f4v58w0-ysa5-pyw5-ohil-clty9sdfnyh4,Data Field,1,0,1,0,0,0,0.001164116158650781,0.0012298941735776805,0.0,0,0,0,DLG9,0
td4804lh-9lfa-1kmm-xm95-xlfievw5v0vg,Data Field,1,0,1,0,0,0,0.001164116158650781,0.0012298941735776805,0.0,0,0,0,DLG9,0
2fkjox8j-739o-l7ok-ete0-jataq54x15qk,Data Field,1,0,1,0,0,0,0.001164116158650781,0.0012298941735776805,0.0,0,0,0,DLG9,0
bx7ld2yq-ru6h-pp6f-vlb2-b3vufb8522ye,Data Field,1,0,1,0,0,0,0.001164116158650781,0.0012298941735776805,0.0,0,0,0,DLG9,0
2p6v2nvy-hmp3-bjg1-gve8-5sgeghw00xej,Data Field,1,0,1,0,0,0,0.001164116158650781,0.0012298941735776805,0.0,0,0,0,DLG9,0
g324feet-pp2w-61c3-ydvu-65akxzu086ht,Data Field,1,0,1,0,0,0,0.001164116158650781,0.0012298941735776805,0.0,0,0,0,DLG9,0
mjbjtan9-o0j6-ihrs-kqtn-riahncc88yld,Data Field,1,0,1,0,0,0,0.001164116158650781,0.0012298941735776805,0.0,0,0,0,DLG9,0
r0ls82tf-iq84-hehe-sl3s-g3h61rzunyvy,Data Field,1,0,1,0,0,0,0.001164116158650781,0.0012298941735776805,0.0,0,0,0,DLG9,0
x1zyura4-l4ph-ll9o-no3f-gs0ojiz3mep1,Data Field,1,0,1,0,0,0,0.001164116158650781,0.0012298941735776805,0.0,0,0,0,DLG9,0
f4z8cikv-du3e-af8l-rka4-2hwuxa4j8lug,Data Field,1,0,1,0,0,0,0.001164116158650781,0.0012298941735776805,0.0,0,0,0,DLG9,0
artnkofw-fyjs-fxgf-el2d-hwdslh2yzlg2,Data Field,1,0,1,0,0,0,0.001164116158650781,0.0012298941735776805,0.0,0,0,0,DLG9,0
t88606my-j2qp-sb1g-aofu-u210r3zorn1m,Data Field,1,0,1,0,0,0,0.001164116158650781,0.0012298941735776805,0.0,0,0,0,DLG9,0
598p3tb8-0nc5-lyik-zs6p-0b4lashdwvu1,Data Field,1,0,1,0,0,0,0.001164116158650781,0.0012298941735776805,0.0,0,0,0,DLG9,0
lmvdx0zt-ofwo-bwfh-7xnb-pws94tdl7hfs,Data Field,1,0,1,0,0,0,0.001164116158650781,0.0012298941735776805,0.0,0,0,0,DLG9,0
22ak0yca-8muj-dfuu-ge2x-t8z3nec8teqh,Data Field,1,0,1,0,0,0,0.001164116158650781,0.0012298941735776805,0.0,0,0,0,DLG9,0
wfdegn5m-obnz-uqts-b3bj-5lxaiko1u6ux,Data Field,1,0,1,0,0,0,0.001164116158650781,0.0012298941735776805,0.0,0,0,0,DLG9,0
z7qlv9as-bje8-jiit-7q6b-sefv4zmf3juz,Data Field,1,0,1,0,0,0,0.001164116158650781,0.0012298941735776805,0.0,0,0,0,DLG9,0
75tx54nw-xfnk-5c96-sd7v-2a4dq8f9p967,Data Field,1,0,1,0,0,0,0.001164116158650781,0.0012298941735776805,0.0,0,0,0,DLG9,0
roagudv1-m8f7-ppgf-zvy7-w3fu3zvfm0z3,Data Field,1,0,1,0,0,0,0.001164116158650781,0.0012298941735776805,0.0,0,0,0,DLG9,0
v4ems7hk-mld8-qhfa-e332-lx46hbmrm3sl,Data Field,1,0,1,0,0,0,0.001164116158650781,0.0012298941735776805,0.0,0,0,0,DLG9,0
qs7zgbdc-7eek-345v-fcs8-su60rq7o5fb0,Data Field,1,0,1,0,0,0,0.001164116158650781,0.0012298941735776805,0.0,0,0,0,DLG9,0
enty0wpr-w3f2-cop2-qtul-rl08x5sckzjt,Data Field,1,0,1,0,0,0,0.001164116158650781,0.0012298941735776805,0.0,0,0,0,DLG9,0
wbilbxka-7vtm-ljyl-sa9v-5sz2e5d2pjdf,Data Field,1,0,1,0,0,0,0.001164116158650781,0.0012298941735776805,0.0,0,0,0,DLG9,0
vclpjwmu-5w9c-k9pb-uvjp-n33jkdcde5md,Data Field,1,0,1,0,0,0,0.001164116158650781,0.0012298941735776805,0.0,0,0,0,DLG9,0
m4lcwg9i-8s0t-awg9-6odm-0nu0l6marp8t,Data Field,1,0,1,0,0,0,0.001164116158650781,0.0012298941735776805,0.0,0,0,0,DLG9,0
prgjnvda-rshp-cjk3-ne9x-lhpjjqhi4fmc,Data Field,1,0,1,0,0,0,0.001164116158650781,0.0012298941735776805,0.0,0,0,0,DLG9,0
huhb46i8-x835-a22o-s4ho-axaaamzz6hqa,Data Field,1,0,1,0,0,0,0.001164116158650781,0.0012298941735776805,0.0,0,0,0,DLG9,0
9baa6xlo-t3zf-4u84-ysy9-c2fi2wyyg3jj,Data Field,1,0,1,0,0,0,0.001164116158650781,0.0012298941735776805,0.0,0,0,0,DLG9,0
bz1wllpv-tnsj-zoiz-6501-mx0z7oay018i,Data Field,1,0,1,0,0,0,0.001164116158650781,0.0012298941735776805,0.0,0,0,0,DLG9,0
98mr427c-zn50-6nc1-ng0o-m47rhgg5oz1g,Data Field,1,0,1,0,0,0,0.001164116158650781,0.0012298941735776805,0.0,0,0,0,DLG9,0
gm3kzyk1-glrt-icpu-8zxo-8g78d900dskj,Data Field,1,0,1,0,0,0,0.001164116158650781,0.0012298941735776805,0.0,0,0,0,DLG9,0
y0bewkl5-xcjk-cpv9-zj7q-5o3kwhmwpzum,Data Field,1,0,1,0,0,0,0.001164116158650781,0.0012298941735776805,0.0,0,0,0,DLG9,0
tkijismb-z1tq-gl65-zuz5-ie8muaycfiis,Data Field,1,0,1,0,0,0,0.001164116158650781,0.0012298941735776805,0.0,0,0,0,DLG9,0
yubmgaks-7jau-ej7y-hnxh-gmvtiv19s35f,Data Field,1,0,1,0,0,0,0.001164116158650781,0.0012298941735776805,0.0,0,0,0,DLG9,0
ivcz7998-mk9r-u6s2-lov6-1sb4v6ofblha,Data Field,1,0,1,0,0,0,0.001164116158650781,0.0012298941735776805,0.0,0,0,0,DLG9,0
ez5ife6o-tuqw-sxwp-yfub-0mblpkh4c5qg,Data Field,1,0,1,0,0,0,0.001164116158650781,0.0012298941735776805,0.0,0,0,0,DLG9,0
8zytnip7-wiqt-r57y-ldof-eyirntp8vioz,Data Field,1,0,1,0,0,0,0.001164116158650781,0.0012298941735776805,0.0,0,0,0,DLG9,0
zwjnjav2-0ead-v65z-s0vd-ynnkmg5d6x41,Data Field,1,0,1,0,0,0,0.001164116158650781,0.0012298941735776805,0.0,0,0,0,DLG9,0
603arhug-7j5i-sgrp-4lhu-ah6dbb9mzjjx,Data Field,1,0,1,0,0,0,0.001164116158650781,0.0012298941735776805,0.0,0,0,0,DLG9,0
y6ltxyxy-bz51-zzkt-dfxj-zlyo6r4taase,Data Field,1,0,1,0,0,0,0.001164116158650781,0.0012298941735776805,0.0,0,0,0,DLG9,0
g3dgwbpy-08gj-cbod-cklk-f8n6qi7dye0k,Data Field,1,0,1,0,0,0,0.001164116158650781,0.0012298941735776805,0.0,0,0,0,DLG9,0
ji8ztp97-x2wu-hiac-6269-fbwkzgk2fm9d,Data Field,1,0,1,0,0,0,0.001164116158650781,0.0012298941735776805,0.0,0,0,0,DLG9,0
csv59p1y-9q5n-e98r-41ht-q1aneo0xm1si,Data Field,1,0,1,0,0,0,0.001164116158650781,0.0012298941735776805,0.0,0,0,0,DLG9,0
v5olnpno-apeo-gu8u-mpuw-8ppalbgvj5bh,Data Field,1,0,1,0,0,0,0.001164116158650781,0.0012298941735776805,0.0,0,0,0,DLG9,0
6bv0l3ks-j1wl-sxd4-p11e-i0nsw9teaqnw,Data Field,1,0,1,0,0,0,0.001164116158650781,0.0012298941735776805,0.0,0,0,0,DLG9,0
spttagmd-q1v3-oite-4mmh-orwqpn6ar5vo,Data Field,1,0,1,0,0,0,0.001164116158650781,0.0012298941735776805,0.0,0,0,0,DLG9,0
u97vw17j-i208-9dk9-6crh-3natbg85zqra,Data Field,1,0,1,0,0,0,0.001164116158650781,0.0012298941735776805,0.0,0,0,0,DLG9,0
xi09c5mz-6aoa-yk5w-gomp-k9i62r1v01x6,Data Field,1,0,1,0,0,0,0.001164116158650781,0.0012298941735776805,0.0,0,0,0,DLG9,0
v6vgi7ko-58b4-ho23-zdqq-gdj2h8ybrslf,Data Field,1,0,1,0,0,0,0.001164116158650781,0.0012298941735776805,0.0,0,0,0,DLG9,0
aayu13if-jz1y-5b3n-81zc-qpy4ppr7uuzp,Data Field,1,0,1,0,0,0,0.001164116158650781,0.0012298941735776805,0.0,0,0,0,DLG9,0
4jitgrx3-7krj-n3su-hl0e-ao2jloilkr9k,Data Field,1,0,1,0,0,0,0.001164116158650781,0.0012298941735776805,0.0,0,0,0,DLG9,0
q1qysr40-hlks-0gg4-3frp-qmvxmgwgg5da,Data Field,1,0,1,0,0,0,0.001164116158650781,0.0012298941735776805,0.0,0,0,0,DLG9,0
y8pq02io-kdiq-bg50-t737-sokqtmaeae83,Data Field,1,0,1,0,0,0,0.001164116158650781,0.0012298941735776805,0.0,0,0,0,DLG9,0
hnrvmx5y-60hl-jq9a-ihsl-zcsfzkp2z7ga,Data Field,1,0,1,0,0,0,0.001164116158650781,0.0012298941735776805,0.0,0,0,0,DLG9,0
gv8zt15l-4xhi-ih6u-lgxz-4eptbuooqoqb,Data Field,1,0,1,0,0,0,0.001164116158650781,0.0012298941735776805,0.0,0,0,0,DLG9,0
cfphxg3n-eu0w-4taf-xkih-jzzem6686ndb,Data Field,1,0,1,0,0,0,0.001164116158650781,0.0012298941735776805,0.0,0,0,0,DLG9,0
se7no4ny-vltq-3dj6-j1u8-py9b42u8nkri,Data Field,1,0,1,0,0,0,0.001164116158650781,0.0012298941735776805,0.0,0,0,0,DLG9,0
agrvwy6a-a1do-2ifk-u48p-prdp1pqc5yh4,Data Field,1,0,1,0,0,0,0.001164116158650781,0.0012298941735776805,0.0,0,0,0,DLG9,0
7gvpzkd3-uxy6-o8cm-vf0q-bf2vaqe7f04o,Data Field,1,0,1,0,0,0,0.001164116158650781,0.0012298941735776805,0.0,0,0,0,DLG9,0
78h6fitc-w7w0-avwd-ah49-oswg4z31nqnd,Data Field,1,0,1,0,0,0,0.001164116158650781,0.0012298941735776805,0.0,0,0,0,DLG9,0
8ehkus59-8m7d-6g8d-inpz-bj9semsqnpl9,Data Field,1,0,1,0,0,0,0.001164116158650781,0.0012298941735776805,0.0,0,0,0,DLG9,0
r4bcndjy-ut9h-j18o-5b1k-8igvg8ek62su,Data Field,1,0,1,0,0,0,0.001164116158650781,0.0012298941735776805,0.0,0,0,0,DLG9,0
x5cr9brd-loaq-xkhe-c26j-9mca89vgujp4,Data Field,1,0,1,0,0,0,0.001164116158650781,0.0012298941735776805,0.0,0,0,0,DLG9,0
8ke5qlq8-862l-5bhm-zjl2-f8sff1xafh71,Data Field,1,0,1,0,0,0,0.001164116158650781,0.0012298941735776805,0.0,0,0,0,DLG9,0
tui5bn6t-8svf-cn0x-orv3-6onnrbzovhdw,Data Field,1,0,1,0,0,0,0.001164116158650781,0.0012298941735776805,0.0,0,0,0,DLG9,0
5n9k94sb-ehwx-hek5-4nix-c03ocrhvv65d,Data Field,1,0,1,0,0,0,0.001164116158650781,0.0012298941735776805,0.0,0,0,0,DLG9,0
z4t81tiy-3h4x-d8ta-nozv-jkeqibm5u8zo,Data Field,1,0,1,0,0,0,0.001164116158650781,0.0012298941735776805,0.0,0,0,0,DLG9,0
ibcqhm5l-phz2-spst-iujc-lgi0g25drhed,Data Field,1,0,1,0,0,0,0.001164116158650781,0.0012298941735776805,0.0,0,0,0,DLG9,0
uqdyddpz-g1bt-ablj-5jtd-qzn7on8ecuq5,Data Field,1,0,1,0,0,0,0.001164116158650781,0.0012298941735776805,0.0,0,0,0,DLG9,0
etyy9klf-lkvm-wu1x-uijf-okgfz4u2y5zu,Data Field,1,0,1,0,0,0,0.001164116158650781,0.0012298941735776805,0.0,0,0,0,DLG9,0
2ps1lztj-56s5-mjcm-vkyt-wfx6bxjenwvk,Data Field,1,0,1,0,0,0,0.001164116158650781,0.0012298941735776805,0.0,0,0,0,DLG9,0
i5oatagz-97r0-7bn6-2brx-o79hgqcnjtsf,Data Field,1,0,1,0,0,0,0.001164116158650781,0.0012298941735776805,0.0,0,0,0,DLG9,0
jkmfr6dy-jawz-cyww-qj4b-koae4vba8cle,Data Field,1,0,1,0,0,0,0.001164116158650781,0.0012298941735776805,0.0,0,0,0,DLG9,0
nxjj6q9n-29o8-k5pv-l937-7ymgcktecxfv,Data Field,1,0,1,0,0,0,0.001164116158650781,0.0012298941735776805,0.0,0,0,0,DLG9,0
4814eba9-r99p-4uit-q3l7-dr7xi8gr8in6,Data Field,1,0,1,0,0,0,0.001164116158650781,0.0012298941735776805,0.0,0,0,0,DLG9,0
j51ld31w-lgy5-0mu1-lvve-5jvjtwy0256g,Data Field,1,0,1,0,0,0,0.001164116158650781,0.0012298941735776805,0.0,0,0,0,DLG9,0
zd0vbigc-qggu-bdh9-wj29-0afefd3t1ke4,Data Field,1,0,1,0,0,0,0.001164116158650781,0.0012298941735776805,0.0,0,0,0,DLG9,0
ield0t6l-8qjj-c0pn-8kyq-1l75kspmbzhq,Data Field,1,0,1,0,0,0,0.001164116158650781,0.0012298941735776805,0.0,0,0,0,DLG9,0
tenqvko1-w3lm-rbhp-gzh6-0g3h3apluc1c,Data Field,1,0,1,0,0,0,0.001164116158650781,0.0012298941735776805,0.0,0,0,0,DLG9,0
93vo2kdc-nzrq-qt90-gxvx-ev2t6w3d2ly4,Data Field,1,0,1,0,0,0,0.001164116158650781,0.0012298941735776805,0.0,0,0,0,DLG9,0
0hwq8hjf-270f-pkzf-cies-wmpvkek31439,Data Field,1,0,1,0,0,0,0.001164116158650781,0.0012298941735776805,0.0,0,0,0,DLG9,0
g2j86d13-3nbu-cj2s-ki2g-8sa90qozjks9,Data Field,1,0,1,0,0,0,0.001164116158650781,0.0012298941735776805,0.0,0,0,0,DLG9,0
18uvpr5a-aj8q-k8oz-owt8-zbq6mvhjd3fy,Data Field,1,0,1,0,0,0,0.001164116158650781,0.0012298941735776805,0.0,0,0,0,DLG9,0
7c4wi5qh-6d14-v4n7-eaee-0gyx0fo7prnl,Data Field,1,0,1,0,0,0,0.001164116158650781,0.0012298941735776805,0.0,0,0,0,DLG9,0
c723ejn3-nb2p-iuwx-euw4-38tc813n106u,Data Field,1,0,1,0,0,0,0.001164116158650781,0.0012298941735776805,0.0,0,0,0,DLG9,0
tncrh3e9-5k0n-hu8m-85yd-uslcd1xfynpm,Data Field,1,0,1,0,0,0,0.001164116158650781,0.0012298941735776805,0.0,0,0,0,DLG9,0
9yk3stjq-u9z6-dnav-vkr2-517731cbqf57,Data Field,1,0,1,0,0,0,0.001164116158650781,0.0012298941735776805,0.0,0,0,0,DLG9,0
az3mg85r-bfkq-9ndy-cocp-rfekyle8lq3v,Data Field,1,0,1,0,0,0,0.001164116158650781,0.0012298941735776805,0.0,0,0,0,DLG9,0
80604l97-61p1-dzcb-6lre-82l63ugd0hll,Data Field,1,0,1,0,0,0,0.001164116158650781,0.0012298941735776805,0.0,0,0,0,DLG9,0
i1pyni8b-2b7l-xdq2-hrdm-6w8v5f06yirm,Data Field,1,0,1,0,0,0,0.001164116158650781,0.0012298941735776805,0.0,0,0,0,DLG9,0
eu748x49-eg7t-ajra-7nzw-na9sjkgughdz,Data Field,1,0,1,0,0,0,0.001164116158650781,0.0012298941735776805,0.0,0,0,0,DLG9,0
t797wft7-bxs9-7852-n8bf-iv9szur4bp3k,Data Field,1,0,1,0,0,0,0.001164116158650781,0.0012298941735776805,0.0,0,0,0,DLG9,0
qhhnvzzr-4mb9-tpva-mq3f-b5iadik20z6k,Data Field,1,0,1,0,0,0,0.001164116158650781,0.0012298941735776805,0.0,0,0,0,DLG9,0
9agxgt1a-e7xs-yxbl-2fv8-g7qtecdld4ge,Data Field,1,0,1,0,0,0,0.001164116158650781,0.0012298941735776805,0.0,0,0,0,DLG9,0
yn1gaa8l-shhq-g7oa-42kg-3cx9am4qwi89,Data Field,1,0,1,0,0,0,0.001164116158650781,0.0012298941735776805,0.0,0,0,0,DLG9,0
z2q1jf3a-8i8o-e16j-bcbv-nq55yy2fipf5,Data Field,1,0,1,0,0,0,0.001164116158650781,0.0012298941735776805,0.0,0,0,0,DLG9,0
i5zny6l3-rcfx-cnfb-vl9k-iwx9txci757e,Data Field,1,0,1,0,0,0,0.001164116158650781,0.0012298941735776805,0.0,0,0,0,DLG9,0
a4dsumz3-5zpi-csvv-5ksz-lo26r0dyecfd,Data Field,1,0,1,0,0,0,0.001164116158650781,0.0012298941735776805,0.0,0,0,0,DLG9,0
98fkw3ul-t3jn-v297-ynki-ofnd6v7p8fn5,Data Field,1,0,1,0,0,0,0.001164116158650781,0.0012298941735776805,0.0,0,0,0,DLG9,0
m755vni3-1k84-a3p0-26ol-tx98egz60tta,Data Field,1,0,1,0,0,0,0.001164116158650781,0.0012298941735776805,0.0,0,0,0,DLG9,0
ar6fvihs-1qrm-d3c4-s2j0-7p9xjmg8aut2,Data Field,1,0,1,0,0,0,0.001164116158650781,0.0012298941735776805,0.0,0,0,0,DLG9,0
tmjpm1r3-c5n8-fn6y-isqb-js7vqusoz12q,Data Field,1,0,1,0,0,0,0.001164116158650781,0.0012298941735776805,0.0,0,0,0,DLG9,0
juxjhrkc-t9pj-8imn-2p3u-j24ubh5gb6ag,Data Field,1,0,1,0,0,0,0.001164116158650781,0.0012298941735776805,0.0,0,0,0,DLG9,0
vhwwuzg0-0mlk-iuif-a6lc-fp7f49xqqjti,Data Field,1,0,1,0,0,0,0.001164116158650781,0.0012298941735776805,0.0,0,0,0,DLG9,0
sj9u7r0y-nhxc-yb1r-2mym-eaafxtikmr67,Data Field,1,0,1,0,0,0,0.001164116158650781,0.0012298941735776805,0.0,0,0,0,DLG9,0
wx1awnid-e4ly-0qzg-7zq8-cthgkkhf8hwc,Data Field,1,0,1,0,0,0,0.001164116158650781,0.0012298941735776805,0.0,0,0,0,DLG9,0
ls3j27ep-4abb-7iwy-ubaa-qq8rvss51ufw,Data Field,1,0,1,0,0,0,0.001164116158650781,0.0012298941735776805,0.0,0,0,0,DLG9,0
zzx2r2hg-ujk5-aj4q-kswg-7ppk0ntiyqxv,Data Field,1,0,1,0,0,0,0.001164116158650781,0.0012298941735776805,0.0,0,0,0,DLG9,0
ozzadbh4-q0lj-300u-zfy8-fneja44pj6k6,Data Field,1,0,1,0,0,0,0.001164116158650781,0.0012298941735776805,0.0,0,0,0,DLG9,0
5tgie84w-hk3p-fn4b-8p1q-5hrtawi1fm0z,Data Field,1,0,1,0,0,0,0.001164116158650781,0.0012298941735776805,0.0,0,0,0,DLG9,0
9kitthl0-81s8-gm6x-r28p-wzyhykke1bmm,Data Field,1,0,1,0,0,0,0.001164116158650781,0.0012298941735776805,0.0,0,0,0,DLG9,0
xrkl6bp2-g446-5jra-cyf7-irjq5gqr943j,Data Field,1,0,1,0,0,0,0.001164116158650781,0.0012298941735776805,0.0,0,0,0,DLG9,0
bdm7jadk-xqx2-s03l-zvn3-5exv6odz4r9f,Data Field,1,0,1,0,0,0,0.001164116158650781,0.0012298941735776805,0.0,0,0,0,DLG9,0
ajd3a1az-qfn0-7kxc-tmej-apq44ej25uko,Data Field,1,0,1,0,0,0,0.001164116158650781,0.0012298941735776805,0.0,0,0,0,DLG9,0
hmwsoki0-op3a-n9xg-vpuf-u0k48p4k1qnp,Data Field,1,0,1,0,0,0,0.001164116158650781,0.0012298941735776805,0.0,0,0,0,DLG9,0
bunwvs9c-ajn2-uuzw-6f2w-3u2mo7osyx5w,Data Field,1,0,1,0,0,0,0.001164116158650781,0.0012298941735776805,0.0,0,0,0,DLG9,0
y1tt6m2t-b6hn-zvnl-ewru-h1w0hxqzhde3,Data Field,1,0,1,0,0,0,0.001164116158650781,0.0012298941735776805,0.0,0,0,0,DLG9,0
i3s8fgee-i3a9-p6t4-5jl4-sdm07mfylh83,Data Field,1,0,1,0,0,0,0.001164116158650781,0.0012298941735776805,0.0,0,0,0,DLG9,0
zxi6763m-ct8r-tmfk-824c-mpsyixqs6ffx,Data Field,1,0,1,0,0,0,0.001164116158650781,0.0012298941735776805,0.0,0,0,0,DLG9,0
yzjlvunj-irb3-nz7l-j7n3-8h6fygk600kr,Data Field,1,0,1,0,0,0,0.001164116158650781,0.0012298941735776805,0.0,0,0,0,DLG9,0
oucwegk3-270m-tsya-tsnl-rteaol6g4pld,Data Field,1,0,1,0,0,0,0.001164116158650781,0.0012298941735776805,0.0,0,0,0,DLG9,0
dtrbnpew-fyax-u9nw-ivu6-k4u9ouj0i304,Data Field,1,0,1,0,0,0,0.001164116158650781,0.0012298941735776805,0.0,0,0,0,DLG9,0
nq66hgf6-t7ef-1twi-9m77-y2j9z0jz3qbx,Data Field,1,0,1,0,0,0,0.001164116158650781,0.0012298941735776805,0.0,0,0,0,DLG9,0
s0entx6p-xw60-18hn-ytwy-59bivvg7yhr1,Data Field,1,0,1,0,0,0,0.001164116158650781,0.0012298941735776805,0.0,0,0,0,DLG9,0
8w9hg4qa-gy8y-7cz5-r7ro-2modl7n1nsz7,Data Field,1,0,1,0,0,0,0.001164116158650781,0.0012298941735776805,0.0,0,0,0,DLG9,0
sx7dy0dq-ovcq-a7xz-r4uf-is4cz1uzpi8b,Data Field,1,0,1,0,0,0,0.001164116158650781,0.0012298941735776805,0.0,0,0,0,DLG9,0
kpkn5cfm-b35d-6wyp-jhta-imzrok3bdtyn,Data Field,1,0,1,0,0,0,0.001164116158650781,0.0012298941735776805,0.0,0,0,0,DLG9,0
ni99e5dm-9ibh-z4ga-s0sz-v14bdywr2sx5,Data Field,1,0,1,0,0,0,0.001164116158650781,0.0012298941735776805,0.0,0,0,0,DLG9,0
zsmxvrdf-j0ox-zs3t-l0ul-1mpd5qjwbtzz,Data Field,1,0,1,0,0,0,0.001164116158650781,0.0012298941735776805,0.0,0,0,0,DLG9,0
lhtru0yh-kinj-yd79-7z8r-g9h5m0qocksk,Data Field,1,0,1,0,0,0,0.001164116158650781,0.0012298941735776805,0.0,0,0,0,DLG9,0
b372dphs-oa41-d1cz-xaof-8tlma9644jlj,Data Field,1,0,1,0,0,0,0.001164116158650781,0.0012298941735776805,0.0,0,0,0,DLG9,0
sxbleyxh-489f-ggsd-q8e3-jw768gvdysim,Data Field,1,0,1,0,0,0,0.001164116158650781,0.0012298941735776805,0.0,0,0,0,DLG9,0
hmgym63i-ccvr-o0ga-fr1n-v0gjpselud6o,Data Field,1,0,1,0,0,0,0.001164116158650781,0.0012298941735776805,0.0,0,0,0,DLG9,0
no7buix3-1uk6-1s84-zt86-444xq61ugiee,Data Field,1,0,1,0,0,0,0.001164116158650781,0.0012298941735776805,0.0,0,0,0,DLG9,0
cc5fdaf2-c221-4e8f-91a5-3f3e0c49969d,Data Field,1,0,1,0,0,0,0.00046700620230937824,0.0004636041145990147,0.0,0,0,0,DLG11,0
4457860e-474d-4fee-aafd-7e3b517dc099,Data Field,1,0,1,0,0,0,0.00046700620230937824,0.0004636041145990147,0.0,0,0,0,DLG11,0
a3b76bab-1820-41c9-aec4-ac4a9b7654b1,Data Field,1,0,1,0,0,0,0.00046700620230937824,0.0004636041145990147,0.0,0,0,0,DLG11,0
f466fbf0-a031-4d23-92d6-47d4e11e861f,Data Field,1,0,1,0,0,0,0.00046700620230937824,0.0004636041145990147,0.0,0,0,0,DLG11,0
a8a9127a-284b-4e29-8a1e-b7100108f4a7,Data Field,1,0,1,0,0,0,0.00046700620230937824,0.0004636041145990147,0.0,0,0,0,DLG11,0
16d8b4cc-2873-4211-bdbf-7bb7d0da0d63,Data Field,1,0,1,0,0,0,0.00046700620230937824,0.0004636041145990147,0.0,0,0,0,DLG11,0
270b080b-8c1a-4baa-8a19-9bee702cfbc8,Data Field,1,0,1,0,0,0,0.00046700620230937824,0.0004636041145990147,0.0,0,0,0,DLG11,0
34225eb1-6a6f-4eec-8b1d-bf4f91af3283,Data Field,1,0,1,0,0,0,0.00046700620230937824,0.0004636041145990147,0.0,0,0,0,DLG11,0
ae4c2cf6-dbb4-40f4-a736-327f152b650f,Data Field,1,0,1,0,0,0,0.00046700620230937824,0.0004636041145990147,0.0,0,0,0,DLG11,0
4b785c5b-4481-4775-8a4d-08c74c425001,Data Field,1,0,1,0,0,0,0.00046700620230937824,0.0004636041145990147,0.0,0,0,0,DLG11,0
63d9033d-83bb-4b2e-a582-f0b627651e40,Data Field,1,0,1,0,0,0,0.00046700620230937824,0.0004636041145990147,0.0,0,0,0,DLG11,0
a341bf3d-c2be-4558-8d5e-01ae7a2313db,Data Field,1,0,1,0,0,0,0.00046700620230937824,0.0004636041145990147,0.0,0,0,0,DLG11,0
b6bd8574-2cb4-4327-977d-38c5683f2849,Data Field,1,0,1,0,0,0,0.00046700620230937824,0.0004636041145990147,0.0,0,0,0,DLG11,0
7756c26d-ad77-44e0-8e25-c67a21747482,Data Field,1,0,1,0,0,0,0.00046700620230937824,0.0004636041145990147,0.0,0,0,0,DLG11,0
77a2b15a-4f94-4454-be93-260ad85cb541,Data Field,1,0,1,0,0,0,0.00046700620230937824,0.0004636041145990147,0.0,0,0,0,DLG11,0
654337cc-ea16-4f7c-8fca-0613356c9e2c,Data Field,1,0,1,0,0,0,0.00046700620230937824,0.0004636041145990147,0.0,0,0,0,DLG11,0
bcc96c99-4c63-40d4-a8b8-21ea728e1591,Data Field,1,0,1,0,0,0,0.00046700620230937824,0.0004636041145990147,0.0,0,0,0,DLG11,0
964d931f-ee13-488d-bb10-54c1a1cd32a0,Data Job,1,1,2,1,1,0,0.0013597651701204318,0.0008578816525045613,4.945598417408506e-06,1,8,0,DLG11,0
5a82a095-0d0f-4a3c-91af-493ab79cc2ca,Data Field,1,0,1,0,0,0,0.00046700620230937824,0.0004636041145990147,0.0,0,0,0,DLG11,0
b099c917-074c-4b62-8a72-4cc78ee3e863,Data Field,1,0,1,0,0,0,0.00046700620230937824,0.0004636041145990147,0.0,0,0,0,DLG11,0
d3cd8b84-d565-4664-b8e8-cedc923d8fdd,Data Field,1,0,1,0,0,0,0.00046700620230937824,0.0004636041145990147,0.0,0,0,0,DLG11,0
7f87f607-bc98-4427-88dc-e48bb8d454cd,Data Field,1,0,1,0,0,0,0.00046700620230937824,0.0004636041145990147,0.0,0,0,0,DLG11,0
a673bf53-4b93-4e23-936e-655e1e3d7abc,Data Table,1,26,27,1,1,25,0.0010494134238603512,0.0011934243091743385,9.891196834817013e-06,2,7,0,DLG11,0
25e76dd6-aa92-4d39-8368-7a82773b2dfa,Data Field,1,0,1,0,0,0,0.00046700620230937824,0.0004636041145990147,0.0,0,0,0,DLG11,0
73da1dca-fcf6-47a5-a3a2-dfd76779ccf1,Data Field,1,0,1,0,0,0,0.00046700620230937824,0.0004636041145990147,0.0,0,0,0,DLG11,0
7cee298f-3b18-4713-bf0b-6aac79258d80,Data Field,1,0,1,0,0,0,0.00046700620230937824,0.0004636041145990147,0.0,0,0,0,DLG11,0
0ed79103-b3dc-4cce-9835-0fde8120bed4,Data Field,1,0,1,0,0,0,0.00046700620230937824,0.0004636041145990147,0.0,0,0,0,DLG11,0
53a1b91e-4ffc-4a61-8a74-136585afc083,Data Field,1,0,1,0,0,0,0.00046700620230937824,0.0004636041145990147,0.0,0,0,0,DLG11,0
8fa93afd-7773-4d0e-8f56-ff915f04ff98,Data Field,1,0,1,0,0,0,0.00046700620230937824,0.0004636041145990147,0.0,0,0,0,DLG11,0
7d83bbc6-cb1f-4176-8ca3-be46876198fc,Data Field,1,0,1,0,0,0,0.00046700620230937824,0.0004636041145990147,0.0,0,0,0,DLG11,0
fd1476c9-948e-4da0-9a49-64bd07363303,Data Field,1,0,1,0,0,0,0.00046700620230937824,0.0004636041145990147,0.0,0,0,0,DLG11,0
9545f335-0f77-43bd-a320-6f8dd6312305,Data Field,1,0,1,0,0,0,0.00046700620230937824,0.0004636041145990147,0.0,0,0,0,DLG11,0
98856e8f-96f7-465d-aa5d-2c8627c69f24,Data Field,1,0,1,0,0,0,0.00046700620230937824,0.0004636041145990147,0.0,0,0,0,DLG11,0
fff23d9e-c73b-4ca9-a17d-0a305a47b1ce,Data Field,1,0,1,0,0,0,0.00046700620230937824,0.0004636041145990147,0.0,0,0,0,DLG11,0
d75b6ce2-c9c2-4cd9-9268-84b057e8e690,Data Field,1,0,1,0,0,0,0.00046700620230937824,0.0004636041145990147,0.0,0,0,0,DLG11,0
7ad95771-2ed7-452f-b50b-cf4df2618a9a,Data Field,1,0,1,0,0,0,0.00046700620230937824,0.0004636041145990147,0.0,0,0,0,DLG11,0
f87d9f33-5882-4914-9a7d-2c2510cde517,Data Field,1,0,1,0,0,0,0.00046700620230937824,0.0004636041145990147,0.0,0,0,0,DLG11,0
cade0134-5f61-4b1e-a11e-d09e5e8a3ad3,Data Field,1,0,1,0,0,0,0.00046700620230937824,0.0004636041145990147,0.0,0,0,0,DLG11,0
752726c2-9063-4aca-b1a4-656b6e965058,Data Field,1,0,1,0,0,0,0.00046700620230937824,0.0004636041145990147,0.0,0,0,0,DLG11,0
363c4e88-0e94-4a88-9e23-8ad2fc861ca6,Data Field,1,0,1,0,0,0,0.00046700620230937824,0.0004636041145990147,0.0,0,0,0,DLG11,0
240acfcd-0457-4770-8d2e-f5320d070c8f,Data Field,1,0,1,0,0,0,0.00046700620230937824,0.0004636041145990147,0.0,0,0,0,DLG11,0
85fbdbc1-b2e5-4e0f-b5f3-e9c186fca4ad,Data Field,1,0,1,0,0,0,0.00046700620230937824,0.0004636041145990147,0.0,0,0,0,DLG11,0
55d924d1-a048-45f6-987d-8d03eb143182,Data Field,1,0,1,0,0,0,0.00046700620230937824,0.0004636041145990147,0.0,0,0,0,DLG11,0
73954a2a-c82d-408d-b685-43c882005745,Data Field,1,0,1,0,0,0,0.00046700620230937824,0.0004636041145990147,0.0,0,0,0,DLG11,0
9a5a7a54-808e-4a72-b97c-a8147e22c5bf,Data Table,1,25,26,1,0,25,0.0015992474484567407,0.0004636041145990147,0.0,0,9,0,DLG11,0
ea9a4406-29fb-429f-81e1-928e777f3042,Data Field,1,0,1,0,0,0,0.00046700620230937824,0.0004636041145990147,0.0,0,0,0,DLG11,0
5e10579c-efca-43b6-bf45-6c390ab5463f,Data Field,1,0,1,0,0,0,0.00046700620230937824,0.0004636041145990147,0.0,0,0,0,DLG11,0
da2c5f9a-d4ce-4f02-9cf4-ec990fae90d0,Data Field,1,0,1,0,0,0,0.00046700620230937824,0.0004636041145990147,0.0,0,0,0,DLG11,0
afd59515-5a8a-4a92-bb26-2aeb779feeba,Data Field,1,0,1,0,0,0,0.00046700620230937824,0.0004636041145990147,0.0,0,0,0,DLG11,0
18f6e7b1-b039-4ee3-abf5-27580af72ce6,Data Field,1,0,1,0,0,0,0.00046700620230937824,0.0004636041145990147,0.0,0,0,0,DLG11,0
a4cd55a6-67bd-4306-9b78-7a210b6e31da,Data Field,1,0,1,0,0,0,0.00046700620230937824,0.0004636041145990147,0.0,0,0,0,DLG11,0
9271ff03-8dba-402f-bb7a-f1d053e7a2d4,Data Field,1,0,1,0,0,0,0.00046700620230937824,0.0004636041145990147,0.0,0,0,0,DLG11,0
7d490c7a-2acd-47c6-9e53-1fc1c0fa8b4f,Data Field,1,0,1,0,0,0,0.00046700620230937824,0.0004636041145990147,0.0,0,0,0,DLG11,0
ada7c2a2-af0b-4daf-92fc-93e7234211a0,Data Field,1,0,1,0,0,0,0.00046700620230937824,0.0004636041145990147,0.0,0,0,0,DLG11,0
6c5603aa-28cc-46fe-98cd-0ab799fd44d2,Data Field,1,0,1,0,0,0,0.00046700620230937824,0.0004636041145990147,0.0,0,0,0,DLG11,0
612690cd-f10d-4e5c-bfcb-3baeeef6c8f8,Data Field,1,0,1,0,0,0,0.00046700620230937824,0.0004636041145990147,0.0,0,0,0,DLG11,0
12afda9d-b232-4468-b7b7-841a19df3356,Data Field,1,0,1,0,0,0,0.00046700620230937824,0.0004636041145990147,0.0,0,0,0,DLG11,0
9b60b58f-b4d1-46a2-9d67-2a7435586c33,Data Field,1,0,1,0,0,0,0.00046700620230937824,0.0004636041145990147,0.0,0,0,0,DLG11,0
3ac36401-94a5-4923-8dfc-a578a1a9dc58,Data Field,1,0,1,0,0,0,0.00046700620230937824,0.0004636041145990147,0.0,0,0,0,DLG11,0
fdf8a425-2ac4-4e69-b35e-9cc01260e3c2,Data Field,1,0,1,0,0,0,0.00046700620230937824,0.0004636041145990147,0.0,0,0,0,DLG11,0
ae6ac69d-fd7f-4f45-9c9c-20e0871e77c0,Data Field,1,0,1,0,0,0,0.00046700620230937824,0.0004636041145990147,0.0,0,0,0,DLG11,0
dca12888-2f03-4d1a-a8d9-67d088330d66,Data Field,1,0,1,0,0,0,0.00046700620230937824,0.0004636041145990147,0.0,0,0,0,DLG11,0
003782e4-4eda-4a60-94d7-2665a9263d1e,Data Field,1,0,1,0,0,0,0.00046700620230937824,0.0004636041145990147,0.0,0,0,0,DLG11,0
fd9b8b5a-8d62-451a-a9d8-3d52f6178e87,Data Field,1,0,1,0,0,0,0.00046700620230937824,0.0004636041145990147,0.0,0,0,0,DLG11,0
5991411f-56d2-4274-9000-fe8d92ed954e,Data Field,1,0,1,0,0,0,0.00046700620230937824,0.0004636041145990147,0.0,0,0,0,DLG11,0
08edce34-f274-4844-bf73-a1668e8e4393,Data Field,1,0,1,0,0,0,0.00046700620230937824,0.0004636041145990147,0.0,0,0,0,DLG11,0
8718a8fe-041e-470f-8ea5-f523d44b0a38,Data Field,1,0,1,0,0,0,0.00046700620230937824,0.0004636041145990147,0.0,0,0,0,DLG11,0
008e9da2-5822-4b79-8f0e-9fce74794827,Data Field,1,0,1,0,0,0,0.00046700620230937824,0.0004636041145990147,0.0,0,0,0,DLG11,0
67d79363-c4d5-4776-9e86-a4bc246dda9b,Data Table,1,39,40,1,6,33,0.001529281287720125,0.005883871836422715,8.902077151335313e-05,18,5,0,DLG11,1
623ab78f-2f24-43d6-abf7-d0d6d7bb264e,Data Field,1,0,1,0,0,0,0.00046700620230937824,0.0004636041145990147,0.0,0,0,0,DLG11,0
7c99bd78-2256-49c2-b731-a4707d1841ec,Data Field,1,0,1,0,0,0,0.00046700620230937824,0.0004636041145990147,0.0,0,0,0,DLG11,0
6d429d82-af59-445c-8680-c8d946353f98,Data Field,1,0,1,0,0,0,0.00046700620230937824,0.0004636041145990147,0.0,0,0,0,DLG11,0
a402790d-1f8e-4f6d-9628-f1053d038f31,Data Field,1,0,1,0,0,0,0.00046700620230937824,0.0004636041145990147,0.0,0,0,0,DLG11,0
4da101d6-5e37-4af0-8e58-f99becfcd9e5,Data Field,1,0,1,0,0,0,0.00046700620230937824,0.0004636041145990147,0.0,0,0,0,DLG11,0
b508d6de-9535-43c7-b03d-c80e7587f91a,Data Field,1,0,1,0,0,0,0.00046700620230937824,0.0004636041145990147,0.0,0,0,0,DLG11,0
fd6042e6-cc01-478e-9954-3f172b374c77,Data Field,1,0,1,0,0,0,0.00046700620230937824,0.0004636041145990147,0.0,0,0,0,DLG11,0
640bb73d-0358-467c-af58-ad4ec354cdea,Data Field,1,0,1,0,0,0,0.00046700620230937824,0.0004636041145990147,0.0,0,0,0,DLG11,0
7c20cb9a-de01-4136-bdc7-fc9d29ce32fb,Data Field,1,0,1,0,0,0,0.00046700620230937824,0.0004636041145990147,0.0,0,0,0,DLG11,0
1f4dbe73-8b52-4911-accf-bbf9db196586,Data Field,1,0,1,0,0,0,0.00046700620230937824,0.0004636041145990147,0.0,0,0,0,DLG11,0
f60a009d-66a4-49e1-b633-dba57de902ac,Data Field,1,0,1,0,0,0,0.00046700620230937824,0.0004636041145990147,0.0,0,0,0,DLG11,0
39120a6d-741d-4bfa-8835-b6254099f4cf,Data Field,1,0,1,0,0,0,0.00046700620230937824,0.0004636041145990147,0.0,0,0,0,DLG11,0
7090b8a6-e8e3-479b-ad98-5ad08cefe7cf,Data Field,1,0,1,0,0,0,0.00046700620230937824,0.0004636041145990147,0.0,0,0,0,DLG11,0
eddb2f76-ae55-4aad-bdaa-a0c069a7de48,Data Field,1,0,1,0,0,0,0.00046700620230937824,0.0004636041145990147,0.0,0,0,0,DLG11,0
80b94ccc-c6d9-4231-b9f7-364f708c2af7,Data Field,1,0,1,0,0,0,0.00046700620230937824,0.0004636041145990147,0.0,0,0,0,DLG11,0
c35d0641-9048-473a-9bd6-3f52deb334a7,Data Job,1,1,2,1,1,0,0.0006839660605231868,0.0008578816525045613,4.945598417408506e-06,1,6,0,DLG11,0
c353rs41-9048-473a-9be6-3f5t70n33xc2,Data Job,1,1,2,1,1,0,0.0006839660605231868,0.0014793130020773447,1.483679525222552e-05,3,6,0,DLG11,0
opervc59-2wc8-q10b-9v32-3f5t70245gb0,Data Job,1,1,2,1,1,0,0.0006839660605231868,0.0011685973272909532,1.483679525222552e-05,3,6,0,DLG11,0
c353rs41-9048-473a-9be6-ax2z70n3672d,Data Job,1,1,2,1,1,0,0.002351063007931277,0.0014793130020773447,2.967359050445104e-05,3,10,0,DLG11,0
6b3e0cd0-1732-4c1b-8a3c-40fad8e75f7e,Data Job,1,1,2,1,1,0,0.0006839660605231868,0.0009528385441969905,8.325923261630484e-06,5,6,0,DLG11,0
b271e913-de2b-4e41-bb54-194e81a61a8d,Data Job,1,1,2,1,1,0,0.0006839660605231868,0.0009528385441969905,8.242664029014178e-06,5,6,0,DLG11,0
1b1129be-0e32-4d9d-be0b-45707ff811f4,Data Job,1,1,2,1,1,0,0.0006839660605231868,0.0009528385441969905,8.242664029014178e-06,5,6,0,DLG11,0
41e67ddf-6cc8-48e6-9ceb-49527e63a012,Data Table,1,24,25,1,0,24,0.0010494134238603512,0.0004636041145990147,0.0,0,7,0,DLG11,0
ae2e8188-6f17-4ae2-8d16-5af4931a8ece,Data Field,1,0,1,0,0,0,0.00046700620230937824,0.0004636041145990147,0.0,0,0,0,DLG11,0
41d6e7d3-f748-4327-b12e-28e1f341e55b,Data Field,1,0,1,0,0,0,0.00046700620230937824,0.0004636041145990147,0.0,0,0,0,DLG11,0
9331e4f1-6faa-4d2d-ae0d-0611635a21a5,Data Field,1,0,1,0,0,0,0.00046700620230937824,0.0004636041145990147,0.0,0,0,0,DLG11,0
54d4d3fa-0c28-4543-a55d-15701c363d3c,Data Field,1,0,1,0,0,0,0.00046700620230937824,0.0004636041145990147,0.0,0,0,0,DLG11,0
d5c25886-4627-4429-a845-8d6076a818ce,Data Field,1,0,1,0,0,0,0.00046700620230937824,0.0004636041145990147,0.0,0,0,0,DLG11,0
56d07bfa-f734-4209-a7c0-3e939a14c17a,Data Field,1,0,1,0,0,0,0.00046700620230937824,0.0004636041145990147,0.0,0,0,0,DLG11,0
876ac299-72d6-42e2-829b-3ef003d30efe,Data Field,1,0,1,0,0,0,0.00046700620230937824,0.0004636041145990147,0.0,0,0,0,DLG11,0
0c31f48f-9add-4d2f-ad8b-f41cca485fb0,Data Field,1,0,1,0,0,0,0.00046700620230937824,0.0004636041145990147,0.0,0,0,0,DLG11,0
7cbcc523-37bf-41a4-983c-125405f60625,Data Field,1,0,1,0,0,0,0.00046700620230937824,0.0004636041145990147,0.0,0,0,0,DLG11,0
fe3fb128-a373-4c7a-ade3-c09087b7e20b,Data Field,1,0,1,0,0,0,0.00046700620230937824,0.0004636041145990147,0.0,0,0,0,DLG11,0
15c51b72-8ece-43a8-b21b-da43fbda2996,Data Field,1,0,1,0,0,0,0.00046700620230937824,0.0004636041145990147,0.0,0,0,0,DLG11,0
9c60dfa7-95a6-4106-bf1f-005c3eaccaeb,Data Field,1,0,1,0,0,0,0.00046700620230937824,0.0004636041145990147,0.0,0,0,0,DLG11,0
7ecf44c7-cf9c-4d29-be84-36dda713a433,Data Field,1,0,1,0,0,0,0.00046700620230937824,0.0004636041145990147,0.0,0,0,0,DLG11,0
ad83d526-f1ae-40fd-82b5-3580dbac80b5,Data Field,1,0,1,0,0,0,0.00046700620230937824,0.0004636041145990147,0.0,0,0,0,DLG11,0
fe9d198f-38ef-4517-9090-0cf90e1fb668,Data Field,1,0,1,0,0,0,0.00046700620230937824,0.0004636041145990147,0.0,0,0,0,DLG11,0
1ecc8883-48ef-4c6c-a435-96becd7abed5,Data Field,1,0,1,0,0,0,0.00046700620230937824,0.0004636041145990147,0.0,0,0,0,DLG11,0
d92fb632-0eb8-48ca-920d-ca7d17afd7ee,Data Field,1,0,1,0,0,0,0.00046700620230937824,0.0004636041145990147,0.0,0,0,0,DLG11,0
4fdd748f-c3e7-45ba-9682-3a9ecd1b3d67,Data Field,1,0,1,0,0,0,0.00046700620230937824,0.0004636041145990147,0.0,0,0,0,DLG11,0
b7fd2a0d-6a35-4788-974b-af7e115f810f,Data Field,1,0,1,0,0,0,0.00046700620230937824,0.0004636041145990147,0.0,0,0,0,DLG11,0
c19de93b-a54d-455b-97d3-a38e463dd38d,Data Table,3,26,29,3,1,25,0.0022142278669622976,0.001723123459691814,3.956478733926805e-05,4,9,0,DLG11,0
a701e62a-918d-4ec0-95ed-830292ea83b7,Data Field,1,0,1,0,0,0,0.00046700620230937824,0.0004636041145990147,0.0,0,0,0,DLG11,0
74c985ea-0eec-45b6-9a2c-e25896f082b6,Data Field,1,0,1,0,0,0,0.00046700620230937824,0.0004636041145990147,0.0,0,0,0,DLG11,0
bb48baa0-e60a-48ed-817c-8169edc12de,Data Field,1,0,1,0,0,0,0.00046700620230937824,0.0004636041145990147,0.0,0,0,0,DLG11,0
65b4f56b-d11a-4105-a38b-dafde52bc901,Data Field,1,0,1,0,0,0,0.00046700620230937824,0.0004636041145990147,0.0,0,0,0,DLG11,0
5281d5da-0b51-4991-b8e1-c56f72b3b7f9,Data Field,1,0,1,0,0,0,0.00046700620230937824,0.0004636041145990147,0.0,0,0,0,DLG11,0
092b3a4c-6fb5-475d-a226-450a59a07606,Data Field,1,0,1,0,0,0,0.00046700620230937824,0.0004636041145990147,0.0,0,0,0,DLG11,0
dd0b54a3-a08e-4906-8b78-3a053bdd5e49,Data Field,1,0,1,0,0,0,0.00046700620230937824,0.0004636041145990147,0.0,0,0,0,DLG11,0
2095a98a-9e61-409e-b1b4-3eaa9d6c4a80,Data Field,1,0,1,0,0,0,0.00046700620230937824,0.0004636041145990147,0.0,0,0,0,DLG11,0
c2ae9a7d-d7ca-4749-91b8-7a65fe29919b,Data Field,1,0,1,0,0,0,0.00046700620230937824,0.0004636041145990147,0.0,0,0,0,DLG11,0
6aed8835-f2f0-4b47-88d0-c9bb835ba19f,Data Field,1,0,1,0,0,0,0.00046700620230937824,0.0004636041145990147,0.0,0,0,0,DLG11,0
1052aab3-cf4c-412b-83d8-a7289c3628bb,Data Field,1,0,1,0,0,0,0.00046700620230937824,0.0004636041145990147,0.0,0,0,0,DLG11,0
81185e18-e792-4971-a894-3870cd69a725,Data Field,1,0,1,0,0,0,0.00046700620230937824,0.0004636041145990147,0.0,0,0,0,DLG11,0
f531b56b-0003-4cca-abaa-f5def8dafc9e,Data Field,1,0,1,0,0,0,0.00046700620230937824,0.0004636041145990147,0.0,0,0,0,DLG11,0
5a7e4127-6f24-4e80-aabd-f3590feb4329,Data Field,1,0,1,0,0,0,0.00046700620230937824,0.0004636041145990147,0.0,0,0,0,DLG11,0
276ff4aa-d0ba-4cf4-9ecc-60e9c6f6df54,Data Field,1,0,1,0,0,0,0.00046700620230937824,0.0004636041145990147,0.0,0,0,0,DLG11,0
f13664ae-97cd-45d6-99ed-c46e10a45be8,Data Field,1,0,1,0,0,0,0.00046700620230937824,0.0004636041145990147,0.0,0,0,0,DLG11,0
f571586e-3395-43ab-9a5f-4c704d441ec0,Data Field,1,0,1,0,0,0,0.00046700620230937824,0.0004636041145990147,0.0,0,0,0,DLG11,0
29e34c57-a846-4501-bc72-c19f5a47fdde,Data Field,1,0,1,0,0,0,0.00046700620230937824,0.0004636041145990147,0.0,0,0,0,DLG11,0
71336f22-45ae-477f-90a8-28acfb20ee64,Data Field,1,0,1,0,0,0,0.00046700620230937824,0.0004636041145990147,0.0,0,0,0,DLG11,0
71e86c06-ba69-4210-9a26-fd58418517d6,Data Field,1,0,1,0,0,0,0.00046700620230937824,0.0004636041145990147,0.0,0,0,0,DLG11,0
9961fd0a-966c-4d08-961b-6e5043fe573a,Data Field,1,0,1,0,0,0,0.00046700620230937824,0.0004636041145990147,0.0,0,0,0,DLG11,0
84433b3b-1ea8-48b6-8042-588b99edfe1a,Data Field,1,0,1,0,0,0,0.00046700620230937824,0.0004636041145990147,0.0,0,0,0,DLG11,0
f4fc29fd-5f5a-4e74-95e4-22c65bf7e1ae,Data Field,1,0,1,0,0,0,0.00046700620230937824,0.0004636041145990147,0.0,0,0,0,DLG11,0
938e9967-9c8e-459a-b4ab-f20f265ace0c,Data Field,1,0,1,0,0,0,0.00046700620230937824,0.0004636041145990147,0.0,0,0,0,DLG11,0
46f0c95b-29c8-46f7-9ca4-8ac943fdb083,Data Field,1,0,1,0,0,0,0.00046700620230937824,0.0004636041145990147,0.0,0,0,0,DLG11,0
21c90e97-c663-4240-8c84-d4fae057a1fb,Data Field,1,0,1,0,0,0,0.00046700620230937824,0.0004636041145990147,0.0,0,0,0,DLG11,0
c99e7015-209b-47b9-870d-5bfb49166e52,Data Field,1,0,1,0,0,0,0.00046700620230937824,0.0004636041145990147,0.0,0,0,0,DLG11,0
420f4b22-0285-44e6-b11e-6f8b3af20bfb,Data Field,1,0,1,0,0,0,0.00046700620230937824,0.0004636041145990147,0.0,0,0,0,DLG11,0
d9718963-bfc8-487c-9454-d0ad43ed773e,Data Field,1,0,1,0,0,0,0.00046700620230937824,0.0004636041145990147,0.0,0,0,0,DLG11,0
096da9f7-125e-467d-a96f-ef3f654ba12e,Data Field,1,0,1,0,0,0,0.00046700620230937824,0.0004636041145990147,0.0,0,0,0,DLG11,0
babfd9ab-6893-4de4-a5ee-2f485d2d9ed2,Data Job,2,1,3,2,1,0,0.0017568752190260622,0.0008578816525045613,4.9955539569782895e-06,1,9,0,DLG11,0
c8ee4870-c63d-47f7-8514-b5d0e86a7ae2,Data Field,1,0,1,0,0,0,0.00046700620230937824,0.0004636041145990147,0.0,0,0,0,DLG11,0
fea9d604-505a-4b65-becd-bd33a4eaa9dd,Data Field,1,0,1,0,0,0,0.00046700620230937824,0.0004636041145990147,0.0,0,0,0,DLG11,0
32fc0a93-5097-4ba7-ad4a-3bfcba1cfe1c,Data Field,1,0,1,0,0,0,0.00046700620230937824,0.0004636041145990147,0.0,0,0,0,DLG11,0
48c0d4f2-0f39-4826-a4ff-574537badbe4,Data Table,1,18,19,1,1,17,0.0010494134238603512,0.0008285142118866765,9.891196834817013e-06,2,7,0,DLG11,0
97a3ccbe-1452-4241-9635-c821e55fd11d,Data Field,1,0,1,0,0,0,0.00046700620230937824,0.0004636041145990147,0.0,0,0,0,DLG11,0
f4502a05-1c30-49f4-8e5b-95f4c1e6f207,Data Field,1,0,1,0,0,0,0.00046700620230937824,0.0004636041145990147,0.0,0,0,0,DLG11,0
a16005e1-e2c6-4a14-b50c-adf3ef801174,Data Table,1,48,49,1,0,48,0.0019372080880843939,0.0004636041145990147,0.0,0,10,0,DLG11,0
d1ce7e04-4bcd-4062-a9d7-c6c1eff8d73a,Data Field,1,0,1,0,0,0,0.00046700620230937824,0.0004636041145990147,0.0,0,0,0,DLG11,0
185479ae-eae5-4d79-bbd3-94937781144e,Data Field,1,0,1,0,0,0,0.00046700620230937824,0.0004636041145990147,0.0,0,0,0,DLG11,0
161b101c-7d44-4510-b86b-58085e3883ef,Data Field,1,0,1,0,0,0,0.00046700620230937824,0.0004636041145990147,0.0,0,0,0,DLG11,0
c391a161-1d03-43aa-bf01-213f80ef1353,Data Field,1,0,1,0,0,0,0.00046700620230937824,0.0004636041145990147,0.0,0,0,0,DLG11,0
69f3a968-3815-45cd-af99-16dc30aaf210,Data Field,1,0,1,0,0,0,0.00046700620230937824,0.0004636041145990147,0.0,0,0,0,DLG11,0
d2465698-b679-4a24-90d2-64e7f5bb6095,Data Field,1,0,1,0,0,0,0.00046700620230937824,0.0004636041145990147,0.0,0,0,0,DLG11,0
bf92cf2a-bb38-4493-9811-9acfeb3d237d,Data Field,1,0,1,0,0,0,0.00046700620230937824,0.0004636041145990147,0.0,0,0,0,DLG11,0
cc731377-0dd3-46c0-b7e8-2c2f42904ea3,Data Field,1,0,1,0,0,0,0.00046700620230937824,0.0004636041145990147,0.0,0,0,0,DLG11,0
1fdb56ed-647b-480f-9296-f34f424777ff,Data Field,1,0,1,0,0,0,0.00046700620230937824,0.0004636041145990147,0.0,0,0,0,DLG11,0
48334950-bbde-43cd-98ad-5a602b53d206,Data Field,1,0,1,0,0,0,0.00046700620230937824,0.0004636041145990147,0.0,0,0,0,DLG11,0
3a646af6-8d0f-493f-953d-345868127ec6,Data Field,1,0,1,0,0,0,0.00046700620230937824,0.0004636041145990147,0.0,0,0,0,DLG11,0
a6c6e5b6-1b72-498a-b6ea-9ec2694649f8,Data Field,1,0,1,0,0,0,0.00046700620230937824,0.0004636041145990147,0.0,0,0,0,DLG11,0
84682987-42f5-4ce3-aefb-1081b654d624,Data Field,1,0,1,0,0,0,0.00046700620230937824,0.0004636041145990147,0.0,0,0,0,DLG11,0
2fa8e2b1-609b-40a3-aa28-a762460a4b95,Data Field,1,0,1,0,0,0,0.00046700620230937824,0.0004636041145990147,0.0,0,0,0,DLG11,0
dd728f26-f46d-4513-9cdc-82629bf40fc6,Data Field,1,0,1,0,0,0,0.00046700620230937824,0.0004636041145990147,0.0,0,0,0,DLG11,0
0079c06a-f5f9-4c6d-be2c-92300c647184,Data Field,1,0,1,0,0,0,0.00046700620230937824,0.0004636041145990147,0.0,0,0,0,DLG11,0
b5f581cd-a059-4f12-a123-a190c4984ce1,Data Field,1,0,1,0,0,0,0.00046700620230937824,0.0004636041145990147,0.0,0,0,0,DLG11,0
bdc72473-cfff-4f8b-8951-4a4cdf5aa46e,Data Field,1,0,1,0,0,0,0.00046700620230937824,0.0004636041145990147,0.0,0,0,0,DLG11,0
dedd977b-84d0-4cd3-8d0e-f84b41aa6c77,Data Field,1,0,1,0,0,0,0.00046700620230937824,0.0004636041145990147,0.0,0,0,0,DLG11,0
1e4788d0-7a1a-43ec-8e5f-e8b203c44a1f,Data Field,1,0,1,0,0,0,0.00046700620230937824,0.0004636041145990147,0.0,0,0,0,DLG11,0
54e70ef0-9548-4172-ac30-915bc76e9815,Data Field,1,0,1,0,0,0,0.00046700620230937824,0.0004636041145990147,0.0,0,0,0,DLG11,0
ceed2e4d-ed3b-45f8-ba2f-8eda2116c692,Data Table,0,19,19,0,1,18,0.00046700620230937824,0.0008285142118866765,0.0,2,0,0,DLG11,0
fe66423f-3bb7-492d-9f99-1a9bb2e76042,Data Field,1,0,1,0,0,0,0.00046700620230937824,0.0004636041145990147,0.0,0,0,0,DLG11,0
1623faab-f5cf-4b65-af6f-79b4457602e1,Data Field,1,0,1,0,0,0,0.00046700620230937824,0.0004636041145990147,0.0,0,0,0,DLG11,0
785d8604-f0cc-4677-a6a1-278457878610,Data Field,1,0,1,0,0,0,0.00046700620230937824,0.0004636041145990147,0.0,0,0,0,DLG11,0
262497f2-5ec9-4ab3-b0a6-a357b7437b31,Data Field,1,0,1,0,0,0,0.00046700620230937824,0.0004636041145990147,0.0,0,0,0,DLG11,0
9e653d61-5ae3-4264-b698-7748f89e92c2,Data Field,1,0,1,0,0,0,0.00046700620230937824,0.0004636041145990147,0.0,0,0,0,DLG11,0
f38529b4-6b64-496e-9e92-61f17c2f4329,Data Field,1,0,1,0,0,0,0.00046700620230937824,0.0004636041145990147,0.0,0,0,0,DLG11,0
0c17bc72-f2b9-4e13-83c6-886611db14a0,Data Field,1,0,1,0,0,0,0.00046700620230937824,0.0004636041145990147,0.0,0,0,0,DLG11,0
506fe1ae-2985-4f55-86f9-3081d7b6dfce,Data Field,1,0,1,0,0,0,0.00046700620230937824,0.0004636041145990147,0.0,0,0,0,DLG11,0
39ca07d9-2b32-4863-b97b-39ed606515ea,Data Field,1,0,1,0,0,0,0.00046700620230937824,0.0004636041145990147,0.0,0,0,0,DLG11,0
a2af4351-b0a9-492f-a0fb-bd7a38e27cd2,Data Field,1,0,1,0,0,0,0.00046700620230937824,0.0004636041145990147,0.0,0,0,0,DLG11,0
1d6580eb-9eeb-40d3-9f9b-23b0284c783a,Data Field,1,0,1,0,0,0,0.00046700620230937824,0.0004636041145990147,0.0,0,0,0,DLG11,0
a6621d68-283c-42b9-8095-8dc5e9155f52,Data Field,1,0,1,0,0,0,0.00046700620230937824,0.0004636041145990147,0.0,0,0,0,DLG11,0
0e4c08f3-024a-4478-ba67-247d0f1194db,Data Field,1,0,1,0,0,0,0.00046700620230937824,0.0004636041145990147,0.0,0,0,0,DLG11,0
f8374b57-7af2-4f2c-be89-1c5c43c21885,Data Field,1,0,1,0,0,0,0.00046700620230937824,0.0004636041145990147,0.0,0,0,0,DLG11,0
f73e4397-8f5b-41ae-8c06-b2033df633c9,Data Field,1,0,1,0,0,0,0.00046700620230937824,0.0004636041145990147,0.0,0,0,0,DLG11,0
309a71e5-b104-4900-9af6-537881c625e1,Data Field,1,0,1,0,0,0,0.00046700620230937824,0.0004636041145990147,0.0,0,0,0,DLG11,0
56e91eec-6327-461b-bd64-806884db504d,Data Field,1,0,1,0,0,0,0.00046700620230937824,0.0004636041145990147,0.0,0,0,0,DLG11,0
9cd2f6a5-0ccd-4fe4-85df-c0834e3fc3e3,Data Job,1,1,2,1,1,0,0.002424345188669632,0.0008578816525045613,1.4986661870934869e-05,1,12,0,DLG11,0
432f5499-a617-40d5-b647-777ff04e09cb,Data Table,1,26,27,1,0,26,0.0024634406893728283,0.0004636041145990147,0.0,0,13,0,DLG11,1
9bcab653-ca40-4e10-9571-738803fa75f5,Data Field,1,0,1,0,0,0,0.00046700620230937824,0.0004636041145990147,0.0,0,0,0,DLG11,0
78ac21d9-0c1e-4162-abd9-bf2109ee6808,Data Field,1,0,1,0,0,0,0.00046700620230937824,0.0004636041145990147,0.0,0,0,0,DLG11,0
6ca36506-ded4-4210-8fd2-80443c18945d,Data Field,1,0,1,0,0,0,0.00046700620230937824,0.0004636041145990147,0.0,0,0,0,DLG11,0
5945dc6a-8452-47fc-b4e6-d9135b9e7848,Data Field,1,0,1,0,0,0,0.00046700620230937824,0.0004636041145990147,0.0,0,0,0,DLG11,0
18755425-7d3b-4bdb-882f-2d69bff6e108,Data Field,1,0,1,0,0,0,0.00046700620230937824,0.0004636041145990147,0.0,0,0,0,DLG11,0
8601c3a6-3c18-4553-8077-d53e494bc428,Data Field,1,0,1,0,0,0,0.00046700620230937824,0.0004636041145990147,0.0,0,0,0,DLG11,0
ef879d99-3f70-4871-9f69-c0d456e744bc,Data Field,1,0,1,0,0,0,0.00046700620230937824,0.0004636041145990147,0.0,0,0,0,DLG11,0
d1a3d249-d14c-4eb2-8115-7526aa41e765,Data Field,1,0,1,0,0,0,0.00046700620230937824,0.0004636041145990147,0.0,0,0,0,DLG11,0
ddbcebfe-74b1-47e9-963c-1f7703bf5d95,Data Field,1,0,1,0,0,0,0.00046700620230937824,0.0004636041145990147,0.0,0,0,0,DLG11,0
b3875a77-27d7-4a93-9823-d1d1abf05c1e,Data Field,1,0,1,0,0,0,0.00046700620230937824,0.0004636041145990147,0.0,0,0,0,DLG11,0
707dc950-186f-479b-81f9-fed9bd14c50c,Data Field,1,0,1,0,0,0,0.00046700620230937824,0.0004636041145990147,0.0,0,0,0,DLG11,0
e0f588be-d4d9-4ccb-b11b-30d8075cdf7e,Data Field,1,0,1,0,0,0,0.00046700620230937824,0.0004636041145990147,0.0,0,0,0,DLG11,0
b304c975-8fe0-4bb8-b52d-7bc49941cd70,Data Field,1,0,1,0,0,0,0.00046700620230937824,0.0004636041145990147,0.0,0,0,0,DLG11,0
6eb94d98-fadd-492c-9ae0-6b6e7c9cbea5,Data Field,1,0,1,0,0,0,0.00046700620230937824,0.0004636041145990147,0.0,0,0,0,DLG11,0
0108752d-ded8-4f6e-8486-7fd2c40c95ef,Data Field,1,0,1,0,0,0,0.00046700620230937824,0.0004636041145990147,0.0,0,0,0,DLG11,0
922e928d-1dcf-4e2a-8de4-2c3cdf3de6e7,Data Field,1,0,1,0,0,0,0.00046700620230937824,0.0004636041145990147,0.0,0,0,0,DLG11,0
afa59c6f-1708-4990-8962-a1adce32d474,Data Field,1,0,1,0,0,0,0.00046700620230937824,0.0004636041145990147,0.0,0,0,0,DLG11,0
63dcb971-5d14-4177-8d37-923820560a7b,Data Field,1,0,1,0,0,0,0.00046700620230937824,0.0004636041145990147,0.0,0,0,0,DLG11,0
6b1408d4-30b3-4bb8-9ff4-c48d3b2292bf,Data Field,1,0,1,0,0,0,0.00046700620230937824,0.0004636041145990147,0.0,0,0,0,DLG11,0
8129904b-236a-44d4-a86f-ffd5658d4c51,Data Field,1,0,1,0,0,0,0.00046700620230937824,0.0004636041145990147,0.0,0,0,0,DLG11,0
e7ed3481-0094-4525-ba8b-6e02a97867a8,Data Field,1,0,1,0,0,0,0.00046700620230937824,0.0004636041145990147,0.0,0,0,0,DLG11,0
58b84b1e-5e76-4303-882e-f68f23ba62d4,Data Field,1,0,1,0,0,0,0.00046700620230937824,0.0004636041145990147,0.0,0,0,0,DLG11,0
30346035-1e60-4014-8716-6b46a8a6ea1f,Data Field,1,0,1,0,0,0,0.00046700620230937824,0.0004636041145990147,0.0,0,0,0,DLG11,0
73586d2f-65c1-4888-b796-f31cf40215d9,Data Field,1,0,1,0,0,0,0.00046700620230937824,0.0004636041145990147,0.0,0,0,0,DLG11,0
63305988-0993-4848-8cb6-7824b640f98d,Data Field,1,0,1,0,0,0,0.00046700620230937824,0.0004636041145990147,0.0,0,0,0,DLG11,0
b1d4a65d-332d-4273-9f74-94913c2076b6,Data Field,1,0,1,0,0,0,0.00046700620230937824,0.0004636041145990147,0.0,0,0,0,DLG11,0
d5877d41-8132-4fb7-bf2f-6d8f5fd9ea6f,Data Field,1,0,1,0,0,0,0.00046700620230937824,0.0004636041145990147,0.0,0,0,0,DLG11,0
03044347-e3de-4d14-969d-c83846d78bce,Data Field,1,0,1,0,0,0,0.00046700620230937824,0.0004636041145990147,0.0,0,0,0,DLG11,0
e6629cce-e74b-40b0-bbe0-c301b5ddc33f,Data Field,1,0,1,0,0,0,0.00046700620230937824,0.0004636041145990147,0.0,0,0,0,DLG11,0
88989667-f569-41a9-b250-049a63e2cc20,Data Field,1,0,1,0,0,0,0.00046700620230937824,0.0004636041145990147,0.0,0,0,0,DLG11,0
61130c33-387a-4cc8-a802-f53262a757af,Data Field,1,0,1,0,0,0,0.00046700620230937824,0.0004636041145990147,0.0,0,0,0,DLG11,0
5d0662a8-c78d-4edc-bbf3-70850a1bb504,Data Field,1,0,1,0,0,0,0.00046700620230937824,0.0004636041145990147,0.0,0,0,0,DLG11,0
370cca62-043f-40c2-a51d-956baf44ab17,Data Field,1,0,1,0,0,0,0.00046700620230937824,0.0004636041145990147,0.0,0,0,0,DLG11,0
edd5f0d6-6f3a-4c51-bcda-f00e5fbb9571,Data Field,1,0,1,0,0,0,0.00046700620230937824,0.0004636041145990147,0.0,0,0,0,DLG11,0
596b34e3-d727-41b2-9e88-79c5b0f8818a,Data Field,1,0,1,0,0,0,0.00046700620230937824,0.0004636041145990147,0.0,0,0,0,DLG11,0
40b37fc4-ef9f-46ab-acc1-0166d5b1215a,Data Field,1,0,1,0,0,0,0.00046700620230937824,0.0004636041145990147,0.0,0,0,0,DLG11,0
07774d42-1355-49ed-96aa-f457debf34fa,Data Field,1,0,1,0,0,0,0.00046700620230937824,0.0004636041145990147,0.0,0,0,0,DLG11,0
c085332d-36bd-436e-aff8-79af8428723c,Data Table,1,26,27,1,1,25,0.0023935885636848985,0.0011934243091743385,1.9982215827913158e-05,2,11,0,DLG11,0
47dd3a64-a626-454e-b8cc-fefeccad0629,Data Field,1,0,1,0,0,0,0.00046700620230937824,0.0004636041145990147,0.0,0,0,0,DLG11,0
e869026e-5132-4728-875e-59a4764bf356,Data Field,1,0,1,0,0,0,0.00046700620230937824,0.0004636041145990147,0.0,0,0,0,DLG11,0
95153352-fbf0-4649-9da2-8eb43e7aaea5,Data Field,1,0,1,0,0,0,0.00046700620230937824,0.0004636041145990147,0.0,0,0,0,DLG11,0
88fbfcce-30ca-48db-af7b-14c065033f94,Data Field,1,0,1,0,0,0,0.00046700620230937824,0.0004636041145990147,0.0,0,0,0,DLG11,0
eaa2594a-12a2-402f-b1d5-3613e48b74ea,Data Field,1,0,1,0,0,0,0.00046700620230937824,0.0004636041145990147,0.0,0,0,0,DLG11,0
8ffdb1cc-a35b-41ee-ba2a-b64d3dc41b0e,Data Field,1,0,1,0,0,0,0.00046700620230937824,0.0004636041145990147,0.0,0,0,0,DLG11,0
8023cf72-54ea-43bc-be84-14710971c272,Data Field,1,0,1,0,0,0,0.00046700620230937824,0.0004636041145990147,0.0,0,0,0,DLG11,0
5b3c5cb1-b573-4d98-a358-2a7a09291587,Data Field,1,0,1,0,0,0,0.00046700620230937824,0.0004636041145990147,0.0,0,0,0,DLG11,0
d66c1ec8-f9e7-4f79-9a83-8777c373cf50,Data Field,1,0,1,0,0,0,0.00046700620230937824,0.0004636041145990147,0.0,0,0,0,DLG11,0
5d5ba383-e1ab-4d3b-9cbc-72ad35da8678,Data Field,1,0,1,0,0,0,0.00046700620230937824,0.0004636041145990147,0.0,0,0,0,DLG11,0
663472ed-925f-4e95-b36d-55625070446a,Data Field,1,0,1,0,0,0,0.00046700620230937824,0.0004636041145990147,0.0,0,0,0,DLG11,0
8aa1da8d-4dde-4ea8-86dd-1803c1f66fdb,Data Field,1,0,1,0,0,0,0.00046700620230937824,0.0004636041145990147,0.0,0,0,0,DLG11,0
7c7b9485-8a5e-440a-9188-f18197a529eb,Data Field,1,0,1,0,0,0,0.00046700620230937824,0.0004636041145990147,0.0,0,0,0,DLG11,0
7e9fc60a-762b-4d14-9a4e-2fa33db111b9,Data Field,1,0,1,0,0,0,0.00046700620230937824,0.0004636041145990147,0.0,0,0,0,DLG11,0
b7c668bc-c6c0-4372-a3bd-eb098ee6bbb5,Data Field,1,0,1,0,0,0,0.00046700620230937824,0.0004636041145990147,0.0,0,0,0,DLG11,0
3b2fe3dc-486d-431e-85ec-0c436297b2b1,Data Field,1,0,1,0,0,0,0.00046700620230937824,0.0004636041145990147,0.0,0,0,0,DLG11,0
ac001ec6-c4c1-4696-9587-823ac4bce89a,Data Field,1,0,1,0,0,0,0.00046700620230937824,0.0004636041145990147,0.0,0,0,0,DLG11,0
12b5d309-bef9-4fa8-a1be-1d78f6381ddf,Data Field,1,0,1,0,0,0,0.00046700620230937824,0.0004636041145990147,0.0,0,0,0,DLG11,0
64dd25ea-04ed-4c86-9504-509b233c9e76,Data Field,1,0,1,0,0,0,0.00046700620230937824,0.0004636041145990147,0.0,0,0,0,DLG11,0
5627004f-aa5e-427a-afcc-baa3e1493303,Data Field,1,0,1,0,0,0,0.00046700620230937824,0.0004636041145990147,0.0,0,0,0,DLG11,0
bf38a44d-d7ab-4183-ba67-0ce5ead97fae,Data Field,1,0,1,0,0,0,0.00046700620230937824,0.0004636041145990147,0.0,0,0,0,DLG11,0
2b4cd343-7f26-4a89-8024-db505222d358,Data Field,1,0,1,0,0,0,0.00046700620230937824,0.0004636041145990147,0.0,0,0,0,DLG11,0
522ee4ac-9b15-41cd-9518-42004cc43e3b,Data Field,1,0,1,0,0,0,0.00046700620230937824,0.0004636041145990147,0.0,0,0,0,DLG11,0
393944eb-5857-475d-a3de-13c41dc492e1,Data Field,1,0,1,0,0,0,0.00046700620230937824,0.0004636041145990147,0.0,0,0,0,DLG11,0
7312baff-dfeb-4b1e-9f80-4b06df4b4406,Data Field,1,0,1,0,0,0,0.00046700620230937824,0.0004636041145990147,0.0,0,0,0,DLG11,0
958dd354-e8bc-4f7e-a81e-91685c6eae87,Data Field,1,0,1,0,0,0,0.00046700620230937824,0.0004636041145990147,0.0,0,0,0,DLG11,0
c69266c8-0eb0-4130-bd3b-9e6f91a5d722,Data Field,1,0,1,0,0,0,0.00046700620230937824,0.0004636041145990147,0.0,0,0,0,DLG11,0
3f4c6f47-befe-4f25-b94f-5a4465e8165b,Data Field,1,0,1,0,0,0,0.00046700620230937824,0.0004636041145990147,0.0,0,0,0,DLG11,0
25eba47e-c080-466a-91d3-47faa4f788b4,Data Field,1,0,1,0,0,0,0.00046700620230937824,0.0004636041145990147,0.0,0,0,0,DLG11,0
39400956-acfc-44d4-a4f1-3e288cc9b0f4,Data Field,1,0,1,0,0,0,0.00046700620230937824,0.0004636041145990147,0.0,0,0,0,DLG11,0
b78560ea-6f3b-4cad-aff0-89ba3f32bbab,Data Field,1,0,1,0,0,0,0.00046700620230937824,0.0004636041145990147,0.0,0,0,0,DLG11,0
1d4c513c-deee-41f5-aeef-aa8ab245a093,Data Field,1,0,1,0,0,0,0.00046700620230937824,0.0004636041145990147,0.0,0,0,0,DLG11,0
a7b64600-00cf-4c12-951d-9077e401c601,Data Field,1,0,1,0,0,0,0.00046700620230937824,0.0004636041145990147,0.0,0,0,0,DLG11,0
83c16915-3f8e-4079-91c4-8db2a81cc21c,Data Field,1,0,1,0,0,0,0.00046700620230937824,0.0004636041145990147,0.0,0,0,0,DLG11,0
35643410-da22-44de-b10b-e0613d844a59,Data Field,1,0,1,0,0,0,0.00046700620230937824,0.0004636041145990147,0.0,0,0,0,DLG11,0
72b823c9-cfbf-49e7-9f90-888c081a0e45,Data Field,1,0,1,0,0,0,0.00046700620230937824,0.0004636041145990147,0.0,0,0,0,DLG11,0
9539e8ba-4cce-44cc-a11f-f6db030b0848,Data Field,1,0,1,0,0,0,0.00046700620230937824,0.0004636041145990147,0.0,0,0,0,DLG11,0
227aade4-57da-4c80-9950-23b02416d9c1,Data Field,1,0,1,0,0,0,0.00046700620230937824,0.0004636041145990147,0.0,0,0,0,DLG11,0
04eb4af0-0b13-4153-9dca-69c6b7324d06,Data Field,1,0,1,0,0,0,0.00046700620230937824,0.0004636041145990147,0.0,0,0,0,DLG11,0
c5763743-b5ab-470a-8947-20c9ffdc1d35,Data Field,1,0,1,0,0,0,0.00046700620230937824,0.0004636041145990147,0.0,0,0,0,DLG11,0
df66a505-2b87-40e3-b31d-2f501396cae6,Data Field,1,0,1,0,0,0,0.00046700620230937824,0.0004636041145990147,0.0,0,0,0,DLG11,0
fb3ed2a5-dd4e-4901-9733-9e588e98dc2a,Data Field,1,0,1,0,0,0,0.00046700620230937824,0.0004636041145990147,0.0,0,0,0,DLG11,0
38940948-36c0-4e49-80fb-433e00648625,Data Field,1,0,1,0,0,0,0.00046700620230937824,0.0004636041145990147,0.0,0,0,0,DLG11,0
ff48fe7b-0cc1-48ea-8437-b2c5a7134eac,Data Field,1,0,1,0,0,0,0.00046700620230937824,0.0004636041145990147,0.0,0,0,0,DLG11,0
83791acc-f26e-4496-b7ca-59153170f60f,Data Field,1,0,1,0,0,0,0.00046700620230937824,0.0004636041145990147,0.0,0,0,0,DLG11,0
bef7e3a7-c61a-47a8-8497-c3928d5424f2,Data Field,1,0,1,0,0,0,0.00046700620230937824,0.0004636041145990147,0.0,0,0,0,DLG11,0
8d99b2b0-2fc5-4a31-a0ce-6dccb1c90cb2,Data Field,1,0,1,0,0,0,0.00046700620230937824,0.0004636041145990147,0.0,0,0,0,DLG11,0
aa2edfd9-d8a1-439f-a3e1-6e902e3fdb0f,Data Field,1,0,1,0,0,0,0.00046700620230937824,0.0004636041145990147,0.0,0,0,0,DLG11,0
5bd63359-cdf2-4c87-bfd2-1b5bf8210ae7,Data Field,1,0,1,0,0,0,0.00046700620230937824,0.0004636041145990147,0.0,0,0,0,DLG11,0
fca26cb7-7c1b-422d-b072-91fbe313805e,Data Field,1,0,1,0,0,0,0.00046700620230937824,0.0004636041145990147,0.0,0,0,0,DLG11,0
8f441ed3-7390-4e31-96d4-42f5681cefa4,Data Field,1,0,1,0,0,0,0.00046700620230937824,0.0004636041145990147,0.0,0,0,0,DLG11,0
926ed452-aa49-4b42-90d7-4bc102dff2b0,Data Field,1,0,1,0,0,0,0.00046700620230937824,0.0004636041145990147,0.0,0,0,0,DLG11,0
93f0f034-e78d-431f-bf0e-88f83a9eb41a,Data Field,1,0,1,0,0,0,0.00046700620230937824,0.0004636041145990147,0.0,0,0,0,DLG11,0
42d4110f-ec00-446b-90a3-00417e8eac77,Data Field,1,0,1,0,0,0,0.00046700620230937824,0.0004636041145990147,0.0,0,0,0,DLG11,0
82f5ede9-64d7-4c8d-814f-ddfb97d950ff,Data Field,1,0,1,0,0,0,0.00046700620230937824,0.0004636041145990147,0.0,0,0,0,DLG11,0
f0eebe0e-9db4-4a2b-9e43-f7d3e2fb49ad,Data Field,1,0,1,0,0,0,0.00046700620230937824,0.0004636041145990147,0.0,0,0,0,DLG11,0
defdcf2b-8138-4fd8-8c28-e0a415f8c5c1,Data Field,1,0,1,0,0,0,0.00046700620230937824,0.0004636041145990147,0.0,0,0,0,DLG11,0
177f42a8-c134-4fce-b483-70fd6ff1f19d,Data Field,1,0,1,0,0,0,0.00046700620230937824,0.0004636041145990147,0.0,0,0,0,DLG11,0
419110b2-f073-4d40-b168-d6ed5f2688a2,Data Field,1,0,1,0,0,0,0.00046700620230937824,0.0004636041145990147,0.0,0,0,0,DLG11,0
96ea1295-8648-4bdc-a773-99ebc81608bd,Data Field,1,0,1,0,0,0,0.00046700620230937824,0.0004636041145990147,0.0,0,0,0,DLG11,0
c4335e02-e3d0-4517-b9e8-198abc7ab7d7,Data Field,1,0,1,0,0,0,0.00046700620230937824,0.0004636041145990147,0.0,0,0,0,DLG11,0
7a1bbf03-c340-4a2e-b5f4-a3611c3c0b0d,Data Field,1,0,1,0,0,0,0.00046700620230937824,0.0004636041145990147,0.0,0,0,0,DLG11,0
7d10d379-f4f1-4418-aa0a-519ea92e6510,Data Field,1,0,1,0,0,0,0.00046700620230937824,0.0004636041145990147,0.0,0,0,0,DLG11,0
49694aa7-e1eb-492b-85f8-69de19a9b42c,Data Field,1,0,1,0,0,0,0.00046700620230937824,0.0004636041145990147,0.0,0,0,0,DLG11,0
00e51148-c63f-41c5-81f8-38161765e4fc,Data Field,1,0,1,0,0,0,0.00046700620230937824,0.0004636041145990147,0.0,0,0,0,DLG11,0
c7bfd2a4-2dd7-43ba-9f63-b2fe132c89bf,Data Field,1,0,1,0,0,0,0.00046700620230937824,0.0004636041145990147,0.0,0,0,0,DLG11,0
5c3eee65-92e8-4153-8d2a-b2f68bbb678b,Data Field,1,0,1,0,0,0,0.00046700620230937824,0.0004636041145990147,0.0,0,0,0,DLG11,0
84615b8e-1c5e-4673-835f-b5553b87bbdc,Data Field,1,0,1,0,0,0,0.00046700620230937824,0.0004636041145990147,0.0,0,0,0,DLG11,0
3c34478f-a2d4-489f-9413-f1586a5d498f,Data Field,1,0,1,0,0,0,0.00046700620230937824,0.0004636041145990147,0.0,0,0,0,DLG11,0
21fe1dc1-1242-4407-9171-7061c27ec670,Data Field,1,0,1,0,0,0,0.00046700620230937824,0.0004636041145990147,0.0,0,0,0,DLG11,0
c8a4f815-e20a-4bb8-ba0c-8f9ea72a02b1,Data Field,1,0,1,0,0,0,0.00046700620230937824,0.0004636041145990147,0.0,0,0,0,DLG11,0
2128d232-1dd5-4956-b14f-32f9d0a545c8,Data Field,1,0,1,0,0,0,0.00046700620230937824,0.0004636041145990147,0.0,0,0,0,DLG11,0
427df3cd-b064-4eaa-85e1-166993362342,Data Field,1,0,1,0,0,0,0.00046700620230937824,0.0004636041145990147,0.0,0,0,0,DLG11,0
48cfbaa2-ea1e-42f0-b187-1baa945c4d38,Data Field,1,0,1,0,0,0,0.00046700620230937824,0.0004636041145990147,0.0,0,0,0,DLG11,0
b5fd4596-67ad-4699-a7f8-66ddb76e7f52,Data Field,1,0,1,0,0,0,0.00046700620230937824,0.0004636041145990147,0.0,0,0,0,DLG11,0
287d4842-15c9-4f2b-ae25-b3a884e4458f,Data Field,1,0,1,0,0,0,0.00046700620230937824,0.0004636041145990147,0.0,0,0,0,DLG11,0
cf64fec1-c841-449b-a2f2-cd0e4bbe8291,Data Field,1,0,1,0,0,0,0.00046700620230937824,0.0004636041145990147,0.0,0,0,0,DLG11,0
571f5423-7148-446c-85eb-16bbdc3c0ea3,Data Field,1,0,1,0,0,0,0.00046700620230937824,0.0004636041145990147,0.0,0,0,0,DLG11,0
a7b87411-cd1a-45ad-9e8e-ad116dec4867,Data Field,1,0,1,0,0,0,0.00046700620230937824,0.0004636041145990147,0.0,0,0,0,DLG11,0
04d64720-d55b-44a2-9f61-ed10ea837e0b,Data Field,1,0,1,0,0,0,0.00046700620230937824,0.0004636041145990147,0.0,0,0,0,DLG11,0
79649273-3245-48e5-8f10-ac71bc264a92,Data Field,1,0,1,0,0,0,0.00046700620230937824,0.0004636041145990147,0.0,0,0,0,DLG11,0
6a1a85d8-0f56-46e0-8259-801923c20c8d,Data Field,1,0,1,0,0,0,0.00046700620230937824,0.0004636041145990147,0.0,0,0,0,DLG11,0
d77fbff2-1d31-4f22-872a-66d4b8f011c2,Data Field,1,0,1,0,0,0,0.00046700620230937824,0.0004636041145990147,0.0,0,0,0,DLG11,0
77467e4d-6b1c-4c3b-a987-06800d57d2f0,Data Field,1,0,1,0,0,0,0.00046700620230937824,0.0004636041145990147,0.0,0,0,0,DLG11,0
459ed461-6b6d-45a2-9479-ad523a042a7a,Data Field,1,0,1,0,0,0,0.00046700620230937824,0.0004636041145990147,0.0,0,0,0,DLG11,0
0770e321-62ab-4f75-bfaa-a968ca3bab2e,Data Field,1,0,1,0,0,0,0.00046700620230937824,0.0004636041145990147,0.0,0,0,0,DLG11,0
b7e5e9eb-a29b-4aba-bd2b-03ea41a9f8d6,Data Field,1,0,1,0,0,0,0.00046700620230937824,0.0004636041145990147,0.0,0,0,0,DLG11,0
0c2463ba-fb14-42b1-9ffb-6804ea6086b6,Data Field,1,0,1,0,0,0,0.00046700620230937824,0.0004636041145990147,0.0,0,0,0,DLG11,0
b1877cfe-b5b8-477a-87a5-ad738702f8f9,Data Field,1,0,1,0,0,0,0.00046700620230937824,0.0004636041145990147,0.0,0,0,0,DLG11,0
d950dfac-906e-453a-87ea-ca4f842eaad7,Data Field,1,0,1,0,0,0,0.00046700620230937824,0.0004636041145990147,0.0,0,0,0,DLG11,0
343ec3ef-28b2-4e29-9133-065d5050c4fc,Data Field,1,0,1,0,0,0,0.00046700620230937824,0.0004636041145990147,0.0,0,0,0,DLG11,0
66f2f4df-78e4-457c-96ef-5a7dc3ac475b,Data Field,1,0,1,0,0,0,0.00046700620230937824,0.0004636041145990147,0.0,0,0,0,DLG11,0
072a4a81-037a-4c42-b67d-731a974f8361,Data Field,1,0,1,0,0,0,0.00046700620230937824,0.0004636041145990147,0.0,0,0,0,DLG11,0
12e3c513-e466-4de7-a398-cf6245271ec7,Data Field,1,0,1,0,0,0,0.00046700620230937824,0.0004636041145990147,0.0,0,0,0,DLG11,0
afd68f00-f35c-4f9f-a206-e76d590f8cf7,Data Field,1,0,1,0,0,0,0.00046700620230937824,0.0004636041145990147,0.0,0,0,0,DLG11,0
9b3ddb31-0195-4754-9e71-f0a9732a5199,Data Field,1,0,1,0,0,0,0.00046700620230937824,0.0004636041145990147,0.0,0,0,0,DLG11,0
46129699-7b06-443a-bc7f-2babfe5d8baa,Data Field,1,0,1,0,0,0,0.00046700620230937824,0.0004636041145990147,0.0,0,0,0,DLG11,0
4d3f87a9-c84b-451b-9371-658859e05f99,Data Field,1,0,1,0,0,0,0.00046700620230937824,0.0004636041145990147,0.0,0,0,0,DLG11,0
b1fe6052-7c09-4f4c-b7ba-356a2a285a8a,Data Field,1,0,1,0,0,0,0.00046700620230937824,0.0004636041145990147,0.0,0,0,0,DLG11,0
c7ab0dce-a862-43aa-ab62-dbb8ef8b22a4,Data Field,1,0,1,0,0,0,0.00046700620230937824,0.0004636041145990147,0.0,0,0,0,DLG11,0
f1c48552-9460-4cd5-9a97-1c65a8b34fda,Data Field,1,0,1,0,0,0,0.00046700620230937824,0.0004636041145990147,0.0,0,0,0,DLG11,0
5da528d7-bc8c-47c5-bf9a-7ed627d88d03,Data Field,1,0,1,0,0,0,0.00046700620230937824,0.0004636041145990147,0.0,0,0,0,DLG11,0
64639d32-adda-4261-8f36-caff7a46eb50,Data Field,1,0,1,0,0,0,0.00046700620230937824,0.0004636041145990147,0.0,0,0,0,DLG11,0
6a3abf56-495a-49cb-ae06-ed76c03bb049,Data Field,1,0,1,0,0,0,0.00046700620230937824,0.0004636041145990147,0.0,0,0,0,DLG11,0
79964a47-c80f-415c-9309-ca3f83590b6a,Data Field,1,0,1,0,0,0,0.00046700620230937824,0.0004636041145990147,0.0,0,0,0,DLG11,0
5405cabb-389a-40ec-9543-f2c39fd9a670,Data Field,1,0,1,0,0,0,0.00046700620230937824,0.0004636041145990147,0.0,0,0,0,DLG11,0
d8ff278d-8d93-40f8-8ea6-451e152b1ea7,Data Field,1,0,1,0,0,0,0.00046700620230937824,0.0004636041145990147,0.0,0,0,0,DLG11,0
0e0418eb-8da5-43f5-b3e0-dfdbff634374,Data Field,1,0,1,0,0,0,0.00046700620230937824,0.0004636041145990147,0.0,0,0,0,DLG11,0
a4c94b70-cc9a-4216-97fd-f8bd5fd87aa3,Data Field,1,0,1,0,0,0,0.00046700620230937824,0.0004636041145990147,0.0,0,0,0,DLG11,0
ebb20836-03d5-4111-a169-6464e558ff4a,Data Field,1,0,1,0,0,0,0.00046700620230937824,0.0004636041145990147,0.0,0,0,0,DLG11,0
e2e32b4a-ae0e-47c7-b994-632a3cab4d7b,Data Field,1,0,1,0,0,0,0.00046700620230937824,0.0004636041145990147,0.0,0,0,0,DLG11,0
96a74bec-8aeb-4570-9528-90702c5427e6,Data Field,1,0,1,0,0,0,0.00046700620230937824,0.0004636041145990147,0.0,0,0,0,DLG11,0
7cc689b2-e4ad-4d92-af69-200af885cfd7,Data Field,1,0,1,0,0,0,0.00046700620230937824,0.0004636041145990147,0.0,0,0,0,DLG11,0
24d8faf1-8acc-4069-b752-157f2d2d6be3,Data Field,1,0,1,0,0,0,0.00046700620230937824,0.0004636041145990147,0.0,0,0,0,DLG11,0
8abbdb2c-0f42-4569-a6d7-76a435095955,Data Field,1,0,1,0,0,0,0.00046700620230937824,0.0004636041145990147,0.0,0,0,0,DLG11,0
7bda6c9a-38de-4604-ace9-1def59f69fef,Data Field,1,0,1,0,0,0,0.00046700620230937824,0.0004636041145990147,0.0,0,0,0,DLG11,0
63a643ff-d612-4649-9943-4ca18b9b1ec6,Data Field,1,0,1,0,0,0,0.00046700620230937824,0.0004636041145990147,0.0,0,0,0,DLG11,0
6998f07e-a527-40d4-bf3b-010c79a68d0e,Data Field,1,0,1,0,0,0,0.00046700620230937824,0.0004636041145990147,0.0,0,0,0,DLG11,0
099cc9df-1fc5-4b6a-96b0-ec5bd66e497d,Data Field,1,0,1,0,0,0,0.00046700620230937824,0.0004636041145990147,0.0,0,0,0,DLG11,0
f5f41a15-ddb9-40cb-9ed3-473e4bf5948a,Data Field,1,0,1,0,0,0,0.00046700620230937824,0.0004636041145990147,0.0,0,0,0,DLG11,0
862f75e3-6baf-4cca-b5a2-8b4d3ccab6ba,Data Field,1,0,1,0,0,0,0.00046700620230937824,0.0004636041145990147,0.0,0,0,0,DLG11,0
a9a93d19-fed9-43cd-96af-5cc26ecbc2a9,Data Field,1,0,1,0,0,0,0.00046700620230937824,0.0004636041145990147,0.0,0,0,0,DLG11,0
b679c415-20f5-4fdb-98b7-011970f4b9b7,Data Field,1,0,1,0,0,0,0.00046700620230937824,0.0004636041145990147,0.0,0,0,0,DLG11,0
28d5a01d-9633-44a7-b1d6-c170c3f2b6fa,Data Field,1,0,1,0,0,0,0.00046700620230937824,0.0004636041145990147,0.0,0,0,0,DLG11,0
02680973-5918-4d1a-9ebc-a34e05fc4c61,Data Field,1,0,1,0,0,0,0.00046700620230937824,0.0004636041145990147,0.0,0,0,0,DLG11,0
05e52a4e-2dd7-4c1d-8c52-a213ce86e22d,Data Field,1,0,1,0,0,0,0.00046700620230937824,0.0004636041145990147,0.0,0,0,0,DLG11,0
6effa06f-2c16-46a3-b516-e0fce00d03f7,Data Field,1,0,1,0,0,0,0.00046700620230937824,0.0004636041145990147,0.0,0,0,0,DLG11,0
1cd74964-248e-4db3-8ec2-49abd245cf15,Data Field,1,0,1,0,0,0,0.00046700620230937824,0.0004636041145990147,0.0,0,0,0,DLG11,0
1593669f-1c54-41f0-b041-ad224c8d04e2,Data Field,1,0,1,0,0,0,0.00046700620230937824,0.0004636041145990147,0.0,0,0,0,DLG11,0
4e57a71d-62f1-4643-b108-7c055ab3e78c,Data Field,1,0,1,0,0,0,0.00046700620230937824,0.0004636041145990147,0.0,0,0,0,DLG11,0
3e49fcb5-2df3-4596-a891-e21f9c50d3be,Data Field,1,0,1,0,0,0,0.00046700620230937824,0.0004636041145990147,0.0,0,0,0,DLG11,0
58cc2108-3e2c-42fb-8a54-c1ddb3485d95,Data Field,1,0,1,0,0,0,0.00046700620230937824,0.0004636041145990147,0.0,0,0,0,DLG11,0
298f5594-8a90-4808-a97a-8ee0ed42e06f,Data Field,1,0,1,0,0,0,0.00046700620230937824,0.0004636041145990147,0.0,0,0,0,DLG11,0
c416f703-da96-4500-8b17-bd7112e615c2,Data Field,1,0,1,0,0,0,0.00046700620230937824,0.0004636041145990147,0.0,0,0,0,DLG11,0
1ae4ab55-82b9-401b-a45e-44635b9443f6,Data Field,1,0,1,0,0,0,0.00046700620230937824,0.0004636041145990147,0.0,0,0,0,DLG11,0
51a3cd76-d0d8-482e-a9b1-fd887172e7c5,Data Field,1,0,1,0,0,0,0.00046700620230937824,0.0004636041145990147,0.0,0,0,0,DLG11,0
9bb6545c-801e-4ad9-9b24-1b1de062c046,Data Table,0,238,238,0,1,237,0.00046700620230937824,0.0005678641423954896,0.0,2,0,0,DLG11,0
fbbf114b-76ea-4181-8603-4a4ee05981eb,Data Field,1,0,1,0,0,0,0.00046700620230937824,0.0004636041145990147,0.0,0,0,0,DLG11,0
6cec4b04-2518-46c6-b0e2-1e2d7e39acf0,Data Field,1,0,1,0,0,0,0.00046700620230937824,0.0004636041145990147,0.0,0,0,0,DLG11,0
c60c07ba-246a-450d-80e8-e2a005a91150,Data Field,1,0,1,0,0,0,0.00046700620230937824,0.0004636041145990147,0.0,0,0,0,DLG11,0
f0a837d9-0628-4652-b467-9f6b86727ad1,Data Field,1,0,1,0,0,0,0.00046700620230937824,0.0004636041145990147,0.0,0,0,0,DLG11,0
380148a2-5451-4e00-ae15-c1f8defdd3ad,Data Field,1,0,1,0,0,0,0.00046700620230937824,0.0004636041145990147,0.0,0,0,0,DLG11,0
cce51fb6-acf8-4f7e-984d-2ccc37de31ca,Data Field,1,0,1,0,0,0,0.00046700620230937824,0.0004636041145990147,0.0,0,0,0,DLG11,0
d269b5d2-24f9-4564-ba36-6bc528926cd8,Data Field,1,0,1,0,0,0,0.00046700620230937824,0.0004636041145990147,0.0,0,0,0,DLG11,0
b8fc6eb3-9cf6-49e1-9c48-51b52e1561fb,Data Field,1,0,1,0,0,0,0.00046700620230937824,0.0004636041145990147,0.0,0,0,0,DLG11,0
e51c3d65-95d7-43c2-a383-8d4d8ab742f6,Data Field,1,0,1,0,0,0,0.00046700620230937824,0.0004636041145990147,0.0,0,0,0,DLG11,0
0481859f-c505-4478-94fd-b6cab6b5536a,Data Field,1,0,1,0,0,0,0.00046700620230937824,0.0004636041145990147,0.0,0,0,0,DLG11,0
8288d28f-10f8-4d32-ae84-416d6c9783c8,Data Field,1,0,1,0,0,0,0.00046700620230937824,0.0004636041145990147,0.0,0,0,0,DLG11,0
5b604cf1-5f3f-4edd-828c-8f27036437d6,Data Field,1,0,1,0,0,0,0.00046700620230937824,0.0004636041145990147,0.0,0,0,0,DLG11,0
339f1a89-4745-4203-93e4-e72ce18b11ea,Data Field,1,0,1,0,0,0,0.00046700620230937824,0.0004636041145990147,0.0,0,0,0,DLG11,0
77080154-c7e9-49a5-8830-ec2690bf8221,Data Field,1,0,1,0,0,0,0.00046700620230937824,0.0004636041145990147,0.0,0,0,0,DLG11,0
fc5273df-14a7-4f11-9b32-330b1d53c9a6,Data Field,1,0,1,0,0,0,0.00046700620230937824,0.0004636041145990147,0.0,0,0,0,DLG11,0
62ca46ee-2469-4ecd-8f89-97be979c9087,Data Field,1,0,1,0,0,0,0.00046700620230937824,0.0004636041145990147,0.0,0,0,0,DLG11,0
438bc90f-3265-4564-b9ce-f92341f5b817,Data Field,1,0,1,0,0,0,0.00046700620230937824,0.0004636041145990147,0.0,0,0,0,DLG11,0
5971e33f-93bf-4fb0-8619-05790b57b1c6,Data Field,1,0,1,0,0,0,0.00046700620230937824,0.0004636041145990147,0.0,0,0,0,DLG11,0
279eba50-3764-4710-8232-4ad4ae10be44,Data Field,1,0,1,0,0,0,0.00046700620230937824,0.0004636041145990147,0.0,0,0,0,DLG11,0
3fd4cba9-96ba-49aa-84dc-7ed885ff5c11,Data Field,1,0,1,0,0,0,0.00046700620230937824,0.0004636041145990147,0.0,0,0,0,DLG11,0
73b31147-e70a-4a3d-9c5c-802550f07e9b,Data Field,1,0,1,0,0,0,0.00046700620230937824,0.0004636041145990147,0.0,0,0,0,DLG11,0
0e2eb222-257a-49ce-9671-2df738fbaf73,Data Field,1,0,1,0,0,0,0.00046700620230937824,0.0004636041145990147,0.0,0,0,0,DLG11,0
9eddaafe-bed7-435e-9672-6170d811f53f,Data Field,1,0,1,0,0,0,0.00046700620230937824,0.0004636041145990147,0.0,0,0,0,DLG11,0
463a3ab9-dbd8-433a-ae55-6ddc023d70ef,Data Field,1,0,1,0,0,0,0.00046700620230937824,0.0004636041145990147,0.0,0,0,0,DLG11,0
aefd0880-1a77-44b9-8628-3862ceb568be,Data Field,1,0,1,0,0,0,0.00046700620230937824,0.0004636041145990147,0.0,0,0,0,DLG11,0
8b28255c-551f-4ec6-b55c-5982a869e5bc,Data Field,1,0,1,0,0,0,0.00046700620230937824,0.0004636041145990147,0.0,0,0,0,DLG11,0
8a6a5304-9512-4077-ad93-9fde86a90ea4,Data Field,1,0,1,0,0,0,0.00046700620230937824,0.0004636041145990147,0.0,0,0,0,DLG11,0
4237b384-dbd8-4753-9905-1eb71a1aae62,Data Field,1,0,1,0,0,0,0.00046700620230937824,0.0004636041145990147,0.0,0,0,0,DLG11,0
9f69041d-bd2b-4e7b-9897-adde2afea6e5,Data Field,1,0,1,0,0,0,0.00046700620230937824,0.0004636041145990147,0.0,0,0,0,DLG11,0
f62e18fb-f1eb-41e1-8c95-d29f24a0687b,Data Field,1,0,1,0,0,0,0.00046700620230937824,0.0004636041145990147,0.0,0,0,0,DLG11,0
c8c1816e-5ed7-4e12-bc63-ee06429e98cc,Data Field,1,0,1,0,0,0,0.00046700620230937824,0.0004636041145990147,0.0,0,0,0,DLG11,0
449018e5-c67f-459c-b1a9-40e03e0b98fa,Data Field,1,0,1,0,0,0,0.00046700620230937824,0.0004636041145990147,0.0,0,0,0,DLG11,0
4239768a-3b94-4324-a9ea-0490cca12d89,Data Field,1,0,1,0,0,0,0.00046700620230937824,0.0004636041145990147,0.0,0,0,0,DLG11,0
bd62d593-a779-4e44-a74b-7dde6a107174,Data Field,1,0,1,0,0,0,0.00046700620230937824,0.0004636041145990147,0.0,0,0,0,DLG11,0
f712123b-0d28-4eb2-b1ce-b90061aab7a2,Data Field,1,0,1,0,0,0,0.00046700620230937824,0.0004636041145990147,0.0,0,0,0,DLG11,0
70e76696-9ec5-4826-afb6-a25067d66e64,Data Field,1,0,1,0,0,0,0.00046700620230937824,0.0004636041145990147,0.0,0,0,0,DLG11,0
43b947ed-5e6d-4895-9484-2d565a7d3c25,Data Field,1,0,1,0,0,0,0.00046700620230937824,0.0004636041145990147,0.0,0,0,0,DLG11,0
9cca46cc-d189-4dbf-8d7c-442a0a0783be,Data Field,1,0,1,0,0,0,0.00046700620230937824,0.0004636041145990147,0.0,0,0,0,DLG11,0
08d56fa5-d816-4257-bf6c-0f3462fbecb9,Data Field,1,0,1,0,0,0,0.00046700620230937824,0.0004636041145990147,0.0,0,0,0,DLG11,0
b5549b17-d3c1-4a85-bdf9-3e32fcd3c34b,Data Field,1,0,1,0,0,0,0.00046700620230937824,0.0004636041145990147,0.0,0,0,0,DLG11,0
7d8d7df1-702f-4f4e-9f55-51e7c743bb62,Data Field,1,0,1,0,0,0,0.00046700620230937824,0.0004636041145990147,0.0,0,0,0,DLG11,0
e7aeea49-cde8-4141-b9be-df8d9770d80d,Data Field,1,0,1,0,0,0,0.00046700620230937824,0.0004636041145990147,0.0,0,0,0,DLG11,0
c33aefc0-6f97-403e-a416-7cddf3069129,Data Field,1,0,1,0,0,0,0.00046700620230937824,0.0004636041145990147,0.0,0,0,0,DLG11,0
4102e775-cc82-459b-a8a2-eab9a81e5831,Data Field,1,0,1,0,0,0,0.00046700620230937824,0.0004636041145990147,0.0,0,0,0,DLG11,0
91923732-7b45-41e7-9880-9cf1b17707df,Data Field,1,0,1,0,0,0,0.00046700620230937824,0.0004636041145990147,0.0,0,0,0,DLG11,0
6c2a3fd7-728b-41da-9b4b-d7a344dd63c4,Data Field,1,0,1,0,0,0,0.00046700620230937824,0.0004636041145990147,0.0,0,0,0,DLG11,0
fd312f48-fc05-4dc4-83ff-055f5b8991b6,Data Field,1,0,1,0,0,0,0.00046700620230937824,0.0004636041145990147,0.0,0,0,0,DLG11,0
2ecd6f3c-b60f-4d3b-a16c-22796e50e13f,Data Field,1,0,1,0,0,0,0.00046700620230937824,0.0004636041145990147,0.0,0,0,0,DLG11,0
1f584b4b-4806-45ae-8e1c-7fd92448c70b,Data Field,1,0,1,0,0,0,0.00046700620230937824,0.0004636041145990147,0.0,0,0,0,DLG11,0
e3372100-bf3e-4439-a2f2-963e77697ff0,Data Field,1,0,1,0,0,0,0.00046700620230937824,0.0004636041145990147,0.0,0,0,0,DLG11,0
b7f8145e-199f-4e48-b963-02a576f3fc32,Data Field,1,0,1,0,0,0,0.00046700620230937824,0.0004636041145990147,0.0,0,0,0,DLG11,0
80491490-e201-423c-9093-6b10366c7d08,Data Field,1,0,1,0,0,0,0.00046700620230937824,0.0004636041145990147,0.0,0,0,0,DLG11,0
21347659-385b-4f15-ac9f-17c3785d9f9a,Data Field,1,0,1,0,0,0,0.00046700620230937824,0.0004636041145990147,0.0,0,0,0,DLG11,0
6148e5cc-0fb7-49fe-b4a7-dd8113b7dcdb,Data Field,1,0,1,0,0,0,0.00046700620230937824,0.0004636041145990147,0.0,0,0,0,DLG11,0
ca628183-a7fa-4b19-bf73-d52e04ada769,Data Field,1,0,1,0,0,0,0.00046700620230937824,0.0004636041145990147,0.0,0,0,0,DLG11,0
b92cc637-19b7-447a-8275-275581abdf6b,Data Field,1,0,1,0,0,0,0.00046700620230937824,0.0004636041145990147,0.0,0,0,0,DLG11,0
67553df3-2de0-461a-88ee-61019022e4a7,Data Field,1,0,1,0,0,0,0.00046700620230937824,0.0004636041145990147,0.0,0,0,0,DLG11,0
57f14544-8e71-4bf7-b390-b49f6d4db0cf,Data Field,1,0,1,0,0,0,0.00046700620230937824,0.0004636041145990147,0.0,0,0,0,DLG11,0
f7cc2ca3-3c6e-44c4-9107-6850c1d9d54c,Data Field,1,0,1,0,0,0,0.00046700620230937824,0.0004636041145990147,0.0,0,0,0,DLG11,0
0d9830a8-79b1-4a80-8c8b-c0ea110720af,Data Field,1,0,1,0,0,0,0.00046700620230937824,0.0004636041145990147,0.0,0,0,0,DLG11,0
1b540d8a-61a5-4f46-8d5f-3a9c24f01276,Data Field,1,0,1,0,0,0,0.00046700620230937824,0.0004636041145990147,0.0,0,0,0,DLG11,0
70064350-e941-4762-b8ad-386532f5c2ac,Data Field,1,0,1,0,0,0,0.00046700620230937824,0.0004636041145990147,0.0,0,0,0,DLG11,0
901f8d61-1dba-4075-a489-5a5ff8348316,Data Field,1,0,1,0,0,0,0.00046700620230937824,0.0004636041145990147,0.0,0,0,0,DLG11,0
2f25b1cd-4fb1-406e-85fc-446886d804c9,Data Field,1,0,1,0,0,0,0.00046700620230937824,0.0004636041145990147,0.0,0,0,0,DLG11,0
ed59a604-a0f1-41a7-8521-d8f72a91dc35,Data Field,1,0,1,0,0,0,0.00046700620230937824,0.0004636041145990147,0.0,0,0,0,DLG11,0
2074ae11-4427-40f0-8118-563cf252c577,Data Field,1,0,1,0,0,0,0.00046700620230937824,0.0004636041145990147,0.0,0,0,0,DLG11,0
b1a20347-7ff5-4af7-9d99-84fbb002d29b,Data Field,1,0,1,0,0,0,0.00046700620230937824,0.0004636041145990147,0.0,0,0,0,DLG11,0
e083e100-644d-4984-9f9e-471501bccded,Data Field,1,0,1,0,0,0,0.00046700620230937824,0.0004636041145990147,0.0,0,0,0,DLG11,0
2d31dc15-def5-425f-a40e-b34ba32923a5,Data Field,1,0,1,0,0,0,0.00046700620230937824,0.0004636041145990147,0.0,0,0,0,DLG11,0
520e9c1b-dae0-41e8-b4d6-fd83a2ffbf6c,Data Field,1,0,1,0,0,0,0.00046700620230937824,0.0004636041145990147,0.0,0,0,0,DLG11,0
63bac5d9-c8f1-405f-8290-6c6bd052564b,Data Field,1,0,1,0,0,0,0.00046700620230937824,0.0004636041145990147,0.0,0,0,0,DLG11,0
72021071-8a2c-44d7-966e-0ab3fee0984a,Data Field,1,0,1,0,0,0,0.00046700620230937824,0.0004636041145990147,0.0,0,0,0,DLG11,0
2c6b6169-7beb-4881-9ef6-3de22871bc4a,Data Field,1,0,1,0,0,0,0.00046700620230937824,0.0004636041145990147,0.0,0,0,0,DLG11,0
615ff70b-c33c-4329-9f7c-9a8ffef39758,Data Field,1,0,1,0,0,0,0.00046700620230937824,0.0004636041145990147,0.0,0,0,0,DLG11,0
19ff2ab2-14e3-4f8b-8505-2ecd87ec5161,Data Field,1,0,1,0,0,0,0.00046700620230937824,0.0004636041145990147,0.0,0,0,0,DLG11,0
003838ca-1283-4e79-ab84-8ab83a402bec,Data Field,1,0,1,0,0,0,0.00046700620230937824,0.0004636041145990147,0.0,0,0,0,DLG11,0
178726d0-55f7-4b0c-b285-5bbd72037aca,Data Field,1,0,1,0,0,0,0.00046700620230937824,0.0004636041145990147,0.0,0,0,0,DLG11,0
a2bc7f90-4f5a-43d8-96e7-682b4fa8cfce,Data Field,1,0,1,0,0,0,0.00046700620230937824,0.0004636041145990147,0.0,0,0,0,DLG11,0
0ade3ad6-efc5-4832-bb7d-c13d5b383d33,Data Field,1,0,1,0,0,0,0.00046700620230937824,0.0004636041145990147,0.0,0,0,0,DLG11,0
9ec57abe-492a-4b35-8bd9-8fc1b69c1d31,Data Field,1,0,1,0,0,0,0.00046700620230937824,0.0004636041145990147,0.0,0,0,0,DLG11,0
db536f20-5e46-4957-91ac-64c97a8d7893,Data Field,1,0,1,0,0,0,0.00046700620230937824,0.0004636041145990147,0.0,0,0,0,DLG11,0
bb6b7b47-2954-433c-899c-c6ec8775f250,Data Field,1,0,1,0,0,0,0.00046700620230937824,0.0004636041145990147,0.0,0,0,0,DLG11,0
f8c53568-b4b1-4be1-8d41-2b808c88325a,Data Field,1,0,1,0,0,0,0.00046700620230937824,0.0004636041145990147,0.0,0,0,0,DLG11,0
adf71a9c-dd38-427c-bfb5-a984dd621147,Data Field,1,0,1,0,0,0,0.00046700620230937824,0.0004636041145990147,0.0,0,0,0,DLG11,0
bdbc7d67-8b16-472f-ac63-c0a667dca25a,Data Field,1,0,1,0,0,0,0.00046700620230937824,0.0004636041145990147,0.0,0,0,0,DLG11,0
d80305b9-8b01-4a05-bd2f-45ff9c3ccae6,Data Field,1,0,1,0,0,0,0.00046700620230937824,0.0004636041145990147,0.0,0,0,0,DLG11,0
57d2b7cc-2960-45f9-9003-3ddbc55d984a,Data Field,1,0,1,0,0,0,0.00046700620230937824,0.0004636041145990147,0.0,0,0,0,DLG11,0
83ad7c78-2b88-4e76-8aab-b72387bfb50a,Data Field,1,0,1,0,0,0,0.00046700620230937824,0.0004636041145990147,0.0,0,0,0,DLG11,0
c2e537c5-694e-45b4-a2a9-203011eec190,Data Field,1,0,1,0,0,0,0.00046700620230937824,0.0004636041145990147,0.0,0,0,0,DLG11,0
8f573739-8493-4760-8942-c9512f45bccc,Data Field,1,0,1,0,0,0,0.00046700620230937824,0.0004636041145990147,0.0,0,0,0,DLG11,0
eb0396f0-ebfe-4563-93a8-2c1fa6643300,Data Field,1,0,1,0,0,0,0.00046700620230937824,0.0004636041145990147,0.0,0,0,0,DLG11,0
353ab3b0-eb2b-44cb-9cf5-07cdecf99948,Data Field,1,0,1,0,0,0,0.00046700620230937824,0.0004636041145990147,0.0,0,0,0,DLG11,0
d50ce2c5-66b8-4c74-add9-07556a5df661,Data Field,1,0,1,0,0,0,0.00046700620230937824,0.0004636041145990147,0.0,0,0,0,DLG11,0
1049ca1b-06b5-497a-8848-f178074e6635,Data Field,1,0,1,0,0,0,0.00046700620230937824,0.0004636041145990147,0.0,0,0,0,DLG11,0
81ae2b17-fdd2-4dbb-9be8-c1542c0334f0,Data Field,1,0,1,0,0,0,0.00046700620230937824,0.0004636041145990147,0.0,0,0,0,DLG11,0
14418058-c411-43ee-b332-44721d2c0bc0,Data Field,1,0,1,0,0,0,0.00046700620230937824,0.0004636041145990147,0.0,0,0,0,DLG11,0
36305ae0-6247-4926-b856-f94380b12948,Data Field,1,0,1,0,0,0,0.00046700620230937824,0.0004636041145990147,0.0,0,0,0,DLG11,0
b096cf39-e0a0-4267-bd2d-e3720e39e64d,Data Field,1,0,1,0,0,0,0.00046700620230937824,0.0004636041145990147,0.0,0,0,0,DLG11,0
424fb5c8-6663-4b86-b100-9f84660abd38,Data Field,1,0,1,0,0,0,0.00046700620230937824,0.0004636041145990147,0.0,0,0,0,DLG11,0
c30d126a-ebaf-4d08-8141-f84e7008ac9d,Data Field,1,0,1,0,0,0,0.00046700620230937824,0.0004636041145990147,0.0,0,0,0,DLG11,0
36671a4a-2d4c-4d7f-a422-be432bcd539c,Data Field,1,0,1,0,0,0,0.00046700620230937824,0.0004636041145990147,0.0,0,0,0,DLG11,0
8fc7ce79-411f-4d45-a157-3d33f15259b2,Data Field,1,0,1,0,0,0,0.00046700620230937824,0.0004636041145990147,0.0,0,0,0,DLG11,0
0bbe131b-209d-4071-9ded-7938efbf8341,Data Field,1,0,1,0,0,0,0.00046700620230937824,0.0004636041145990147,0.0,0,0,0,DLG11,0
5af83fef-6022-4af6-9cc1-435bd6853e15,Data Field,1,0,1,0,0,0,0.00046700620230937824,0.0004636041145990147,0.0,0,0,0,DLG11,0
7e367dc5-be31-4388-bae4-6282a1b921b4,Data Field,1,0,1,0,0,0,0.00046700620230937824,0.0004636041145990147,0.0,0,0,0,DLG11,0
2e46b3f1-b3fe-4dba-896c-88e90f404466,Data Field,1,0,1,0,0,0,0.00046700620230937824,0.0004636041145990147,0.0,0,0,0,DLG11,0
bd8295d8-c1af-47d1-8d58-1b79215b0655,Data Field,1,0,1,0,0,0,0.00046700620230937824,0.0004636041145990147,0.0,0,0,0,DLG11,0
5b613208-642e-4e80-8607-1910f02a3883,Data Field,1,0,1,0,0,0,0.00046700620230937824,0.0004636041145990147,0.0,0,0,0,DLG11,0
dffd578d-0f6e-4735-981c-8f0252a6ba74,Data Field,1,0,1,0,0,0,0.00046700620230937824,0.0004636041145990147,0.0,0,0,0,DLG11,0
3ae84bac-defe-47d5-917e-d7e528254404,Data Field,1,0,1,0,0,0,0.00046700620230937824,0.0004636041145990147,0.0,0,0,0,DLG11,0
6c530621-cb1c-4985-a9bd-bfdcaa14f597,Data Field,1,0,1,0,0,0,0.00046700620230937824,0.0004636041145990147,0.0,0,0,0,DLG11,0
9a09dcfd-b634-41bd-a064-1a5da085b232,Data Field,1,0,1,0,0,0,0.00046700620230937824,0.0004636041145990147,0.0,0,0,0,DLG11,0
0ebd0991-a758-4cce-8158-0f723c2211e9,Data Field,1,0,1,0,0,0,0.00046700620230937824,0.0004636041145990147,0.0,0,0,0,DLG11,0
e545a69d-c0ef-4a86-ae80-30d7de8ebe6a,Data Field,1,0,1,0,0,0,0.00046700620230937824,0.0004636041145990147,0.0,0,0,0,DLG11,0
e7bd5cfa-840a-4f1f-b4d0-b26bbe3092a5,Data Field,1,0,1,0,0,0,0.00046700620230937824,0.0004636041145990147,0.0,0,0,0,DLG11,0
29fe62fd-7553-44f1-81eb-c941a2c56b40,Data Field,1,0,1,0,0,0,0.00046700620230937824,0.0004636041145990147,0.0,0,0,0,DLG11,0
258ba5dc-2cd9-458e-95d0-c40f82d0b5d0,Data Field,1,0,1,0,0,0,0.00046700620230937824,0.0004636041145990147,0.0,0,0,0,DLG11,0
faa46b07-0034-4a74-9478-568f6158dc1c,Data Field,1,0,1,0,0,0,0.00046700620230937824,0.0004636041145990147,0.0,0,0,0,DLG11,0
e269cb09-2f65-45f2-8fe4-d7d628a8844a,Data Field,1,0,1,0,0,0,0.00046700620230937824,0.0004636041145990147,0.0,0,0,0,DLG11,0
c42170b7-eb8e-45f7-ae7b-ad6eb76b614e,Data Field,1,0,1,0,0,0,0.00046700620230937824,0.0004636041145990147,0.0,0,0,0,DLG11,0
01e4f5ea-0079-4509-9963-4edc397cdd01,Data Field,1,0,1,0,0,0,0.00046700620230937824,0.0004636041145990147,0.0,0,0,0,DLG11,0
0539732b-36aa-4c5e-badd-91308c1ba8eb,Data Field,1,0,1,0,0,0,0.00046700620230937824,0.0004636041145990147,0.0,0,0,0,DLG11,0
d7c1eebb-1f89-4d65-b228-68e5b1002ea0,Data Field,1,0,1,0,0,0,0.00046700620230937824,0.0004636041145990147,0.0,0,0,0,DLG11,0
d291dd9a-8591-4c62-bbae-8746d12b8a63,Data Field,1,0,1,0,0,0,0.00046700620230937824,0.0004636041145990147,0.0,0,0,0,DLG11,0
8b2497a7-2574-4ce8-8fac-32ed4dac6864,Data Field,1,0,1,0,0,0,0.00046700620230937824,0.0004636041145990147,0.0,0,0,0,DLG11,0
6bceed59-7ab9-4fce-aac2-09cbf76f8ec0,Data Field,1,0,1,0,0,0,0.00046700620230937824,0.0004636041145990147,0.0,0,0,0,DLG11,0
a9d3b4c1-4131-46e0-a126-5d9846196232,Data Field,1,0,1,0,0,0,0.00046700620230937824,0.0004636041145990147,0.0,0,0,0,DLG11,0
fc51015b-8ae7-4606-8a09-87a429324bf3,Data Field,1,0,1,0,0,0,0.00046700620230937824,0.0004636041145990147,0.0,0,0,0,DLG11,0
b830ccf4-e124-4753-80a3-d49095b56273,Data Field,1,0,1,0,0,0,0.00046700620230937824,0.0004636041145990147,0.0,0,0,0,DLG11,0
3fc9bfde-3ad9-49b4-bcfe-f3c53a6b4c95,Data Field,1,0,1,0,0,0,0.00046700620230937824,0.0004636041145990147,0.0,0,0,0,DLG11,0
32fb5282-0755-40f4-8a23-aa2dee7acea9,Data Field,1,0,1,0,0,0,0.00046700620230937824,0.0004636041145990147,0.0,0,0,0,DLG11,0
2df3c440-2341-4eb9-a4cb-be65a4a81933,Data Field,1,0,1,0,0,0,0.00046700620230937824,0.0004636041145990147,0.0,0,0,0,DLG11,0
25af9ee5-3539-4125-bcbc-1b0b3179a016,Data Field,1,0,1,0,0,0,0.00046700620230937824,0.0004636041145990147,0.0,0,0,0,DLG11,0
f982b300-a636-4070-8adc-23f7293cf776,Data Field,1,0,1,0,0,0,0.00046700620230937824,0.0004636041145990147,0.0,0,0,0,DLG11,0
e9cf7a69-7361-4249-a11f-89ef9a8d18a8,Data Field,1,0,1,0,0,0,0.00046700620230937824,0.0004636041145990147,0.0,0,0,0,DLG11,0
a8e2d924-7a82-4e6c-9fdd-9d625ba92295,Data Field,1,0,1,0,0,0,0.00046700620230937824,0.0004636041145990147,0.0,0,0,0,DLG11,0
567a1453-dfc3-4d2f-ba98-c1126d63d302,Data Field,1,0,1,0,0,0,0.00046700620230937824,0.0004636041145990147,0.0,0,0,0,DLG11,0
ac470637-5d68-49e8-8dc5-6dde02efc938,Data Field,1,0,1,0,0,0,0.00046700620230937824,0.0004636041145990147,0.0,0,0,0,DLG11,0
bc6a64ee-2b75-4f84-8da4-7cac6dfb6bd1,Data Field,1,0,1,0,0,0,0.00046700620230937824,0.0004636041145990147,0.0,0,0,0,DLG11,0
24b11118-2101-4809-a233-11c4f46fbc1a,Data Field,1,0,1,0,0,0,0.00046700620230937824,0.0004636041145990147,0.0,0,0,0,DLG11,0
8680cddc-2f36-4524-987a-a9d167735e07,Data Field,1,0,1,0,0,0,0.00046700620230937824,0.0004636041145990147,0.0,0,0,0,DLG11,0
c42dd51b-89b9-4a91-88ba-4010d5a16667,Data Field,1,0,1,0,0,0,0.00046700620230937824,0.0004636041145990147,0.0,0,0,0,DLG11,0
44bfa440-adeb-4120-87e5-ea9a1a4e6145,Data Field,1,0,1,0,0,0,0.00046700620230937824,0.0004636041145990147,0.0,0,0,0,DLG11,0
abf14406-f3ec-4272-b69d-5f759a3b222c,Data Field,1,0,1,0,0,0,0.00046700620230937824,0.0004636041145990147,0.0,0,0,0,DLG11,0
bfec8abe-34a3-48c2-8c7a-3bb4b69435d8,Data Field,1,0,1,0,0,0,0.00046700620230937824,0.0004636041145990147,0.0,0,0,0,DLG11,0
aca437d1-2589-4cb2-be23-19582d7b99ab,Data Field,1,0,1,0,0,0,0.00046700620230937824,0.0004636041145990147,0.0,0,0,0,DLG11,0
64d35469-2e53-4800-8180-fff9b6c42fcd,Data Field,1,0,1,0,0,0,0.00046700620230937824,0.0004636041145990147,0.0,0,0,0,DLG11,0
365d0078-3d84-4acb-8653-5033956eb4db,Data Field,1,0,1,0,0,0,0.00046700620230937824,0.0004636041145990147,0.0,0,0,0,DLG11,0
60fc011c-c336-42fd-ba26-8ae1ee5da8e9,Data Field,1,0,1,0,0,0,0.00046700620230937824,0.0004636041145990147,0.0,0,0,0,DLG11,0
21cf7dc8-746a-4344-8b82-3de90caab50c,Data Field,1,0,1,0,0,0,0.00046700620230937824,0.0004636041145990147,0.0,0,0,0,DLG11,0
54bb69ea-17a4-40df-bd77-976876744195,Data Field,1,0,1,0,0,0,0.00046700620230937824,0.0004636041145990147,0.0,0,0,0,DLG11,0
e5674456-e882-4d59-85e4-42ba0846a490,Data Field,1,0,1,0,0,0,0.00046700620230937824,0.0004636041145990147,0.0,0,0,0,DLG11,0
c0c660c8-36d5-4a44-962f-d77dbd0b2a5e,Data Field,1,0,1,0,0,0,0.00046700620230937824,0.0004636041145990147,0.0,0,0,0,DLG11,0
b129c34d-3cca-42f0-9d00-2bd0177b72a1,Data Field,1,0,1,0,0,0,0.00046700620230937824,0.0004636041145990147,0.0,0,0,0,DLG11,0
48cad519-44cd-4627-bc9c-e99af1c32e7e,Data Field,1,0,1,0,0,0,0.00046700620230937824,0.0004636041145990147,0.0,0,0,0,DLG11,0
9557e564-0ee0-472b-998f-c5d455c149cc,Data Field,1,0,1,0,0,0,0.00046700620230937824,0.0004636041145990147,0.0,0,0,0,DLG11,0
62f6f013-8591-42bc-9e51-305ef542050a,Data Field,1,0,1,0,0,0,0.00046700620230937824,0.0004636041145990147,0.0,0,0,0,DLG11,0
c4d5d256-2bb6-4da2-8bfa-0ca5d3ac9fd6,Data Field,1,0,1,0,0,0,0.00046700620230937824,0.0004636041145990147,0.0,0,0,0,DLG11,0
fb609e53-97ba-4205-a224-1a496f2a848e,Data Field,1,0,1,0,0,0,0.00046700620230937824,0.0004636041145990147,0.0,0,0,0,DLG11,0
8ed31549-0fc7-4412-9e9a-898ae144e13b,Data Field,1,0,1,0,0,0,0.00046700620230937824,0.0004636041145990147,0.0,0,0,0,DLG11,0
06003cab-bf20-4786-95bf-d6c1500f6060,Data Field,1,0,1,0,0,0,0.00046700620230937824,0.0004636041145990147,0.0,0,0,0,DLG11,0
2eed79d7-165f-4270-a2ff-ca34af2c5b17,Data Field,1,0,1,0,0,0,0.00046700620230937824,0.0004636041145990147,0.0,0,0,0,DLG11,0
16d08eef-d216-4e6d-8df1-376934e31dff,Data Field,1,0,1,0,0,0,0.00046700620230937824,0.0004636041145990147,0.0,0,0,0,DLG11,0
ad501534-c0a7-4cc8-851d-ab88cba0d46c,Data Field,1,0,1,0,0,0,0.00046700620230937824,0.0004636041145990147,0.0,0,0,0,DLG11,0
d9ec1f65-b673-4ebd-aae8-51ffcd62dcc9,Data Field,1,0,1,0,0,0,0.00046700620230937824,0.0004636041145990147,0.0,0,0,0,DLG11,0
fe865ad8-a9d8-41e8-bc02-43bfb09a45de,Data Field,1,0,1,0,0,0,0.00046700620230937824,0.0004636041145990147,0.0,0,0,0,DLG11,0
134f94e8-5c3d-4bfb-b5d7-2697af1a0900,Data Field,1,0,1,0,0,0,0.00046700620230937824,0.0004636041145990147,0.0,0,0,0,DLG11,0
1d39e646-889e-4705-9971-6cb1e25366a4,Data Field,1,0,1,0,0,0,0.00046700620230937824,0.0004636041145990147,0.0,0,0,0,DLG11,0
676f0735-15be-4e2e-9f20-26f55a5559d5,Data Field,1,0,1,0,0,0,0.00046700620230937824,0.0004636041145990147,0.0,0,0,0,DLG11,0
2336f905-6730-481f-8ea4-699e5b80f622,Data Field,1,0,1,0,0,0,0.00046700620230937824,0.0004636041145990147,0.0,0,0,0,DLG11,0
7827d2d0-0ebc-4aef-acdb-bb4dc3f92f1c,Data Field,1,0,1,0,0,0,0.00046700620230937824,0.0004636041145990147,0.0,0,0,0,DLG11,0
1803c2dd-7416-4f48-a881-5a10163d4b4e,Data Field,1,0,1,0,0,0,0.00046700620230937824,0.0004636041145990147,0.0,0,0,0,DLG11,0
0fd74a17-c49a-4f2f-bf3c-94d14de5c6cc,Data Field,1,0,1,0,0,0,0.00046700620230937824,0.0004636041145990147,0.0,0,0,0,DLG11,0
cc011ea4-af1c-427c-8afe-627892471250,Data Field,1,0,1,0,0,0,0.00046700620230937824,0.0004636041145990147,0.0,0,0,0,DLG11,0
f904c195-dd49-4d88-9ed6-a442a9f06e43,Data Field,1,0,1,0,0,0,0.00046700620230937824,0.0004636041145990147,0.0,0,0,0,DLG11,0
3f88018a-4886-439d-971b-c468ffb095d7,Data Field,1,0,1,0,0,0,0.00046700620230937824,0.0004636041145990147,0.0,0,0,0,DLG11,0
224372cb-941c-4d9d-9f6c-717ffb9b46f5,Data Field,1,0,1,0,0,0,0.00046700620230937824,0.0004636041145990147,0.0,0,0,0,DLG11,0
34588eec-6ced-423a-a95c-46fcb7018982,Data Field,1,0,1,0,0,0,0.00046700620230937824,0.0004636041145990147,0.0,0,0,0,DLG11,0
4d69898f-1ef6-4ba9-aa7f-9375148441f4,Data Field,1,0,1,0,0,0,0.00046700620230937824,0.0004636041145990147,0.0,0,0,0,DLG11,0
317a1aee-91a1-4085-91ed-70ff8cb5e946,Data Field,1,0,1,0,0,0,0.00046700620230937824,0.0004636041145990147,0.0,0,0,0,DLG11,0
e0f775bd-8c3e-463a-b680-25265e79ad71,Data Field,1,0,1,0,0,0,0.00046700620230937824,0.0004636041145990147,0.0,0,0,0,DLG11,0
539819b0-7dbb-4ffb-8c11-cb0f6da3ccb5,Data Field,1,0,1,0,0,0,0.00046700620230937824,0.0004636041145990147,0.0,0,0,0,DLG11,0
c48fef26-0317-4233-a84e-6848163b7b94,Data Field,1,0,1,0,0,0,0.00046700620230937824,0.0004636041145990147,0.0,0,0,0,DLG11,0
09876a27-722d-43f0-bbfe-6859b542bc5f,Data Field,1,0,1,0,0,0,0.00046700620230937824,0.0004636041145990147,0.0,0,0,0,DLG11,0
aaf267cc-7d49-406c-b46c-fcf7595edae7,Data Field,1,0,1,0,0,0,0.00046700620230937824,0.0004636041145990147,0.0,0,0,0,DLG11,0
25665e19-32f0-4f59-8370-b24c004d7e46,Data Field,1,0,1,0,0,0,0.00046700620230937824,0.0004636041145990147,0.0,0,0,0,DLG11,0
fbb0dafd-d981-44aa-9a09-1c397630c277,Data Field,1,0,1,0,0,0,0.00046700620230937824,0.0004636041145990147,0.0,0,0,0,DLG11,0
fdf046e6-2bb9-4f3b-808f-3a239289ccb5,Data Field,1,0,1,0,0,0,0.00046700620230937824,0.0004636041145990147,0.0,0,0,0,DLG11,0
8dec8f72-8b40-4993-990a-ec60c0134a1d,Data Field,1,0,1,0,0,0,0.00046700620230937824,0.0004636041145990147,0.0,0,0,0,DLG11,0
3e0f2304-e575-4ba3-a965-636d04a0b9d2,Data Field,1,0,1,0,0,0,0.00046700620230937824,0.0004636041145990147,0.0,0,0,0,DLG11,0
f73595ab-ca24-4faa-b880-68728513c39c,Data Field,1,0,1,0,0,0,0.00046700620230937824,0.0004636041145990147,0.0,0,0,0,DLG11,0
28dac692-6660-4dec-9e98-5933d3594ac3,Data Field,1,0,1,0,0,0,0.00046700620230937824,0.0004636041145990147,0.0,0,0,0,DLG11,0
c51e7050-3fdf-4d07-ae70-d80edb99ff80,Data Field,1,0,1,0,0,0,0.00046700620230937824,0.0004636041145990147,0.0,0,0,0,DLG11,0
2f82cb05-f389-4049-aaad-08a0a659f8ef,Data Field,1,0,1,0,0,0,0.00046700620230937824,0.0004636041145990147,0.0,0,0,0,DLG11,0
6d296e3d-1fbd-4b95-b56f-e50a5412492a,Data Field,1,0,1,0,0,0,0.00046700620230937824,0.0004636041145990147,0.0,0,0,0,DLG11,0
c034ef07-2ee6-4ccf-aeb3-7c10a6f503a0,Data Field,1,0,1,0,0,0,0.00046700620230937824,0.0004636041145990147,0.0,0,0,0,DLG11,0
aefb52bc-2aed-4826-a38c-6186dbddd72e,Data Field,1,0,1,0,0,0,0.00046700620230937824,0.0004636041145990147,0.0,0,0,0,DLG11,0
aae85588-f989-4eff-8c8b-a63a9584795a,Data Field,1,0,1,0,0,0,0.00046700620230937824,0.0004636041145990147,0.0,0,0,0,DLG11,0
35c84a39-3e95-417c-98d6-12f3d1d697fe,Data Field,1,0,1,0,0,0,0.00046700620230937824,0.0004636041145990147,0.0,0,0,0,DLG11,0
7d73cd4f-02a5-4be5-a176-4945661c330d,Data Field,1,0,1,0,0,0,0.00046700620230937824,0.0004636041145990147,0.0,0,0,0,DLG11,0
e174c676-b060-4bdd-ac64-3585726e4ab4,Data Field,1,0,1,0,0,0,0.00046700620230937824,0.0004636041145990147,0.0,0,0,0,DLG11,0
3277bdff-b516-49d4-91cf-3505bd0c28fa,Data Field,1,0,1,0,0,0,0.00046700620230937824,0.0004636041145990147,0.0,0,0,0,DLG11,0
a44eeeb4-6956-49a0-8ed9-28e5e83e8544,Data Field,1,0,1,0,0,0,0.00046700620230937824,0.0004636041145990147,0.0,0,0,0,DLG11,0
7e7185e8-9840-4030-ad08-efe8eb3c48db,Data Field,1,0,1,0,0,0,0.00046700620230937824,0.0004636041145990147,0.0,0,0,0,DLG11,0
6d10a54c-c37b-4fc8-b299-033394c7bc87,Data Field,1,0,1,0,0,0,0.00046700620230937824,0.0004636041145990147,0.0,0,0,0,DLG11,0
d3ec8c4f-21cb-4195-8ac3-d7ca5c44d037,Data Field,1,0,1,0,0,0,0.00046700620230937824,0.0004636041145990147,0.0,0,0,0,DLG11,0
4e2388b0-c220-47a0-9791-cfead137a1c3,Data Field,1,0,1,0,0,0,0.00046700620230937824,0.0004636041145990147,0.0,0,0,0,DLG11,0
470bf14e-57cc-49c0-b8e8-ec7e2d6e225c,Data Field,1,0,1,0,0,0,0.00046700620230937824,0.0004636041145990147,0.0,0,0,0,DLG11,0
d9c205ba-4c70-484c-953b-a0547fa5c1fc,Data Field,1,0,1,0,0,0,0.00046700620230937824,0.0004636041145990147,0.0,0,0,0,DLG11,0
290669c3-136c-437e-bb2f-40965ca74bf4,Data Field,1,0,1,0,0,0,0.00046700620230937824,0.0004636041145990147,0.0,0,0,0,DLG11,0
b48ac9a0-dbed-4e11-a383-e7243a519513,Data Field,1,0,1,0,0,0,0.00046700620230937824,0.0004636041145990147,0.0,0,0,0,DLG11,0
5b7830af-6172-4da8-9cb1-b126b00785de,Data Field,1,0,1,0,0,0,0.00046700620230937824,0.0004636041145990147,0.0,0,0,0,DLG11,0
cf9972a9-26a8-4900-83ab-9cf97d62b281,Data Field,1,0,1,0,0,0,0.00046700620230937824,0.0004636041145990147,0.0,0,0,0,DLG11,0
0c5a9e6a-116a-44c5-a09e-a6001ce77755,Data Field,1,0,1,0,0,0,0.00046700620230937824,0.0004636041145990147,0.0,0,0,0,DLG11,0
5b30b195-9468-4bae-899a-53a6f7a462e0,Data Field,1,0,1,0,0,0,0.00046700620230937824,0.0004636041145990147,0.0,0,0,0,DLG11,0
70844c83-9e35-41db-9c5d-fe6a6d6439a3,Data Field,1,0,1,0,0,0,0.00046700620230937824,0.0004636041145990147,0.0,0,0,0,DLG11,0
b704df97-5c50-48e3-b320-1d42ef999852,Data Field,1,0,1,0,0,0,0.00046700620230937824,0.0004636041145990147,0.0,0,0,0,DLG11,0
016d8bc0-af27-4e87-a3cd-369769a35523,Data Field,1,0,1,0,0,0,0.00046700620230937824,0.0004636041145990147,0.0,0,0,0,DLG11,0
da436f7e-2d08-40d0-89b3-99dd045d9f1b,Data Field,1,0,1,0,0,0,0.00046700620230937824,0.0004636041145990147,0.0,0,0,0,DLG11,0
220d10a4-3596-4ff0-99e7-513498da51d6,Data Field,1,0,1,0,0,0,0.00046700620230937824,0.0004636041145990147,0.0,0,0,0,DLG11,0
2895bb1c-de6f-4a1d-a331-bf6f6be86e13,Data Field,1,0,1,0,0,0,0.00046700620230937824,0.0004636041145990147,0.0,0,0,0,DLG11,0
6dec10bf-47a7-4728-90d5-80fbb67cc768,Data Field,1,0,1,0,0,0,0.00046700620230937824,0.0004636041145990147,0.0,0,0,0,DLG11,0
db4d642a-b819-4ab4-a51e-38af6d6e2899,Data Field,1,0,1,0,0,0,0.00046700620230937824,0.0004636041145990147,0.0,0,0,0,DLG11,0
1dbf6fae-f2e6-4db6-8eab-fa43540e020d,Data Field,1,0,1,0,0,0,0.00046700620230937824,0.0004636041145990147,0.0,0,0,0,DLG11,0
cda62ed5-070d-4d3e-b38e-603d6dffd943,Data Field,1,0,1,0,0,0,0.00046700620230937824,0.0004636041145990147,0.0,0,0,0,DLG11,0
af48304f-cd54-4978-a454-8216ea2d6c79,Data Field,1,0,1,0,0,0,0.00046700620230937824,0.0004636041145990147,0.0,0,0,0,DLG11,0
ea4ea300-0aec-4a84-88fa-3a0901d67593,Data Field,1,0,1,0,0,0,0.00046700620230937824,0.0004636041145990147,0.0,0,0,0,DLG11,0
92b71759-983a-41de-af73-699622c9554c,Data Field,1,0,1,0,0,0,0.00046700620230937824,0.0004636041145990147,0.0,0,0,0,DLG11,0
800e235d-49b7-4a2f-a979-b47c5f21b322,Data Field,1,0,1,0,0,0,0.00046700620230937824,0.0004636041145990147,0.0,0,0,0,DLG11,0
fa897282-d2e8-44ae-8bba-f6944af7cb82,Data Field,1,0,1,0,0,0,0.00046700620230937824,0.0004636041145990147,0.0,0,0,0,DLG11,0
5dded685-08f4-4ebe-b115-6bb1f8ddd62c,Data Field,1,0,1,0,0,0,0.00046700620230937824,0.0004636041145990147,0.0,0,0,0,DLG11,0
4288a550-6928-4ae9-9a7c-1c9939d10062,Data Field,1,0,1,0,0,0,0.00046700620230937824,0.0004636041145990147,0.0,0,0,0,DLG11,0
b115cfeb-2b38-4a26-b081-f4bfd3e9b405,Data Field,1,0,1,0,0,0,0.00046700620230937824,0.0004636041145990147,0.0,0,0,0,DLG11,0
66e10b51-c2fa-496c-8f06-df1f527fecf9,Data Field,1,0,1,0,0,0,0.00046700620230937824,0.0004636041145990147,0.0,0,0,0,DLG11,0
253b0626-1c9f-4879-9cfe-739f003240a4,Data Field,1,0,1,0,0,0,0.00046700620230937824,0.0004636041145990147,0.0,0,0,0,DLG11,0
0767c412-1ce3-4d64-bc70-9cf09a7e9720,Data Field,1,0,1,0,0,0,0.00046700620230937824,0.0004636041145990147,0.0,0,0,0,DLG11,0
bf7ef85b-b5ff-42a4-846d-e62f0aa3b6ae,Data Field,1,0,1,0,0,0,0.00046700620230937824,0.0004636041145990147,0.0,0,0,0,DLG11,0
4853d498-9b37-40b0-b8d7-8a33634cb100,Data Field,1,0,1,0,0,0,0.00046700620230937824,0.0004636041145990147,0.0,0,0,0,DLG11,0
9ff780a6-b46a-4ffc-86d7-31bc94d86266,Data Field,1,0,1,0,0,0,0.00046700620230937824,0.0004636041145990147,0.0,0,0,0,DLG11,0
c656cc8b-a2ca-4a42-8fb9-dd7482d47c8f,Data Field,1,0,1,0,0,0,0.00046700620230937824,0.0004636041145990147,0.0,0,0,0,DLG11,0
162209ce-f63c-46f7-a4f4-b2ca859c3004,Data Field,1,0,1,0,0,0,0.00046700620230937824,0.0004636041145990147,0.0,0,0,0,DLG11,0
485c77b9-eb89-452e-ab4e-fb567bf1dfdb,Data Field,1,0,1,0,0,0,0.00046700620230937824,0.0004636041145990147,0.0,0,0,0,DLG11,0
a7e7986c-2ada-46e6-8ae0-a22d671dbbaa,Data Field,1,0,1,0,0,0,0.00046700620230937824,0.0004636041145990147,0.0,0,0,0,DLG11,0
af6e9d96-5663-4f4f-b10d-dffb3580f213,Data Field,1,0,1,0,0,0,0.00046700620230937824,0.0004636041145990147,0.0,0,0,0,DLG11,0
a31ac582-a6e3-44c3-8c51-975ef4d91536,Data Field,1,0,1,0,0,0,0.00046700620230937824,0.0004636041145990147,0.0,0,0,0,DLG11,0
5628bed5-fe74-46d1-a769-00a04568175e,Data Field,1,0,1,0,0,0,0.00046700620230937824,0.0004636041145990147,0.0,0,0,0,DLG11,0
57b1cc8f-61f6-474c-9eb2-a2ab14d9d7e0,Data Field,1,0,1,0,0,0,0.00046700620230937824,0.0004636041145990147,0.0,0,0,0,DLG11,0
fa26b8f6-ccca-4758-8b0c-118e98d5f67b,Data Field,1,0,1,0,0,0,0.00046700620230937824,0.0004636041145990147,0.0,0,0,0,DLG11,0
aba11e21-75c2-4dbb-9bf2-b97983c4f225,Data Field,1,0,1,0,0,0,0.00046700620230937824,0.0004636041145990147,0.0,0,0,0,DLG11,0
cfff935e-8572-4652-8e3c-fd88ba19e56e,Data Field,1,0,1,0,0,0,0.00046700620230937824,0.0004636041145990147,0.0,0,0,0,DLG11,0
a6462406-9102-4ad3-9319-0be85dd1d728,Data Field,1,0,1,0,0,0,0.00046700620230937824,0.0004636041145990147,0.0,0,0,0,DLG11,0
c9705727-bf90-4f1a-b903-af4e9b86ed8d,Data Field,1,0,1,0,0,0,0.00046700620230937824,0.0004636041145990147,0.0,0,0,0,DLG11,0
f4df83a9-d064-434c-b09c-9cd599d7d09b,Data Field,1,0,1,0,0,0,0.00046700620230937824,0.0004636041145990147,0.0,0,0,0,DLG11,0
aee420a0-5376-4311-92b4-d56622838e07,Data Field,1,0,1,0,0,0,0.00046700620230937824,0.0004636041145990147,0.0,0,0,0,DLG11,0
6bfe8eda-1025-4606-ac5e-bde069cca9b6,Data Field,1,0,1,0,0,0,0.00046700620230937824,0.0004636041145990147,0.0,0,0,0,DLG11,0
91de4bc3-180e-4503-aa08-39048047b936,Data Field,1,0,1,0,0,0,0.00046700620230937824,0.0004636041145990147,0.0,0,0,0,DLG11,0
c12cdebc-344f-4ffa-bbe1-c9aaa9e0d5f8,Data Table,0,238,238,0,1,237,0.00046700620230937824,0.0005678641423954896,0.0,2,0,0,DLG11,0
edf6cdc7-7890-4371-9932-fc21b6bfc698,Data Field,1,0,1,0,0,0,0.00046700620230937824,0.0004636041145990147,0.0,0,0,0,DLG11,0
bf5bcded-32a7-48c6-ac82-aafa3058ab87,Data Field,1,0,1,0,0,0,0.00046700620230937824,0.0004636041145990147,0.0,0,0,0,DLG11,0
2e992a19-8367-4465-9175-1cf61a728a3e,Data Field,1,0,1,0,0,0,0.00046700620230937824,0.0004636041145990147,0.0,0,0,0,DLG11,0
39875e49-f2dc-4ac6-a613-911cfa8aaccb,Data Field,1,0,1,0,0,0,0.00046700620230937824,0.0004636041145990147,0.0,0,0,0,DLG11,0
9020fe2f-6a7b-4994-b40a-38a56b4af876,Data Field,1,0,1,0,0,0,0.00046700620230937824,0.0004636041145990147,0.0,0,0,0,DLG11,0
9eaf732e-435c-448d-a60a-f68d258be845,Data Field,1,0,1,0,0,0,0.00046700620230937824,0.0004636041145990147,0.0,0,0,0,DLG11,0
9b47caff-9715-4777-bf26-9df0f877e0e7,Data Field,1,0,1,0,0,0,0.00046700620230937824,0.0004636041145990147,0.0,0,0,0,DLG11,0
42631f82-61f7-41dc-978b-5b67a24bc7de,Data Field,1,0,1,0,0,0,0.00046700620230937824,0.0004636041145990147,0.0,0,0,0,DLG11,0
079ac270-5831-4b51-b618-1b31d3caac29,Data Field,1,0,1,0,0,0,0.00046700620230937824,0.0004636041145990147,0.0,0,0,0,DLG11,0
45029d44-99fd-455d-b296-7bb8b05edae0,Data Field,1,0,1,0,0,0,0.00046700620230937824,0.0004636041145990147,0.0,0,0,0,DLG11,0
57bc2b85-9b69-453d-87b5-9af09c30d9bb,Data Field,1,0,1,0,0,0,0.00046700620230937824,0.0004636041145990147,0.0,0,0,0,DLG11,0
05ac5843-335a-4f34-bbee-3c232df66864,Data Field,1,0,1,0,0,0,0.00046700620230937824,0.0004636041145990147,0.0,0,0,0,DLG11,0
80269f07-0af7-460c-aa22-406ebe10ca3c,Data Field,1,0,1,0,0,0,0.00046700620230937824,0.0004636041145990147,0.0,0,0,0,DLG11,0
68074f0e-6574-43da-ac17-b700802b04fd,Data Field,1,0,1,0,0,0,0.00046700620230937824,0.0004636041145990147,0.0,0,0,0,DLG11,0
19b6c87b-22c7-4049-95d8-cbd874da2dc0,Data Field,1,0,1,0,0,0,0.00046700620230937824,0.0004636041145990147,0.0,0,0,0,DLG11,0
5466f4bc-5501-4d2d-a69c-0b8e875b1b3a,Data Field,1,0,1,0,0,0,0.00046700620230937824,0.0004636041145990147,0.0,0,0,0,DLG11,0
b3e4c4c7-3beb-42e2-ad3c-2908892d3622,Data Field,1,0,1,0,0,0,0.00046700620230937824,0.0004636041145990147,0.0,0,0,0,DLG11,0
f31c72c9-95c8-4f42-b952-8a2670c5ed30,Data Field,1,0,1,0,0,0,0.00046700620230937824,0.0004636041145990147,0.0,0,0,0,DLG11,0
e8c2cd93-9666-4ca7-a38f-9d2c58a72ac7,Data Field,1,0,1,0,0,0,0.00046700620230937824,0.0004636041145990147,0.0,0,0,0,DLG11,0
207cb7a6-feb0-47d4-8946-bc7684752b5d,Data Field,1,0,1,0,0,0,0.00046700620230937824,0.0004636041145990147,0.0,0,0,0,DLG11,0
f17b7531-71b5-4a35-8965-30a336368733,Data Field,1,0,1,0,0,0,0.00046700620230937824,0.0004636041145990147,0.0,0,0,0,DLG11,0
b5109917-3270-4999-bc83-22905b6abc8f,Data Field,1,0,1,0,0,0,0.00046700620230937824,0.0004636041145990147,0.0,0,0,0,DLG11,0
9a8efd2e-f971-4b95-8421-60ae23dfd4de,Data Field,1,0,1,0,0,0,0.00046700620230937824,0.0004636041145990147,0.0,0,0,0,DLG11,0
379bae1b-bf1e-40ee-967f-dd32aca0dccc,Data Field,1,0,1,0,0,0,0.00046700620230937824,0.0004636041145990147,0.0,0,0,0,DLG11,0
f71ac090-9182-4f74-bc74-e8bc2abb4232,Data Field,1,0,1,0,0,0,0.00046700620230937824,0.0004636041145990147,0.0,0,0,0,DLG11,0
bf4e4790-423a-423c-b542-0945d805d65d,Data Field,1,0,1,0,0,0,0.00046700620230937824,0.0004636041145990147,0.0,0,0,0,DLG11,0
33fbf0a5-d99e-46e0-93b2-b9c5d30dcfe1,Data Field,1,0,1,0,0,0,0.00046700620230937824,0.0004636041145990147,0.0,0,0,0,DLG11,0
65ba0f7c-80a0-418d-84ca-10fea9cb967c,Data Field,1,0,1,0,0,0,0.00046700620230937824,0.0004636041145990147,0.0,0,0,0,DLG11,0
d8ce50fa-0d3c-449b-8e21-cb1e4f1894a4,Data Field,1,0,1,0,0,0,0.00046700620230937824,0.0004636041145990147,0.0,0,0,0,DLG11,0
d4b3d9a0-844a-4a8a-a48b-42daaaef5307,Data Field,1,0,1,0,0,0,0.00046700620230937824,0.0004636041145990147,0.0,0,0,0,DLG11,0
8968262a-efec-4b86-a93d-66c7439d4fb6,Data Field,1,0,1,0,0,0,0.00046700620230937824,0.0004636041145990147,0.0,0,0,0,DLG11,0
af98a028-d9ec-44d4-a775-e9c468400f22,Data Field,1,0,1,0,0,0,0.00046700620230937824,0.0004636041145990147,0.0,0,0,0,DLG11,0
3fc6742d-cdee-4dc9-a857-d3e4f6f99fd3,Data Field,1,0,1,0,0,0,0.00046700620230937824,0.0004636041145990147,0.0,0,0,0,DLG11,0
7f9bc660-5b58-4a00-9ebc-6613816d2c64,Data Field,1,0,1,0,0,0,0.00046700620230937824,0.0004636041145990147,0.0,0,0,0,DLG11,0
c23e5d4a-49e3-4905-b853-de3ede8c9dc9,Data Field,1,0,1,0,0,0,0.00046700620230937824,0.0004636041145990147,0.0,0,0,0,DLG11,0
4c9c9266-0664-4cfd-83e2-d4db8cb5fecd,Data Field,1,0,1,0,0,0,0.00046700620230937824,0.0004636041145990147,0.0,0,0,0,DLG11,0
35f1cb91-4b36-4a20-9290-37d82e0477f1,Data Field,1,0,1,0,0,0,0.00046700620230937824,0.0004636041145990147,0.0,0,0,0,DLG11,0
32e5f2c6-a3b0-4207-9693-a7a86b554f1f,Data Field,1,0,1,0,0,0,0.00046700620230937824,0.0004636041145990147,0.0,0,0,0,DLG11,0
92f72cf4-889b-45d1-85f4-fb7e9c92e355,Data Field,1,0,1,0,0,0,0.00046700620230937824,0.0004636041145990147,0.0,0,0,0,DLG11,0
e3f122b6-5b00-4ff3-9325-379caaef5a16,Data Field,1,0,1,0,0,0,0.00046700620230937824,0.0004636041145990147,0.0,0,0,0,DLG11,0
f7ea2087-3de1-4698-b5d3-a38bbec2f75e,Data Field,1,0,1,0,0,0,0.00046700620230937824,0.0004636041145990147,0.0,0,0,0,DLG11,0
5f53e1ac-722c-47e6-b141-d13a96794a41,Data Field,1,0,1,0,0,0,0.00046700620230937824,0.0004636041145990147,0.0,0,0,0,DLG11,0
65c4f95a-eab8-49b6-942b-8eb870c4aa96,Data Field,1,0,1,0,0,0,0.00046700620230937824,0.0004636041145990147,0.0,0,0,0,DLG11,0
6cbc6ec1-b098-49d0-98ab-3daf519f119f,Data Field,1,0,1,0,0,0,0.00046700620230937824,0.0004636041145990147,0.0,0,0,0,DLG11,0
a1b90478-4894-414c-9b97-a42cb186c787,Data Field,1,0,1,0,0,0,0.00046700620230937824,0.0004636041145990147,0.0,0,0,0,DLG11,0
d60f5a91-12f9-4b22-b1c9-09ec0950c824,Data Field,1,0,1,0,0,0,0.00046700620230937824,0.0004636041145990147,0.0,0,0,0,DLG11,0
00a30a10-85b1-44a9-9ede-c108ed01fbbd,Data Field,1,0,1,0,0,0,0.00046700620230937824,0.0004636041145990147,0.0,0,0,0,DLG11,0
d742d0b4-6fb7-41e6-9613-92592afe03d2,Data Field,1,0,1,0,0,0,0.00046700620230937824,0.0004636041145990147,0.0,0,0,0,DLG11,0
727c2c5a-b7de-4776-b1f9-0e928030a7d1,Data Field,1,0,1,0,0,0,0.00046700620230937824,0.0004636041145990147,0.0,0,0,0,DLG11,0
0edd06ab-f61c-4243-8a93-a91c7406c3b5,Data Field,1,0,1,0,0,0,0.00046700620230937824,0.0004636041145990147,0.0,0,0,0,DLG11,0
561348b4-2b9e-47d8-930e-67595ade7787,Data Field,1,0,1,0,0,0,0.00046700620230937824,0.0004636041145990147,0.0,0,0,0,DLG11,0
c9b652c0-2fbb-44ae-986a-55c654989556,Data Field,1,0,1,0,0,0,0.00046700620230937824,0.0004636041145990147,0.0,0,0,0,DLG11,0
16b16315-5199-4984-9daa-bb9993a1a804,Data Field,1,0,1,0,0,0,0.00046700620230937824,0.0004636041145990147,0.0,0,0,0,DLG11,0
e8db21e5-d8c4-4617-bc9e-24d1474a434c,Data Field,1,0,1,0,0,0,0.00046700620230937824,0.0004636041145990147,0.0,0,0,0,DLG11,0
a4b654d6-eef5-478a-8f9a-25fbffe12d47,Data Field,1,0,1,0,0,0,0.00046700620230937824,0.0004636041145990147,0.0,0,0,0,DLG11,0
6cdd550f-c02b-4cb5-8a3b-a535da1da6fd,Data Field,1,0,1,0,0,0,0.00046700620230937824,0.0004636041145990147,0.0,0,0,0,DLG11,0
20da7259-4622-49ca-9f34-c439832b3522,Data Field,1,0,1,0,0,0,0.00046700620230937824,0.0004636041145990147,0.0,0,0,0,DLG11,0
c625972f-b715-402a-acd4-bb03817cb88b,Data Field,1,0,1,0,0,0,0.00046700620230937824,0.0004636041145990147,0.0,0,0,0,DLG11,0
54aaf5d7-2eab-422d-85e6-aff87ed466c3,Data Field,1,0,1,0,0,0,0.00046700620230937824,0.0004636041145990147,0.0,0,0,0,DLG11,0
20d9e027-09b3-4666-aabb-4571294c5dbd,Data Field,1,0,1,0,0,0,0.00046700620230937824,0.0004636041145990147,0.0,0,0,0,DLG11,0
f83e7f03-63bd-4d0d-9881-acec591b7f5a,Data Field,1,0,1,0,0,0,0.00046700620230937824,0.0004636041145990147,0.0,0,0,0,DLG11,0
cc35ff27-091e-4946-b2b1-215c94528978,Data Field,1,0,1,0,0,0,0.00046700620230937824,0.0004636041145990147,0.0,0,0,0,DLG11,0
136d8969-7621-4182-8927-aae71c3797ca,Data Field,1,0,1,0,0,0,0.00046700620230937824,0.0004636041145990147,0.0,0,0,0,DLG11,0
966e056f-9b33-40c5-b4f5-09c4d9e3e768,Data Field,1,0,1,0,0,0,0.00046700620230937824,0.0004636041145990147,0.0,0,0,0,DLG11,0
a58b0452-88b5-4287-bf97-d8783513c8db,Data Field,1,0,1,0,0,0,0.00046700620230937824,0.0004636041145990147,0.0,0,0,0,DLG11,0
3eb733aa-7f8e-44c0-ae7e-b727cc64a0fb,Data Field,1,0,1,0,0,0,0.00046700620230937824,0.0004636041145990147,0.0,0,0,0,DLG11,0
08b7959e-f4df-4970-99f4-17b1da2e881c,Data Field,1,0,1,0,0,0,0.00046700620230937824,0.0004636041145990147,0.0,0,0,0,DLG11,0
3bb095b4-5697-4bad-b0af-b2dd73fc7b9c,Data Field,1,0,1,0,0,0,0.00046700620230937824,0.0004636041145990147,0.0,0,0,0,DLG11,0
a0b11346-c01f-457a-acc2-ebc7b2619236,Data Field,1,0,1,0,0,0,0.00046700620230937824,0.0004636041145990147,0.0,0,0,0,DLG11,0
82ab9c7e-55be-4cce-91a3-8b0e63518812,Data Field,1,0,1,0,0,0,0.00046700620230937824,0.0004636041145990147,0.0,0,0,0,DLG11,0
6078fc91-bc11-4ad8-bb86-8afe2a9a8e64,Data Field,1,0,1,0,0,0,0.00046700620230937824,0.0004636041145990147,0.0,0,0,0,DLG11,0
0c9ec4eb-6b3e-487f-a861-44b1bc8c95f1,Data Field,1,0,1,0,0,0,0.00046700620230937824,0.0004636041145990147,0.0,0,0,0,DLG11,0
57f71ba6-3066-4e49-b068-52371b424e50,Data Field,1,0,1,0,0,0,0.00046700620230937824,0.0004636041145990147,0.0,0,0,0,DLG11,0
c5ddf806-2083-4b6a-9470-9ae4af4de67a,Data Field,1,0,1,0,0,0,0.00046700620230937824,0.0004636041145990147,0.0,0,0,0,DLG11,0
34bf0486-0a31-4015-9537-fafd7f63474e,Data Field,1,0,1,0,0,0,0.00046700620230937824,0.0004636041145990147,0.0,0,0,0,DLG11,0
d080003c-ae7f-4350-ade0-243fdb12fc90,Data Field,1,0,1,0,0,0,0.00046700620230937824,0.0004636041145990147,0.0,0,0,0,DLG11,0
67a30039-a839-433d-994e-4e781d410ecc,Data Field,1,0,1,0,0,0,0.00046700620230937824,0.0004636041145990147,0.0,0,0,0,DLG11,0
49c9c620-bdd5-42a0-94f2-f6a905815930,Data Field,1,0,1,0,0,0,0.00046700620230937824,0.0004636041145990147,0.0,0,0,0,DLG11,0
c2108a10-b191-495f-b7a2-2fb006f6867d,Data Field,1,0,1,0,0,0,0.00046700620230937824,0.0004636041145990147,0.0,0,0,0,DLG11,0
5278437d-2db2-465c-abba-2f260e3021b1,Data Field,1,0,1,0,0,0,0.00046700620230937824,0.0004636041145990147,0.0,0,0,0,DLG11,0
5a9c6cb5-9d71-4c56-be55-da4381c53e21,Data Field,1,0,1,0,0,0,0.00046700620230937824,0.0004636041145990147,0.0,0,0,0,DLG11,0
1df50892-83a6-42ab-8597-d194063da224,Data Field,1,0,1,0,0,0,0.00046700620230937824,0.0004636041145990147,0.0,0,0,0,DLG11,0
06006ac6-be97-4595-a6d6-fff95eee68f1,Data Field,1,0,1,0,0,0,0.00046700620230937824,0.0004636041145990147,0.0,0,0,0,DLG11,0
ab98673c-6365-4083-b068-0a4567197936,Data Field,1,0,1,0,0,0,0.00046700620230937824,0.0004636041145990147,0.0,0,0,0,DLG11,0
b90c8ac5-130f-4f2c-b5a0-9f13fdcabcfd,Data Field,1,0,1,0,0,0,0.00046700620230937824,0.0004636041145990147,0.0,0,0,0,DLG11,0
20c53ecd-17bd-4436-ac1b-204bd4481389,Data Field,1,0,1,0,0,0,0.00046700620230937824,0.0004636041145990147,0.0,0,0,0,DLG11,0
a6a559c3-a790-49b6-ab62-4912eeb47ce4,Data Field,1,0,1,0,0,0,0.00046700620230937824,0.0004636041145990147,0.0,0,0,0,DLG11,0
26096a83-41a3-4bc6-9a72-84f0d31a94b9,Data Field,1,0,1,0,0,0,0.00046700620230937824,0.0004636041145990147,0.0,0,0,0,DLG11,0
949101b1-6f95-4a7e-9271-c2ca15a53c90,Data Field,1,0,1,0,0,0,0.00046700620230937824,0.0004636041145990147,0.0,0,0,0,DLG11,0
bf655f46-4068-49c0-857c-6f9a6108fdef,Data Field,1,0,1,0,0,0,0.00046700620230937824,0.0004636041145990147,0.0,0,0,0,DLG11,0
da1bbefe-b9d0-4b03-bf81-8c89ef552e59,Data Field,1,0,1,0,0,0,0.00046700620230937824,0.0004636041145990147,0.0,0,0,0,DLG11,0
fbd514d4-d8a8-4663-8c04-b17f93421625,Data Field,1,0,1,0,0,0,0.00046700620230937824,0.0004636041145990147,0.0,0,0,0,DLG11,0
3c3955fe-4eb5-4aac-a673-a7e1b3f37fe1,Data Field,1,0,1,0,0,0,0.00046700620230937824,0.0004636041145990147,0.0,0,0,0,DLG11,0
9f4bf12a-1c6c-44dd-9b65-a8389daaa7d7,Data Field,1,0,1,0,0,0,0.00046700620230937824,0.0004636041145990147,0.0,0,0,0,DLG11,0
0ca7ac36-2f15-4eec-a18e-3d03591987e0,Data Field,1,0,1,0,0,0,0.00046700620230937824,0.0004636041145990147,0.0,0,0,0,DLG11,0
cb9a856e-06e4-4f4d-9b1e-db4ead6b8a29,Data Field,1,0,1,0,0,0,0.00046700620230937824,0.0004636041145990147,0.0,0,0,0,DLG11,0
1c0b40a8-c5cf-422e-b585-999edeb714d9,Data Field,1,0,1,0,0,0,0.00046700620230937824,0.0004636041145990147,0.0,0,0,0,DLG11,0
d622d367-e24f-41c2-afd8-f56c6dd7adf4,Data Field,1,0,1,0,0,0,0.00046700620230937824,0.0004636041145990147,0.0,0,0,0,DLG11,0
b16d4254-f394-4037-89b6-72e7c438766d,Data Field,1,0,1,0,0,0,0.00046700620230937824,0.0004636041145990147,0.0,0,0,0,DLG11,0
b5ed86d6-4fc0-42a8-b7f1-75c81bde5f4d,Data Field,1,0,1,0,0,0,0.00046700620230937824,0.0004636041145990147,0.0,0,0,0,DLG11,0
bffddfbf-8deb-4a41-ac8f-030d6006e242,Data Job,7,1,8,7,1,0,0.0026511114712903473,0.0008578816525045613,0.0,1,7,0,DLG11,0
6dd2ba3f-6257-4e76-ad92-a12f029ce799,Data Field,1,0,1,0,0,0,0.00046700620230937824,0.0004636041145990147,0.0,0,0,0,DLG11,0
cd328234-466d-4f98-b8f7-afeceaa77bc4,Data Field,1,0,1,0,0,0,0.00046700620230937824,0.0004636041145990147,0.0,0,0,0,DLG11,0
3863029f-62fa-4f4c-840e-21ba704d7ec7,Data Field,1,0,1,0,0,0,0.00046700620230937824,0.0004636041145990147,0.0,0,0,0,DLG11,0
566164ce-4a0a-4e5f-80ca-aff3b55d6288,Data Field,1,0,1,0,0,0,0.00046700620230937824,0.0004636041145990147,0.0,0,0,0,DLG11,0
b5ca11fa-a099-4cb2-a918-984cbc41cbc4,Data Field,1,0,1,0,0,0,0.00046700620230937824,0.0004636041145990147,0.0,0,0,0,DLG11,0
8e68ef37-0672-449b-850a-4bb4836bea91,Data Field,1,0,1,0,0,0,0.00046700620230937824,0.0004636041145990147,0.0,0,0,0,DLG11,0
2f96b911-2601-4742-89ad-3cf6ccc0e0c2,Data Field,1,0,1,0,0,0,0.00046700620230937824,0.0004636041145990147,0.0,0,0,0,DLG11,0
2346239b-6563-49d2-b755-6cf906749778,Data Field,1,0,1,0,0,0,0.00046700620230937824,0.0004636041145990147,0.0,0,0,0,DLG11,0
0d8e0d9b-9629-4296-8326-75db7b2c483a,Data Field,1,0,1,0,0,0,0.00046700620230937824,0.0004636041145990147,0.0,0,0,0,DLG11,0
70d8371f-9262-4139-aae4-55f6321acbbd,Data Table,1,51,52,1,0,51,0.0027228997691671015,0.0004636041145990147,0.0,0,8,0,DLG11,1
8819395e-583f-46ea-b094-d154055fe186,Data Field,1,0,1,0,0,0,0.00046700620230937824,0.0004636041145990147,0.0,0,0,0,DLG11,0
a7b42994-d157-4654-a94f-974db432b208,Data Field,1,0,1,0,0,0,0.00046700620230937824,0.0004636041145990147,0.0,0,0,0,DLG11,0
bbca0c37-e36f-463f-b659-4ca91b971487,Data Field,1,0,1,0,0,0,0.00046700620230937824,0.0004636041145990147,0.0,0,0,0,DLG11,0
cdfbdd3a-f8de-4fa2-8e93-e9cceabdba56,Data Field,1,0,1,0,0,0,0.00046700620230937824,0.0004636041145990147,0.0,0,0,0,DLG11,0
5fb00a78-1c3b-4653-bc3d-8f99b15cbd24,Data Field,1,0,1,0,0,0,0.00046700620230937824,0.0004636041145990147,0.0,0,0,0,DLG11,0
ca0a1650-70a5-4684-9748-698218a3bdd8,Data Field,1,0,1,0,0,0,0.00046700620230937824,0.0004636041145990147,0.0,0,0,0,DLG11,0
85dc0e32-8364-43f7-9186-499f1b215bdb,Data Field,1,0,1,0,0,0,0.00046700620230937824,0.0004636041145990147,0.0,0,0,0,DLG11,0
d08d10c1-8ee8-4c6f-98d7-78d3b74ce2fa,Data Field,1,0,1,0,0,0,0.00046700620230937824,0.0004636041145990147,0.0,0,0,0,DLG11,0
134791c9-80dd-48c9-a303-53dcd4a61477,Data Field,1,0,1,0,0,0,0.00046700620230937824,0.0004636041145990147,0.0,0,0,0,DLG11,0
c3ae488c-96a1-45a5-8dd3-6ea9343f739b,Data Field,1,0,1,0,0,0,0.00046700620230937824,0.0004636041145990147,0.0,0,0,0,DLG11,0
3bc012c9-2793-4948-b8d8-3b49609b064c,Data Field,1,0,1,0,0,0,0.00046700620230937824,0.0004636041145990147,0.0,0,0,0,DLG11,0
a11dc330-974e-4ae4-8645-79e08953e2fd,Data Field,1,0,1,0,0,0,0.00046700620230937824,0.0004636041145990147,0.0,0,0,0,DLG11,0
e6fedffe-4412-4b9f-97d2-80ee542b2813,Data Field,1,0,1,0,0,0,0.00046700620230937824,0.0004636041145990147,0.0,0,0,0,DLG11,0
aa4adce9-5e9f-451d-8a80-7e5ad5d1f487,Data Field,1,0,1,0,0,0,0.00046700620230937824,0.0004636041145990147,0.0,0,0,0,DLG11,0
88b8b995-d00e-42d1-acff-24a6328300b6,Data Field,1,0,1,0,0,0,0.00046700620230937824,0.0004636041145990147,0.0,0,0,0,DLG11,0
6e477b8f-5919-4e13-a54e-ed2fb9559cd0,Data Field,1,0,1,0,0,0,0.00046700620230937824,0.0004636041145990147,0.0,0,0,0,DLG11,0
8b9c5a79-3da3-4d88-b8ae-9950eda064bb,Data Field,1,0,1,0,0,0,0.00046700620230937824,0.0004636041145990147,0.0,0,0,0,DLG11,0
7ad0fa5a-4204-47f2-8f84-563fca177fd9,Data Field,1,0,1,0,0,0,0.00046700620230937824,0.0004636041145990147,0.0,0,0,0,DLG11,0
ee880e7e-da04-49bd-8ca5-09989f8d24ba,Data Field,1,0,1,0,0,0,0.00046700620230937824,0.0004636041145990147,0.0,0,0,0,DLG11,0
8b531bbe-36c9-4dc3-9474-8ff0da6f1105,Data Field,1,0,1,0,0,0,0.00046700620230937824,0.0004636041145990147,0.0,0,0,0,DLG11,0
04083f47-0017-433d-ab17-a42ffb853eac,Data Field,1,0,1,0,0,0,0.00046700620230937824,0.0004636041145990147,0.0,0,0,0,DLG11,0
6b6079d8-116a-4e21-b0d4-be71dca36b83,Data Field,1,0,1,0,0,0,0.00046700620230937824,0.0004636041145990147,0.0,0,0,0,DLG11,0
bade1fd8-7004-47dd-8fb2-12af2f1b8cd6,Data Table,0,20,20,0,1,19,0.00046700620230937824,0.0005678641423954896,0.0,2,0,0,DLG11,0
0a7b1a95-a332-44a9-bb94-debf1cc666ea,Data Field,1,0,1,0,0,0,0.00046700620230937824,0.0004636041145990147,0.0,0,0,0,DLG11,0
fa5cd1bd-4031-4b00-99ae-f552573eb171,Data Field,1,0,1,0,0,0,0.00046700620230937824,0.0004636041145990147,0.0,0,0,0,DLG11,0
de842cdb-c776-4470-8d27-c9f7495a8133,Data Field,1,0,1,0,0,0,0.00046700620230937824,0.0004636041145990147,0.0,0,0,0,DLG11,0
4497be07-cc4a-49cf-86f3-1d24eed89838,Data Field,1,0,1,0,0,0,0.00046700620230937824,0.0004636041145990147,0.0,0,0,0,DLG11,0
83adb19c-d315-4216-916d-464d68efc774,Data Table,0,18,18,0,1,17,0.00046700620230937824,0.0005678641423954896,0.0,2,0,0,DLG11,0
ff93b28d-8c43-4eae-9edf-11210bb8b274,Data Field,1,0,1,0,0,0,0.00046700620230937824,0.0004636041145990147,0.0,0,0,0,DLG11,0
0db71aeb-e6a0-481c-94a2-7e5063bbd720,Data Field,1,0,1,0,0,0,0.00046700620230937824,0.0004636041145990147,0.0,0,0,0,DLG11,0
a7bb4cdd-0ea0-497a-b551-71193a903567,Data Field,1,0,1,0,0,0,0.00046700620230937824,0.0004636041145990147,0.0,0,0,0,DLG11,0
ac9252b7-ea45-4817-8549-e903232e02b1,Data Field,1,0,1,0,0,0,0.00046700620230937824,0.0004636041145990147,0.0,0,0,0,DLG11,0
c5cc7182-ae29-4dc4-a480-b751b144b120,Data Field,1,0,1,0,0,0,0.00046700620230937824,0.0004636041145990147,0.0,0,0,0,DLG11,0
d67550fd-4a0b-4cbb-9d90-810561794f47,Data Field,1,0,1,0,0,0,0.00046700620230937824,0.0004636041145990147,0.0,0,0,0,DLG11,0
bb064a6f-de00-46cf-a3a9-bcc14c4cd60f,Data Field,1,0,1,0,0,0,0.00046700620230937824,0.0004636041145990147,0.0,0,0,0,DLG11,0
efdf2844-5959-4a63-8ae7-6e4728f54cd6,Data Field,1,0,1,0,0,0,0.00046700620230937824,0.0004636041145990147,0.0,0,0,0,DLG11,0
d4cdfad8-d5c5-428a-a40e-142ef6c179be,Data Field,1,0,1,0,0,0,0.00046700620230937824,0.0004636041145990147,0.0,0,0,0,DLG11,0
30590c70-7165-4f55-b0af-36b391abb05a,Data Field,1,0,1,0,0,0,0.00046700620230937824,0.0004636041145990147,0.0,0,0,0,DLG11,0
5044c882-3136-4243-86e4-25be9611d1f7,Data Field,1,0,1,0,0,0,0.00046700620230937824,0.0004636041145990147,0.0,0,0,0,DLG11,0
10347795-272c-49e9-9fee-b5706512e4cf,Data Field,1,0,1,0,0,0,0.00046700620230937824,0.0004636041145990147,0.0,0,0,0,DLG11,0
be321733-2f81-4a63-bfd8-2054ba91b9c4,Data Field,1,0,1,0,0,0,0.00046700620230937824,0.0004636041145990147,0.0,0,0,0,DLG11,0
4ab1d40c-e053-4772-bef9-309d2a485992,Data Job,2,1,3,2,1,0,0.0008924812547082682,0.0008578816525045613,0.0,1,2,0,DLG11,0
dda7f949-88b6-4c14-8234-09efb101a499,Data Field,1,0,1,0,0,0,0.00046700620230937824,0.0004636041145990147,0.0,0,0,0,DLG11,0
c162be21-5f57-4ab1-8626-1f820314190a,Data Field,1,0,1,0,0,0,0.00046700620230937824,0.0004636041145990147,0.0,0,0,0,DLG11,0
70bc4c83-2321-4bb7-bbd8-c57c98b4b912,Data Field,1,0,1,0,0,0,0.00046700620230937824,0.0004636041145990147,0.0,0,0,0,DLG11,0
f3d0daa5-3594-4d39-963c-791324eb116c,Data Field,1,0,1,0,0,0,0.00046700620230937824,0.0004636041145990147,0.0,0,0,0,DLG11,0
f87b0aec-9d22-49a3-b384-7256e1aa3421,Data Table,1,35,36,1,0,35,0.0012262169365303516,0.0004636041145990147,0.0,0,3,0,DLG11,0
984cecc5-7ef7-4a8d-b52a-e6f75e256fc3,Data Field,1,0,1,0,0,0,0.00046700620230937824,0.0004636041145990147,0.0,0,0,0,DLG11,0
88e4565d-9e48-4be8-99b5-901cc593605e,Data Field,1,0,1,0,0,0,0.00046700620230937824,0.0004636041145990147,0.0,0,0,0,DLG11,0
6d74fe0a-d541-48ab-8b32-45f0f85c0510,Data Field,1,0,1,0,0,0,0.00046700620230937824,0.0004636041145990147,0.0,0,0,0,DLG11,0
4f6adb59-1358-4a7e-bfcb-c558f8b38794,Data Field,1,0,1,0,0,0,0.00046700620230937824,0.0004636041145990147,0.0,0,0,0,DLG11,0
43e378fa-85cf-4d0d-8909-99c7b7902839,Data Field,1,0,1,0,0,0,0.00046700620230937824,0.0004636041145990147,0.0,0,0,0,DLG11,0
a5dde765-f3af-4157-97e8-a3cca93f9380,Data Field,1,0,1,0,0,0,0.00046700620230937824,0.0004636041145990147,0.0,0,0,0,DLG11,0
9b55ab93-46b7-4673-bfca-fe500cb71d02,Data Field,1,0,1,0,0,0,0.00046700620230937824,0.0004636041145990147,0.0,0,0,0,DLG11,0
7b0f37db-d740-464a-912d-2e96f5aa1387,Data Field,1,0,1,0,0,0,0.00046700620230937824,0.0004636041145990147,0.0,0,0,0,DLG11,0
0f6f44b0-f559-49d8-99e5-1aa475a4877a,Data Field,1,0,1,0,0,0,0.00046700620230937824,0.0004636041145990147,0.0,0,0,0,DLG11,0
3313b48b-a838-4084-b8a7-9dc93901b0d3,Data Job,2,1,3,2,1,0,0.0008924812547082682,0.0008578816525045613,0.0,1,2,0,DLG11,0
3ae9f5bb-2b9f-4689-ab06-6f72c793943c,Data Field,1,0,1,0,0,0,0.00046700620230937824,0.0004636041145990147,0.0,0,0,0,DLG11,0
b6eced90-60fe-4862-a187-f156c42fbba8,Data Field,1,0,1,0,0,0,0.00046700620230937824,0.0004636041145990147,0.0,0,0,0,DLG11,0
4a3b5aa5-0698-4965-99ad-c55ad69dc55a,Data Field,1,0,1,0,0,0,0.00046700620230937824,0.0004636041145990147,0.0,0,0,0,DLG11,0
42ed9740-9ec2-4a41-b8e3-c9209da3ae13,Data Field,1,0,1,0,0,0,0.00046700620230937824,0.0004636041145990147,0.0,0,0,0,DLG11,0
8650a08b-5992-442b-8e51-02e7444e4ee5,Data Field,1,0,1,0,0,0,0.00046700620230937824,0.0004636041145990147,0.0,0,0,0,DLG11,0
8c402a04-e325-4b1d-bec7-856ed06d3648,Data Field,1,0,1,0,0,0,0.00046700620230937824,0.0004636041145990147,0.0,0,0,0,DLG11,0
0dec28fe-c8e4-4460-8ad4-f2686c1b7ac5,Data Field,1,0,1,0,0,0,0.00046700620230937824,0.0004636041145990147,0.0,0,0,0,DLG11,0
730dcee8-609f-48bc-a203-779493ce250b,Data Table,0,19,19,0,1,18,0.00046700620230937824,0.0008285142118866765,0.0,2,0,0,DLG11,0
34985daf-949e-4dfe-9972-5a5ed446954b,Data Field,1,0,1,0,0,0,0.00046700620230937824,0.0004636041145990147,0.0,0,0,0,DLG11,0
1746b456-a884-4edc-acaa-3462e2e6b9f4,Data Field,1,0,1,0,0,0,0.00046700620230937824,0.0004636041145990147,0.0,0,0,0,DLG11,0
2da716d8-cff9-412b-bec8-f3809f00da6d,Data Field,1,0,1,0,0,0,0.00046700620230937824,0.0004636041145990147,0.0,0,0,0,DLG11,0
6ac6e3a9-4bfb-436c-a59e-a8c635009ec4,Data Field,1,0,1,0,0,0,0.00046700620230937824,0.0004636041145990147,0.0,0,0,0,DLG11,0
aee2ad8f-f770-4e37-b794-8951fe73ae1f,Data Field,1,0,1,0,0,0,0.00046700620230937824,0.0004636041145990147,0.0,0,0,0,DLG11,0
61462249-d8f1-4a4e-b312-13d70b369e7f,Data Field,1,0,1,0,0,0,0.00046700620230937824,0.0004636041145990147,0.0,0,0,0,DLG11,0
a9e116f6-5f4a-4791-be6c-75bbc3272be2,Data Field,1,0,1,0,0,0,0.00046700620230937824,0.0004636041145990147,0.0,0,0,0,DLG11,0
76c214cf-e2ec-43e2-a88d-662e4b1e8d16,Data Table,0,19,19,0,1,18,0.00046700620230937824,0.0008285142118866765,0.0,2,0,0,DLG11,0
10c187b6-e571-4c48-bbf5-819b8f8fa24c,Data Field,1,0,1,0,0,0,0.00046700620230937824,0.0004636041145990147,0.0,0,0,0,DLG11,0
3ac7ec2c-2b37-4d79-b852-c9a866ca7f36,Data Field,1,0,1,0,0,0,0.00046700620230937824,0.0004636041145990147,0.0,0,0,0,DLG11,0
e0154983-f63c-4832-8e54-0abf609f73b2,Data Field,1,0,1,0,0,0,0.00046700620230937824,0.0004636041145990147,0.0,0,0,0,DLG11,0
c381c3ec-84b6-4892-97e8-cb5d126514ca,Data Field,1,0,1,0,0,0,0.00046700620230937824,0.0004636041145990147,0.0,0,0,0,DLG11,0
c02732a1-5f87-43ff-a77a-e076069c9086,Data Field,1,0,1,0,0,0,0.00046700620230937824,0.0004636041145990147,0.0,0,0,0,DLG11,0
f4a67500-6723-444a-b555-70fcb4d90f4c,Data Table,0,20,20,0,1,19,0.00046700620230937824,0.0008285142118866765,0.0,2,0,0,DLG11,0
a145ab84-f699-4732-ad00-0b73a4a5a32c,Data Field,1,0,1,0,0,0,0.00046700620230937824,0.0004636041145990147,0.0,0,0,0,DLG11,0
5ee01fa3-0ea6-4d7b-a189-4356c4a92f4f,Data Field,1,0,1,0,0,0,0.00046700620230937824,0.0004636041145990147,0.0,0,0,0,DLG11,0
45c345ad-6462-493a-849a-eeca45002b03,Data Field,1,0,1,0,0,0,0.00046700620230937824,0.0004636041145990147,0.0,0,0,0,DLG11,0
deeb9d03-6d44-4e56-9f8c-28066f3bf922,Data Field,1,0,1,0,0,0,0.00046700620230937824,0.0004636041145990147,0.0,0,0,0,DLG11,0
a3faed85-640e-44c2-b414-e2edd40ea969,Data Job,2,1,3,2,1,0,0.0008924812547082682,0.0008578816525045613,0.0,1,2,0,DLG11,0
608c02d8-7c6e-4e9d-9541-402f04a4def5,Data Field,1,0,1,0,0,0,0.00046700620230937824,0.0004636041145990147,0.0,0,0,0,DLG11,0
2d577b04-413f-4acc-8dea-87c787f573a0,Data Field,1,0,1,0,0,0,0.00046700620230937824,0.0004636041145990147,0.0,0,0,0,DLG11,0
89c0c237-671e-474a-8925-9dc5748dc8f1,Data Field,1,0,1,0,0,0,0.00046700620230937824,0.0004636041145990147,0.0,0,0,0,DLG11,0
388f98bc-5d3a-4db0-96ea-8d74e991c332,Data Field,1,0,1,0,0,0,0.00046700620230937824,0.0004636041145990147,0.0,0,0,0,DLG11,0
dbeb7d4c-c865-4caa-b6f2-8b49f60c16d1,Data Field,1,0,1,0,0,0,0.00046700620230937824,0.0004636041145990147,0.0,0,0,0,DLG11,0
3e73bbfd-9e29-4d3a-8ab0-fff0bb6b5cb8,Data Field,1,0,1,0,0,0,0.00046700620230937824,0.0004636041145990147,0.0,0,0,0,DLG11,0
37f099b6-8b43-4b44-8d7e-0da707d9497c,Data Table,1,18,19,1,0,18,0.0012262169365303516,0.0004636041145990147,0.0,0,3,0,DLG11,0
ce26a179-14ae-4021-8cd2-65e0a004b9d8,Data Field,1,0,1,0,0,0,0.00046700620230937824,0.0004636041145990147,0.0,0,0,0,DLG11,0
d6b2b3af-3e7c-4307-811c-f60ac9593a6e,Data Field,1,0,1,0,0,0,0.00046700620230937824,0.0004636041145990147,0.0,0,0,0,DLG11,0
2e179649-a6c0-47a5-80a9-d86f21abae41,Data Field,1,0,1,0,0,0,0.00046700620230937824,0.0004636041145990147,0.0,0,0,0,DLG11,0
062fd918-255b-418b-a477-bc86c9fcf61f,Data Field,1,0,1,0,0,0,0.00046700620230937824,0.0004636041145990147,0.0,0,0,0,DLG11,0
5a29cc15-c29d-4e42-803b-83e3541278c5,Data Field,1,0,1,0,0,0,0.00046700620230937824,0.0004636041145990147,0.0,0,0,0,DLG11,0
2ad3b4af-f2b4-4e27-ae2a-869b5c666d33,Data Field,1,0,1,0,0,0,0.00046700620230937824,0.0004636041145990147,0.0,0,0,0,DLG11,0
298e061f-a97a-4b11-bc4d-1f83551aaaf8,Data Table,1,42,43,1,0,42,0.0012262169365303516,0.0004636041145990147,0.0,0,3,0,DLG11,0
a53cfc66-68ba-4f54-99da-e227313ce8c0,Data Field,1,0,1,0,0,0,0.00046700620230937824,0.0004636041145990147,0.0,0,0,0,DLG11,0
dddbdc08-c101-4be8-9de1-83d1d0e060d3,Data Field,1,0,1,0,0,0,0.00046700620230937824,0.0004636041145990147,0.0,0,0,0,DLG11,0
60945020-4a53-4ed9-a4d3-a5eb0a4004c5,Data Table,1,31,32,1,0,31,0.0012262169365303516,0.0004636041145990147,0.0,0,3,0,DLG11,0
70db0937-d885-4da5-9722-cfb92f340e56,Data Field,1,0,1,0,0,0,0.00046700620230937824,0.0004636041145990147,0.0,0,0,0,DLG11,0
b61a4890-5f96-497c-a838-0f94f91a3c0c,Data Field,1,0,1,0,0,0,0.00046700620230937824,0.0004636041145990147,0.0,0,0,0,DLG11,0
e1f5fd24-53cb-41bb-b0c1-5793f1eaadcd,Data Field,1,0,1,0,0,0,0.00046700620230937824,0.0004636041145990147,0.0,0,0,0,DLG11,0
a64a89b7-6de4-45e8-a707-cfc0f7992635,Data Field,1,0,1,0,0,0,0.00046700620230937824,0.0004636041145990147,0.0,0,0,0,DLG11,0
44c0b0b4-b337-4190-b1ed-1468179f38d5,Data Field,1,0,1,0,0,0,0.00046700620230937824,0.0004636041145990147,0.0,0,0,0,DLG11,0
005b1da5-e870-4c8f-b271-c63ae2abbfaa,Data Job,2,1,3,2,1,0,0.0008924812547082682,0.0008578816525045613,0.0,1,2,0,DLG11,0
b103bff5-936a-43c7-ad38-c103cae9f74c,Data Field,1,0,1,0,0,0,0.00046700620230937824,0.0004636041145990147,0.0,0,0,0,DLG11,0
2e15aaab-5c35-472a-8dfb-67bba639365c,Data Job,2,1,3,2,1,0,0.0008924812547082682,0.0008578816525045613,0.0,1,2,0,DLG11,0
d71a7f8d-89cf-49fd-903f-78be53b0773c,Data Field,1,0,1,0,0,0,0.00046700620230937824,0.0004636041145990147,0.0,0,0,0,DLG11,0
08b20e75-67f8-4313-afeb-2032884fb32d,Data Field,1,0,1,0,0,0,0.00046700620230937824,0.0004636041145990147,0.0,0,0,0,DLG11,0
dde04bd1-fb59-4536-b3a7-a975bd51588a,Data Field,1,0,1,0,0,0,0.00046700620230937824,0.0004636041145990147,0.0,0,0,0,DLG11,0
6ae52d7d-cb45-46ac-ab3a-0df627313105,Data Field,1,0,1,0,0,0,0.00046700620230937824,0.0004636041145990147,0.0,0,0,0,DLG11,0
42547f6d-60be-4105-8848-460a57af5a52,Data Field,1,0,1,0,0,0,0.00046700620230937824,0.0004636041145990147,0.0,0,0,0,DLG11,0
7b466539-ceab-4ae1-a3f5-e4b9cc7b7d68,Data Field,1,0,1,0,0,0,0.00046700620230937824,0.0004636041145990147,0.0,0,0,0,DLG11,0
39ef0e75-20d5-4c52-81df-6b58e3341281,Data Field,1,0,1,0,0,0,0.00046700620230937824,0.0004636041145990147,0.0,0,0,0,DLG11,0
3871de63-8744-4cb1-8a3f-d20e465542b4,Data Job,2,1,3,2,1,0,0.0008924812547082682,0.0008578816525045613,0.0,1,2,0,DLG11,0
2c4ce503-56a8-4f9e-952e-a3a0ec10c638,Data Field,1,0,1,0,0,0,0.00046700620230937824,0.0004636041145990147,0.0,0,0,0,DLG11,0
ad6e1200-8e0a-42a0-8f6a-689939b542d5,Data Field,1,0,1,0,0,0,0.00046700620230937824,0.0004636041145990147,0.0,0,0,0,DLG11,0
96a7d72a-576a-42b7-90c8-7258d719455e,Data Field,1,0,1,0,0,0,0.00046700620230937824,0.0004636041145990147,0.0,0,0,0,DLG11,0
feecb7a8-c20c-40bb-86a7-4e7e03f701e0,Data Field,1,0,1,0,0,0,0.00046700620230937824,0.0004636041145990147,0.0,0,0,0,DLG11,0
062af924-fdf9-4dfc-b107-fb182076a605,Data Field,1,0,1,0,0,0,0.00046700620230937824,0.0004636041145990147,0.0,0,0,0,DLG11,0
f9690a8a-6b7c-44d2-9934-35b586afae42,Data Field,1,0,1,0,0,0,0.00046700620230937824,0.0004636041145990147,0.0,0,0,0,DLG11,0
491c1e78-a9de-4496-9c30-90c0ae766750,Data Field,1,0,1,0,0,0,0.00046700620230937824,0.0004636041145990147,0.0,0,0,0,DLG11,0
8b8edda2-deba-42a9-90e3-3c4a91ded390,Data Field,1,0,1,0,0,0,0.00046700620230937824,0.0004636041145990147,0.0,0,0,0,DLG11,0
a97560d5-9530-41a7-ad09-83a02abe471a,Data Field,1,0,1,0,0,0,0.00046700620230937824,0.0004636041145990147,0.0,0,0,0,DLG11,0
d8d9a9c4-7aff-401a-a420-1425d9662a99,Data Field,1,0,1,0,0,0,0.00046700620230937824,0.0004636041145990147,0.0,0,0,0,DLG11,0
2f79b045-1ddb-4b9e-8ea6-84231300c594,Data Table,1,15,16,1,0,15,0.0012262169365303516,0.0004636041145990147,0.0,0,3,0,DLG11,0
a31ed5c3-b7b8-42ee-b5f2-2d6ca3b342e4,Data Table,0,20,20,0,1,19,0.00046700620230937824,0.0008285142118866765,0.0,2,0,0,DLG11,0
9e62e825-ff19-4927-9a6d-32ca61449662,Data Field,1,0,1,0,0,0,0.00046700620230937824,0.0004636041145990147,0.0,0,0,0,DLG11,0
bc961d65-ead2-4320-8ee9-7677d1fb2c4a,Data Field,1,0,1,0,0,0,0.00046700620230937824,0.0004636041145990147,0.0,0,0,0,DLG11,0
4eaa5e6c-ceaf-4e8a-ab51-9bdbd3819817,Data Field,1,0,1,0,0,0,0.00046700620230937824,0.0004636041145990147,0.0,0,0,0,DLG11,0
492a5bad-2b22-4f49-9352-71d838d05b1f,Data Field,1,0,1,0,0,0,0.00046700620230937824,0.0004636041145990147,0.0,0,0,0,DLG11,0
d0ce12a4-83f6-4a5e-8284-7b23630a386e,Data Field,1,0,1,0,0,0,0.00046700620230937824,0.0004636041145990147,0.0,0,0,0,DLG11,0
b0269fe8-3d16-407b-b1b2-c92e2b25e93f,Data Field,1,0,1,0,0,0,0.00046700620230937824,0.0004636041145990147,0.0,0,0,0,DLG11,0
7f689ff8-5d8f-418c-afff-8de2ee40e7d5,Data Table,0,21,21,0,1,20,0.00046700620230937824,0.0008285142118866765,0.0,2,0,0,DLG11,0
8a4aeb81-5c56-4c7a-9033-a39ec4b57fd8,Data Field,1,0,1,0,0,0,0.00046700620230937824,0.0004636041145990147,0.0,0,0,0,DLG11,0
262c8c49-7e55-4b5d-91cd-d6269d0a52b2,Data Field,1,0,1,0,0,0,0.00046700620230937824,0.0004636041145990147,0.0,0,0,0,DLG11,0
5937f570-52b4-45a5-be70-aca992b9d2d4,Data Field,1,0,1,0,0,0,0.00046700620230937824,0.0004636041145990147,0.0,0,0,0,DLG11,0
1f31f3ce-f7a9-43b5-a2f4-9d55fa37a3ca,Data Field,1,0,1,0,0,0,0.00046700620230937824,0.0004636041145990147,0.0,0,0,0,DLG11,0
9083d297-c536-47e8-98d7-0347574beb18,Data Field,1,0,1,0,0,0,0.00046700620230937824,0.0004636041145990147,0.0,0,0,0,DLG11,0
b3095f76-cf2b-4b4c-9c53-0beae2d9aacf,Data Field,1,0,1,0,0,0,0.00046700620230937824,0.0004636041145990147,0.0,0,0,0,DLG11,0
688f3a19-a467-420b-b108-abbc0662dc99,Data Field,1,0,1,0,0,0,0.00046700620230937824,0.0004636041145990147,0.0,0,0,0,DLG11,0
25d8663f-becb-42c2-b235-b1902ae14efc,Data Field,1,0,1,0,0,0,0.00046700620230937824,0.0004636041145990147,0.0,0,0,0,DLG11,0
ee41665f-7c83-4b4a-96bf-29aea2e5a9ef,Data Field,1,0,1,0,0,0,0.00046700620230937824,0.0004636041145990147,0.0,0,0,0,DLG11,0
abdd0bb8-4d2a-4333-beae-63bdf8158cba,Data Field,1,0,1,0,0,0,0.00046700620230937824,0.0004636041145990147,0.0,0,0,0,DLG11,0
e44ce93d-b9a9-49fc-80e4-89f425352f5a,Data Field,1,0,1,0,0,0,0.00046700620230937824,0.0004636041145990147,0.0,0,0,0,DLG11,0
161c4105-8b0a-4ec6-a600-cdd315859c42,Data Job,2,1,3,2,1,0,0.0008924812547082682,0.0008578816525045613,0.0,1,2,0,DLG11,0
32a9c4bb-a056-4714-8811-945dc42a0538,Data Table,0,21,21,0,1,20,0.00046700620230937824,0.0008285142118866765,0.0,2,0,0,DLG11,0
c5ba5673-74fd-4e73-abcb-c201e5417a7e,Data Field,1,0,1,0,0,0,0.00046700620230937824,0.0004636041145990147,0.0,0,0,0,DLG11,0
550b587d-673d-4809-a44e-c8cb2f0c442b,Data Field,1,0,1,0,0,0,0.00046700620230937824,0.0004636041145990147,0.0,0,0,0,DLG11,0
c4072060-c651-41fb-af01-75506bd95175,Data Field,1,0,1,0,0,0,0.00046700620230937824,0.0004636041145990147,0.0,0,0,0,DLG11,0
fe349959-7c23-472d-a911-c7e6ecf81947,Data Field,1,0,1,0,0,0,0.00046700620230937824,0.0004636041145990147,0.0,0,0,0,DLG11,0
fb73ddcc-ae25-492c-9fca-1a3e9534459f,Data Table,0,34,34,0,14,20,0.00046700620230937824,0.0074820564045697795,0.0,46,0,0,DLG11,1
d36349a6-b710-4bdc-97d4-686825c316a5,Data Field,1,0,1,0,0,0,0.00046700620230937824,0.0004636041145990147,0.0,0,0,0,DLG11,0
d3adb2da-575d-4d2d-aa99-6c48e84ec353,Data Field,1,0,1,0,0,0,0.00046700620230937824,0.0004636041145990147,0.0,0,0,0,DLG11,0
8feafb24-f9c6-4d95-8641-68fecec4a5f3,Data Table,0,18,18,0,1,17,0.00046700620230937824,0.0008285142118866765,0.0,2,0,0,DLG11,0
22da8b6d-17c5-4ea4-949e-a7645d02511f,Data Field,1,0,1,0,0,0,0.00046700620230937824,0.0004636041145990147,0.0,0,0,0,DLG11,0
80e262a1-3d72-40fe-b49f-502c6924cf85,Data Field,1,0,1,0,0,0,0.00046700620230937824,0.0004636041145990147,0.0,0,0,0,DLG11,0
8c814a91-5ae9-4e64-a56e-51d60d201df4,Data Field,1,0,1,0,0,0,0.00046700620230937824,0.0004636041145990147,0.0,0,0,0,DLG11,0
ff207d55-aff2-4cde-853c-a22235394c19,Data Field,1,0,1,0,0,0,0.00046700620230937824,0.0004636041145990147,0.0,0,0,0,DLG11,0
a4f9697f-7c48-4c32-9a36-a3bef31a4fb9,Data Field,1,0,1,0,0,0,0.00046700620230937824,0.0004636041145990147,0.0,0,0,0,DLG11,0
8f8ad835-f88c-4e38-80cf-25fa2bf5ae59,Data Field,1,0,1,0,0,0,0.00046700620230937824,0.0004636041145990147,0.0,0,0,0,DLG11,0
81388ca6-2de3-43e5-be3d-f6e791258955,Data Field,1,0,1,0,0,0,0.00046700620230937824,0.0004636041145990147,0.0,0,0,0,DLG11,0
709bae1d-8b27-467e-a5a6-7b433e97e423,Data Field,1,0,1,0,0,0,0.00046700620230937824,0.0004636041145990147,0.0,0,0,0,DLG11,0
5dfabbad-9eee-4c8e-9a1b-09da9a52a737,Data Field,1,0,1,0,0,0,0.00046700620230937824,0.0004636041145990147,0.0,0,0,0,DLG11,0
6dc6eda0-4d85-4637-8f91-a413e2b889bc,Data Field,1,0,1,0,0,0,0.00046700620230937824,0.0004636041145990147,0.0,0,0,0,DLG11,0
bdba317a-1aff-439a-8c3e-8764cb7f42b6,Data Field,1,0,1,0,0,0,0.00046700620230937824,0.0004636041145990147,0.0,0,0,0,DLG11,0
c2ba66e7-b32c-4be2-8698-df14f987dcda,Data Table,1,17,18,1,0,17,0.0012262169365303516,0.0004636041145990147,0.0,0,3,0,DLG11,0
939efbcc-7374-4d32-b412-f4724cbd7675,Data Field,1,0,1,0,0,0,0.00046700620230937824,0.0004636041145990147,0.0,0,0,0,DLG11,0
32ab1acf-8458-4bec-9394-795cf1d29718,Data Field,1,0,1,0,0,0,0.00046700620230937824,0.0004636041145990147,0.0,0,0,0,DLG11,0
ba7b539a-08ae-474f-a930-99a7fc0d9acc,Data Field,1,0,1,0,0,0,0.00046700620230937824,0.0004636041145990147,0.0,0,0,0,DLG11,0
5b966d2d-5934-4f1a-a943-f89463669313,Data Field,1,0,1,0,0,0,0.00046700620230937824,0.0004636041145990147,0.0,0,0,0,DLG11,0
06b6b6bf-b3aa-49e5-9442-061818925712,Data Field,1,0,1,0,0,0,0.00046700620230937824,0.0004636041145990147,0.0,0,0,0,DLG11,0
45895275-8fe0-4827-9c8a-5a9af017866b,Data Field,1,0,1,0,0,0,0.00046700620230937824,0.0004636041145990147,0.0,0,0,0,DLG11,0
a47fae90-e5af-4a94-8829-5a14fb3a07bb,Data Field,1,0,1,0,0,0,0.00046700620230937824,0.0004636041145990147,0.0,0,0,0,DLG11,0
39f3ffd1-c2a7-49b2-81ee-41bb798599b1,Data Field,1,0,1,0,0,0,0.00046700620230937824,0.0004636041145990147,0.0,0,0,0,DLG11,0
89d90b67-6000-4494-a651-6f5d397dcfe0,Data Field,1,0,1,0,0,0,0.00046700620230937824,0.0004636041145990147,0.0,0,0,0,DLG11,0
3a6b16e5-8034-4986-a597-f36a67711b4c,Data Field,1,0,1,0,0,0,0.00046700620230937824,0.0004636041145990147,0.0,0,0,0,DLG11,0
99effc10-842f-4203-9edf-93d20f7bf0da,Data Field,1,0,1,0,0,0,0.00046700620230937824,0.0004636041145990147,0.0,0,0,0,DLG11,0
34f4db94-6e54-4c9a-a059-a7ee9279ab0b,Data Field,1,0,1,0,0,0,0.00046700620230937824,0.0004636041145990147,0.0,0,0,0,DLG11,0
3341cce4-e407-4b51-b01b-c3c10c507706,Data Job,2,1,3,2,1,0,0.0008924812547082682,0.0008578816525045613,0.0,1,2,0,DLG11,0
70ee78bd-2e73-472b-9391-8b29db97e476,Data Field,1,0,1,0,0,0,0.00046700620230937824,0.0004636041145990147,0.0,0,0,0,DLG11,0
51aa0d05-148f-4b3c-a5df-b580a7b71ecf,Data Table,1,11,12,1,0,11,0.0012262169365303516,0.0004636041145990147,0.0,0,3,0,DLG11,0
8d76261a-0764-4737-be62-0b6e923d15fb,Data Field,1,0,1,0,0,0,0.00046700620230937824,0.0004636041145990147,0.0,0,0,0,DLG11,0
75af196c-9557-4806-b682-3820a26fc6dd,Data Field,1,0,1,0,0,0,0.00046700620230937824,0.0004636041145990147,0.0,0,0,0,DLG11,0
6da1d820-9d6b-4304-9414-5aaa6ecdff7d,Data Field,1,0,1,0,0,0,0.00046700620230937824,0.0004636041145990147,0.0,0,0,0,DLG11,0
d818ee9f-9d1a-4506-9047-3f114ddde481,Data Field,1,0,1,0,0,0,0.00046700620230937824,0.0004636041145990147,0.0,0,0,0,DLG11,0
aeff1ac7-f71c-4cc2-af3d-aeb9136c26a0,Data Field,1,0,1,0,0,0,0.00046700620230937824,0.0004636041145990147,0.0,0,0,0,DLG11,0
1d47e851-247d-4fc5-ab2f-a269264690cd,Data Field,1,0,1,0,0,0,0.00046700620230937824,0.0004636041145990147,0.0,0,0,0,DLG11,0
4791354b-00ee-4ad2-9d5d-448124ba8721,Data Field,1,0,1,0,0,0,0.00046700620230937824,0.0004636041145990147,0.0,0,0,0,DLG11,0
b10daecb-060a-4b09-9a4a-0d628f0d5ced,Data Field,1,0,1,0,0,0,0.00046700620230937824,0.0004636041145990147,0.0,0,0,0,DLG11,0
6d8ace37-e048-420a-b3d1-608059b7baf9,Data Field,1,0,1,0,0,0,0.00046700620230937824,0.0004636041145990147,0.0,0,0,0,DLG11,0
1b375084-4eff-421e-9805-7c6e84306b18,Data Field,1,0,1,0,0,0,0.00046700620230937824,0.0004636041145990147,0.0,0,0,0,DLG11,0
29492032-94b1-4539-85a2-a3ec6691e299,Data Field,1,0,1,0,0,0,0.00046700620230937824,0.0004636041145990147,0.0,0,0,0,DLG11,0
e2e06760-efe4-45c5-9e22-cb092b196544,Data Field,1,0,1,0,0,0,0.00046700620230937824,0.0004636041145990147,0.0,0,0,0,DLG11,0
81dda601-9002-449e-90e9-7efacc46146c,Data Field,1,0,1,0,0,0,0.00046700620230937824,0.0004636041145990147,0.0,0,0,0,DLG11,0
6decefe6-6b1c-41c3-8eb6-e823105735a6,Data Field,1,0,1,0,0,0,0.00046700620230937824,0.0004636041145990147,0.0,0,0,0,DLG11,0
aa6dda62-d6c7-4f33-b623-3474b42d5f23,Data Field,1,0,1,0,0,0,0.00046700620230937824,0.0004636041145990147,0.0,0,0,0,DLG11,0
cf1a50a4-1adb-4c55-b497-ab886463d066,Data Field,1,0,1,0,0,0,0.00046700620230937824,0.0004636041145990147,0.0,0,0,0,DLG11,0
9392fd9d-be93-49bc-a587-58485c5ce6e2,Data Field,1,0,1,0,0,0,0.00046700620230937824,0.0004636041145990147,0.0,0,0,0,DLG11,0
ccc55896-2fde-4d4c-8b92-78f2224c03f8,Data Field,1,0,1,0,0,0,0.00046700620230937824,0.0004636041145990147,0.0,0,0,0,DLG11,0
479c2686-c070-4637-9c2d-f1e8b9518249,Data Field,1,0,1,0,0,0,0.00046700620230937824,0.0004636041145990147,0.0,0,0,0,DLG11,0
eb6814b8-5cea-4bb8-93b5-4d162e0cfda7,Data Field,1,0,1,0,0,0,0.00046700620230937824,0.0004636041145990147,0.0,0,0,0,DLG11,0
b1569c60-3e7a-4e38-8b10-b4be8356aa23,Data Field,1,0,1,0,0,0,0.00046700620230937824,0.0004636041145990147,0.0,0,0,0,DLG11,0
6ff67e31-94c5-46a1-b894-c1c4a4f20707,Data Field,1,0,1,0,0,0,0.00046700620230937824,0.0004636041145990147,0.0,0,0,0,DLG11,0
68c9860f-c84d-4c15-962a-f91af51c31b5,Data Field,1,0,1,0,0,0,0.00046700620230937824,0.0004636041145990147,0.0,0,0,0,DLG11,0
38e69e2f-53f2-4ec7-9f78-af6f3ec96149,Data Field,1,0,1,0,0,0,0.00046700620230937824,0.0004636041145990147,0.0,0,0,0,DLG11,0
114700cb-e164-429e-9292-7e08205d8c2e,Data Field,1,0,1,0,0,0,0.00046700620230937824,0.0004636041145990147,0.0,0,0,0,DLG11,0
d6ae01c3-fdb3-49b9-9ba2-4daa0bc2f11f,Data Job,2,1,3,2,1,0,0.0012484257670580452,0.005483066304607757,9.396636993076164e-05,19,4,0,DLG11,0
5c9cd955-9bd9-481a-9e84-a8e0487cc4ab,Data Table,0,16,16,0,1,15,0.00046700620230937824,0.0008285142118866765,0.0,2,0,0,DLG11,0
59268a19-29a9-40c0-ac2d-04fa73a56008,Data Field,1,0,1,0,0,0,0.00046700620230937824,0.0004636041145990147,0.0,0,0,0,DLG11,0
272549b8-f4bf-4cf5-8a68-625761509022,Data Table,1,13,14,1,0,13,0.0012262169365303516,0.0004636041145990147,0.0,0,3,0,DLG11,0
cf29853a-5db9-4822-99ce-14632886086f,Data Field,1,0,1,0,0,0,0.00046700620230937824,0.0004636041145990147,0.0,0,0,0,DLG11,0
3074a16b-257b-4cdd-bce5-c92733887df8,Data Field,1,0,1,0,0,0,0.00046700620230937824,0.0004636041145990147,0.0,0,0,0,DLG11,0
76511303-3b5a-4ebe-9da3-5aed7ee5e38e,Data Field,1,0,1,0,0,0,0.00046700620230937824,0.0004636041145990147,0.0,0,0,0,DLG11,0
99a1222a-26db-4a61-9532-7584bbd02cb2,Data Field,1,0,1,0,0,0,0.00046700620230937824,0.0004636041145990147,0.0,0,0,0,DLG11,0
41f5a56b-db67-4b6d-8ad1-9eab99888c4c,Data Field,1,0,1,0,0,0,0.00046700620230937824,0.0004636041145990147,0.0,0,0,0,DLG11,0
c8673d2e-7ae5-4d21-8ef8-85e856b4fbc1,Data Field,1,0,1,0,0,0,0.00046700620230937824,0.0004636041145990147,0.0,0,0,0,DLG11,0
1aee14a0-0f53-4337-aadb-c491f6302605,Data Field,1,0,1,0,0,0,0.00046700620230937824,0.0004636041145990147,0.0,0,0,0,DLG11,0
6846c231-3894-4a64-ae2d-56c9d1ea7aa2,Data Field,1,0,1,0,0,0,0.00046700620230937824,0.0004636041145990147,0.0,0,0,0,DLG11,0
a703d6ad-2eed-4186-a0f6-fccedebf1f99,Data Field,1,0,1,0,0,0,0.00046700620230937824,0.0004636041145990147,0.0,0,0,0,DLG11,0
2c4f0417-5a4f-494b-9ff9-ce56e33ac16d,Data Field,1,0,1,0,0,0,0.00046700620230937824,0.0004636041145990147,0.0,0,0,0,DLG11,0
e42131d5-85c4-4070-95d8-1d3ca50653f2,Data Field,1,0,1,0,0,0,0.00046700620230937824,0.0004636041145990147,0.0,0,0,0,DLG11,0
75e4ae88-d158-41ac-87f8-25cfae786920,Data Field,1,0,1,0,0,0,0.00046700620230937824,0.0004636041145990147,0.0,0,0,0,DLG11,0
b4dd92d0-d4ea-4ca5-9ce2-19647b2b42c6,Data Field,1,0,1,0,0,0,0.00046700620230937824,0.0004636041145990147,0.0,0,0,0,DLG11,0
f8f85f6e-58f5-4345-a113-d04c44f62100,Data Table,0,21,21,0,1,20,0.00046700620230937824,0.0008285142118866765,0.0,2,0,0,DLG11,0
f617fbfb-96ee-4dcd-92d4-27c96f084de3,Data Field,1,0,1,0,0,0,0.00046700620230937824,0.0004636041145990147,0.0,0,0,0,DLG11,0
120eced1-c39d-45ea-b2ec-b9b29bfee6d1,Data Field,1,0,1,0,0,0,0.00046700620230937824,0.0004636041145990147,0.0,0,0,0,DLG11,0
ec817210-67bd-48dc-835f-6d21ff78496f,Data Table,1,8,9,1,0,8,0.0012262169365303516,0.0004636041145990147,0.0,0,3,0,DLG11,0
87354471-e2f3-4387-a2a8-d3dd43f2f3e6,Data Table,0,18,18,0,1,17,0.00046700620230937824,0.0008285142118866765,0.0,2,0,0,DLG11,0
db27f8ce-bcb7-437e-a747-6a8845064785,Data Field,1,0,1,0,0,0,0.00046700620230937824,0.0004636041145990147,0.0,0,0,0,DLG11,0
e5b5733a-92e1-4ed2-b553-0c0449864332,Data Field,1,0,1,0,0,0,0.00046700620230937824,0.0004636041145990147,0.0,0,0,0,DLG11,0
d49a805a-fc51-4c47-a5cb-5948dca82f19,Data Field,1,0,1,0,0,0,0.00046700620230937824,0.0004636041145990147,0.0,0,0,0,DLG11,0
e1e2a85d-5f5b-414e-8abd-e25424d04acb,Data Field,1,0,1,0,0,0,0.00046700620230937824,0.0004636041145990147,0.0,0,0,0,DLG11,0
ace1b676-e851-46b7-bd2e-6722c3065854,Data Field,1,0,1,0,0,0,0.00046700620230937824,0.0004636041145990147,0.0,0,0,0,DLG11,0
7d540a97-a3f7-4248-9895-d269f156446e,Data Job,2,1,3,2,1,0,0.0008924812547082682,0.0008578816525045613,0.0,1,2,0,DLG11,0
960c9c2e-1780-402d-9d4b-07d9d001dc0f,Data Field,1,0,1,0,0,0,0.00046700620230937824,0.0004636041145990147,0.0,0,0,0,DLG11,0
9333abc2-5ce9-4e41-acff-60503b04019d,Data Field,1,0,1,0,0,0,0.00046700620230937824,0.0004636041145990147,0.0,0,0,0,DLG11,0
b5efc2ab-8e28-410a-aa8d-287877ea1a47,Data Field,1,0,1,0,0,0,0.00046700620230937824,0.0004636041145990147,0.0,0,0,0,DLG11,0
93ca6d67-bb64-45b8-a277-ae53ac0318a1,Data Field,1,0,1,0,0,0,0.00046700620230937824,0.0004636041145990147,0.0,0,0,0,DLG11,0
28744cc9-1898-4c09-afd1-717c352e31c0,Data Field,1,0,1,0,0,0,0.00046700620230937824,0.0004636041145990147,0.0,0,0,0,DLG11,0
6e90e6a7-11aa-4037-84b3-0a8d7fce5d9b,Data Field,1,0,1,0,0,0,0.00046700620230937824,0.0004636041145990147,0.0,0,0,0,DLG11,0
18479dad-8235-45e7-9928-88342abcaaaf,Data Field,1,0,1,0,0,0,0.00046700620230937824,0.0004636041145990147,0.0,0,0,0,DLG11,0
2840def3-833e-4461-83b7-6625ffb30684,Data Field,1,0,1,0,0,0,0.00046700620230937824,0.0004636041145990147,0.0,0,0,0,DLG11,0
c9672d70-990b-4ecc-b09d-7696ae164b35,Data Field,1,0,1,0,0,0,0.00046700620230937824,0.0004636041145990147,0.0,0,0,0,DLG11,0
2b035204-58e9-4dbb-ad64-b9b043ea806c,Data Field,1,0,1,0,0,0,0.00046700620230937824,0.0004636041145990147,0.0,0,0,0,DLG11,0
07084ebb-2b80-411c-9eac-c7d820d7c574,Data Field,1,0,1,0,0,0,0.00046700620230937824,0.0004636041145990147,0.0,0,0,0,DLG11,0
64bdeb98-cd2e-49cf-8c21-168a12ff62b2,Data Field,1,0,1,0,0,0,0.00046700620230937824,0.0004636041145990147,0.0,0,0,0,DLG11,0
d40747b0-745e-40b7-80c5-a9bf7be1ed35,Data Table,0,21,21,0,1,20,0.00046700620230937824,0.0008285142118866765,0.0,2,0,0,DLG11,0
172b4b93-ccb1-4120-8e97-f90f74e9be79,Data Job,2,1,3,2,1,0,0.0008924812547082682,0.0008578816525045613,0.0,1,2,0,DLG11,0
c218834c-a1cb-4818-9ec7-89e9188fa3c0,Data Field,1,0,1,0,0,0,0.00046700620230937824,0.0004636041145990147,0.0,0,0,0,DLG11,0
ba862a8f-f009-4692-ad60-5fe4e90ffa4d,Data Field,1,0,1,0,0,0,0.00046700620230937824,0.0004636041145990147,0.0,0,0,0,DLG11,0
aa968428-c3e7-4a62-86cf-a846f7d064fa,Data Field,1,0,1,0,0,0,0.00046700620230937824,0.0004636041145990147,0.0,0,0,0,DLG11,0
5058dd39-c563-4a35-a135-8738ff833275,Data Field,1,0,1,0,0,0,0.00046700620230937824,0.0004636041145990147,0.0,0,0,0,DLG11,0
2b1a751f-1516-4329-aafc-95d722f26d3e,Data Table,1,26,27,1,0,26,0.0012262169365303516,0.0004636041145990147,0.0,0,3,0,DLG11,0
d0add8c8-f5c8-488a-8717-f3891cd390b9,Data Field,1,0,1,0,0,0,0.00046700620230937824,0.0004636041145990147,0.0,0,0,0,DLG11,0
b441c0af-6ee8-40d8-bb9d-3a10437cd9a1,Data Table,1,7,8,1,0,7,0.0012262169365303516,0.0004636041145990147,0.0,0,3,0,DLG11,0
71d25b3c-8ed8-4dc1-8b91-27613020f5c0,Data Field,1,0,1,0,0,0,0.00046700620230937824,0.0004636041145990147,0.0,0,0,0,DLG11,0
d3ae5c33-6f2e-44e0-9dfa-a25dfe30b4e7,Data Field,1,0,1,0,0,0,0.00046700620230937824,0.0004636041145990147,0.0,0,0,0,DLG11,0
6ffaef5f-c741-474c-b55c-2a8e8abcef31,Data Field,1,0,1,0,0,0,0.00046700620230937824,0.0004636041145990147,0.0,0,0,0,DLG11,0
dfa94cb1-0087-4eb7-a85b-2da9196d44f8,Data Field,1,0,1,0,0,0,0.00046700620230937824,0.0004636041145990147,0.0,0,0,0,DLG11,0
955a0038-a08f-4f79-a023-3cc38579cc6a,Data Field,1,0,1,0,0,0,0.00046700620230937824,0.0004636041145990147,0.0,0,0,0,DLG11,0
c147500c-dc2e-47ef-b115-5b5b7537b0ac,Data Field,1,0,1,0,0,0,0.00046700620230937824,0.0004636041145990147,0.0,0,0,0,DLG11,0
504fa8a4-a1c0-4fde-8147-44dca6bf7eee,Data Field,1,0,1,0,0,0,0.00046700620230937824,0.0004636041145990147,0.0,0,0,0,DLG11,0
bfbca6c2-4a38-4fa1-a207-9362afc9747f,Data Field,1,0,1,0,0,0,0.00046700620230937824,0.0004636041145990147,0.0,0,0,0,DLG11,0
9ca0f5b0-772c-4374-8232-e56f14d9f38d,Data Field,1,0,1,0,0,0,0.00046700620230937824,0.0004636041145990147,0.0,0,0,0,DLG11,0
9cd06b26-99be-4c2a-926a-4f176276ed61,Data Table,0,17,17,0,1,16,0.00046700620230937824,0.0008285142118866765,0.0,2,0,0,DLG11,0
833e0ec4-2304-47fd-927e-e5aebf8ec897,Data Table,1,18,19,1,0,18,0.0012262169365303516,0.0004636041145990147,0.0,0,3,0,DLG11,0
37939e92-e80d-4272-9ca0-82a095c0d4ed,Data Table,1,18,19,1,0,18,0.0012262169365303516,0.0004636041145990147,0.0,0,3,0,DLG11,0
5fc68c24-28b9-4dfd-8da8-b81307e98097,Data Field,1,0,1,0,0,0,0.00046700620230937824,0.0004636041145990147,0.0,0,0,0,DLG11,0
51008de7-d0ba-43eb-a259-98dcde566636,Data Field,1,0,1,0,0,0,0.00046700620230937824,0.0004636041145990147,0.0,0,0,0,DLG11,0
03ce6f8c-8f22-4454-a4a5-750f4c4c7caf,Data Field,1,0,1,0,0,0,0.00046700620230937824,0.0004636041145990147,0.0,0,0,0,DLG11,0
58afc635-8d59-427c-af97-71ae96bbcf20,Data Field,1,0,1,0,0,0,0.00046700620230937824,0.0004636041145990147,0.0,0,0,0,DLG11,0
5c894b39-98d1-4c36-8361-c610ee341fce,Data Field,1,0,1,0,0,0,0.00046700620230937824,0.0004636041145990147,0.0,0,0,0,DLG11,0
42a9a096-9833-4636-a63e-545928417405,Data Job,2,1,3,2,1,0,0.0008924812547082682,0.0008578816525045613,0.0,1,2,0,DLG11,0
42e4d69c-800a-4230-a7b3-5a28a6d2e4bc,Data Field,1,0,1,0,0,0,0.00046700620230937824,0.0004636041145990147,0.0,0,0,0,DLG11,0
d14f8990-54a4-4bf6-bfba-7839d9e29dad,Data Field,1,0,1,0,0,0,0.00046700620230937824,0.0004636041145990147,0.0,0,0,0,DLG11,0
23e140fc-9b15-469a-ab65-6cfd5e2ea07d,Data Field,1,0,1,0,0,0,0.00046700620230937824,0.0004636041145990147,0.0,0,0,0,DLG11,0
02c5f07b-4be0-4077-93c0-1b73e219a741,Data Field,1,0,1,0,0,0,0.00046700620230937824,0.0004636041145990147,0.0,0,0,0,DLG11,0
0f56c90c-b0c8-4f36-9a5d-d95c93f66d3f,Data Field,1,0,1,0,0,0,0.00046700620230937824,0.0004636041145990147,0.0,0,0,0,DLG11,0
0116c59c-fa43-4083-a7c6-29cc6ab7e50b,Data Field,1,0,1,0,0,0,0.00046700620230937824,0.0004636041145990147,0.0,0,0,0,DLG11,0
14499dd1-f978-4571-8699-c0c5695fc0f4,Data Field,1,0,1,0,0,0,0.00046700620230937824,0.0004636041145990147,0.0,0,0,0,DLG11,0
db520b16-53f1-4a66-975c-aae5e6fd2a69,Data Field,1,0,1,0,0,0,0.00046700620230937824,0.0004636041145990147,0.0,0,0,0,DLG11,0
f7659421-7492-4899-850c-ef8cfbcf84d6,Data Field,1,0,1,0,0,0,0.00046700620230937824,0.0004636041145990147,0.0,0,0,0,DLG11,0
f3b5da8b-52ea-4af3-8be9-14f3f2e7718d,Data Field,1,0,1,0,0,0,0.00046700620230937824,0.0004636041145990147,0.0,0,0,0,DLG11,0
fe3ed6cf-e38c-4303-a799-e069d053aeda,Data Field,1,0,1,0,0,0,0.00046700620230937824,0.0004636041145990147,0.0,0,0,0,DLG11,0
5e8e13e2-0ccb-4aa9-b0bd-3496b18da964,Data Field,1,0,1,0,0,0,0.00046700620230937824,0.0004636041145990147,0.0,0,0,0,DLG11,0
da9e5eef-5c68-4254-bbc5-f1f85c1797d7,Data Field,1,0,1,0,0,0,0.00046700620230937824,0.0004636041145990147,0.0,0,0,0,DLG11,0
ed1fbcab-508a-4ce0-aa21-3a7b7581353c,Data Field,1,0,1,0,0,0,0.00046700620230937824,0.0004636041145990147,0.0,0,0,0,DLG11,0
e3e82897-4206-4cf9-b99a-ea9a81a5637e,Data Field,1,0,1,0,0,0,0.00046700620230937824,0.0004636041145990147,0.0,0,0,0,DLG11,0
b565ba6e-4859-4772-ad50-04361737566d,Data Field,1,0,1,0,0,0,0.00046700620230937824,0.0004636041145990147,0.0,0,0,0,DLG11,0
aebea47b-1446-4d2c-9403-eeed3831c00d,Data Field,1,0,1,0,0,0,0.00046700620230937824,0.0004636041145990147,0.0,0,0,0,DLG11,0
e1334d0b-d044-43d8-bd2c-57307e33f3a9,Data Field,1,0,1,0,0,0,0.00046700620230937824,0.0004636041145990147,0.0,0,0,0,DLG11,0
503e12de-c86d-44ff-975f-797d251bb6ba,Data Field,1,0,1,0,0,0,0.00046700620230937824,0.0004636041145990147,0.0,0,0,0,DLG11,0
fdcbd921-246a-4536-85dc-74e702338ee7,Data Field,1,0,1,0,0,0,0.00046700620230937824,0.0004636041145990147,0.0,0,0,0,DLG11,0
1e28a498-cc08-4c68-8736-e2dc1a4df12c,Data Field,1,0,1,0,0,0,0.00046700620230937824,0.0004636041145990147,0.0,0,0,0,DLG11,0
a2ae76af-9d41-4c86-a7a0-c2b799fd40f6,Data Table,0,16,16,0,1,15,0.00046700620230937824,0.0008285142118866765,0.0,2,0,0,DLG11,0
aeb05f04-f6e9-4437-86f3-a0c82d6b4ac0,Data Field,1,0,1,0,0,0,0.00046700620230937824,0.0004636041145990147,0.0,0,0,0,DLG11,0
fbc4b407-5d3d-44c8-97bf-9ee08b03d1f3,Data Field,1,0,1,0,0,0,0.00046700620230937824,0.0004636041145990147,0.0,0,0,0,DLG11,0
deea5f91-eb04-4cff-88e9-3dde64241055,Data Field,1,0,1,0,0,0,0.00046700620230937824,0.0004636041145990147,0.0,0,0,0,DLG11,0
ea9634a4-9543-4671-858a-170fcf9e22e2,Data Field,1,0,1,0,0,0,0.00046700620230937824,0.0004636041145990147,0.0,0,0,0,DLG11,0
de4fbee9-e05f-45f7-8450-3f1064460c2a,Data Field,1,0,1,0,0,0,0.00046700620230937824,0.0004636041145990147,0.0,0,0,0,DLG11,0
c0d5115b-3ab5-4878-ae80-bb3a3939c9d8,Data Field,1,0,1,0,0,0,0.00046700620230937824,0.0004636041145990147,0.0,0,0,0,DLG11,0
3cb08f4b-0ad5-4b73-a887-c3d07398fad6,Data Field,1,0,1,0,0,0,0.00046700620230937824,0.0004636041145990147,0.0,0,0,0,DLG11,0
48d0fccd-50e2-4b3c-92bc-f8304c5af3a0,Data Field,1,0,1,0,0,0,0.00046700620230937824,0.0004636041145990147,0.0,0,0,0,DLG11,0
4bce1af8-cdec-45a3-9eb0-4a4fd9f27569,Data Field,1,0,1,0,0,0,0.00046700620230937824,0.0004636041145990147,0.0,0,0,0,DLG11,0
861fbad6-9ee2-48f3-9b22-91c9bd9ea24e,Data Field,1,0,1,0,0,0,0.00046700620230937824,0.0004636041145990147,0.0,0,0,0,DLG11,0
79f654cf-ba5b-4df7-8e0c-c4b5d9994963,Data Field,1,0,1,0,0,0,0.00046700620230937824,0.0004636041145990147,0.0,0,0,0,DLG11,0
319127e8-d2f0-473a-8511-d479e206120a,Data Field,1,0,1,0,0,0,0.00046700620230937824,0.0004636041145990147,0.0,0,0,0,DLG11,0
7af25a7e-539a-4522-a467-02706c1aa51e,Data Field,1,0,1,0,0,0,0.00046700620230937824,0.0004636041145990147,0.0,0,0,0,DLG11,0
e9c7dc09-be07-45d6-8ce1-e02604feef9c,Data Field,1,0,1,0,0,0,0.00046700620230937824,0.0004636041145990147,0.0,0,0,0,DLG11,0
bdb12f03-1f24-420a-a6b2-f1a6147c3705,Data Field,1,0,1,0,0,0,0.00046700620230937824,0.0004636041145990147,0.0,0,0,0,DLG11,0
995491a2-6f74-406c-898a-2d2dba7296f8,Data Field,1,0,1,0,0,0,0.00046700620230937824,0.0004636041145990147,0.0,0,0,0,DLG11,0
4e87fcdb-a3ff-4313-9b9f-ca0cf3af5f43,Data Field,1,0,1,0,0,0,0.00046700620230937824,0.0004636041145990147,0.0,0,0,0,DLG11,0
30d180af-48bb-4102-93f2-9558ef028ba9,Data Field,1,0,1,0,0,0,0.00046700620230937824,0.0004636041145990147,0.0,0,0,0,DLG11,0
36cb12d9-9901-4481-9748-092fce322627,Data Field,1,0,1,0,0,0,0.00046700620230937824,0.0004636041145990147,0.0,0,0,0,DLG11,0
10e9f8a8-222b-4a4f-850c-8d05383b2953,Data Field,1,0,1,0,0,0,0.00046700620230937824,0.0004636041145990147,0.0,0,0,0,DLG11,0
3af4e8bc-d776-439c-89af-c0d8c691deb7,Data Field,1,0,1,0,0,0,0.00046700620230937824,0.0004636041145990147,0.0,0,0,0,DLG11,0
58fcd36b-7aa8-46fe-ba3f-82a39e501163,Data Field,1,0,1,0,0,0,0.00046700620230937824,0.0004636041145990147,0.0,0,0,0,DLG11,0
cce275f7-44dd-4a0e-9e51-7609ad8af205,Data Field,1,0,1,0,0,0,0.00046700620230937824,0.0004636041145990147,0.0,0,0,0,DLG11,0
6aaf210b-2f2c-40e8-86fd-0fb6d072b7d7,Data Field,1,0,1,0,0,0,0.00046700620230937824,0.0004636041145990147,0.0,0,0,0,DLG11,0
6792e112-21e1-481d-9a38-16e1fa9db7ee,Data Field,1,0,1,0,0,0,0.00046700620230937824,0.0004636041145990147,0.0,0,0,0,DLG11,0
181dd576-136e-4c8b-b6ca-7db5d1e3ee9f,Data Field,1,0,1,0,0,0,0.00046700620230937824,0.0004636041145990147,0.0,0,0,0,DLG11,0
5abd6464-a09f-4811-9a79-d15ca394d2fe,Data Field,1,0,1,0,0,0,0.00046700620230937824,0.0004636041145990147,0.0,0,0,0,DLG11,0
41f1e64b-c6bd-45db-b013-41e0a4c03077,Data Field,1,0,1,0,0,0,0.00046700620230937824,0.0004636041145990147,0.0,0,0,0,DLG11,0
5d4e4054-e7d3-44b3-9c15-7715303af730,Data Field,1,0,1,0,0,0,0.00046700620230937824,0.0004636041145990147,0.0,0,0,0,DLG11,0
6588c265-c6eb-4715-820c-da3bbc0d4cf8,Data Field,1,0,1,0,0,0,0.00046700620230937824,0.0004636041145990147,0.0,0,0,0,DLG11,0
efd663af-8788-4d3b-aae7-8dd7a6cad93f,Data Field,1,0,1,0,0,0,0.00046700620230937824,0.0004636041145990147,0.0,0,0,0,DLG11,0
7f7c0caa-fc97-4f3b-a9c0-faee7c721696,Data Field,1,0,1,0,0,0,0.00046700620230937824,0.0004636041145990147,0.0,0,0,0,DLG11,0
b0aec3dd-c843-4139-af15-6f9d9b3bf1d7,Data Field,1,0,1,0,0,0,0.00046700620230937824,0.0004636041145990147,0.0,0,0,0,DLG11,0
fa688edc-5dd5-4993-9ceb-7097b8713c33,Data Field,1,0,1,0,0,0,0.00046700620230937824,0.0004636041145990147,0.0,0,0,0,DLG11,0
0a4252db-a7b8-47ee-a4b1-d46ca2abc85b,Data Field,1,0,1,0,0,0,0.00046700620230937824,0.0004636041145990147,0.0,0,0,0,DLG11,0
ce438804-73b4-45ec-8e08-5dde024abc45,Data Field,1,0,1,0,0,0,0.00046700620230937824,0.0004636041145990147,0.0,0,0,0,DLG11,0
9b79641d-6403-45cb-841c-67b8d8820029,Data Field,1,0,1,0,0,0,0.00046700620230937824,0.0004636041145990147,0.0,0,0,0,DLG11,0
66ff5f1c-d655-4e14-92b8-5149951cb1ab,Data Field,1,0,1,0,0,0,0.00046700620230937824,0.0004636041145990147,0.0,0,0,0,DLG11,0
fe4838bb-29f7-4161-888b-5b8ebc2a2d6b,Data Field,1,0,1,0,0,0,0.00046700620230937824,0.0004636041145990147,0.0,0,0,0,DLG11,0
9f2de9b2-a546-45b1-a6f5-4b9564b7ae00,Data Field,1,0,1,0,0,0,0.00046700620230937824,0.0004636041145990147,0.0,0,0,0,DLG11,0
36c21ca2-028d-4131-9dc3-f1032a1ff561,Data Field,1,0,1,0,0,0,0.00046700620230937824,0.0004636041145990147,0.0,0,0,0,DLG11,0
a0283626-2b5c-4e76-853b-07cb60a39719,Data Job,2,1,3,2,1,0,0.0008924812547082682,0.0008578816525045613,0.0,1,2,0,DLG11,0
c0fc3563-97be-412b-804d-b672b3a2a194,Data Job,2,1,3,2,1,0,0.0008924812547082682,0.0008578816525045613,0.0,1,2,0,DLG11,0
71ecded4-6bd6-4438-b9d5-05b078dc7cce,Data Field,1,0,1,0,0,0,0.00046700620230937824,0.0004636041145990147,0.0,0,0,0,DLG11,0
f8f54b93-8b1a-4811-aeed-1be11df8b1d5,Data Field,1,0,1,0,0,0,0.00046700620230937824,0.0004636041145990147,0.0,0,0,0,DLG11,0
7cfec539-b780-4c12-a491-52deebfc706d,Data Field,1,0,1,0,0,0,0.00046700620230937824,0.0004636041145990147,0.0,0,0,0,DLG11,0
ae4e03ee-8cd8-4b3f-bb8a-81b5e5946dd8,Data Field,1,0,1,0,0,0,0.00046700620230937824,0.0004636041145990147,0.0,0,0,0,DLG11,0
e3d69948-2bdf-4ef4-bbd5-265ddca977a2,Data Field,1,0,1,0,0,0,0.00046700620230937824,0.0004636041145990147,0.0,0,0,0,DLG11,0
690a0e51-0496-4451-b24a-48f166ab4a0e,Data Field,1,0,1,0,0,0,0.00046700620230937824,0.0004636041145990147,0.0,0,0,0,DLG11,0
a7ec7ff3-cf8b-414c-a745-5dd12197d497,Data Field,1,0,1,0,0,0,0.00046700620230937824,0.0004636041145990147,0.0,0,0,0,DLG11,0
25bcccf9-7159-492f-9fbc-744a9693b268,Data Field,1,0,1,0,0,0,0.00046700620230937824,0.0004636041145990147,0.0,0,0,0,DLG11,0
2fade81d-6693-4f3e-9432-599e77f2299b,Data Field,1,0,1,0,0,0,0.00046700620230937824,0.0004636041145990147,0.0,0,0,0,DLG11,0
fdab77b9-c924-4184-a9f7-d15c8746d949,Data Field,1,0,1,0,0,0,0.00046700620230937824,0.0004636041145990147,0.0,0,0,0,DLG11,0
1758a9c8-ae9c-4258-8702-ff95b409867e,Data Job,2,1,3,2,1,0,0.0008889356292716108,0.0008578816525045613,4.945598417408506e-06,1,2,0,DLG11,0
8ead521b-05ad-4107-929c-67940eaf2b71,Data Field,1,0,1,0,0,0,0.00046700620230937824,0.0004636041145990147,0.0,0,0,0,DLG11,0
545086b6-eecd-4e3f-bd19-b14509f597b3,Data Field,1,0,1,0,0,0,0.00046700620230937824,0.0004636041145990147,0.0,0,0,0,DLG11,0
b6fad370-c894-418e-9b9f-887a85587679,Data Field,1,0,1,0,0,0,0.00046700620230937824,0.0004636041145990147,0.0,0,0,0,DLG11,0
9424e98c-0990-46c3-833e-ec9aaf5e2948,Data Table,1,18,19,1,0,18,0.0010330965710288354,0.0004636041145990147,0.0,0,2,0,DLG11,0
018b116a-52b4-43f4-875e-89f9f1aff64b,Data Field,1,0,1,0,0,0,0.00046700620230937824,0.0004636041145990147,0.0,0,0,0,DLG11,0
109e7547-6418-47e8-8b07-0497bd946a60,Data Field,1,0,1,0,0,0,0.00046700620230937824,0.0004636041145990147,0.0,0,0,0,DLG11,0
0c0ff003-efe0-4637-82bd-53b4345d56ad,Data Job,2,1,3,2,1,0,0.0006903806048187955,0.0008578816525045613,4.945598417408506e-06,1,2,0,DLG11,0
98e1f8d1-49c1-419f-8812-c4d6ad9b8afd,Data Field,1,0,1,0,0,0,0.00046700620230937824,0.0004636041145990147,0.0,0,0,0,DLG11,0
020ad36e-5765-40a6-912c-8266483c8726,Data Field,1,0,1,0,0,0,0.00046700620230937824,0.0004636041145990147,0.0,0,0,0,DLG11,0
117fe427-0cd9-42c0-a85c-fe9d0751b715,Data Field,1,0,1,0,0,0,0.00046700620230937824,0.0004636041145990147,0.0,0,0,0,DLG11,0
90995c5e-b2bd-4642-908e-efb2bddc0153,Data Field,1,0,1,0,0,0,0.00046700620230937824,0.0004636041145990147,0.0,0,0,0,DLG11,0
04981155-da94-4c4d-8ede-0eef913a5dc5,Data Field,1,0,1,0,0,0,0.00046700620230937824,0.0004636041145990147,0.0,0,0,0,DLG11,0
07716f98-8e66-48b2-be5c-10fada6faf18,Data Field,1,0,1,0,0,0,0.00046700620230937824,0.0004636041145990147,0.0,0,0,0,DLG11,0
a9c19877-05b6-43fc-9bdb-41bbe4297de7,Data Table,1,20,21,1,0,20,0.0012231994308193903,0.0004636041145990147,0.0,0,3,0,DLG11,0
80162ea9-f015-40b0-9fe0-68d6eeb3f253,Data Field,1,0,1,0,0,0,0.00046700620230937824,0.0004636041145990147,0.0,0,0,0,DLG11,0
4dcff96a-9d6d-4586-b77c-c0cc5c68ea7d,Data Field,1,0,1,0,0,0,0.00046700620230937824,0.0004636041145990147,0.0,0,0,0,DLG11,0
697814c2-eee9-4304-a1c9-6ca8b1155bb7,Data Field,1,0,1,0,0,0,0.00046700620230937824,0.0004636041145990147,0.0,0,0,0,DLG11,0
c0a2ea82-eea5-4590-86e9-9495b9ba306b,Data Field,1,0,1,0,0,0,0.00046700620230937824,0.0004636041145990147,0.0,0,0,0,DLG11,0
cbb26d14-be3c-4be9-8489-6c0bb1f7e31b,Data Field,1,0,1,0,0,0,0.00046700620230937824,0.0004636041145990147,0.0,0,0,0,DLG11,0
2106f957-89a4-4409-9d18-7bcd9f95726c,Data Field,1,0,1,0,0,0,0.00046700620230937824,0.0004636041145990147,0.0,0,0,0,DLG11,0
483639b4-0743-40c1-b7d6-8a578441982c,Data Field,1,0,1,0,0,0,0.00046700620230937824,0.0004636041145990147,0.0,0,0,0,DLG11,0
a04d017b-3450-42d5-b151-fba3d5814e33,Data Field,1,0,1,0,0,0,0.00046700620230937824,0.0004636041145990147,0.0,0,0,0,DLG11,0
1ba0526e-a0a7-492f-b629-9042633ed9bc,Data Job,2,1,3,2,1,0,0.0006903806048187955,0.0008578816525045613,4.945598417408506e-06,1,2,0,DLG11,0
06621698-3cb0-4074-a561-b8fb7bf5a3c0,Data Field,1,0,1,0,0,0,0.00046700620230937824,0.0004636041145990147,0.0,0,0,0,DLG11,0
104f77e8-dfcb-4405-b538-8ec06d36959b,Data Field,1,0,1,0,0,0,0.00046700620230937824,0.0004636041145990147,0.0,0,0,0,DLG11,0
2991cee3-ce0c-4d36-82e6-b4cca665b260,Data Field,1,0,1,0,0,0,0.00046700620230937824,0.0004636041145990147,0.0,0,0,0,DLG11,0
89da38c7-93fa-4104-a572-3be3409d84e9,Data Field,1,0,1,0,0,0,0.00046700620230937824,0.0004636041145990147,0.0,0,0,0,DLG11,0
fdaa44af-3db6-4f3c-8b2a-dffcca74ea8c,Data Field,1,0,1,0,0,0,0.00046700620230937824,0.0004636041145990147,0.0,0,0,0,DLG11,0
5b5d1cc2-504b-4030-a220-ac13403dfd5b,Data Field,1,0,1,0,0,0,0.00046700620230937824,0.0004636041145990147,0.0,0,0,0,DLG11,0
b6163161-bf9f-4631-bbb0-14d35e35f0a1,Data Field,1,0,1,0,0,0,0.00046700620230937824,0.0004636041145990147,0.0,0,0,0,DLG11,0
51d75f4f-4ab1-48c2-b27e-a1aac51f52ff,Data Field,1,0,1,0,0,0,0.00046700620230937824,0.0004636041145990147,0.0,0,0,0,DLG11,0
6eaa8d50-accd-4829-83f3-2d03d32bb015,Data Field,1,0,1,0,0,0,0.00046700620230937824,0.0004636041145990147,0.0,0,0,0,DLG11,0
1957c36a-7914-4674-868f-955a6750438e,Data Field,1,0,1,0,0,0,0.00046700620230937824,0.0004636041145990147,0.0,0,0,0,DLG11,0
78921c16-011f-4300-b396-f3442367eca7,Data Job,2,1,3,2,1,0,0.0008889356292716108,0.0008578816525045613,4.945598417408506e-06,1,2,0,DLG11,0
ea676524-31b3-4697-ae35-48b9ccdb9507,Data Field,1,0,1,0,0,0,0.00046700620230937824,0.0004636041145990147,0.0,0,0,0,DLG11,0
60442a67-ed80-4b31-83f0-f2388d6dea03,Data Field,1,0,1,0,0,0,0.00046700620230937824,0.0004636041145990147,0.0,0,0,0,DLG11,0
644390eb-5d14-46f8-8c85-0a0b74bdfc52,Data Table,1,18,19,1,0,18,0.0010542191110055636,0.0004636041145990147,0.0,0,3,0,DLG11,0
bc194292-c2ea-4a89-965c-f036e3f2570e,Data Field,1,0,1,0,0,0,0.00046700620230937824,0.0004636041145990147,0.0,0,0,0,DLG11,0
cadcf2d9-2ef4-47eb-9cf2-06c546dfd082,Data Table,0,21,21,0,2,19,0.00046700620230937824,0.0009270835963630633,0.0,3,0,0,DLG11,0
a015be55-bc3f-4d25-b0f2-b5638f62ebe7,Data Field,1,0,1,0,0,0,0.00046700620230937824,0.0004636041145990147,0.0,0,0,0,DLG11,0
ffee731b-a236-43a2-9fcb-3f84c622676a,Data Field,1,0,1,0,0,0,0.00046700620230937824,0.0004636041145990147,0.0,0,0,0,DLG11,0
7eec0db2-67c7-44b9-8972-bc7b1363bda5,Data Field,1,0,1,0,0,0,0.00046700620230937824,0.0004636041145990147,0.0,0,0,0,DLG11,0
50940b20-5228-4f81-af90-af307d7ebb0f,Data Field,1,0,1,0,0,0,0.00046700620230937824,0.0004636041145990147,0.0,0,0,0,DLG11,0
e616df54-2a4b-4a27-9642-06d6ee0a6f1e,Data Field,1,0,1,0,0,0,0.00046700620230937824,0.0004636041145990147,0.0,0,0,0,DLG11,0
6e1b03a2-a7ad-4760-8c47-ab90fec1cb30,Data Field,1,0,1,0,0,0,0.00046700620230937824,0.0004636041145990147,0.0,0,0,0,DLG11,0
92875eb0-8c88-44a6-8487-ad9e8cf50fa5,Data Field,1,0,1,0,0,0,0.00046700620230937824,0.0004636041145990147,0.0,0,0,0,DLG11,0
a6c2807b-b327-4d2d-8e00-95183fa473a5,Data Field,1,0,1,0,0,0,0.00046700620230937824,0.0004636041145990147,0.0,0,0,0,DLG11,0
48987978-f0ba-4c80-bbca-b2321ef83915,Data Field,1,0,1,0,0,0,0.00046700620230937824,0.0004636041145990147,0.0,0,0,0,DLG11,0
a7a5d3d5-caf5-4158-8d3c-33d853e29f1b,Data Field,1,0,1,0,0,0,0.00046700620230937824,0.0004636041145990147,0.0,0,0,0,DLG11,0
81a2d89b-e1f9-445c-b88c-2683281c9900,Data Field,1,0,1,0,0,0,0.00046700620230937824,0.0004636041145990147,0.0,0,0,0,DLG11,0
91499af1-d50e-4a4f-b054-1ed89c3a3d99,Data Field,1,0,1,0,0,0,0.00046700620230937824,0.0004636041145990147,0.0,0,0,0,DLG11,0
279f6030-e62b-4076-801d-46926635b8af,Data Field,1,0,1,0,0,0,0.00046700620230937824,0.0004636041145990147,0.0,0,0,0,DLG11,0
f81d18cc-31f6-49f3-b455-3dc5aaac4e46,Data Field,1,0,1,0,0,0,0.00046700620230937824,0.0004636041145990147,0.0,0,0,0,DLG11,0
1cb7eb69-0e2b-4389-b586-1ec8ad545abd,Data Field,1,0,1,0,0,0,0.00046700620230937824,0.0004636041145990147,0.0,0,0,0,DLG11,0
bbb0a354-fe64-4efd-9495-282382090cea,Data Field,1,0,1,0,0,0,0.00046700620230937824,0.0004636041145990147,0.0,0,0,0,DLG11,0
c64f6ba4-ecc6-486d-a4de-319d76cbb357,Data Field,1,0,1,0,0,0,0.00046700620230937824,0.0004636041145990147,0.0,0,0,0,DLG11,0
1dbeb312-ea96-4414-ac35-b6dcbdecc285,Data Field,1,0,1,0,0,0,0.00046700620230937824,0.0004636041145990147,0.0,0,0,0,DLG11,0
6632133e-292f-4b24-9485-9f12d8d9357c,Data Field,1,0,1,0,0,0,0.00046700620230937824,0.0004636041145990147,0.0,0,0,0,DLG11,0
b7de3e5c-bdce-41da-9463-7898cbc646ff,Data Field,1,0,1,0,0,0,0.00046700620230937824,0.0004636041145990147,0.0,0,0,0,DLG11,0
7af8077c-565e-49e8-b1c0-c8c9ea69e3ea,Data Field,1,0,1,0,0,0,0.00046700620230937824,0.0004636041145990147,0.0,0,0,0,DLG11,0
0197dd77-923d-4684-a1e0-30c33d83abf7,Data Table,1,15,16,1,0,15,0.0012231994308193903,0.0004636041145990147,0.0,0,3,0,DLG11,0
e1058fd0-dc63-43a9-962e-48238c7c515a,Data Field,1,0,1,0,0,0,0.00046700620230937824,0.0004636041145990147,0.0,0,0,0,DLG11,0
cb9fe7c5-6715-4e2b-9805-06a781d9cc53,Data Field,1,0,1,0,0,0,0.00046700620230937824,0.0004636041145990147,0.0,0,0,0,DLG11,0
efa362d3-60a3-44f6-8ed2-cc4a08f243f9,Data Field,1,0,1,0,0,0,0.00046700620230937824,0.0004636041145990147,0.0,0,0,0,DLG11,0
071b0fdf-b2f7-42f5-b871-7752173536f6,Data Job,2,1,3,2,1,0,0.0006903806048187955,0.0008578816525045613,9.891196834817013e-06,1,2,0,DLG11,0
bf953558-88c3-4008-a99c-4b70e7c29a65,Data Field,1,0,1,0,0,0,0.00046700620230937824,0.0004636041145990147,0.0,0,0,0,DLG11,0
891f5ee0-417e-43d4-a3e7-90a90d5cf174,Data Table,1,19,20,1,0,19,0.0012231994308193903,0.0004636041145990147,0.0,0,3,0,DLG11,0
b3ef92b6-bb72-47d5-8b4c-1a223da411f2,Data Field,1,0,1,0,0,0,0.00046700620230937824,0.0004636041145990147,0.0,0,0,0,DLG11,0
28594302-0928-46a6-8266-d51dc65fce4f,Data Field,1,0,1,0,0,0,0.00046700620230937824,0.0004636041145990147,0.0,0,0,0,DLG11,0
b9f09db9-271f-43d8-982a-ea8a5d863ba6,Data Field,1,0,1,0,0,0,0.00046700620230937824,0.0004636041145990147,0.0,0,0,0,DLG11,0
6164a812-0fb8-4f4c-8af2-2f97c5fd024f,Data Field,1,0,1,0,0,0,0.00046700620230937824,0.0004636041145990147,0.0,0,0,0,DLG11,0
fde44dd2-f8fc-478f-9bc4-1d5ee78c378d,Data Field,1,0,1,0,0,0,0.00046700620230937824,0.0004636041145990147,0.0,0,0,0,DLG11,0
a6deea07-e1f7-4cc3-b4b8-ff0465795eb6,Data Field,1,0,1,0,0,0,0.00046700620230937824,0.0004636041145990147,0.0,0,0,0,DLG11,0
795deefd-9efc-4740-aab3-fe911c30aba6,Data Field,1,0,1,0,0,0,0.00046700620230937824,0.0004636041145990147,0.0,0,0,0,DLG11,0
4c0e188d-77d1-400c-8be1-fa6c80aa4a47,Data Field,1,0,1,0,0,0,0.00046700620230937824,0.0004636041145990147,0.0,0,0,0,DLG11,0
e7f33025-358d-49c2-9a23-8c26124d1059,Data Table,1,20,21,1,0,20,0.0012231994308193903,0.0004636041145990147,0.0,0,3,0,DLG11,0
07926c05-8e32-4d15-b8c5-48fd8329ebdf,Data Field,1,0,1,0,0,0,0.00046700620230937824,0.0004636041145990147,0.0,0,0,0,DLG11,0
5d6bb930-0a6b-4946-bce7-79772a436004,Data Field,1,0,1,0,0,0,0.00046700620230937824,0.0004636041145990147,0.0,0,0,0,DLG11,0
04bf21a7-6324-4f77-aa26-3a58048d99ff,Data Field,1,0,1,0,0,0,0.00046700620230937824,0.0004636041145990147,0.0,0,0,0,DLG11,0
650de20a-5251-4562-bfb5-052a54760646,Data Field,1,0,1,0,0,0,0.00046700620230937824,0.0004636041145990147,0.0,0,0,0,DLG11,0
ba97a839-39e3-4b56-a127-cfb96ee14753,Data Table,1,20,21,1,0,20,0.0010542191110055636,0.0004636041145990147,0.0,0,3,0,DLG11,0
1066226b-404f-4e82-9441-6e4155a63bc4,Data Field,1,0,1,0,0,0,0.00046700620230937824,0.0004636041145990147,0.0,0,0,0,DLG11,0
ea97ea40-3018-4778-85a1-72491ac8ca11,Data Field,1,0,1,0,0,0,0.00046700620230937824,0.0004636041145990147,0.0,0,0,0,DLG11,0
ea8b2e92-e203-43ef-9cf0-84575693e4d9,Data Field,1,0,1,0,0,0,0.00046700620230937824,0.0004636041145990147,0.0,0,0,0,DLG11,0
bea05620-8833-41bc-8285-c526e346d931,Data Field,1,0,1,0,0,0,0.00046700620230937824,0.0004636041145990147,0.0,0,0,0,DLG11,0
9e5d5342-b110-40df-b7b6-ae1800065ed1,Data Field,1,0,1,0,0,0,0.00046700620230937824,0.0004636041145990147,0.0,0,0,0,DLG11,0
f6649c9b-e5e4-43f4-bffc-ac4a29bbb0b9,Data Field,1,0,1,0,0,0,0.00046700620230937824,0.0004636041145990147,0.0,0,0,0,DLG11,0
dd2abf39-0830-41a5-9917-76d8a76e2b88,Data Table,0,9,9,0,1,8,0.00046700620230937824,0.0008285142118866765,0.0,2,0,0,DLG11,0
01afe333-aaf4-42c1-9baa-17db71249605,Data Field,1,0,1,0,0,0,0.00046700620230937824,0.0004636041145990147,0.0,0,0,0,DLG11,0
31347870-7a51-4c60-83d4-a7679e833b3c,Data Field,1,0,1,0,0,0,0.00046700620230937824,0.0004636041145990147,0.0,0,0,0,DLG11,0
1ca14537-9648-46eb-b281-75e3aeb12c86,Data Field,1,0,1,0,0,0,0.00046700620230937824,0.0004636041145990147,0.0,0,0,0,DLG11,0
9fdcae45-ea2a-4321-acf4-5cbe04a9c44c,Data Field,1,0,1,0,0,0,0.00046700620230937824,0.0004636041145990147,0.0,0,0,0,DLG11,0
2afa4861-6725-48e0-912c-515787b69eff,Data Table,0,32,32,0,2,30,0.00046700620230937824,0.0015583344064620003,0.0,4,0,0,DLG11,0
148f1fd7-23cc-4bfa-b979-589834b7a43f,Data Field,1,0,1,0,0,0,0.00046700620230937824,0.0004636041145990147,0.0,0,0,0,DLG11,0
b17fb859-a521-4bc4-a425-e8154b2f8a34,Data Field,1,0,1,0,0,0,0.00046700620230937824,0.0004636041145990147,0.0,0,0,0,DLG11,0
60cdcd42-97e5-4624-8590-e7b17dfdc2e0,Data Field,1,0,1,0,0,0,0.00046700620230937824,0.0004636041145990147,0.0,0,0,0,DLG11,0
6817837f-b11e-4083-a566-ee905111545c,Data Field,1,0,1,0,0,0,0.00046700620230937824,0.0004636041145990147,0.0,0,0,0,DLG11,0
baad9f08-b6b5-402d-9fce-e41d08deb4ba,Data Table,0,19,19,0,1,18,0.00046700620230937824,0.0008285142118866765,0.0,2,0,0,DLG11,0
938ce82f-c4a5-4734-bfdd-6518fee1219a,Data Field,1,0,1,0,0,0,0.00046700620230937824,0.0004636041145990147,0.0,0,0,0,DLG11,0
6b421f64-6707-4d49-a400-d66ad44191c7,Data Job,2,1,3,2,1,0,0.0006903806048187955,0.0008578816525045613,4.945598417408506e-06,1,2,0,DLG11,0
e471664a-0caa-4bd9-b8d7-fa7995cc981d,Data Field,1,0,1,0,0,0,0.00046700620230937824,0.0004636041145990147,0.0,0,0,0,DLG11,0
2047380a-9187-4a3d-a1c0-7662325e97f9,Data Field,1,0,1,0,0,0,0.00046700620230937824,0.0004636041145990147,0.0,0,0,0,DLG11,0
05fd4ec5-01a4-4c0e-a97c-7e82af81eb09,Data Field,1,0,1,0,0,0,0.00046700620230937824,0.0004636041145990147,0.0,0,0,0,DLG11,0
6fb8299c-ffe8-47c2-87e2-e01d5ea06029,Data Table,1,19,20,1,1,18,0.0008852387911917372,0.002738225139830174,9.891196834817015e-05,20,2,0,DLG11,1
5301c498-2ec2-486f-bcc9-f47277d33c53,Data Field,1,0,1,0,0,0,0.00046700620230937824,0.0004636041145990147,0.0,0,0,0,DLG11,0
1e6e132b-659b-4ea3-9f9c-e7a02bd8208a,Data Table,0,13,13,0,2,11,0.00046700620230937824,0.0009327742396831513,0.0,4,0,0,DLG11,0
72fbd9ec-d3ea-4d21-88a0-6e722e441e73,Data Field,1,0,1,0,0,0,0.00046700620230937824,0.0004636041145990147,0.0,0,0,0,DLG11,0
62baff2d-2fda-4f77-a1e5-f8967cd3af92,Data Field,1,0,1,0,0,0,0.00046700620230937824,0.0004636041145990147,0.0,0,0,0,DLG11,0
00aafd0e-9570-47dd-b283-379fe00d348e,Data Field,1,0,1,0,0,0,0.00046700620230937824,0.0004636041145990147,0.0,0,0,0,DLG11,0
288e7579-afd9-4624-b29f-13e9e63e8b60,Data Field,1,0,1,0,0,0,0.00046700620230937824,0.0004636041145990147,0.0,0,0,0,DLG11,0
87fc651f-ee37-4816-af51-5da380aae1cb,Data Table,0,19,19,0,1,18,0.00046700620230937824,0.0008285142118866765,0.0,2,0,0,DLG11,0
832a32e3-be91-470a-a767-52d61c32bc84,Data Field,1,0,1,0,0,0,0.00046700620230937824,0.0004636041145990147,0.0,0,0,0,DLG11,0
87667d2e-bcac-4e34-bafe-4f0ffbb1f637,Data Field,1,0,1,0,0,0,0.00046700620230937824,0.0004636041145990147,0.0,0,0,0,DLG11,0
343decc8-16f1-4986-b671-fe759358071b,Data Field,1,0,1,0,0,0,0.00046700620230937824,0.0004636041145990147,0.0,0,0,0,DLG11,0
e123c7e0-44f9-4ffa-9c9c-1c10d05c70be,Data Field,1,0,1,0,0,0,0.00046700620230937824,0.0004636041145990147,0.0,0,0,0,DLG11,0
f9e972e4-644f-4fed-adef-cc775f19b41f,Data Field,1,0,1,0,0,0,0.00046700620230937824,0.0004636041145990147,0.0,0,0,0,DLG11,0
ae925ce8-8f41-4c2f-8e68-2c57362d94fc,Data Field,1,0,1,0,0,0,0.00046700620230937824,0.0004636041145990147,0.0,0,0,0,DLG11,0
e3d462bd-c143-4da3-b4d8-51dc93bdfb72,Data Field,1,0,1,0,0,0,0.00046700620230937824,0.0004636041145990147,0.0,0,0,0,DLG11,0
146abce5-c1c0-475e-81b6-356c0506d8ab,Data Field,1,0,1,0,0,0,0.00046700620230937824,0.0004636041145990147,0.0,0,0,0,DLG11,0
b6fb2104-2ab7-4382-b86e-b05f856785ce,Data Job,1,1,2,1,1,0,0.0004918255803659802,0.002739381509016012,0.00010385756676557865,21,1,0,DLG11,0
971e3e44-1b1d-4b28-a427-3e0dfac17f66,Data Field,1,0,1,0,0,0,0.00046700620230937824,0.0004636041145990147,0.0,0,0,0,DLG11,0
c9295fca-a025-411f-b55f-05e46ff34372,Data Field,1,0,1,0,0,0,0.00046700620230937824,0.0004636041145990147,0.0,0,0,0,DLG11,0
d59d71ab-fecb-4685-a62c-0e761aae973f,Data Field,1,0,1,0,0,0,0.00046700620230937824,0.0004636041145990147,0.0,0,0,0,DLG11,0
53ccaa48-2b92-4cd6-b130-bcbe86c33251,Data Job,2,1,3,2,1,0,0.0006903806048187955,0.0008578816525045613,4.9955539569782895e-06,1,2,0,DLG11,0
0873f63b-35ca-46c7-a9a3-bb8e7cb46675,Data Field,1,0,1,0,0,0,0.00046700620230937824,0.0004636041145990147,0.0,0,0,0,DLG11,0
c35e42c1-cf6b-4b72-865b-0ce52f27b6bc,Data Field,1,0,1,0,0,0,0.00046700620230937824,0.0004636041145990147,0.0,0,0,0,DLG11,0
edacb7be-6bd5-4c7d-bdc3-39eb1476ec7d,Data Field,1,0,1,0,0,0,0.00046700620230937824,0.0004636041145990147,0.0,0,0,0,DLG11,0
fcdb6749-e20a-4ef4-aa97-81c8e6c367e7,Data Field,1,0,1,0,0,0,0.00046700620230937824,0.0004636041145990147,0.0,0,0,0,DLG11,0
8bc9360e-3fc8-4327-a3a4-d3e129ef9843,Data Field,1,0,1,0,0,0,0.00046700620230937824,0.0004636041145990147,0.0,0,0,0,DLG11,0
eac926f6-8fd6-4606-bd13-4bb04dfeab1e,Data Field,1,0,1,0,0,0,0.00046700620230937824,0.0004636041145990147,0.0,0,0,0,DLG11,0
690da07f-6e9e-43a4-8696-1da8bcb303fe,Data Table,0,43,43,0,1,42,0.00046700620230937824,0.0008285142118866765,0.0,2,0,0,DLG11,0
a5d8c4f1-fb09-4cd5-8cbe-05e1d6d8e384,Data Field,1,0,1,0,0,0,0.00046700620230937824,0.0004636041145990147,0.0,0,0,0,DLG11,0
d259a822-0681-473f-b0d0-15819f3e279f,Data Field,1,0,1,0,0,0,0.00046700620230937824,0.0004636041145990147,0.0,0,0,0,DLG11,0
1258de59-bab4-4191-8704-5c5e303e250d,Data Field,1,0,1,0,0,0,0.00046700620230937824,0.0004636041145990147,0.0,0,0,0,DLG11,0
cb7b408f-befd-4c47-a958-8d7c35359df7,Data Field,1,0,1,0,0,0,0.00046700620230937824,0.0004636041145990147,0.0,0,0,0,DLG11,0
397b488e-4b02-44bc-a067-4f5caba41131,Data Field,1,0,1,0,0,0,0.00046700620230937824,0.0004636041145990147,0.0,0,0,0,DLG11,0
f49e33f0-3fef-4b14-8c36-db1571323e20,Data Field,1,0,1,0,0,0,0.00046700620230937824,0.0004636041145990147,0.0,0,0,0,DLG11,0
50a3c2d9-940e-4d14-aab7-819604eaac79,Data Field,1,0,1,0,0,0,0.00046700620230937824,0.0004636041145990147,0.0,0,0,0,DLG11,0
b5f88394-889e-41da-8a81-8a5736921493,Data Field,1,0,1,0,0,0,0.00046700620230937824,0.0004636041145990147,0.0,0,0,0,DLG11,0
3a2f3e18-249c-452d-a3ce-d51296336614,Data Field,1,0,1,0,0,0,0.00046700620230937824,0.0004636041145990147,0.0,0,0,0,DLG11,0
8d4739cf-11d4-4326-bebc-ba6d8d7056bc,Data Field,1,0,1,0,0,0,0.00046700620230937824,0.0004636041145990147,0.0,0,0,0,DLG11,0
4fd6cbe6-d93a-42f4-983f-006634bcf32e,Data Field,1,0,1,0,0,0,0.00046700620230937824,0.0004636041145990147,0.0,0,0,0,DLG11,0
fb4cfee5-b8fa-438b-86b1-08dc7211214a,Data Field,1,0,1,0,0,0,0.00046700620230937824,0.0004636041145990147,0.0,0,0,0,DLG11,0
d6d6e52c-9a83-477c-84ba-b2b5a67a9809,Data Field,1,0,1,0,0,0,0.00046700620230937824,0.0004636041145990147,0.0,0,0,0,DLG11,0
06373178-c532-4a5e-9326-2f857c014901,Data Field,1,0,1,0,0,0,0.00046700620230937824,0.0004636041145990147,0.0,0,0,0,DLG11,0
84eddcbd-6634-42e5-b4b3-ff1b3525dd54,Data Field,1,0,1,0,0,0,0.00046700620230937824,0.0004636041145990147,0.0,0,0,0,DLG11,0
9a1a1434-78d6-4e0c-8edc-6b20a84e21d3,Data Field,1,0,1,0,0,0,0.00046700620230937824,0.0004636041145990147,0.0,0,0,0,DLG11,0
98cc5575-12fc-43e5-ad73-91af65b5d315,Data Field,1,0,1,0,0,0,0.00046700620230937824,0.0004636041145990147,0.0,0,0,0,DLG11,0
498403b8-0a4d-4eba-8e01-a54d0e6dbc69,Data Table,1,17,18,1,0,17,0.0010542191110055636,0.0004636041145990147,0.0,0,3,0,DLG11,0
3eb37c2f-b1af-4597-8285-8939b6b0c1e2,Data Job,2,1,3,2,1,0,0.0006903806048187955,0.0008578816525045613,4.945598417408506e-06,1,2,0,DLG11,0
5bae1236-6d64-4dfa-bd90-ea9f41674eb2,Data Field,1,0,1,0,0,0,0.00046700620230937824,0.0004636041145990147,0.0,0,0,0,DLG11,0
eaa65815-acf7-4655-88e2-80f4a3e8b996,Data Field,1,0,1,0,0,0,0.00046700620230937824,0.0004636041145990147,0.0,0,0,0,DLG11,0
f86a4950-b739-4aa0-a4bc-04e49bc6f3b7,Data Field,1,0,1,0,0,0,0.00046700620230937824,0.0004636041145990147,0.0,0,0,0,DLG11,0
55fe58b0-4228-4bb7-acbd-f157ad40fc79,Data Field,1,0,1,0,0,0,0.00046700620230937824,0.0004636041145990147,0.0,0,0,0,DLG11,0
3dd14b5f-fddd-44c7-9f9e-1b4f043600e9,Data Field,1,0,1,0,0,0,0.00046700620230937824,0.0004636041145990147,0.0,0,0,0,DLG11,0
cfb28508-a65b-41ab-be5a-fee8e1783b14,Data Table,1,16,17,1,0,16,0.0010542191110055636,0.0004636041145990147,0.0,0,3,0,DLG11,0
e4b1f59c-5b30-4deb-82ed-cded9e57766b,Data Field,1,0,1,0,0,0,0.00046700620230937824,0.0004636041145990147,0.0,0,0,0,DLG11,0
f15f229f-3f8d-4dbd-bd3c-da6432c6ce02,Data Field,1,0,1,0,0,0,0.00046700620230937824,0.0004636041145990147,0.0,0,0,0,DLG11,0
890d3bd0-da39-4eac-b888-6d61399e11b7,Data Field,1,0,1,0,0,0,0.00046700620230937824,0.0004636041145990147,0.0,0,0,0,DLG11,0
cdd204e0-277e-459d-85f7-5eb3a306968b,Data Field,1,0,1,0,0,0,0.00046700620230937824,0.0004636041145990147,0.0,0,0,0,DLG11,0
74e43bb7-a1fc-4a62-9543-7b9865e0b94f,Data Field,1,0,1,0,0,0,0.00046700620230937824,0.0004636041145990147,0.0,0,0,0,DLG11,0
8f554d4e-4298-4590-a4df-82be66803fa8,Data Job,2,1,3,2,1,0,0.0008889356292716108,0.0008578816525045613,4.945598417408506e-06,1,2,0,DLG11,0
3404eea8-f0a4-4e4b-8be7-38b4326ee613,Data Field,1,0,1,0,0,0,0.00046700620230937824,0.0004636041145990147,0.0,0,0,0,DLG11,0
18ca6cc1-0a6e-44fc-851d-1d9965bb7d28,Data Table,1,19,20,1,0,19,0.0010542191110055636,0.0004636041145990147,0.0,0,3,0,DLG11,0
1dde59e6-44cb-4255-998d-5086e83b711d,Data Field,1,0,1,0,0,0,0.00046700620230937824,0.0004636041145990147,0.0,0,0,0,DLG11,0
f27ec834-cab8-4a00-8978-d949d8384a85,Data Field,1,0,1,0,0,0,0.00046700620230937824,0.0004636041145990147,0.0,0,0,0,DLG11,0
71964968-f56f-4d9c-ac9d-5291558e4e66,Data Field,1,0,1,0,0,0,0.00046700620230937824,0.0004636041145990147,0.0,0,0,0,DLG11,0
07f376cc-55a8-45f6-834e-30ae702fb8a1,Data Field,1,0,1,0,0,0,0.00046700620230937824,0.0004636041145990147,0.0,0,0,0,DLG11,0
b41ee648-8b24-41b3-92db-c8692b4180f0,Data Table,0,17,17,0,2,15,0.00046700620230937824,0.0009270835963630633,0.0,3,0,0,DLG11,0
81133d12-3fc9-4039-9a1d-5a006207367f,Data Field,1,0,1,0,0,0,0.00046700620230937824,0.0004636041145990147,0.0,0,0,0,DLG11,0
9a3b2402-742b-4a27-aa21-dd8cbcc97591,Data Field,1,0,1,0,0,0,0.00046700620230937824,0.0004636041145990147,0.0,0,0,0,DLG11,0
913af2ba-8725-4861-ac64-9b384130a7d7,Data Field,1,0,1,0,0,0,0.00046700620230937824,0.0004636041145990147,0.0,0,0,0,DLG11,0
54efe0da-2558-4402-b3f1-14d1c3211e3f,Data Field,1,0,1,0,0,0,0.00046700620230937824,0.0004636041145990147,0.0,0,0,0,DLG11,0
9d0cddc4-20bd-4f81-bbf5-798d47edf8aa,Data Field,1,0,1,0,0,0,0.00046700620230937824,0.0004636041145990147,0.0,0,0,0,DLG11,0
494b9779-d079-414b-a376-a2ec1e9de3ff,Data Field,1,0,1,0,0,0,0.00046700620230937824,0.0004636041145990147,0.0,0,0,0,DLG11,0
141fd69c-bb54-433e-bf7c-558f5ed3d898,Data Table,1,20,21,1,0,20,0.0010542191110055636,0.0004636041145990147,0.0,0,3,0,DLG11,0
c86bcf93-d90c-470a-841e-e9c295628f1c,Data Field,1,0,1,0,0,0,0.00046700620230937824,0.0004636041145990147,0.0,0,0,0,DLG11,0
ddb30532-58d2-4177-938b-0bfc11893c24,Data Field,1,0,1,0,0,0,0.00046700620230937824,0.0004636041145990147,0.0,0,0,0,DLG11,0
18a464bf-52f8-4846-9723-35d92bdc9fe9,Data Field,1,0,1,0,0,0,0.00046700620230937824,0.0004636041145990147,0.0,0,0,0,DLG11,0
af4566b8-103e-434b-ba0d-89a769d7c742,Data Field,1,0,1,0,0,0,0.00046700620230937824,0.0004636041145990147,0.0,0,0,0,DLG11,0
01b0d6ac-f46e-4c70-a909-2393619ac669,Data Table,0,28,28,0,2,26,0.00046700620230937824,0.0009270835963630633,0.0,3,0,0,DLG11,0
a23ab2c8-01ab-4cb0-ac2a-bf65e878655d,Data Field,1,0,1,0,0,0,0.00046700620230937824,0.0004636041145990147,0.0,0,0,0,DLG11,0
0be4e316-756e-4b5a-96b1-fb8e07b97006,Data Field,1,0,1,0,0,0,0.00046700620230937824,0.0004636041145990147,0.0,0,0,0,DLG11,0
4c34aa55-04ac-4f49-b9b7-afc40f98ccd3,Data Field,1,0,1,0,0,0,0.00046700620230937824,0.0004636041145990147,0.0,0,0,0,DLG11,0
c8cf8dd2-bad8-488c-9808-925cc092af39,Data Field,1,0,1,0,0,0,0.00046700620230937824,0.0004636041145990147,0.0,0,0,0,DLG11,0
a4dff16d-ae7d-405d-bf93-9c2017f76871,Data Field,1,0,1,0,0,0,0.00046700620230937824,0.0004636041145990147,0.0,0,0,0,DLG11,0
237c659f-1e04-4e31-8459-bc44c6be18b6,Data Field,1,0,1,0,0,0,0.00046700620230937824,0.0004636041145990147,0.0,0,0,0,DLG11,0
b5f9b18e-3dec-4995-b1d5-014ff8404f5c,Data Table,0,15,15,0,2,13,0.00046700620230937824,0.0009327742396831513,0.0,4,0,0,DLG11,0
b49646ae-42a9-4ab6-8846-f785d601dbdb,Data Field,1,0,1,0,0,0,0.00046700620230937824,0.0004636041145990147,0.0,0,0,0,DLG11,0
4d54d31b-e3f6-455a-b072-144308306735,Data Field,1,0,1,0,0,0,0.00046700620230937824,0.0004636041145990147,0.0,0,0,0,DLG11,0
1c6cd2e9-21b9-42a5-8b64-8a81eeef9feb,Data Field,1,0,1,0,0,0,0.00046700620230937824,0.0004636041145990147,0.0,0,0,0,DLG11,0
d66a7bb0-9608-4902-be2a-2bc91dd47131,Data Field,1,0,1,0,0,0,0.00046700620230937824,0.0004636041145990147,0.0,0,0,0,DLG11,0
fed7e723-545a-48d4-b599-fdf3e19f74ea,Data Field,1,0,1,0,0,0,0.00046700620230937824,0.0004636041145990147,0.0,0,0,0,DLG11,0
5a8c1fcb-d411-4009-8f0b-e9ad3ebb177a,Data Field,1,0,1,0,0,0,0.00046700620230937824,0.0004636041145990147,0.0,0,0,0,DLG11,0
5b3d2dc0-2551-4c0b-b9d3-c1f76c97cc4b,Data Field,1,0,1,0,0,0,0.00046700620230937824,0.0004636041145990147,0.0,0,0,0,DLG11,0
2e853e98-528c-4b70-ab2a-17397c1fda28,Data Field,1,0,1,0,0,0,0.00046700620230937824,0.0004636041145990147,0.0,0,0,0,DLG11,0
cbf5417a-a2e5-4245-a33a-aa0f06ca354b,Data Field,1,0,1,0,0,0,0.00046700620230937824,0.0004636041145990147,0.0,0,0,0,DLG11,0
9ae357c8-4bf8-4570-a586-3ef5b4b715c9,Data Table,1,16,17,1,0,16,0.0012231994308193903,0.0004636041145990147,0.0,0,3,0,DLG11,0
30ab945b-46aa-44fd-9c1e-0ebb3dfad299,Data Field,1,0,1,0,0,0,0.00046700620230937824,0.0004636041145990147,0.0,0,0,0,DLG11,0
7b5ee9a2-f6ee-47b0-9731-a61d0f8fc0c4,Data Field,1,0,1,0,0,0,0.00046700620230937824,0.0004636041145990147,0.0,0,0,0,DLG11,0
4cfa3beb-3a8d-469f-8e09-23f9fbe8a16e,Data Field,1,0,1,0,0,0,0.00046700620230937824,0.0004636041145990147,0.0,0,0,0,DLG11,0
f4d5c031-c03e-427f-a208-a3f72a0c6ff3,Data Field,1,0,1,0,0,0,0.00046700620230937824,0.0004636041145990147,0.0,0,0,0,DLG11,0
07a3b278-e318-440d-9c20-05840b3da923,Data Field,1,0,1,0,0,0,0.00046700620230937824,0.0004636041145990147,0.0,0,0,0,DLG11,0
a0ec77fb-ba33-4a2d-8405-76623c37033f,Data Table,0,12,12,0,1,11,0.00046700620230937824,0.0008285142118866765,0.0,2,0,0,DLG11,0
8b5e1741-01ff-4f40-89db-bc8dfe1c89fe,Data Field,1,0,1,0,0,0,0.00046700620230937824,0.0004636041145990147,0.0,0,0,0,DLG11,0
ab6e929e-7400-4e2c-9fe7-a03237bfe3a3,Data Field,1,0,1,0,0,0,0.00046700620230937824,0.0004636041145990147,0.0,0,0,0,DLG11,0
eb223c85-ac35-40be-a068-378bb4521348,Data Field,1,0,1,0,0,0,0.00046700620230937824,0.0004636041145990147,0.0,0,0,0,DLG11,0
7889e789-7f53-4cab-b249-b9d3c06c669c,Data Field,1,0,1,0,0,0,0.00046700620230937824,0.0004636041145990147,0.0,0,0,0,DLG11,0
65f80633-0a7b-473f-a2f2-ebedc3171606,Data Field,1,0,1,0,0,0,0.00046700620230937824,0.0004636041145990147,0.0,0,0,0,DLG11,0
63ead4a7-2a34-4475-bfdc-43a81d7393fc,Data Field,1,0,1,0,0,0,0.00046700620230937824,0.0004636041145990147,0.0,0,0,0,DLG11,0
66e4e1c3-923e-4fd6-89a8-4b82a0da5d1c,Data Field,1,0,1,0,0,0,0.00046700620230937824,0.0004636041145990147,0.0,0,0,0,DLG11,0
20b296b8-dc24-4c61-a25b-0d3163edc832,Data Field,1,0,1,0,0,0,0.00046700620230937824,0.0004636041145990147,0.0,0,0,0,DLG11,0
689a7707-e974-4a00-89c4-b822c7dc52c3,Data Field,1,0,1,0,0,0,0.00046700620230937824,0.0004636041145990147,0.0,0,0,0,DLG11,0
96ae93c4-6cd7-4f00-addb-4b64d855f238,Data Field,1,0,1,0,0,0,0.00046700620230937824,0.0004636041145990147,0.0,0,0,0,DLG11,0
02f3b9e5-8a60-4c09-892f-3a2ba33c943c,Data Field,1,0,1,0,0,0,0.00046700620230937824,0.0004636041145990147,0.0,0,0,0,DLG11,0
1babbbeb-29c7-4136-bc4c-22115de4edd1,Data Field,1,0,1,0,0,0,0.00046700620230937824,0.0004636041145990147,0.0,0,0,0,DLG11,0
1744bf71-2f02-4dd5-a467-a4b1a1af0fda,Data Job,1,1,2,1,1,0,0.0006655612267621935,0.0008578816525045613,0.0,1,1,0,DLG11,0
11b2053e-dbdf-4296-922a-c6db470e7925,Data Field,1,0,1,0,0,0,0.00046700620230937824,0.0004636041145990147,0.0,0,0,0,DLG11,0
35b1b440-8ace-4f1e-9ba7-6ac82d2eda3e,Data Field,1,0,1,0,0,0,0.00046700620230937824,0.0004636041145990147,0.0,0,0,0,DLG11,0
8cb1dbc9-e56c-4278-9cc2-6e7a1f7e8648,Data Field,1,0,1,0,0,0,0.00046700620230937824,0.0004636041145990147,0.0,0,0,0,DLG11,0
0098cb1e-27ab-4195-9d8d-e648de178c8e,Data Field,1,0,1,0,0,0,0.00046700620230937824,0.0004636041145990147,0.0,0,0,0,DLG11,0
7095f4a1-95d5-4e02-9d99-0ca165717694,Data Field,1,0,1,0,0,0,0.00046700620230937824,0.0004636041145990147,0.0,0,0,0,DLG11,0
c6571ee4-2394-4511-bc69-e112eedbd08f,Data Field,1,0,1,0,0,0,0.00046700620230937824,0.0004636041145990147,0.0,0,0,0,DLG11,0
578ba9ff-0181-493c-8e73-00186eb85191,Data Field,1,0,1,0,0,0,0.00046700620230937824,0.0004636041145990147,0.0,0,0,0,DLG11,0
b94d3440-17c3-45a7-a7bc-85ba664a49b3,Data Job,4,0,4,4,0,0,0.0010874906537244264,0.0004636041145990147,0.0,0,4,0,DLG11,0
29408041-78ca-4fb0-8509-4cbdc16c688a,Data Field,1,0,1,0,0,0,0.00046700620230937824,0.0004636041145990147,0.0,0,0,0,DLG11,0
d2ff4bcc-b7bf-4ca4-bc71-3b54d34c517e,Data Field,1,0,1,0,0,0,0.00046700620230937824,0.0004636041145990147,0.0,0,0,0,DLG11,0
35233b25-4f62-4c35-a3da-164714a4210a,Data Field,1,0,1,0,0,0,0.00046700620230937824,0.0004636041145990147,0.0,0,0,0,DLG11,0
b94412b9-21a9-4bca-8860-5933b084215b,Data Field,1,0,1,0,0,0,0.00046700620230937824,0.0004636041145990147,0.0,0,0,0,DLG11,0
03dbe671-b821-4647-941e-6b866f2c8f6c,Data Field,1,0,1,0,0,0,0.00046700620230937824,0.0004636041145990147,0.0,0,0,0,DLG11,0
9f7671bb-678d-4e66-b3b4-e1414cf35bef,Data Field,1,0,1,0,0,0,0.00046700620230937824,0.0004636041145990147,0.0,0,0,0,DLG11,0
2a45868b-cf71-44f0-a742-d1e69bbb0d43,Data Field,1,0,1,0,0,0,0.00046700620230937824,0.0004636041145990147,0.0,0,0,0,DLG11,0
a7319cf1-9446-4514-a54c-077cd07d9394,Data Field,1,0,1,0,0,0,0.00046700620230937824,0.0004636041145990147,0.0,0,0,0,DLG11,0
467a4f11-f747-4288-90d5-5d0c7a9d4da6,Data Field,1,0,1,0,0,0,0.00046700620230937824,0.0004636041145990147,0.0,0,0,0,DLG11,0
242a8480-5a75-4f47-ba0e-850264619cb5,Data Field,1,0,1,0,0,0,0.00046700620230937824,0.0004636041145990147,0.0,0,0,0,DLG11,0
100c418b-6b87-4da1-b879-5b05e576c378,Data Field,1,0,1,0,0,0,0.00046700620230937824,0.0004636041145990147,0.0,0,0,0,DLG11,0
6522fe87-8450-4e71-a3b4-505125c10071,Data Job,2,1,3,2,1,0,0.0008889356292716108,0.0008578816525045613,4.945598417408506e-06,1,2,0,DLG11,0
b4f523e0-24f0-4e65-a138-d3220d292559,Data Field,1,0,1,0,0,0,0.00046700620230937824,0.0004636041145990147,0.0,0,0,0,DLG11,0
c52e510c-94ad-4203-984d-2715f8e0d61c,Data Field,1,0,1,0,0,0,0.00046700620230937824,0.0004636041145990147,0.0,0,0,0,DLG11,0
be8b49f3-1505-4f80-a0a2-6b03cba34e60,Data Table,1,15,16,1,0,15,0.0010542191110055636,0.0004636041145990147,0.0,0,3,0,DLG11,0
49bb0043-5042-4f67-953b-0b34d8ccd618,Data Field,1,0,1,0,0,0,0.00046700620230937824,0.0004636041145990147,0.0,0,0,0,DLG11,0
fe547ed5-a0eb-4999-89e1-af44d15bf87a,Data Field,1,0,1,0,0,0,0.00046700620230937824,0.0004636041145990147,0.0,0,0,0,DLG11,0
cc2ccae9-da57-4d3d-91ec-69ff956ff20f,Data Field,1,0,1,0,0,0,0.00046700620230937824,0.0004636041145990147,0.0,0,0,0,DLG11,0
f7921531-0a92-4cd9-9452-448e740802ed,Data Field,1,0,1,0,0,0,0.00046700620230937824,0.0004636041145990147,0.0,0,0,0,DLG11,0
49e65364-201a-4d1b-a647-55fb82a8634b,Data Field,1,0,1,0,0,0,0.00046700620230937824,0.0004636041145990147,0.0,0,0,0,DLG11,0
02945088-cb75-4f62-af90-44563798d28d,Data Field,1,0,1,0,0,0,0.00046700620230937824,0.0004636041145990147,0.0,0,0,0,DLG11,0
75e2ad40-6fba-4bfe-8a8e-335f27e9382f,Data Field,1,0,1,0,0,0,0.00046700620230937824,0.0004636041145990147,0.0,0,0,0,DLG11,0
17198a96-d85c-4824-aecf-c16f7edf136d,Data Field,1,0,1,0,0,0,0.00046700620230937824,0.0004636041145990147,0.0,0,0,0,DLG11,0
a7562e93-386b-4cc0-baff-0d6206a1bb52,Data Field,1,0,1,0,0,0,0.00046700620230937824,0.0004636041145990147,0.0,0,0,0,DLG11,0
f7e969ba-f8fc-473f-8620-968ce910e4d3,Data Field,1,0,1,0,0,0,0.00046700620230937824,0.0004636041145990147,0.0,0,0,0,DLG11,0
52c45d77-0c62-4c87-8597-4f40da686634,Data Field,1,0,1,0,0,0,0.00046700620230937824,0.0004636041145990147,0.0,0,0,0,DLG11,0
2dbba6d8-3959-4faf-b4d1-d54614c0cb65,Data Field,1,0,1,0,0,0,0.00046700620230937824,0.0004636041145990147,0.0,0,0,0,DLG11,0
62b6f412-5cbe-4286-8a70-fa3cb733d0dd,Data Field,1,0,1,0,0,0,0.00046700620230937824,0.0004636041145990147,0.0,0,0,0,DLG11,0
1885f404-1d27-4eef-8d6a-6560fd5f8983,Data Field,1,0,1,0,0,0,0.00046700620230937824,0.0004636041145990147,0.0,0,0,0,DLG11,0
4465351a-601a-409e-98e2-4c552b088d05,Data Field,1,0,1,0,0,0,0.00046700620230937824,0.0004636041145990147,0.0,0,0,0,DLG11,0
41b9a884-0ddf-421d-b898-223bc308c450,Data Table,0,8,8,0,1,7,0.00046700620230937824,0.0008285142118866765,0.0,2,0,0,DLG11,0
de431a07-6da7-4e94-86ed-b63993ff3dbe,Data Table,0,36,36,0,1,35,0.00046700620230937824,0.0008285142118866765,0.0,2,0,0,DLG11,0
73f63635-c9d3-4d7b-adf4-8bdd0aa82b0e,Data Field,1,0,1,0,0,0,0.00046700620230937824,0.0004636041145990147,0.0,0,0,0,DLG11,0
03ea16fe-73be-4276-a8e0-480777cd7943,Data Field,1,0,1,0,0,0,0.00046700620230937824,0.0004636041145990147,0.0,0,0,0,DLG11,0
07fa4d48-61a5-4af3-bb18-33f045dd2360,Data Field,1,0,1,0,0,0,0.00046700620230937824,0.0004636041145990147,0.0,0,0,0,DLG11,0
70f56f68-e031-40a6-a02e-9a2a329386b6,Data Field,1,0,1,0,0,0,0.00046700620230937824,0.0004636041145990147,0.0,0,0,0,DLG11,0
c595c76f-60ee-4d1b-b93c-5d414f9aecb4,Data Field,1,0,1,0,0,0,0.00046700620230937824,0.0004636041145990147,0.0,0,0,0,DLG11,0
93a7f759-b10f-4510-bbdd-5d1cac87fb2c,Data Field,1,0,1,0,0,0,0.00046700620230937824,0.0004636041145990147,0.0,0,0,0,DLG11,0
9b9886a0-6788-40c7-b29c-54820d384e84,Data Field,1,0,1,0,0,0,0.00046700620230937824,0.0004636041145990147,0.0,0,0,0,DLG11,0
0729c8ca-0ea9-488c-b84b-d432020686ce,Data Field,1,0,1,0,0,0,0.00046700620230937824,0.0004636041145990147,0.0,0,0,0,DLG11,0
6ef03c80-7d7c-4231-934a-d186aa3f0594,Data Field,1,0,1,0,0,0,0.00046700620230937824,0.0004636041145990147,0.0,0,0,0,DLG11,0
599b0dfb-c7a1-4fc5-9183-b0f0d512f3e9,Data Table,0,19,19,0,2,17,0.00046700620230937824,0.0009327742396831513,0.0,4,0,0,DLG11,0
b455fdea-3805-4425-b352-97842b770393,Data Field,1,0,1,0,0,0,0.00046700620230937824,0.0004636041145990147,0.0,0,0,0,DLG11,0
36e773ff-5078-4b10-8a5d-4796859e0847,Data Field,1,0,1,0,0,0,0.00046700620230937824,0.0004636041145990147,0.0,0,0,0,DLG11,0
bf6eaed9-0bca-4aa0-8b3f-cb0ace33b4b3,Data Field,1,0,1,0,0,0,0.00046700620230937824,0.0004636041145990147,0.0,0,0,0,DLG11,0
73792fdc-04ba-4ca8-a38f-cd4a97857d60,Data Job,2,1,3,2,1,0,0.0006903806048187955,0.0008578816525045613,4.945598417408506e-06,1,2,0,DLG11,0
2c2093d7-1b87-4515-8064-c8972b6ed08f,Data Field,1,0,1,0,0,0,0.00046700620230937824,0.0004636041145990147,0.0,0,0,0,DLG11,0
3b57072b-231f-405d-96ad-830c3a336469,Data Field,1,0,1,0,0,0,0.00046700620230937824,0.0004636041145990147,0.0,0,0,0,DLG11,0
263b490b-21d1-4a74-bf3e-bfee7f52202c,Data Field,1,0,1,0,0,0,0.00046700620230937824,0.0004636041145990147,0.0,0,0,0,DLG11,0
82918cdd-bb4d-442d-830b-ab22364afff7,Data Field,1,0,1,0,0,0,0.00046700620230937824,0.0004636041145990147,0.0,0,0,0,DLG11,0
1e94e068-93a1-4484-9747-9ac71d942827,Data Field,1,0,1,0,0,0,0.00046700620230937824,0.0004636041145990147,0.0,0,0,0,DLG11,0
c46155f1-c945-4759-9b61-26d2978e7a96,Data Field,1,0,1,0,0,0,0.00046700620230937824,0.0004636041145990147,0.0,0,0,0,DLG11,0
8e1d5114-7f11-4504-a2ce-ca3cd1a72f9f,Data Field,1,0,1,0,0,0,0.00046700620230937824,0.0004636041145990147,0.0,0,0,0,DLG11,0
1425edbf-34a8-461c-a992-1dedbd7417c6,Data Field,1,0,1,0,0,0,0.00046700620230937824,0.0004636041145990147,0.0,0,0,0,DLG11,0
f018ec94-1335-486d-b307-27481def7b6e,Data Field,1,0,1,0,0,0,0.00046700620230937824,0.0004636041145990147,0.0,0,0,0,DLG11,0
f0943af3-e46c-4102-a8ec-655c6b2f13ea,Data Field,1,0,1,0,0,0,0.00046700620230937824,0.0004636041145990147,0.0,0,0,0,DLG11,0
89e6a9b0-bb52-48ee-9732-a84a90d79b49,Data Field,1,0,1,0,0,0,0.00046700620230937824,0.0004636041145990147,0.0,0,0,0,DLG11,0
9b369c06-44b4-4465-b49c-30f8217ee6c2,Data Field,1,0,1,0,0,0,0.00046700620230937824,0.0004636041145990147,0.0,0,0,0,DLG11,0
a199dbaa-b073-45c3-b2e5-b538e15e3e63,Data Field,1,0,1,0,0,0,0.00046700620230937824,0.0004636041145990147,0.0,0,0,0,DLG11,0
c31565bb-65b7-4f61-a3d6-8c5c8a99e7ec,Data Field,1,0,1,0,0,0,0.00046700620230937824,0.0004636041145990147,0.0,0,0,0,DLG11,0
7be9acd1-69a0-4f6f-8166-3775cb91c1e8,Data Field,1,0,1,0,0,0,0.00046700620230937824,0.0004636041145990147,0.0,0,0,0,DLG11,0
e51b8900-e0c4-424c-9a93-644f506a7498,Data Field,1,0,1,0,0,0,0.00046700620230937824,0.0004636041145990147,0.0,0,0,0,DLG11,0
4511e24c-85ce-4684-b2c3-112fdc43a317,Data Field,1,0,1,0,0,0,0.00046700620230937824,0.0004636041145990147,0.0,0,0,0,DLG11,0
e31d2ef5-d4b8-49e0-a2a9-d10cce03c22a,Data Table,1,20,21,1,0,20,0.0012231994308193903,0.0004636041145990147,0.0,0,3,0,DLG11,0
11b5d316-a5d8-4dac-802c-442d8a6dba57,Data Field,1,0,1,0,0,0,0.00046700620230937824,0.0004636041145990147,0.0,0,0,0,DLG11,0
b036b05a-792b-44d2-9817-fb0cabf075d5,Data Field,1,0,1,0,0,0,0.00046700620230937824,0.0004636041145990147,0.0,0,0,0,DLG11,0
1c2166a5-0fab-4323-acd0-1b2f1b77cddf,Data Field,1,0,1,0,0,0,0.00046700620230937824,0.0004636041145990147,0.0,0,0,0,DLG11,0
1bf3da15-b039-4413-9396-d7ab0820ad96,Data Field,1,0,1,0,0,0,0.00046700620230937824,0.0004636041145990147,0.0,0,0,0,DLG11,0
1052ccaf-2640-40ae-b496-1ca9e3167428,Data Field,1,0,1,0,0,0,0.00046700620230937824,0.0004636041145990147,0.0,0,0,0,DLG11,0
c5559c27-9ec8-42a7-9ca4-3d5ef6dc946b,Data Field,1,0,1,0,0,0,0.00046700620230937824,0.0004636041145990147,0.0,0,0,0,DLG11,0
c3e26a5d-8e63-4f9b-a8f9-c9f15642844f,Data Table,1,20,21,1,0,20,0.0012231994308193903,0.0004636041145990147,0.0,0,3,0,DLG11,0
46562ea2-afb0-4bb7-86c1-a434c41b3e0c,Data Field,1,0,1,0,0,0,0.00046700620230937824,0.0004636041145990147,0.0,0,0,0,DLG11,0
49000319-5352-4654-a594-a6885bf5647b,Data Field,1,0,1,0,0,0,0.00046700620230937824,0.0004636041145990147,0.0,0,0,0,DLG11,0
19af6227-7658-44cf-9c8e-95656a2a3272,Data Job,2,1,3,2,1,0,0.0008889356292716108,0.0008578816525045613,4.945598417408506e-06,1,2,0,DLG11,0
29133f78-aa7e-4d97-a578-6efef757f985,Data Table,0,24,24,0,16,8,0.00046700620230937824,0.00784812141930688,0.0,51,0,0,DLG11,1
76250215-570a-4b51-b7b3-9ef43ce6ae8b,Data Field,1,0,1,0,0,0,0.00046700620230937824,0.0004636041145990147,0.0,0,0,0,DLG11,0
2189f456-1695-4f55-bfe6-c3b8a56ae702,Data Job,2,1,3,2,1,0,0.0008889356292716108,0.0008578816525045613,4.945598417408506e-06,1,2,0,DLG11,0
c4f09b13-b8c5-4bf9-971d-83b4e5b0ef69,Data Field,1,0,1,0,0,0,0.00046700620230937824,0.0004636041145990147,0.0,0,0,0,DLG11,0
6812a218-b534-4471-b162-1f8e031dc7d7,Data Field,1,0,1,0,0,0,0.00046700620230937824,0.0004636041145990147,0.0,0,0,0,DLG11,0
335d1fd1-7796-41f9-b704-aeb06770b525,Data Field,1,0,1,0,0,0,0.00046700620230937824,0.0004636041145990147,0.0,0,0,0,DLG11,0
6b087feb-d3dc-4f5d-90b0-4d0c6dec3409,Data Field,1,0,1,0,0,0,0.00046700620230937824,0.0004636041145990147,0.0,0,0,0,DLG11,0
d11f7107-7b00-4d68-ad63-4bf199d34be6,Data Field,1,0,1,0,0,0,0.00046700620230937824,0.0004636041145990147,0.0,0,0,0,DLG11,0
399b6ccd-7f39-4149-8697-9fd4aec0d853,Data Field,1,0,1,0,0,0,0.00046700620230937824,0.0004636041145990147,0.0,0,0,0,DLG11,0
20ef1a46-1db0-4283-a7f8-6f2689acba6f,Data Job,2,1,3,2,1,0,0.0008889356292716108,0.0008578816525045613,4.945598417408506e-06,1,2,0,DLG11,0
45e1f1f2-0fd1-4c99-be63-8dda1d81dad8,Data Field,1,0,1,0,0,0,0.00046700620230937824,0.0004636041145990147,0.0,0,0,0,DLG11,0
e4edd81b-66f4-462c-8408-ee762ef15c68,Data Field,1,0,1,0,0,0,0.00046700620230937824,0.0004636041145990147,0.0,0,0,0,DLG11,0
87349da9-4b1c-40ab-9b81-72127948cd10,Data Field,1,0,1,0,0,0,0.00046700620230937824,0.0004636041145990147,0.0,0,0,0,DLG11,0
8e6b970f-ae98-434f-acd2-75f9fd3ba2bc,Data Field,1,0,1,0,0,0,0.00046700620230937824,0.0004636041145990147,0.0,0,0,0,DLG11,0
5b722cd0-32a5-4aaa-9d99-2dce956b3e47,Data Field,1,0,1,0,0,0,0.00046700620230937824,0.0004636041145990147,0.0,0,0,0,DLG11,0
7ae9ff62-1cba-41ad-ba37-a4a44d25f138,Data Field,1,0,1,0,0,0,0.00046700620230937824,0.0004636041145990147,0.0,0,0,0,DLG11,0
02af8997-745f-4ea3-8f7d-2f21cc081666,Data Field,1,0,1,0,0,0,0.00046700620230937824,0.0004636041145990147,0.0,0,0,0,DLG11,0
5eb9b285-684c-4051-a65a-07337337cd19,Data Field,1,0,1,0,0,0,0.00046700620230937824,0.0004636041145990147,0.0,0,0,0,DLG11,0
d7bdf9ae-d11c-45bb-ad8c-a406f0c0a532,Data Field,1,0,1,0,0,0,0.00046700620230937824,0.0004636041145990147,0.0,0,0,0,DLG11,0
8ec93b86-e42d-43c7-ae50-4560473223cc,Data Field,1,0,1,0,0,0,0.00046700620230937824,0.0004636041145990147,0.0,0,0,0,DLG11,0
fb3233c6-2412-40da-89f9-1d1c374bff73,Data Field,1,0,1,0,0,0,0.00046700620230937824,0.0004636041145990147,0.0,0,0,0,DLG11,0
6860d12d-638a-4039-bc9d-7825afe72502,Data Field,1,0,1,0,0,0,0.00046700620230937824,0.0004636041145990147,0.0,0,0,0,DLG11,0
9fd8a9ce-0c66-410a-94af-6b069beb487c,Data Field,1,0,1,0,0,0,0.00046700620230937824,0.0004636041145990147,0.0,0,0,0,DLG11,0
meu62cxe-z2jz-qfch-3x2n-xzzmalttyovi,Data Field,1,0,1,0,0,0,0.00046700620230937824,0.0004636041145990147,0.0,0,0,0,DLG11,0
j84dujrh-gvoz-lewy-0p9u-88kr566z0e3i,Data Field,1,0,1,0,0,0,0.00046700620230937824,0.0004636041145990147,0.0,0,0,0,DLG11,0
uzo572bw-tbfr-85hn-oh8o-tn3y8p6uenr4,Data Field,1,0,1,0,0,0,0.00046700620230937824,0.0004636041145990147,0.0,0,0,0,DLG11,0
dfmhtlmp-dkuz-f12r-rglg-kxegpq27wp81,Data Field,1,0,1,0,0,0,0.00046700620230937824,0.0004636041145990147,0.0,0,0,0,DLG11,0
hwbg9zld-xbcc-js0h-qspf-n8ba6f6b73u6,Data Field,1,0,1,0,0,0,0.00046700620230937824,0.0004636041145990147,0.0,0,0,0,DLG11,0
90zz4so0-76hl-02rb-iv63-umuiehdg2u5w,Data Field,1,0,1,0,0,0,0.00046700620230937824,0.0004636041145990147,0.0,0,0,0,DLG11,0
8y3q16ph-cohd-l198-0rb1-x3d8vjc50l4j,Data Field,1,0,1,0,0,0,0.00046700620230937824,0.0004636041145990147,0.0,0,0,0,DLG11,0
n0r8xcvs-voal-adus-fx82-8oo3wktjeoqm,Data Field,1,0,1,0,0,0,0.00046700620230937824,0.0004636041145990147,0.0,0,0,0,DLG11,0
koq5ym32-rpcy-u8lg-0c0t-qs8zu7j2fwty,Data Field,1,0,1,0,0,0,0.00046700620230937824,0.0004636041145990147,0.0,0,0,0,DLG11,0
oc80mhxy-ujxt-tn1a-ftk8-3yakv7w1xfje,Data Field,1,0,1,0,0,0,0.00046700620230937824,0.0004636041145990147,0.0,0,0,0,DLG11,0
ybypxru7-i7be-um6q-xxov-l3l4mccqplck,Data Field,1,0,1,0,0,0,0.00046700620230937824,0.0004636041145990147,0.0,0,0,0,DLG11,0
i07x7bjj-zy71-rx75-17lg-9klnrfvgnrim,Data Field,1,0,1,0,0,0,0.00046700620230937824,0.0004636041145990147,0.0,0,0,0,DLG11,0
4tvyup8j-6gsk-uorp-wfd0-n0tpvmckz514,Data Field,1,0,1,0,0,0,0.00046700620230937824,0.0004636041145990147,0.0,0,0,0,DLG11,0
6qlfrny4-azcu-y4j6-2e1i-zswkmu4lxmf8,Data Field,1,0,1,0,0,0,0.00046700620230937824,0.0004636041145990147,0.0,0,0,0,DLG11,0
0s21r1es-kk9r-5237-vaan-aypqtuieskxc,Data Field,1,0,1,0,0,0,0.00046700620230937824,0.0004636041145990147,0.0,0,0,0,DLG11,0
vhi76lam-nr5i-dy91-rwpj-qos5rwovfqr9,Data Field,1,0,1,0,0,0,0.00046700620230937824,0.0004636041145990147,0.0,0,0,0,DLG11,0
9xu7hhxx-tz6g-gcso-jxyh-30g9jti0tg08,Data Field,1,0,1,0,0,0,0.00046700620230937824,0.0004636041145990147,0.0,0,0,0,DLG11,0
xmg7x3tc-vlz2-sfz6-wax6-c55r5mr46vy5,Data Field,1,0,1,0,0,0,0.00046700620230937824,0.0004636041145990147,0.0,0,0,0,DLG11,0
nba553jj-dln2-4ilh-jkh4-bd14bsnjrpjd,Data Field,1,0,1,0,0,0,0.00046700620230937824,0.0004636041145990147,0.0,0,0,0,DLG11,0
yc5vu4wq-be14-fcgg-3mjc-utt74mgyjyth,Data Field,1,0,1,0,0,0,0.00046700620230937824,0.0004636041145990147,0.0,0,0,0,DLG11,0
zpu9xwxz-b5ge-9n9q-zogz-opd6w8hccmir,Data Field,1,0,1,0,0,0,0.00046700620230937824,0.0004636041145990147,0.0,0,0,0,DLG11,0
b24ulj95-gfuh-cb1t-l7jj-esrtwshgv6o8,Data Field,1,0,1,0,0,0,0.00046700620230937824,0.0004636041145990147,0.0,0,0,0,DLG11,0
he2klvkb-jrkx-8eof-iz7e-gk9hi04apaoz,Data Field,1,0,1,0,0,0,0.00046700620230937824,0.0004636041145990147,0.0,0,0,0,DLG11,0
zpour3z5-ne9k-2ook-y981-5rn16j9feb8q,Data Field,1,0,1,0,0,0,0.00046700620230937824,0.0004636041145990147,0.0,0,0,0,DLG11,0
5ixn21d7-lqtn-oyni-0v5b-oeflz8nmuvzx,Data Field,1,0,1,0,0,0,0.00046700620230937824,0.0004636041145990147,0.0,0,0,0,DLG11,0
x5sr808q-z1xp-gvsb-luif-g3op9ysbe5jw,Data Field,1,0,1,0,0,0,0.00046700620230937824,0.0004636041145990147,0.0,0,0,0,DLG11,0
ec0a8sv2-uq3u-6u8x-635s-5ogppw3yp8r3,Data Field,1,0,1,0,0,0,0.00046700620230937824,0.0004636041145990147,0.0,0,0,0,DLG11,0
5zy5s3dh-b131-3eb4-l08x-qo939y42iny4,Data Field,1,0,1,0,0,0,0.00046700620230937824,0.0004636041145990147,0.0,0,0,0,DLG11,0
2qdbjys7-tkaa-kg89-hnfy-tr70bcf6e204,Data Field,1,0,1,0,0,0,0.00046700620230937824,0.0004636041145990147,0.0,0,0,0,DLG11,0
6nxzzc0f-hg7m-331y-pvbv-lrsj1u729f6k,Data Field,1,0,1,0,0,0,0.00046700620230937824,0.0004636041145990147,0.0,0,0,0,DLG11,0
r0zl1pdr-picr-7pha-znxl-f6l3uplr66ec,Data Field,1,0,1,0,0,0,0.00046700620230937824,0.0004636041145990147,0.0,0,0,0,DLG11,0
sifrwvts-kdcp-l9xk-0g3p-2r38vh1w7fqj,Data Field,1,0,1,0,0,0,0.00046700620230937824,0.0004636041145990147,0.0,0,0,0,DLG11,0
s7pdvr3w-trar-daa5-btk6-ijzkwu6qninr,Data Field,1,0,1,0,0,0,0.00046700620230937824,0.0004636041145990147,0.0,0,0,0,DLG11,0
jsuu6wxj-6klk-elhc-bk8w-wkto9ag2l9ge,Data Field,1,0,1,0,0,0,0.00046700620230937824,0.0004636041145990147,0.0,0,0,0,DLG11,0
9utys5g3-3dus-so3r-xkoe-hzyd9fr27a60,Data Field,1,0,1,0,0,0,0.00046700620230937824,0.0004636041145990147,0.0,0,0,0,DLG11,0
gjokoq4x-agbb-tmlh-c7od-honcd75zo71f,Data Field,1,0,1,0,0,0,0.00046700620230937824,0.0004636041145990147,0.0,0,0,0,DLG11,0
gyu3potb-5fqr-3mqk-uemq-6eevevi9phsu,Data Field,1,0,1,0,0,0,0.00046700620230937824,0.0004636041145990147,0.0,0,0,0,DLG11,0
c2xfbr7u-g8ag-2egw-i457-x21zcxh5eaxh,Data Field,1,0,1,0,0,0,0.00046700620230937824,0.0004636041145990147,0.0,0,0,0,DLG11,0
1o3in8qg-nvyl-38td-erh8-uwh0zdvgdev7,Data Field,1,0,1,0,0,0,0.00046700620230937824,0.0004636041145990147,0.0,0,0,0,DLG11,0
seeg6qxc-zstv-zzyx-j8xv-dfsz7n8grzw7,Data Field,1,0,1,0,0,0,0.00046700620230937824,0.0004636041145990147,0.0,0,0,0,DLG11,0
wcgepkl3-4yt8-dz3s-7x9g-mtcecc08dbvf,Data Field,1,0,1,0,0,0,0.00046700620230937824,0.0004636041145990147,0.0,0,0,0,DLG11,0
9rggg706-b8r3-kbug-v672-jhh1fmycctrm,Data Field,1,0,1,0,0,0,0.00046700620230937824,0.0004636041145990147,0.0,0,0,0,DLG11,0
sh7jirls-3y1b-08vg-yy8v-ngtnxw27bly2,Data Field,1,0,1,0,0,0,0.00046700620230937824,0.0004636041145990147,0.0,0,0,0,DLG11,0
az665hl8-4n29-37ao-3obi-28hx5bqs1qw4,Data Field,1,0,1,0,0,0,0.00046700620230937824,0.0004636041145990147,0.0,0,0,0,DLG11,0
6yezzcr9-vks0-t0pk-fmo3-zuohzbxt8me4,Data Field,1,0,1,0,0,0,0.00046700620230937824,0.0004636041145990147,0.0,0,0,0,DLG11,0
bs7g01ob-ml0b-kq1i-aqcg-brryuzc8ljub,Data Field,1,0,1,0,0,0,0.00046700620230937824,0.0004636041145990147,0.0,0,0,0,DLG11,0
tf8q5hlr-ga93-61s8-091i-pznuj2y1ueuo,Data Field,1,0,1,0,0,0,0.00046700620230937824,0.0004636041145990147,0.0,0,0,0,DLG11,0
onmp8x5i-6w4e-2301-fizt-5of3rv6u1sch,Data Field,1,0,1,0,0,0,0.00046700620230937824,0.0004636041145990147,0.0,0,0,0,DLG11,0
lg5jy8u6-jtz5-60tp-jbz4-np60d533o91e,Data Field,1,0,1,0,0,0,0.00046700620230937824,0.0004636041145990147,0.0,0,0,0,DLG11,0
o4m3w0al-elbh-950f-j3ns-novmhobzbgqf,Data Field,1,0,1,0,0,0,0.00046700620230937824,0.0004636041145990147,0.0,0,0,0,DLG11,0
ttc0mwj6-blj5-cehr-8vv0-gpikkx4b3ube,Data Field,1,0,1,0,0,0,0.00046700620230937824,0.0004636041145990147,0.0,0,0,0,DLG11,0
enz2e8zt-21na-aml3-3m74-9ytusj6moqj4,Data Field,1,0,1,0,0,0,0.00046700620230937824,0.0004636041145990147,0.0,0,0,0,DLG11,0
898vvqqa-61eg-5izi-2rw7-fsvnv4y8adxv,Data Field,1,0,1,0,0,0,0.00046700620230937824,0.0004636041145990147,0.0,0,0,0,DLG11,0
ees2ne20-9yzc-o1cx-sisz-ghhytmuffa5u,Data Field,1,0,1,0,0,0,0.00046700620230937824,0.0004636041145990147,0.0,0,0,0,DLG11,0
rs4hp9fm-78xc-sxyc-h1kw-kx08dxsns7qv,Data Field,1,0,1,0,0,0,0.00046700620230937824,0.0004636041145990147,0.0,0,0,0,DLG11,0
unk4j2ec-6o38-irvx-qejk-f1yx88rhfpc4,Data Field,1,0,1,0,0,0,0.00046700620230937824,0.0004636041145990147,0.0,0,0,0,DLG11,0
gbv3rzn6-r3z3-pmr9-deee-oo2uirynu6at,Data Field,1,0,1,0,0,0,0.00046700620230937824,0.0004636041145990147,0.0,0,0,0,DLG11,0
3iafxdd4-6ody-opit-43dq-6cdx69z8oelm,Data Field,1,0,1,0,0,0,0.00046700620230937824,0.0004636041145990147,0.0,0,0,0,DLG11,0
z7qaik8q-xpif-06ev-gxcj-gdkzusmaz12d,Data Field,1,0,1,0,0,0,0.00046700620230937824,0.0004636041145990147,0.0,0,0,0,DLG11,0
65i4zdtd-h3lm-yo6d-p2iz-vikcdavd3q6f,Data Field,1,0,1,0,0,0,0.00046700620230937824,0.0004636041145990147,0.0,0,0,0,DLG11,0
e6ykndhb-lrqh-uj7s-zenb-usj1f71pmcvq,Data Field,1,0,1,0,0,0,0.00046700620230937824,0.0004636041145990147,0.0,0,0,0,DLG11,0
3sb9lsmn-3l8i-qiab-7yox-js1qm000azc1,Data Field,1,0,1,0,0,0,0.00046700620230937824,0.0004636041145990147,0.0,0,0,0,DLG11,0
6o2g3hal-t0zk-lhhy-dxn4-y4tlqv901vs1,Data Field,1,0,1,0,0,0,0.00046700620230937824,0.0004636041145990147,0.0,0,0,0,DLG11,0
4ictasrf-165u-wi2t-leet-1p560t2innmg,Data Field,1,0,1,0,0,0,0.00046700620230937824,0.0004636041145990147,0.0,0,0,0,DLG11,0
ry9edvml-ph0g-kx1u-di5v-c4hzeraob568,Data Field,1,0,1,0,0,0,0.00046700620230937824,0.0004636041145990147,0.0,0,0,0,DLG11,0
bxpaglyo-iiuy-yn2f-6nwi-metkcr2pvtfb,Data Field,1,0,1,0,0,0,0.00046700620230937824,0.0004636041145990147,0.0,0,0,0,DLG11,0
9ce6ehuz-vwoh-ggrg-qnn3-o9omp8l7zuhs,Data Field,1,0,1,0,0,0,0.00046700620230937824,0.0004636041145990147,0.0,0,0,0,DLG11,0
pt29moj7-pee6-kqxj-x877-7h59hizm7ghj,Data Field,1,0,1,0,0,0,0.00046700620230937824,0.0004636041145990147,0.0,0,0,0,DLG11,0
dshvvufa-l5tn-jrcv-tc6p-l8x1p9esvbkf,Data Field,1,0,1,0,0,0,0.00046700620230937824,0.0004636041145990147,0.0,0,0,0,DLG11,0
ksduivm0-o94u-wqda-ai2r-904lxyi0eo4z,Data Field,1,0,1,0,0,0,0.00046700620230937824,0.0004636041145990147,0.0,0,0,0,DLG11,0
mpgyfmx7-5fn6-fp10-dein-tm6lgvc5i83a,Data Field,1,0,1,0,0,0,0.00046700620230937824,0.0004636041145990147,0.0,0,0,0,DLG11,0
3qlspepv-uqgt-58nc-ye9q-qma5v4exktfr,Data Field,1,0,1,0,0,0,0.00046700620230937824,0.0004636041145990147,0.0,0,0,0,DLG11,0
nxmqjvf5-2tfc-rh1o-igv2-oqolvovjkis7,Data Field,1,0,1,0,0,0,0.00046700620230937824,0.0004636041145990147,0.0,0,0,0,DLG11,0
vbxg10ck-74ol-y67l-e5mm-4b96gzve3va4,Data Field,1,0,1,0,0,0,0.00046700620230937824,0.0004636041145990147,0.0,0,0,0,DLG11,0
tnzfewmp-7z08-59hf-g3xy-dh6dl6uianle,Data Field,1,0,1,0,0,0,0.00046700620230937824,0.0004636041145990147,0.0,0,0,0,DLG11,0
kg25bapl-yyqu-0dtq-wyry-q0psnkg9rd33,Data Field,1,0,1,0,0,0,0.00046700620230937824,0.0004636041145990147,0.0,0,0,0,DLG11,0
xcbz4zxq-thsw-a20q-q4c5-owuz471wrkzv,Data Field,1,0,1,0,0,0,0.00046700620230937824,0.0004636041145990147,0.0,0,0,0,DLG11,0
70675tz1-lpdx-uaug-k7zw-6vzcqawb4qdl,Data Field,1,0,1,0,0,0,0.00046700620230937824,0.0004636041145990147,0.0,0,0,0,DLG11,0
0ru926re-jmdm-irf7-wg7q-7r3imahhchnu,Data Field,1,0,1,0,0,0,0.00046700620230937824,0.0004636041145990147,0.0,0,0,0,DLG11,0
b5kbjk2z-ga6k-j4hz-0g3c-ovsy2w1132jc,Data Field,1,0,1,0,0,0,0.00046700620230937824,0.0004636041145990147,0.0,0,0,0,DLG11,0
o3r9jn03-j9jh-1n5k-o63t-pcui9brehh93,Data Field,1,0,1,0,0,0,0.00046700620230937824,0.0004636041145990147,0.0,0,0,0,DLG11,0
iybp9uw3-j19w-baia-nwcs-x1dckq8l5v3b,Data Field,1,0,1,0,0,0,0.00046700620230937824,0.0004636041145990147,0.0,0,0,0,DLG11,0
5qq8lxvx-7xtl-qsi2-ssyn-vqmau0jqwb7i,Data Field,1,0,1,0,0,0,0.00046700620230937824,0.0004636041145990147,0.0,0,0,0,DLG11,0
nw1urcs0-qqzo-qygz-be03-qynlusv8kkzc,Data Field,1,0,1,0,0,0,0.00046700620230937824,0.0004636041145990147,0.0,0,0,0,DLG11,0
t3frjsqt-xg9f-sp84-5ons-t8dtb4n4k8ho,Data Field,1,0,1,0,0,0,0.00046700620230937824,0.0004636041145990147,0.0,0,0,0,DLG11,0
c25okyc3-ie5u-qvek-kqdi-te54ah88wuhu,Data Field,1,0,1,0,0,0,0.00046700620230937824,0.0004636041145990147,0.0,0,0,0,DLG11,0
jgzwq6oe-3i4p-n3j2-7qjy-qo9ikabsq4lz,Data Field,1,0,1,0,0,0,0.00046700620230937824,0.0004636041145990147,0.0,0,0,0,DLG11,0
q5sarmx2-a480-o1oa-3p7g-ezds3m5gyl5y,Data Field,1,0,1,0,0,0,0.00046700620230937824,0.0004636041145990147,0.0,0,0,0,DLG11,0
l8853iou-2ptq-jpfh-ndt0-69x9wbv35t0u,Data Field,1,0,1,0,0,0,0.00046700620230937824,0.0004636041145990147,0.0,0,0,0,DLG11,0
qiu4tzjb-p7tt-tf69-awl2-4nzbm7o3u13n,Data Field,1,0,1,0,0,0,0.00046700620230937824,0.0004636041145990147,0.0,0,0,0,DLG11,0
2n6yvyu7-02mx-urlu-t515-a50if48ajlkb,Data Field,1,0,1,0,0,0,0.00046700620230937824,0.0004636041145990147,0.0,0,0,0,DLG11,0
j0zg0zln-63af-0lrt-i1qg-qlbn0hnqnsw3,Data Field,1,0,1,0,0,0,0.00046700620230937824,0.0004636041145990147,0.0,0,0,0,DLG11,0
rqudk3by-x8k2-tf57-2dcp-jtwcnmuja61d,Data Field,1,0,1,0,0,0,0.00046700620230937824,0.0004636041145990147,0.0,0,0,0,DLG11,0
h391u0kk-fbx0-6bau-779g-tmoushl0kgtb,Data Field,1,0,1,0,0,0,0.00046700620230937824,0.0004636041145990147,0.0,0,0,0,DLG11,0
na1vz82r-qeu9-gh6f-ban7-jzrd163r4e02,Data Field,1,0,1,0,0,0,0.00046700620230937824,0.0004636041145990147,0.0,0,0,0,DLG11,0
1poyt6av-ogcz-4dy4-lu1k-frssncgzzyiy,Data Field,1,0,1,0,0,0,0.00046700620230937824,0.0004636041145990147,0.0,0,0,0,DLG11,0
uca9zuvy-1o6x-vnp1-e48r-0ogf59mgg64a,Data Field,1,0,1,0,0,0,0.00046700620230937824,0.0004636041145990147,0.0,0,0,0,DLG11,0
o0a16kz6-vgfo-fqio-6i4p-g7ae5zrgy9kh,Data Field,1,0,1,0,0,0,0.00046700620230937824,0.0004636041145990147,0.0,0,0,0,DLG11,0
ld1afbvl-0tvt-em16-ac3u-e38tcjlsonwh,Data Field,1,0,1,0,0,0,0.00046700620230937824,0.0004636041145990147,0.0,0,0,0,DLG11,0
8ux42quz-o60k-8p2o-gs9c-i6zfv0djlrng,Data Field,1,0,1,0,0,0,0.00046700620230937824,0.0004636041145990147,0.0,0,0,0,DLG11,0
jkdc3ltu-bpsv-asx1-neg5-mj84oi6ohqxm,Data Field,1,0,1,0,0,0,0.00046700620230937824,0.0004636041145990147,0.0,0,0,0,DLG11,0
8bumnzsb-59yl-pvlb-sfy8-813snsfkd2pw,Data Field,1,0,1,0,0,0,0.00046700620230937824,0.0004636041145990147,0.0,0,0,0,DLG11,0
5ejakrhk-xhnb-uriz-gcc1-3kky22w4rtpe,Data Field,1,0,1,0,0,0,0.00046700620230937824,0.0004636041145990147,0.0,0,0,0,DLG11,0
8baxbk03-238q-sa2m-dqg0-zs8yy7svv6gb,Data Field,1,0,1,0,0,0,0.00046700620230937824,0.0004636041145990147,0.0,0,0,0,DLG11,0
z44cjd3a-t15s-5ode-xe2j-7mwy0jm9o6dy,Data Field,1,0,1,0,0,0,0.00046700620230937824,0.0004636041145990147,0.0,0,0,0,DLG11,0
mnru7dlt-r9rx-ry4g-kvan-4okkwnnnd97q,Data Field,1,0,1,0,0,0,0.00046700620230937824,0.0004636041145990147,0.0,0,0,0,DLG11,0
mofka437-3arz-2q5h-hdey-vaut7yries1l,Data Field,1,0,1,0,0,0,0.00046700620230937824,0.0004636041145990147,0.0,0,0,0,DLG11,0
b93f7r56-8631-u7m6-keah-rnrlarfflpcz,Data Field,1,0,1,0,0,0,0.00046700620230937824,0.0004636041145990147,0.0,0,0,0,DLG11,0
ifzwan94-okzp-xf6p-12o6-aec2lusv8v9e,Data Field,1,0,1,0,0,0,0.00046700620230937824,0.0004636041145990147,0.0,0,0,0,DLG11,0
muqo6ity-urv8-bq9m-fdy1-wf13i3zr9pnj,Data Field,1,0,1,0,0,0,0.00046700620230937824,0.0004636041145990147,0.0,0,0,0,DLG11,0
ld4bv8mf-dld9-4w9n-yjek-junnsw3bxwux,Data Field,1,0,1,0,0,0,0.00046700620230937824,0.0004636041145990147,0.0,0,0,0,DLG11,0
w59z1mfd-y43f-m3z9-0lvn-i4v71gs2pq81,Data Field,1,0,1,0,0,0,0.00046700620230937824,0.0004636041145990147,0.0,0,0,0,DLG11,0
o4cpjkr4-321c-jxu1-3m5r-am5xp0dgzpqw,Data Field,1,0,1,0,0,0,0.00046700620230937824,0.0004636041145990147,0.0,0,0,0,DLG11,0
pcqn2af4-ptr6-t9pk-pauh-uuouiae06fpv,Data Field,1,0,1,0,0,0,0.00046700620230937824,0.0004636041145990147,0.0,0,0,0,DLG11,0
x1es71k4-h292-mcef-51ox-pakknj1agz94,Data Field,1,0,1,0,0,0,0.00046700620230937824,0.0004636041145990147,0.0,0,0,0,DLG11,0
rl8bo41q-qc29-ri7a-31ew-igj8iceq0nq6,Data Field,1,0,1,0,0,0,0.00046700620230937824,0.0004636041145990147,0.0,0,0,0,DLG11,0
lj022u34-0gyi-0wze-hg0t-ybrsop02jgck,Data Field,1,0,1,0,0,0,0.00046700620230937824,0.0004636041145990147,0.0,0,0,0,DLG11,0
apudsvgq-9du4-56oa-5p7e-ctcql7ycck4f,Data Field,1,0,1,0,0,0,0.00046700620230937824,0.0004636041145990147,0.0,0,0,0,DLG11,0
4lublmc3-pon0-hqj0-4mwl-5dpz2hdxglc3,Data Field,1,0,1,0,0,0,0.00046700620230937824,0.0004636041145990147,0.0,0,0,0,DLG11,0
15vrri6y-u7wc-pdvt-9lax-a9tmrxltco8q,Data Field,1,0,1,0,0,0,0.00046700620230937824,0.0004636041145990147,0.0,0,0,0,DLG11,0
fjftij5g-3je1-qmpe-fu58-zt1rjav139s4,Data Field,1,0,1,0,0,0,0.00046700620230937824,0.0004636041145990147,0.0,0,0,0,DLG11,0
e8pyr4l5-dpc6-1aek-jlkh-toipru94ayon,Data Field,1,0,1,0,0,0,0.00046700620230937824,0.0004636041145990147,0.0,0,0,0,DLG11,0
pyg9m5m7-463o-6e1f-ympc-1kvwvsuscdi4,Data Field,1,0,1,0,0,0,0.00046700620230937824,0.0004636041145990147,0.0,0,0,0,DLG11,0
bqevdg7g-8gkv-mq8v-qqv1-ldg8uri80inv,Data Field,1,0,1,0,0,0,0.00046700620230937824,0.0004636041145990147,0.0,0,0,0,DLG11,0
80oz11f4-logj-lq97-8lyu-krma7o6ivvyl,Data Field,1,0,1,0,0,0,0.00046700620230937824,0.0004636041145990147,0.0,0,0,0,DLG11,0
mk3326pw-fh20-m302-daa0-0m66slvbldwn,Data Field,1,0,1,0,0,0,0.00046700620230937824,0.0004636041145990147,0.0,0,0,0,DLG11,0
8p0fsrks-eyvi-31ey-j48p-dvhqp49y3d3m,Data Field,1,0,1,0,0,0,0.00046700620230937824,0.0004636041145990147,0.0,0,0,0,DLG11,0
94yj79h5-mra5-38t7-kiit-di36b8wuzr6j,Data Field,1,0,1,0,0,0,0.00046700620230937824,0.0004636041145990147,0.0,0,0,0,DLG11,0
3phfqjpn-vy9o-wj0p-ynn7-bautoggx2fge,Data Field,1,0,1,0,0,0,0.00046700620230937824,0.0004636041145990147,0.0,0,0,0,DLG11,0
sla99tvd-6rd9-ozh3-fw63-6c5zvk1jdu2w,Data Field,1,0,1,0,0,0,0.00046700620230937824,0.0004636041145990147,0.0,0,0,0,DLG11,0
hh2jeprb-tbdh-albh-d51p-atf97lezpyfq,Data Field,1,0,1,0,0,0,0.00046700620230937824,0.0004636041145990147,0.0,0,0,0,DLG11,0
4kpm7cl4-7gbc-4hhl-bhxp-1gjxww50tyqt,Data Field,1,0,1,0,0,0,0.00046700620230937824,0.0004636041145990147,0.0,0,0,0,DLG11,0
x68r2ffh-sik5-zs04-649q-o56m7xc9yazg,Data Field,1,0,1,0,0,0,0.00046700620230937824,0.0004636041145990147,0.0,0,0,0,DLG11,0
89ev4e7f-es0f-7t0r-zaug-8awexkm1uqj1,Data Field,1,0,1,0,0,0,0.00046700620230937824,0.0004636041145990147,0.0,0,0,0,DLG11,0
7ikv650z-ccwf-1dbm-nrzg-538wsxm8tfra,Data Field,1,0,1,0,0,0,0.00046700620230937824,0.0004636041145990147,0.0,0,0,0,DLG11,0
l840qo19-wdrg-pxj7-jjf8-d5svfi6dsenq,Data Field,1,0,1,0,0,0,0.00046700620230937824,0.0004636041145990147,0.0,0,0,0,DLG11,0
9wsy04th-dq7q-xrwk-15s9-cdbnkuauyf5t,Data Field,1,0,1,0,0,0,0.00046700620230937824,0.0004636041145990147,0.0,0,0,0,DLG11,0
qndci1nc-pc8e-5kbd-hw9a-yjykrcvrvzcz,Data Field,1,0,1,0,0,0,0.00046700620230937824,0.0004636041145990147,0.0,0,0,0,DLG11,0
fxproh5c-c9o6-rqyi-zt9r-ya81sh60mhpe,Data Field,1,0,1,0,0,0,0.00046700620230937824,0.0004636041145990147,0.0,0,0,0,DLG11,0
t6wr1bjx-fdom-6gm9-awoh-pk9n32ye1ssz,Data Field,1,0,1,0,0,0,0.00046700620230937824,0.0004636041145990147,0.0,0,0,0,DLG11,0
7jy0yj9t-co1f-lt2b-ul52-v58iwxule3ri,Data Field,1,0,1,0,0,0,0.00046700620230937824,0.0004636041145990147,0.0,0,0,0,DLG11,0
2tim83be-ecjf-1oyz-h4gr-m9l18ky7yvid,Data Field,1,0,1,0,0,0,0.00046700620230937824,0.0004636041145990147,0.0,0,0,0,DLG11,0
ejwgmh99-2k9o-sacz-zt33-rem7xji32ygo,Data Field,1,0,1,0,0,0,0.00046700620230937824,0.0004636041145990147,0.0,0,0,0,DLG11,0
zx7ensva-ciyg-thzq-tdbo-0obl97yfis02,Data Field,1,0,1,0,0,0,0.00046700620230937824,0.0004636041145990147,0.0,0,0,0,DLG11,0
kbwxsqsk-4a7r-bbyz-5maz-tke2hdneutn5,Data Field,1,0,1,0,0,0,0.00046700620230937824,0.0004636041145990147,0.0,0,0,0,DLG11,0
lyap1x5o-o72t-1fxh-3vi4-baq17toprwj6,Data Field,1,0,1,0,0,0,0.00046700620230937824,0.0004636041145990147,0.0,0,0,0,DLG11,0
iwthaeoj-r4mb-ijba-o7vi-t03y8vzf22vo,Data Field,1,0,1,0,0,0,0.00046700620230937824,0.0004636041145990147,0.0,0,0,0,DLG11,0
upv2n3le-q2m0-o0ki-l1el-bzj2516jsv9n,Data Field,1,0,1,0,0,0,0.00046700620230937824,0.0004636041145990147,0.0,0,0,0,DLG11,0
ji0vil62-8ywq-rck4-dso5-ubfvhftnauym,Data Field,1,0,1,0,0,0,0.00046700620230937824,0.0004636041145990147,0.0,0,0,0,DLG11,0
m3o82z97-pqvc-1c4t-6w9x-e47ma6dthwdi,Data Field,1,0,1,0,0,0,0.00046700620230937824,0.0004636041145990147,0.0,0,0,0,DLG11,0
e1zuzo0k-6m3h-p394-jcb9-8o6u4cby0600,Data Field,1,0,1,0,0,0,0.00046700620230937824,0.0004636041145990147,0.0,0,0,0,DLG11,0
4gdx3of2-amed-44tn-o983-6zwntx396465,Data Field,1,0,1,0,0,0,0.00046700620230937824,0.0004636041145990147,0.0,0,0,0,DLG11,0
lxq9x1h3-0pw3-5vso-pj6a-z6f26junhrzc,Data Field,1,0,1,0,0,0,0.00046700620230937824,0.0004636041145990147,0.0,0,0,0,DLG11,0
ds4542kk-6t8d-mhtw-2bbk-sc4bm2yzet7f,Data Field,1,0,1,0,0,0,0.00046700620230937824,0.0004636041145990147,0.0,0,0,0,DLG11,0
setoldfl-6pwc-y1th-565o-rgenhtbge0b4,Data Field,1,0,1,0,0,0,0.00046700620230937824,0.0004636041145990147,0.0,0,0,0,DLG11,0
3s5ox3d5-9g8d-l6w6-x52j-cadmghdj7dgt,Data Field,1,0,1,0,0,0,0.00046700620230937824,0.0004636041145990147,0.0,0,0,0,DLG11,0
vkyi13l1-nw52-raud-ex2l-srarpuoz63cp,Data Field,1,0,1,0,0,0,0.00046700620230937824,0.0004636041145990147,0.0,0,0,0,DLG11,0
ri8oyuh0-dpzp-7ov9-3rs4-g49d4kpjy2zl,Data Field,1,0,1,0,0,0,0.00046700620230937824,0.0004636041145990147,0.0,0,0,0,DLG11,0
t41k9s5h-n0y9-0c52-yikg-ixdf77olql20,Data Field,1,0,1,0,0,0,0.00046700620230937824,0.0004636041145990147,0.0,0,0,0,DLG11,0
uawcnbg8-leh3-gtaq-0gtm-vmy9ayknk1mz,Data Field,1,0,1,0,0,0,0.00046700620230937824,0.0004636041145990147,0.0,0,0,0,DLG11,0
hkidw1ms-w8kp-ox1e-ll74-ipit1qu50rcs,Data Field,1,0,1,0,0,0,0.00046700620230937824,0.0004636041145990147,0.0,0,0,0,DLG11,0
22zsfwyu-2ac5-dp1j-edqe-1w6n0eppd65g,Data Field,1,0,1,0,0,0,0.00046700620230937824,0.0004636041145990147,0.0,0,0,0,DLG11,0
6vpt3nu6-z0hv-uh4r-xsxu-3z8lgsvygosn,Data Field,1,0,1,0,0,0,0.00046700620230937824,0.0004636041145990147,0.0,0,0,0,DLG11,0
s2acbyqh-dgry-7qix-frun-hvsoczgnrkz5,Data Field,1,0,1,0,0,0,0.00046700620230937824,0.0004636041145990147,0.0,0,0,0,DLG11,0
1ydtamzd-ckog-wfvr-0heb-5ro3o8cb5yqj,Data Field,1,0,1,0,0,0,0.00046700620230937824,0.0004636041145990147,0.0,0,0,0,DLG11,0
7sl41g4t-cntg-5gji-76s2-wayi1xd6d9sh,Data Field,1,0,1,0,0,0,0.00046700620230937824,0.0004636041145990147,0.0,0,0,0,DLG11,0
fnyyh1yy-5qym-s63h-jysx-c499x278xnv4,Data Field,1,0,1,0,0,0,0.00046700620230937824,0.0004636041145990147,0.0,0,0,0,DLG11,0
uv52wb70-700g-1fkk-dj4a-vm7iazksuteh,Data Field,1,0,1,0,0,0,0.00046700620230937824,0.0004636041145990147,0.0,0,0,0,DLG11,0
zm623r0j-dsze-ymsr-qear-716v9iov43ji,Data Field,1,0,1,0,0,0,0.00046700620230937824,0.0004636041145990147,0.0,0,0,0,DLG11,0
49vo2y81-7bnr-f2sr-0qvl-rwr518egl2qc,Data Field,1,0,1,0,0,0,0.00046700620230937824,0.0004636041145990147,0.0,0,0,0,DLG11,0
4yq4g16p-jcci-x0o7-7wpt-v8ezgjmg70sl,Data Field,1,0,1,0,0,0,0.00046700620230937824,0.0004636041145990147,0.0,0,0,0,DLG11,0
f5798pm4-sx2b-xhsm-fdbm-n8xltltbk8qy,Data Field,1,0,1,0,0,0,0.00046700620230937824,0.0004636041145990147,0.0,0,0,0,DLG11,0
uxtwtwl2-mkvn-cyrt-dw2v-sjjxtn3nx8o1,Data Field,1,0,1,0,0,0,0.00046700620230937824,0.0004636041145990147,0.0,0,0,0,DLG11,0
5asn9fao-3iwy-03lp-ah9j-27mvmrf2i27v,Data Field,1,0,1,0,0,0,0.00046700620230937824,0.0004636041145990147,0.0,0,0,0,DLG11,0
abre5mip-h4kd-7n1k-csj7-mznsixvrlt5z,Data Field,1,0,1,0,0,0,0.00046700620230937824,0.0004636041145990147,0.0,0,0,0,DLG11,0
4o6gm4kh-dv5g-207s-gpt7-3l1xmyb32clx,Data Field,1,0,1,0,0,0,0.00046700620230937824,0.0004636041145990147,0.0,0,0,0,DLG11,0
ol8krxlf-1wt1-u7ld-chst-w7l1yutpglnp,Data Field,1,0,1,0,0,0,0.00046700620230937824,0.0004636041145990147,0.0,0,0,0,DLG11,0
w99qaxal-zas1-6lya-sj16-3pflaqdhup0p,Data Field,1,0,1,0,0,0,0.00046700620230937824,0.0004636041145990147,0.0,0,0,0,DLG11,0
x1v9pro0-1a1m-js6e-9t53-gxj5s5y9z3dg,Data Field,1,0,1,0,0,0,0.00046700620230937824,0.0004636041145990147,0.0,0,0,0,DLG11,0
0w5qosai-96ui-oyke-rzdg-28u3nlp90w4v,Data Field,1,0,1,0,0,0,0.00046700620230937824,0.0004636041145990147,0.0,0,0,0,DLG11,0
4t9szv9t-5xrz-1tmu-ruww-wwrzyfqok5b2,Data Field,1,0,1,0,0,0,0.00046700620230937824,0.0004636041145990147,0.0,0,0,0,DLG11,0
mhaa62i6-0g43-xxqe-8fay-n9zqyf1g1bzs,Data Field,1,0,1,0,0,0,0.00046700620230937824,0.0004636041145990147,0.0,0,0,0,DLG11,0
4e93imp6-hn3p-wcj7-cut2-rrnsaxs5e9np,Data Field,1,0,1,0,0,0,0.00046700620230937824,0.0004636041145990147,0.0,0,0,0,DLG11,0
kytejopc-7qa2-rhnz-nc4f-tkkabejoo8qr,Data Field,1,0,1,0,0,0,0.00046700620230937824,0.0004636041145990147,0.0,0,0,0,DLG11,0
3s7dh4p1-uqo2-laef-7bjy-g9niqiod9a8p,Data Field,1,0,1,0,0,0,0.00046700620230937824,0.0004636041145990147,0.0,0,0,0,DLG11,0
qe84t0y9-ni8d-5riy-j5ul-cg6cb25jp8vj,Data Field,1,0,1,0,0,0,0.00046700620230937824,0.0004636041145990147,0.0,0,0,0,DLG11,0
r0znpcbu-v9b3-3abh-sa6q-s5j1007v04kt,Data Field,1,0,1,0,0,0,0.00046700620230937824,0.0004636041145990147,0.0,0,0,0,DLG11,0
2p0xv56o-i52v-tb9e-1ypo-5ajsw0e4nsuf,Data Field,1,0,1,0,0,0,0.00046700620230937824,0.0004636041145990147,0.0,0,0,0,DLG11,0
sbiywz6a-szbf-90j1-6z5k-jvhv1ft13oy6,Data Field,1,0,1,0,0,0,0.00046700620230937824,0.0004636041145990147,0.0,0,0,0,DLG11,0
5mmwo5wm-obtg-vk2h-trsc-0iprgusjkktp,Data Field,1,0,1,0,0,0,0.00046700620230937824,0.0004636041145990147,0.0,0,0,0,DLG11,0
hoqrzdou-ivps-60a0-hr9h-oy1tlzuf5rg6,Data Field,1,0,1,0,0,0,0.00046700620230937824,0.0004636041145990147,0.0,0,0,0,DLG11,0
k7uk6j92-rfnq-6zmm-ko7p-c6lzyxvu2v9b,Data Field,1,0,1,0,0,0,0.00046700620230937824,0.0004636041145990147,0.0,0,0,0,DLG11,0
39q75pmn-748s-b0lg-fopl-bmygtifk01pd,Data Field,1,0,1,0,0,0,0.00046700620230937824,0.0004636041145990147,0.0,0,0,0,DLG11,0
qo7yyz1z-c8yv-lzhc-9m9f-gxspzqcqadyc,Data Field,1,0,1,0,0,0,0.00046700620230937824,0.0004636041145990147,0.0,0,0,0,DLG11,0
32yup8zs-d9me-y6q0-ujpz-o7ocwy0e1nqn,Data Field,1,0,1,0,0,0,0.00046700620230937824,0.0004636041145990147,0.0,0,0,0,DLG11,0
4sgkp7aw-dvd4-xy3h-rsk9-kze6mw0k8hxw,Data Field,1,0,1,0,0,0,0.00046700620230937824,0.0004636041145990147,0.0,0,0,0,DLG11,0
ll4hwh85-u1fb-we6m-nm7q-zalpxmxytyxe,Data Field,1,0,1,0,0,0,0.00046700620230937824,0.0004636041145990147,0.0,0,0,0,DLG11,0
bbv6g21d-9a25-dygg-sw3z-hoimgwa08kiv,Data Field,1,0,1,0,0,0,0.00046700620230937824,0.0004636041145990147,0.0,0,0,0,DLG11,0
l71ozcp5-n71e-457t-9gp0-7npqmvqu1bfy,Data Field,1,0,1,0,0,0,0.00046700620230937824,0.0004636041145990147,0.0,0,0,0,DLG11,0
qt1j3hzv-paoq-92zi-4h0h-ijro21kghfmo,Data Field,1,0,1,0,0,0,0.00046700620230937824,0.0004636041145990147,0.0,0,0,0,DLG11,0
60n0vwmm-1uwh-ojui-ssgx-xlw67oja53b2,Data Field,1,0,1,0,0,0,0.00046700620230937824,0.0004636041145990147,0.0,0,0,0,DLG11,0
8aa0ioat-r8kx-3jx6-8mwg-l2r4zesn00z6,Data Field,1,0,1,0,0,0,0.00046700620230937824,0.0004636041145990147,0.0,0,0,0,DLG11,0
jg82jpjj-j08b-t9g4-1te8-fcukgesli6m6,Data Field,1,0,1,0,0,0,0.00046700620230937824,0.0004636041145990147,0.0,0,0,0,DLG11,0
2x2is0ew-vjl4-d4s3-ji9a-6vf73hh5uu9n,Data Field,1,0,1,0,0,0,0.00046700620230937824,0.0004636041145990147,0.0,0,0,0,DLG11,0
b8p8ki9j-c9ms-oebp-hskn-t3m2r2s29jtd,Data Field,1,0,1,0,0,0,0.00046700620230937824,0.0004636041145990147,0.0,0,0,0,DLG11,0
gg6rq04g-s3jz-pafm-4kfk-t1zwafzbaj5q,Data Field,1,0,1,0,0,0,0.00046700620230937824,0.0004636041145990147,0.0,0,0,0,DLG11,0
v5cqmee8-mlr0-xb8j-hj6y-81isqox5uo7a,Data Field,1,0,1,0,0,0,0.00046700620230937824,0.0004636041145990147,0.0,0,0,0,DLG11,0
usvczimf-3wlo-antz-amgo-192446v4zgkw,Data Field,1,0,1,0,0,0,0.00046700620230937824,0.0004636041145990147,0.0,0,0,0,DLG11,0
oxfsghhy-bigh-vw3g-j05n-weo697b8nger,Data Field,1,0,1,0,0,0,0.00046700620230937824,0.0004636041145990147,0.0,0,0,0,DLG11,0
e9wbs7go-8lh2-bzxt-htqr-i1ae3ntma0t7,Data Field,1,0,1,0,0,0,0.00046700620230937824,0.0004636041145990147,0.0,0,0,0,DLG11,0
qko8vsko-hstz-9uan-zofn-ba7v7d7dhf8h,Data Field,1,0,1,0,0,0,0.00046700620230937824,0.0004636041145990147,0.0,0,0,0,DLG11,0
ww9408pt-g873-h34e-ekek-ee6pfgjg0bvp,Data Field,1,0,1,0,0,0,0.00046700620230937824,0.0004636041145990147,0.0,0,0,0,DLG11,0
1tu5oa5d-y27e-1xs9-4wr2-rd2wyb5bzpap,Data Field,1,0,1,0,0,0,0.00046700620230937824,0.0004636041145990147,0.0,0,0,0,DLG11,0
huo4qk74-mryr-cfvh-8rs1-pi2chrokgkel,Data Field,1,0,1,0,0,0,0.00046700620230937824,0.0004636041145990147,0.0,0,0,0,DLG11,0
de0pgs0l-qrex-ycvv-w5go-0yk4tqvj3gmx,Data Field,1,0,1,0,0,0,0.00046700620230937824,0.0004636041145990147,0.0,0,0,0,DLG11,0
ldnexjqk-xe4u-p2vp-b0sy-wczw0ygb3w08,Data Field,1,0,1,0,0,0,0.00046700620230937824,0.0004636041145990147,0.0,0,0,0,DLG11,0
ugmmpbh6-xdzm-4pwh-xq9e-ge44yjlr92ls,Data Field,1,0,1,0,0,0,0.00046700620230937824,0.0004636041145990147,0.0,0,0,0,DLG11,0
ig8cizjw-fq7d-vshk-roh3-62mk9veem1iv,Data Field,1,0,1,0,0,0,0.00046700620230937824,0.0004636041145990147,0.0,0,0,0,DLG11,0
elqvu0b7-1iw8-qjty-omjm-8syn2a5aocx2,Data Field,1,0,1,0,0,0,0.00046700620230937824,0.0004636041145990147,0.0,0,0,0,DLG11,0
v92avxmb-cj44-78xq-3ya8-hx7t4ap0oinr,Data Field,1,0,1,0,0,0,0.00046700620230937824,0.0004636041145990147,0.0,0,0,0,DLG11,0
a42lhfqy-y8jt-17q7-baa2-d6zdc4kltie1,Data Field,1,0,1,0,0,0,0.00046700620230937824,0.0004636041145990147,0.0,0,0,0,DLG11,0
2x1g56ao-ipki-3ygi-cjvd-l2cfxfpz4aod,Data Field,1,0,1,0,0,0,0.00046700620230937824,0.0004636041145990147,0.0,0,0,0,DLG11,0
wg9xltbs-tkfx-hccr-l1cp-gr98pjs16q03,Data Field,1,0,1,0,0,0,0.00046700620230937824,0.0004636041145990147,0.0,0,0,0,DLG11,0
idp9l2t7-gldh-uekn-98hc-golx6kq0hxr4,Data Field,1,0,1,0,0,0,0.00046700620230937824,0.0004636041145990147,0.0,0,0,0,DLG11,0
sbicdxiu-68m8-chdc-gil1-5j2iq8lioi4p,Data Field,1,0,1,0,0,0,0.00046700620230937824,0.0004636041145990147,0.0,0,0,0,DLG11,0
9xf4a0ky-g1ub-4i0g-fwr2-chaazunl6a5t,Data Field,1,0,1,0,0,0,0.00046700620230937824,0.0004636041145990147,0.0,0,0,0,DLG11,0
45xkj9fg-2hft-1kdu-fzet-fru8ofp5cqg8,Data Field,1,0,1,0,0,0,0.00046700620230937824,0.0004636041145990147,0.0,0,0,0,DLG11,0
ria7ipfh-qbex-evyh-mjhs-hhn2d5qhpy5s,Data Field,1,0,1,0,0,0,0.00046700620230937824,0.0004636041145990147,0.0,0,0,0,DLG11,0
wbjfhvmb-ubsu-053i-9k36-gsz3gxeukfjk,Data Field,1,0,1,0,0,0,0.00046700620230937824,0.0004636041145990147,0.0,0,0,0,DLG11,0
i2am5i88-oohm-886a-7i2s-nlxwfpapdewt,Data Field,1,0,1,0,0,0,0.00046700620230937824,0.0004636041145990147,0.0,0,0,0,DLG11,0
kys90fm7-un1d-ba6y-hbvv-jvgzlpj8l7pf,Data Field,1,0,1,0,0,0,0.00046700620230937824,0.0004636041145990147,0.0,0,0,0,DLG11,0
hfu94g87-c6y1-3tze-uhvq-c9gwvesy0be8,Data Field,1,0,1,0,0,0,0.00046700620230937824,0.0004636041145990147,0.0,0,0,0,DLG11,0
jiaey5lu-2e3v-mhww-tcuw-sbmxti3lf5s7,Data Field,1,0,1,0,0,0,0.00046700620230937824,0.0004636041145990147,0.0,0,0,0,DLG11,0
92phtok0-65zs-640r-k7wq-v7j0001py3m6,Data Field,1,0,1,0,0,0,0.00046700620230937824,0.0004636041145990147,0.0,0,0,0,DLG11,0
ezw25wyc-fzmv-g7si-yx1t-r9m0lnf59dmq,Data Field,1,0,1,0,0,0,0.00046700620230937824,0.0004636041145990147,0.0,0,0,0,DLG11,0
ymv1r5rx-67q2-mahb-dtes-l78c7e6md2kt,Data Field,1,0,1,0,0,0,0.00046700620230937824,0.0004636041145990147,0.0,0,0,0,DLG11,0
f1c89xw5-ex68-evgt-jjk1-ap19kw31tfjv,Data Field,1,0,1,0,0,0,0.00046700620230937824,0.0004636041145990147,0.0,0,0,0,DLG11,0
g2wukvu2-2r88-xi5y-y3ww-v687hfnkt2os,Data Field,1,0,1,0,0,0,0.00046700620230937824,0.0004636041145990147,0.0,0,0,0,DLG11,0
nlrtk2zl-5ofe-jlel-eet4-yo35lc25nby8,Data Field,1,0,1,0,0,0,0.00046700620230937824,0.0004636041145990147,0.0,0,0,0,DLG11,0
8hwwgcaj-e0yn-u44y-xnsw-s6cxjyjzi3bo,Data Field,1,0,1,0,0,0,0.00046700620230937824,0.0004636041145990147,0.0,0,0,0,DLG11,0
4qn2oobg-uc4a-pjmf-hnx1-3l2lgoqtftbk,Data Field,1,0,1,0,0,0,0.00046700620230937824,0.0004636041145990147,0.0,0,0,0,DLG11,0
6dejwbnv-72ys-9yk5-0qyn-5eujeuh1hten,Data Field,1,0,1,0,0,0,0.00046700620230937824,0.0004636041145990147,0.0,0,0,0,DLG11,0
rkwi7oex-79hj-jyjl-gd3h-buufejen7yyb,Data Field,1,0,1,0,0,0,0.00046700620230937824,0.0004636041145990147,0.0,0,0,0,DLG11,0
fbgaswd1-3tmb-n8zm-xmok-dcsjstge5td8,Data Field,1,0,1,0,0,0,0.00046700620230937824,0.0004636041145990147,0.0,0,0,0,DLG11,0
vwpds8p2-259t-zglu-xtx9-5wkaa4n954x2,Data Field,1,0,1,0,0,0,0.00046700620230937824,0.0004636041145990147,0.0,0,0,0,DLG11,0
lqpjvgcg-g7fk-xdcn-2mis-k51ugnlcfnfy,Data Field,1,0,1,0,0,0,0.00046700620230937824,0.0004636041145990147,0.0,0,0,0,DLG11,0
gkmrbll3-0ut1-8j2y-518z-rwin3eu8xslw,Data Field,1,0,1,0,0,0,0.00046700620230937824,0.0004636041145990147,0.0,0,0,0,DLG11,0
0t6r9ths-3oir-ggqx-5zgd-b16h7yt9iqd0,Data Field,1,0,1,0,0,0,0.00046700620230937824,0.0004636041145990147,0.0,0,0,0,DLG11,0
qgcsx978-c7ox-8kja-b9vb-1h3as85g1dde,Data Field,1,0,1,0,0,0,0.00046700620230937824,0.0004636041145990147,0.0,0,0,0,DLG11,0
ugqghffx-8uas-0lda-6srr-75yi30hzix7j,Data Field,1,0,1,0,0,0,0.00046700620230937824,0.0004636041145990147,0.0,0,0,0,DLG11,0
fd0mi42t-k6dt-ef8r-3n1s-okr7nyoeympy,Data Field,1,0,1,0,0,0,0.00046700620230937824,0.0004636041145990147,0.0,0,0,0,DLG11,0
rv2ktb7y-gq9d-3m1a-5vir-qcmsjjfjd2n1,Data Field,1,0,1,0,0,0,0.00046700620230937824,0.0004636041145990147,0.0,0,0,0,DLG11,0
usni4ivd-0kgd-ya3y-ymqn-arqcxeh1c80p,Data Field,1,0,1,0,0,0,0.00046700620230937824,0.0004636041145990147,0.0,0,0,0,DLG11,0
m7ssol86-tmqb-67dp-2hg8-6vm862ueses4,Data Field,1,0,1,0,0,0,0.00046700620230937824,0.0004636041145990147,0.0,0,0,0,DLG11,0
f7z5zqvg-l29o-dvql-gdmw-1iweyjazecm0,Data Field,1,0,1,0,0,0,0.00046700620230937824,0.0004636041145990147,0.0,0,0,0,DLG11,0
xg9kulwz-zf7m-ldr9-zccq-ei6rmtwikpat,Data Field,1,0,1,0,0,0,0.00046700620230937824,0.0004636041145990147,0.0,0,0,0,DLG11,0
g90unp2o-ovjo-bb7o-uskc-6tj7ly77hd2d,Data Field,1,0,1,0,0,0,0.00046700620230937824,0.0004636041145990147,0.0,0,0,0,DLG11,0
mdicw675-396t-6zkv-y77n-iudc750e0z27,Data Field,1,0,1,0,0,0,0.00046700620230937824,0.0004636041145990147,0.0,0,0,0,DLG11,0
1qojqhf7-p0v3-6hkd-rwxc-pbdjb7s0lwx6,Data Field,1,0,1,0,0,0,0.00046700620230937824,0.0004636041145990147,0.0,0,0,0,DLG11,0
y4w8lx1z-2zin-iryg-cf78-amthz62v5zje,Data Field,1,0,1,0,0,0,0.00046700620230937824,0.0004636041145990147,0.0,0,0,0,DLG11,0
nkvbw7ni-z1wc-6yrp-p5uy-74zxa48c92e7,Data Field,1,0,1,0,0,0,0.00046700620230937824,0.0004636041145990147,0.0,0,0,0,DLG11,0
12g2ykmx-4gq8-ix4l-row6-jdamayh5kbwh,Data Field,1,0,1,0,0,0,0.00046700620230937824,0.0004636041145990147,0.0,0,0,0,DLG11,0
cnhxzhn8-iwbv-yswk-f0e1-e8g7w77mowib,Data Field,1,0,1,0,0,0,0.00046700620230937824,0.0004636041145990147,0.0,0,0,0,DLG11,0
qrd9ia48-906o-uv2i-hjlk-4vkper2731st,Data Field,1,0,1,0,0,0,0.00046700620230937824,0.0004636041145990147,0.0,0,0,0,DLG11,0
wz675pek-06u7-2mc7-tpls-ie6pwh9ho5y6,Data Field,1,0,1,0,0,0,0.00046700620230937824,0.0004636041145990147,0.0,0,0,0,DLG11,0
q20a0wlj-979c-bwe8-fl16-q4rzmq0vcrnm,Data Field,1,0,1,0,0,0,0.00046700620230937824,0.0004636041145990147,0.0,0,0,0,DLG11,0
emn6cgr0-4n7g-9ueb-hm6w-2di8eypokzv3,Data Field,1,0,1,0,0,0,0.00046700620230937824,0.0004636041145990147,0.0,0,0,0,DLG11,0
fyxoy75c-jhq9-tv3q-y9nh-wx1mu0lwlcad,Data Field,1,0,1,0,0,0,0.00046700620230937824,0.0004636041145990147,0.0,0,0,0,DLG11,0
34ite9hi-7sv5-uh9l-iivu-jz5ft54kx787,Data Field,1,0,1,0,0,0,0.00046700620230937824,0.0004636041145990147,0.0,0,0,0,DLG11,0
ugt5y4vj-0p6y-8sf2-fwt2-hr1ozjbn69vt,Data Field,1,0,1,0,0,0,0.00046700620230937824,0.0004636041145990147,0.0,0,0,0,DLG11,0
qwgi7vec-vdpk-fdjs-0cth-rsoj0gxluesd,Data Field,1,0,1,0,0,0,0.00046700620230937824,0.0004636041145990147,0.0,0,0,0,DLG11,0
r69tyuyr-03gx-o6od-h7ou-4amitboiwd2b,Data Field,1,0,1,0,0,0,0.00046700620230937824,0.0004636041145990147,0.0,0,0,0,DLG11,0
7kv86nzz-65uy-dfyg-d82k-vj4s0m9ii3it,Data Field,1,0,1,0,0,0,0.00046700620230937824,0.0004636041145990147,0.0,0,0,0,DLG11,0
83dtj7t5-26ol-c6s8-wxjb-4uuf91w0u81y,Data Field,1,0,1,0,0,0,0.00046700620230937824,0.0004636041145990147,0.0,0,0,0,DLG11,0
r37tz074-fvx0-y46b-akvh-1gjcopahtlje,Data Field,1,0,1,0,0,0,0.00046700620230937824,0.0004636041145990147,0.0,0,0,0,DLG11,0
jqlisxyk-tydm-q0eg-hz87-t5dffzdu46bi,Data Field,1,0,1,0,0,0,0.00046700620230937824,0.0004636041145990147,0.0,0,0,0,DLG11,0
xznznvey-ow39-v561-j40d-c6a8fm2ac3h1,Data Field,1,0,1,0,0,0,0.00046700620230937824,0.0004636041145990147,0.0,0,0,0,DLG11,0
xu1b4fsu-kx6a-qcjm-tune-uo3kfch7hbt5,Data Field,1,0,1,0,0,0,0.00046700620230937824,0.0004636041145990147,0.0,0,0,0,DLG11,0
e21mocvv-7nrb-tarc-ybxb-fzyih8ygnolb,Data Field,1,0,1,0,0,0,0.00046700620230937824,0.0004636041145990147,0.0,0,0,0,DLG11,0
1jilmz4o-mxju-1u01-1gei-evsdaeg4de0r,Data Field,1,0,1,0,0,0,0.00046700620230937824,0.0004636041145990147,0.0,0,0,0,DLG11,0
3inwvjdc-03lv-0q3i-3os2-51vb2mqp8k99,Data Field,1,0,1,0,0,0,0.00046700620230937824,0.0004636041145990147,0.0,0,0,0,DLG11,0
j4bz7stu-czo1-d8yu-u4ho-pzcqcrsrz386,Data Field,1,0,1,0,0,0,0.00046700620230937824,0.0004636041145990147,0.0,0,0,0,DLG11,0
svfa3nzv-8hnt-kr51-p0o9-ydc6zyx5iag9,Data Field,1,0,1,0,0,0,0.00046700620230937824,0.0004636041145990147,0.0,0,0,0,DLG11,0
iidcex73-mdw1-ao4n-pb97-h7hfcdevtk8r,Data Field,1,0,1,0,0,0,0.00046700620230937824,0.0004636041145990147,0.0,0,0,0,DLG11,0
bylvhjs7-5hfp-krop-wycm-qxzo5hh5732q,Data Field,1,0,1,0,0,0,0.00046700620230937824,0.0004636041145990147,0.0,0,0,0,DLG11,0
0nywmfxo-43ut-pywe-5y0y-19zokb0zpeow,Data Field,1,0,1,0,0,0,0.00046700620230937824,0.0004636041145990147,0.0,0,0,0,DLG11,0
bw7s9rn8-8nq9-w9nn-032o-qc66wt1cp4a9,Data Field,1,0,1,0,0,0,0.00046700620230937824,0.0004636041145990147,0.0,0,0,0,DLG11,0
9zc7q1tg-8ja1-2j90-rxcb-b748tkpk16vu,Data Field,1,0,1,0,0,0,0.00046700620230937824,0.0004636041145990147,0.0,0,0,0,DLG11,0
qj1fwt23-owat-1caw-0ah1-fknglwx7q3fg,Data Field,1,0,1,0,0,0,0.00046700620230937824,0.0004636041145990147,0.0,0,0,0,DLG11,0
1ra3bjfs-tma6-19d1-z85v-34a7k1r94p8g,Data Field,1,0,1,0,0,0,0.00046700620230937824,0.0004636041145990147,0.0,0,0,0,DLG11,0
gf51pvrl-7r62-2bfz-lyy6-5wr4exdfgl70,Data Field,1,0,1,0,0,0,0.00046700620230937824,0.0004636041145990147,0.0,0,0,0,DLG11,0
3q8mselh-ef22-vxn1-sd21-hpg13o6h9ulo,Data Field,1,0,1,0,0,0,0.00046700620230937824,0.0004636041145990147,0.0,0,0,0,DLG11,0
98ms9x82-2diw-oque-of6k-5r44efl3am3u,Data Field,1,0,1,0,0,0,0.00046700620230937824,0.0004636041145990147,0.0,0,0,0,DLG11,0
1tkk79gb-kgp9-jjgk-w478-0v3frcvragpu,Data Field,1,0,1,0,0,0,0.00046700620230937824,0.0004636041145990147,0.0,0,0,0,DLG11,0
vtkzcvef-aq7x-0jeb-1zzt-w0b0ylbp8qjz,Data Field,1,0,1,0,0,0,0.00046700620230937824,0.0004636041145990147,0.0,0,0,0,DLG11,0
kcgc35vm-2u8q-8fyf-wr3y-meay2c3l46jm,Data Field,1,0,1,0,0,0,0.00046700620230937824,0.0004636041145990147,0.0,0,0,0,DLG11,0
7gn7fwd7-1fsm-1cas-9swt-nw9vcbnez9fv,Data Field,1,0,1,0,0,0,0.00046700620230937824,0.0004636041145990147,0.0,0,0,0,DLG11,0
4l4ayfv1-60dc-m0hb-2khr-wx94bbe7r9ws,Data Field,1,0,1,0,0,0,0.00046700620230937824,0.0004636041145990147,0.0,0,0,0,DLG11,0
j2qjaghs-jiju-7buk-7a0i-kd23tifw3z0j,Data Field,1,0,1,0,0,0,0.00046700620230937824,0.0004636041145990147,0.0,0,0,0,DLG11,0
o8fkkpp2-gqnd-ldh5-hbi0-3fnt2vlqglif,Data Field,1,0,1,0,0,0,0.00046700620230937824,0.0004636041145990147,0.0,0,0,0,DLG11,0
r2a3m9fx-2pcz-0fmw-xeco-qdlf279p4zbz,Data Field,1,0,1,0,0,0,0.00046700620230937824,0.0004636041145990147,0.0,0,0,0,DLG11,0
gxwd51ae-n0ai-scjj-vfej-9rxuj21pubyk,Data Field,1,0,1,0,0,0,0.00046700620230937824,0.0004636041145990147,0.0,0,0,0,DLG11,0
ifo2rdmg-zvro-pgkf-neur-s4ee9u0r4gg6,Data Field,1,0,1,0,0,0,0.00046700620230937824,0.0004636041145990147,0.0,0,0,0,DLG11,0
z24ew00x-uxvo-98tc-hech-wok66lt6ut4t,Data Field,1,0,1,0,0,0,0.00046700620230937824,0.0004636041145990147,0.0,0,0,0,DLG11,0
q9s232qq-mw6q-4gdu-f94n-rkutbdy3pq4c,Data Field,1,0,1,0,0,0,0.00046700620230937824,0.0004636041145990147,0.0,0,0,0,DLG11,0
1zde772l-uyds-yym6-o25n-qpus08zrq7w4,Data Field,1,0,1,0,0,0,0.00046700620230937824,0.0004636041145990147,0.0,0,0,0,DLG11,0
kijkr0mq-m612-1s6j-c3su-pmjbfbheruqe,Data Field,1,0,1,0,0,0,0.00046700620230937824,0.0004636041145990147,0.0,0,0,0,DLG11,0
nf8cgyue-i0wa-b14u-anr2-h6z73v711ovo,Data Field,1,0,1,0,0,0,0.00046700620230937824,0.0004636041145990147,0.0,0,0,0,DLG11,0
wlqkbhey-hw3p-e4fi-0s91-76aqdfz9n572,Data Field,1,0,1,0,0,0,0.00046700620230937824,0.0004636041145990147,0.0,0,0,0,DLG11,0
efusuutd-7m59-4qgd-frlq-5lq11dtccxru,Data Field,1,0,1,0,0,0,0.00046700620230937824,0.0004636041145990147,0.0,0,0,0,DLG11,0
tmfznpyj-bu79-fuuo-tdlw-1mqhxkb6ddl4,Data Field,1,0,1,0,0,0,0.00046700620230937824,0.0004636041145990147,0.0,0,0,0,DLG11,0
m39s8n3p-ha1u-plqq-vw07-298l7xurqyps,Data Field,1,0,1,0,0,0,0.00046700620230937824,0.0004636041145990147,0.0,0,0,0,DLG11,0
b7rnfvmx-yz18-n1hs-2l9v-nzm4gqla63n2,Data Field,1,0,1,0,0,0,0.00046700620230937824,0.0004636041145990147,0.0,0,0,0,DLG11,0
v1lsw54q-qxii-b7bh-leau-jag6ntbdbriq,Data Field,1,0,1,0,0,0,0.00046700620230937824,0.0004636041145990147,0.0,0,0,0,DLG11,0
9w3wprya-88ty-hgpg-fe84-kuegkno3tpn6,Data Field,1,0,1,0,0,0,0.00046700620230937824,0.0004636041145990147,0.0,0,0,0,DLG11,0
ywow2hvz-rlx9-20sg-krxb-t1hfvytn081l,Data Field,1,0,1,0,0,0,0.00046700620230937824,0.0004636041145990147,0.0,0,0,0,DLG11,0
dnzpl7sf-6low-gq7u-on7e-0phlgf2ns18a,Data Field,1,0,1,0,0,0,0.00046700620230937824,0.0004636041145990147,0.0,0,0,0,DLG11,0
xiipzjet-hcds-yrny-g1ei-w46nhy3p879d,Data Field,1,0,1,0,0,0,0.00046700620230937824,0.0004636041145990147,0.0,0,0,0,DLG11,0
74rafnqy-jnx9-qsj8-y4iy-j8x2svlynbtj,Data Field,1,0,1,0,0,0,0.00046700620230937824,0.0004636041145990147,0.0,0,0,0,DLG11,0
ajku6kcv-y41q-7vux-7kjq-l6dtdmtocagt,Data Field,1,0,1,0,0,0,0.00046700620230937824,0.0004636041145990147,0.0,0,0,0,DLG11,0
dcfw4y7k-s3ni-3ivy-8rai-ffkp9rjulfux,Data Field,1,0,1,0,0,0,0.00046700620230937824,0.0004636041145990147,0.0,0,0,0,DLG11,0
6qtdlxdn-fulo-y3to-loeq-m7mb2kx4i7p0,Data Field,1,0,1,0,0,0,0.00046700620230937824,0.0004636041145990147,0.0,0,0,0,DLG11,0
7svpwejs-h5a3-oho8-gy9p-9qcmy8qtp194,Data Field,1,0,1,0,0,0,0.00046700620230937824,0.0004636041145990147,0.0,0,0,0,DLG11,0
10g3l7xz-ri38-9chg-luyt-u2pl6g337wtx,Data Field,1,0,1,0,0,0,0.00046700620230937824,0.0004636041145990147,0.0,0,0,0,DLG11,0
0xlwkggz-mkh0-6xou-1j37-twndsqrrna6l,Data Field,1,0,1,0,0,0,0.00046700620230937824,0.0004636041145990147,0.0,0,0,0,DLG11,0
fsj2d5ru-dp32-6c9x-ehtr-uazm5xm33g73,Data Field,1,0,1,0,0,0,0.00046700620230937824,0.0004636041145990147,0.0,0,0,0,DLG11,0
2i7t8nz2-7pav-kgam-hl91-w9jzhxcf8o3f,Data Field,1,0,1,0,0,0,0.00046700620230937824,0.0004636041145990147,0.0,0,0,0,DLG11,0
rr0noa5f-s8av-x9jr-l1kt-hubf0oxzsx0z,Data Field,1,0,1,0,0,0,0.00046700620230937824,0.0004636041145990147,0.0,0,0,0,DLG11,0
ax6p1j80-h83n-2lx6-vdhf-9jnbj25q87b6,Data Field,1,0,1,0,0,0,0.00046700620230937824,0.0004636041145990147,0.0,0,0,0,DLG11,0
kedemh8z-r3k9-te8b-abvv-zh6nhkrxa40y,Data Field,1,0,1,0,0,0,0.00046700620230937824,0.0004636041145990147,0.0,0,0,0,DLG11,0
mybrs2iz-u4ux-dw46-v8hf-v1yai79t9xne,Data Field,1,0,1,0,0,0,0.00046700620230937824,0.0004636041145990147,0.0,0,0,0,DLG11,0
9wql7oiv-obup-ymd1-rxms-jijjms7s3scp,Data Field,1,0,1,0,0,0,0.00046700620230937824,0.0004636041145990147,0.0,0,0,0,DLG11,0
ngdqgq88-jume-u1k7-r7ya-6a0jve61vnm3,Data Field,1,0,1,0,0,0,0.00046700620230937824,0.0004636041145990147,0.0,0,0,0,DLG11,0
jtlqb4no-3fr1-4rbg-s1xg-u9dcw1srnsuj,Data Field,1,0,1,0,0,0,0.00046700620230937824,0.0004636041145990147,0.0,0,0,0,DLG11,0
7yobkczu-svsi-iu7a-lhm6-13t5xncrlif0,Data Field,1,0,1,0,0,0,0.00046700620230937824,0.0004636041145990147,0.0,0,0,0,DLG11,0
edzu41s2-sq84-cs1g-b5bf-hsjbjsfs1wmm,Data Field,1,0,1,0,0,0,0.00046700620230937824,0.0004636041145990147,0.0,0,0,0,DLG11,0
zjks4v8e-ah05-5dxv-bb9o-479835kkwgi9,Data Field,1,0,1,0,0,0,0.00046700620230937824,0.0004636041145990147,0.0,0,0,0,DLG11,0
wdonrbf2-h07e-flco-44hv-6lq5un2oi4kq,Data Field,1,0,1,0,0,0,0.00046700620230937824,0.0004636041145990147,0.0,0,0,0,DLG11,0
c8bx4dgz-eqvu-9u7c-x9j4-qxtjtzi4h9ow,Data Field,1,0,1,0,0,0,0.00046700620230937824,0.0004636041145990147,0.0,0,0,0,DLG11,0
5js1jhgl-s6ve-ylom-7knu-6m0rkq7zhtpz,Data Field,1,0,1,0,0,0,0.00046700620230937824,0.0004636041145990147,0.0,0,0,0,DLG11,0
f1noce64-h7cq-fi2h-b9z4-qu72s7nv11sg,Data Field,1,0,1,0,0,0,0.00046700620230937824,0.0004636041145990147,0.0,0,0,0,DLG11,0
f46rwhpr-i1nx-1gts-b5k6-8o0kic6rq1u1,Data Field,1,0,1,0,0,0,0.00046700620230937824,0.0004636041145990147,0.0,0,0,0,DLG11,0
0fw592d4-6gh3-fb5t-k0kl-uzzcd5wxljrr,Data Field,1,0,1,0,0,0,0.00046700620230937824,0.0004636041145990147,0.0,0,0,0,DLG11,0
iwkcfy6v-6nsm-4zge-pt19-dcnwwopwzz40,Data Field,1,0,1,0,0,0,0.00046700620230937824,0.0004636041145990147,0.0,0,0,0,DLG11,0
9cf2zvys-by76-jeq7-xo8p-e11zslk3tr8g,Data Field,1,0,1,0,0,0,0.00046700620230937824,0.0004636041145990147,0.0,0,0,0,DLG11,0
myuylrjc-2y14-g6nd-ebdc-bk9346wpcayg,Data Field,1,0,1,0,0,0,0.00046700620230937824,0.0004636041145990147,0.0,0,0,0,DLG11,0
7tndsq55-zhxk-q3rj-s03n-zlyg17cmcs7i,Data Field,1,0,1,0,0,0,0.00046700620230937824,0.0004636041145990147,0.0,0,0,0,DLG11,0
5logcwwm-za00-9wyd-edlh-jl1uyyudf6sj,Data Field,1,0,1,0,0,0,0.00046700620230937824,0.0004636041145990147,0.0,0,0,0,DLG11,0
l9eujp48-mb6b-6779-nqmg-21wb8zrwcgg2,Data Field,1,0,1,0,0,0,0.00046700620230937824,0.0004636041145990147,0.0,0,0,0,DLG11,0
a6fmbl6w-k0e3-kvfm-il7o-ycply28c2qo8,Data Field,1,0,1,0,0,0,0.00046700620230937824,0.0004636041145990147,0.0,0,0,0,DLG11,0
tz7iicym-pf0x-vrnh-j9yg-4inyims8okye,Data Field,1,0,1,0,0,0,0.00046700620230937824,0.0004636041145990147,0.0,0,0,0,DLG11,0
jxnw6d5j-uqz1-c4f7-nygh-trnou1euvhzq,Data Field,1,0,1,0,0,0,0.00046700620230937824,0.0004636041145990147,0.0,0,0,0,DLG11,0
1j3i5q7a-kph6-5dg7-hi23-uyfkf6i7hosn,Data Field,1,0,1,0,0,0,0.00046700620230937824,0.0004636041145990147,0.0,0,0,0,DLG11,0
aaal6dl3-pcyp-6e1y-0w8x-z7rtzrwmhv08,Data Field,1,0,1,0,0,0,0.00046700620230937824,0.0004636041145990147,0.0,0,0,0,DLG11,0
qwadvura-rkdo-vsjn-d6zh-chlnn006scww,Data Field,1,0,1,0,0,0,0.00046700620230937824,0.0004636041145990147,0.0,0,0,0,DLG11,0
ykdx73ad-8fcz-5quw-h8zm-fvc949jqqco7,Data Field,1,0,1,0,0,0,0.00046700620230937824,0.0004636041145990147,0.0,0,0,0,DLG11,0
lja3q1lm-nm7v-kcs6-s6mj-6zkl4b76wk7r,Data Field,1,0,1,0,0,0,0.00046700620230937824,0.0004636041145990147,0.0,0,0,0,DLG11,0
nl268qhm-7ohx-ed0h-g6l8-j57lvko05pet,Data Field,1,0,1,0,0,0,0.00046700620230937824,0.0004636041145990147,0.0,0,0,0,DLG11,0
5lb6l104-68e1-f52s-7lfg-ql4yx11dlqub,Data Field,1,0,1,0,0,0,0.00046700620230937824,0.0004636041145990147,0.0,0,0,0,DLG11,0
p38xo52d-jmw8-ct21-xrib-59im1m0naiop,Data Field,1,0,1,0,0,0,0.00046700620230937824,0.0004636041145990147,0.0,0,0,0,DLG11,0
cw5ryv1q-988l-mcww-3qre-sbkgkvhbf1wg,Data Field,1,0,1,0,0,0,0.00046700620230937824,0.0004636041145990147,0.0,0,0,0,DLG11,0
1nygpco2-q3rb-3bnh-846x-zpcuco877xtk,Data Field,1,0,1,0,0,0,0.00046700620230937824,0.0004636041145990147,0.0,0,0,0,DLG11,0
alclf6r0-4e9n-w2q2-ci6u-xm1lltj81gmk,Data Field,1,0,1,0,0,0,0.00046700620230937824,0.0004636041145990147,0.0,0,0,0,DLG11,0
476o1ilf-6y5m-xkxd-ibuc-66984qdc0ofh,Data Field,1,0,1,0,0,0,0.00046700620230937824,0.0004636041145990147,0.0,0,0,0,DLG11,0
c6zwdogx-qp64-sb38-6izp-q1edbxzhdxmy,Data Field,1,0,1,0,0,0,0.00046700620230937824,0.0004636041145990147,0.0,0,0,0,DLG11,0
ugu37zh4-k9r7-qpcx-ylqo-9i2st24058e0,Data Field,1,0,1,0,0,0,0.00046700620230937824,0.0004636041145990147,0.0,0,0,0,DLG11,0
ao1x8r9d-6mdw-6gwp-tt4p-n83iemp7bdk6,Data Field,1,0,1,0,0,0,0.00046700620230937824,0.0004636041145990147,0.0,0,0,0,DLG11,0
y7np2arf-hmic-feic-qliy-7f7g9xh7hhxr,Data Field,1,0,1,0,0,0,0.00046700620230937824,0.0004636041145990147,0.0,0,0,0,DLG11,0
hytosz6l-qhzd-gl4f-6xcg-xessama20ik0,Data Field,1,0,1,0,0,0,0.00046700620230937824,0.0004636041145990147,0.0,0,0,0,DLG11,0
d3635k13-vekf-619z-hxz5-xkqiz23mca3i,Data Field,1,0,1,0,0,0,0.00046700620230937824,0.0004636041145990147,0.0,0,0,0,DLG11,0
r1tfeio8-8esi-b51w-tytb-0a4jdnwhnewa,Data Field,1,0,1,0,0,0,0.00046700620230937824,0.0004636041145990147,0.0,0,0,0,DLG11,0
l4prv8c2-8u49-yrw7-qacv-mj8j0ragn387,Data Field,1,0,1,0,0,0,0.00046700620230937824,0.0004636041145990147,0.0,0,0,0,DLG11,0
7dqts3he-hmpz-qstj-6m9l-moqv6v7kiu3i,Data Field,1,0,1,0,0,0,0.00046700620230937824,0.0004636041145990147,0.0,0,0,0,DLG11,0
a71083ir-ld4m-3ko9-iyho-8rccdllndspb,Data Field,1,0,1,0,0,0,0.00046700620230937824,0.0004636041145990147,0.0,0,0,0,DLG11,0
54wxzedb-wp0f-9l1x-0wk7-82wxq7s4yffm,Data Field,1,0,1,0,0,0,0.00046700620230937824,0.0004636041145990147,0.0,0,0,0,DLG11,0
hbbl0guc-72av-hsg2-ca96-i1yreiby38he,Data Field,1,0,1,0,0,0,0.00046700620230937824,0.0004636041145990147,0.0,0,0,0,DLG11,0
skilnr3y-b2zd-egcl-7e6h-hl8d247aju5w,Data Field,1,0,1,0,0,0,0.00046700620230937824,0.0004636041145990147,0.0,0,0,0,DLG11,0
1wwostcs-2gea-f86p-p1ax-dzo5ove2631p,Data Field,1,0,1,0,0,0,0.00046700620230937824,0.0004636041145990147,0.0,0,0,0,DLG11,0
javtcwzw-6glu-6c3f-wg8y-cqfvj4ry6wv3,Data Field,1,0,1,0,0,0,0.00046700620230937824,0.0004636041145990147,0.0,0,0,0,DLG11,0
hb50qqgj-ya6c-bx9z-szd9-tz6okuhqimmk,Data Field,1,0,1,0,0,0,0.00046700620230937824,0.0004636041145990147,0.0,0,0,0,DLG11,0
2y5ix960-2ijs-6stm-3fvr-1mcoroayqcbf,Data Field,1,0,1,0,0,0,0.00046700620230937824,0.0004636041145990147,0.0,0,0,0,DLG11,0
cqn90n8z-jp3t-qb0o-cz4f-ycxshme4r51b,Data Field,1,0,1,0,0,0,0.00046700620230937824,0.0004636041145990147,0.0,0,0,0,DLG11,0
v14mddqk-29oz-oj3e-pj22-0obtcrnuzs19,Data Field,1,0,1,0,0,0,0.00046700620230937824,0.0004636041145990147,0.0,0,0,0,DLG11,0
5vpgy458-eooj-slae-jnyx-is3ldlcw0ca8,Data Field,1,0,1,0,0,0,0.00046700620230937824,0.0004636041145990147,0.0,0,0,0,DLG11,0
vevicq9k-7qbk-h329-ysjg-i2lchss0x6cb,Data Field,1,0,1,0,0,0,0.00046700620230937824,0.0004636041145990147,0.0,0,0,0,DLG11,0
tcn4e346-i2am-ki2l-bbua-yelvgycrfm83,Data Field,1,0,1,0,0,0,0.00046700620230937824,0.0004636041145990147,0.0,0,0,0,DLG11,0
kdv33wgd-xc4y-tbfj-2bu8-c7f9uagy9khd,Data Field,1,0,1,0,0,0,0.00046700620230937824,0.0004636041145990147,0.0,0,0,0,DLG11,0
03zpwgzj-limh-vpus-l4c5-n1gp9fm0msra,Data Field,1,0,1,0,0,0,0.00046700620230937824,0.0004636041145990147,0.0,0,0,0,DLG11,0
7vx5exnq-3bdf-oj1g-mrau-z8df9qo056fg,Data Field,1,0,1,0,0,0,0.00046700620230937824,0.0004636041145990147,0.0,0,0,0,DLG11,0
io6kfbhl-2gsy-l5qm-20xz-lx4511gb5ahx,Data Field,1,0,1,0,0,0,0.00046700620230937824,0.0004636041145990147,0.0,0,0,0,DLG11,0
jwxv22pb-2mja-a5mu-79bw-3bvyp356f7ce,Data Field,1,0,1,0,0,0,0.00046700620230937824,0.0004636041145990147,0.0,0,0,0,DLG11,0
g30ry71u-agz2-ipzm-tmdd-l6dbibtajb5w,Data Field,1,0,1,0,0,0,0.00046700620230937824,0.0004636041145990147,0.0,0,0,0,DLG11,0
2mmf3v0a-h837-7vxk-lpld-5toif8oawr5q,Data Field,1,0,1,0,0,0,0.00046700620230937824,0.0004636041145990147,0.0,0,0,0,DLG11,0
yim3cuwj-qadz-clbj-154p-woconst5r0kt,Data Field,1,0,1,0,0,0,0.00046700620230937824,0.0004636041145990147,0.0,0,0,0,DLG11,0
emnfndwq-l9g2-5b1r-kzj0-3018nz7cbs7f,Data Field,1,0,1,0,0,0,0.00046700620230937824,0.0004636041145990147,0.0,0,0,0,DLG11,0
cdwyf2e2-kmrp-4kzc-g19j-gxltm408xbis,Data Field,1,0,1,0,0,0,0.00046700620230937824,0.0004636041145990147,0.0,0,0,0,DLG11,0
0fp72wse-jq0p-ihf8-nt6x-azi6h589rjzg,Data Field,1,0,1,0,0,0,0.00046700620230937824,0.0004636041145990147,0.0,0,0,0,DLG11,0
bkxmjykg-kfnx-n9ko-s0ta-ytsocnq0ofoq,Data Field,1,0,1,0,0,0,0.00046700620230937824,0.0004636041145990147,0.0,0,0,0,DLG11,0
cwn1t289-yocn-buud-7jvg-dj7xww8smjom,Data Field,1,0,1,0,0,0,0.00046700620230937824,0.0004636041145990147,0.0,0,0,0,DLG11,0
pbgli5ku-2wjm-d7rp-tvk9-y6qpld3d33kn,Data Field,1,0,1,0,0,0,0.00046700620230937824,0.0004636041145990147,0.0,0,0,0,DLG11,0
g0vd3r5v-2kwo-fh34-4lyh-2ihz212432mc,Data Field,1,0,1,0,0,0,0.00046700620230937824,0.0004636041145990147,0.0,0,0,0,DLG11,0
kvf1aw4l-hguz-te3a-m5dx-41636e4xni10,Data Field,1,0,1,0,0,0,0.00046700620230937824,0.0004636041145990147,0.0,0,0,0,DLG11,0
5oh65b2c-rylf-mk5o-ylgw-77whizejuah8,Data Field,1,0,1,0,0,0,0.00046700620230937824,0.0004636041145990147,0.0,0,0,0,DLG11,0
sh2nuzp0-knyd-wv5w-w39m-svz2bz76nf2f,Data Field,1,0,1,0,0,0,0.00046700620230937824,0.0004636041145990147,0.0,0,0,0,DLG11,0
yen9qo1r-42hr-li2i-k24l-espuf6a21onn,Data Field,1,0,1,0,0,0,0.00046700620230937824,0.0004636041145990147,0.0,0,0,0,DLG11,0
zaxnphyv-syko-scvt-ufs0-1fk14kkegbf4,Data Field,1,0,1,0,0,0,0.00046700620230937824,0.0004636041145990147,0.0,0,0,0,DLG11,0
kw4f193u-j3t8-72lr-06kx-9gg383ng53ee,Data Field,1,0,1,0,0,0,0.00046700620230937824,0.0004636041145990147,0.0,0,0,0,DLG11,0
2bpm0cev-rluk-uft2-1wqa-ulga3ocbs5jf,Data Field,1,0,1,0,0,0,0.00046700620230937824,0.0004636041145990147,0.0,0,0,0,DLG11,0
ivikkjoo-2b59-u3iy-r0dl-w69gsj8nztiz,Data Field,1,0,1,0,0,0,0.00046700620230937824,0.0004636041145990147,0.0,0,0,0,DLG11,0
x7pnadzd-ll5k-opzz-4s29-h3fd7stw1n8l,Data Field,1,0,1,0,0,0,0.00046700620230937824,0.0004636041145990147,0.0,0,0,0,DLG11,0
apr7qubd-65pe-dewx-6v7g-w7kgcq81kn0x,Data Field,1,0,1,0,0,0,0.00046700620230937824,0.0004636041145990147,0.0,0,0,0,DLG11,0
uq7yyw98-9m0r-pf88-dor0-nk4ugnqj4428,Data Field,1,0,1,0,0,0,0.00046700620230937824,0.0004636041145990147,0.0,0,0,0,DLG11,0
ui6tug3a-rrjc-ddyu-luv7-5tvrbw57ks7k,Data Field,1,0,1,0,0,0,0.00046700620230937824,0.0004636041145990147,0.0,0,0,0,DLG11,0
ffp8ozis-p1os-ct9b-r4zg-ob9t8oa65p8f,Data Field,1,0,1,0,0,0,0.00046700620230937824,0.0004636041145990147,0.0,0,0,0,DLG11,0
alyik043-4pkg-4p7b-nhri-h9pdhzzpcowr,Data Field,1,0,1,0,0,0,0.00046700620230937824,0.0004636041145990147,0.0,0,0,0,DLG11,0
hht8n900-hvqs-u1d0-d81d-ss4g40szprhu,Data Field,1,0,1,0,0,0,0.00046700620230937824,0.0004636041145990147,0.0,0,0,0,DLG11,0
cpan0rvk-gjb9-ep29-gzt8-o9io02984sep,Data Field,1,0,1,0,0,0,0.00046700620230937824,0.0004636041145990147,0.0,0,0,0,DLG11,0
vlp9wmac-rbh2-kndw-c92m-8i1gj0q3i3nv,Data Field,1,0,1,0,0,0,0.00046700620230937824,0.0004636041145990147,0.0,0,0,0,DLG11,0
yepx5w3k-7hlh-djhz-mhhm-7wkm5meorcar,Data Field,1,0,1,0,0,0,0.00046700620230937824,0.0004636041145990147,0.0,0,0,0,DLG11,0
35c38hpo-cxpt-fp38-kqa3-sbt96mi23mm9,Data Field,1,0,1,0,0,0,0.00046700620230937824,0.0004636041145990147,0.0,0,0,0,DLG11,0
xzavwlel-2ei2-ttnl-l54f-jwu0j3y8pgi7,Data Field,1,0,1,0,0,0,0.00046700620230937824,0.0004636041145990147,0.0,0,0,0,DLG11,0
t6nm1iur-p05u-9qfk-guy8-i4tebeqntt8y,Data Field,1,0,1,0,0,0,0.00046700620230937824,0.0004636041145990147,0.0,0,0,0,DLG11,0
tx6di861-2j76-p536-qamt-upfq94jxb3sj,Data Field,1,0,1,0,0,0,0.00046700620230937824,0.0004636041145990147,0.0,0,0,0,DLG11,0
eyzy1wd1-1zmb-wzba-69d7-9yxnk3o9lb2k,Data Field,1,0,1,0,0,0,0.00046700620230937824,0.0004636041145990147,0.0,0,0,0,DLG11,0
7y3lnhpw-quau-p778-tcb4-vkwczuvfim0g,Data Field,1,0,1,0,0,0,0.00046700620230937824,0.0004636041145990147,0.0,0,0,0,DLG11,0
4garbwty-3k1x-cvz4-6tl4-dd4j04oob77o,Data Field,1,0,1,0,0,0,0.00046700620230937824,0.0004636041145990147,0.0,0,0,0,DLG11,0
jux9jkkt-r1wz-iulb-w02y-qyuby0dfr9cu,Data Field,1,0,1,0,0,0,0.00046700620230937824,0.0004636041145990147,0.0,0,0,0,DLG11,0
ajygyblf-si5t-hjvu-f3om-mloqq3qrh9p2,Data Field,1,0,1,0,0,0,0.00046700620230937824,0.0004636041145990147,0.0,0,0,0,DLG11,0
1ypl3ilv-mtwh-884v-bg7c-mkr2yr1zmise,Data Field,1,0,1,0,0,0,0.00046700620230937824,0.0004636041145990147,0.0,0,0,0,DLG11,0
z0jbmeqw-izkl-ccal-lh23-k1zcrfnwld2h,Data Field,1,0,1,0,0,0,0.00046700620230937824,0.0004636041145990147,0.0,0,0,0,DLG11,0
stnl5zsx-zzz4-2xzl-3xry-g3wzu7r6ccum,Data Field,1,0,1,0,0,0,0.00046700620230937824,0.0004636041145990147,0.0,0,0,0,DLG11,0
kiwfgacc-go2f-ki5w-roon-r54omevo2o45,Data Field,1,0,1,0,0,0,0.00046700620230937824,0.0004636041145990147,0.0,0,0,0,DLG11,0
036nj1wz-yq19-adyo-8o7r-zwio4bntb0ur,Data Field,1,0,1,0,0,0,0.00046700620230937824,0.0004636041145990147,0.0,0,0,0,DLG11,0
ab23y0wk-4gyo-ygay-ciaj-v4tkvg7pk826,Data Field,1,0,1,0,0,0,0.00046700620230937824,0.0004636041145990147,0.0,0,0,0,DLG11,0
lgpeehwf-4uo5-wa9f-jfyy-lat453xzlxh3,Data Field,1,0,1,0,0,0,0.00046700620230937824,0.0004636041145990147,0.0,0,0,0,DLG11,0
ke77am6r-nl8e-yhbl-dt11-yrxag1862pgp,Data Field,1,0,1,0,0,0,0.00046700620230937824,0.0004636041145990147,0.0,0,0,0,DLG11,0
m8dg9jdv-gwpt-nqv9-9vcb-nl435qvyrc7p,Data Field,1,0,1,0,0,0,0.00046700620230937824,0.0004636041145990147,0.0,0,0,0,DLG11,0
rakbnkvq-721e-gmm6-kjhh-2r54swfqmxix,Data Field,1,0,1,0,0,0,0.00046700620230937824,0.0004636041145990147,0.0,0,0,0,DLG11,0
04i6o3n0-zrij-a5rf-ykb6-dcowb6i24crm,Data Field,1,0,1,0,0,0,0.00046700620230937824,0.0004636041145990147,0.0,0,0,0,DLG11,0
2qf3fpha-d87r-mtkv-jbk4-qidszhzv9c61,Data Field,1,0,1,0,0,0,0.00046700620230937824,0.0004636041145990147,0.0,0,0,0,DLG11,0
or1xpcvj-w2wc-ajnu-bz35-aecrikmao5pu,Data Field,1,0,1,0,0,0,0.00046700620230937824,0.0004636041145990147,0.0,0,0,0,DLG11,0
b75qfnf8-bwj7-bpr1-2gxz-zqihswc50a14,Data Field,1,0,1,0,0,0,0.00046700620230937824,0.0004636041145990147,0.0,0,0,0,DLG11,0
cfavf8h5-9okx-zya6-k1ez-d821gdzoj2of,Data Field,1,0,1,0,0,0,0.00046700620230937824,0.0004636041145990147,0.0,0,0,0,DLG11,0
6fme6uga-eyyu-asqp-0i2d-ppw0k9a9mwxz,Data Field,1,0,1,0,0,0,0.00046700620230937824,0.0004636041145990147,0.0,0,0,0,DLG11,0
spsbd5jy-onee-t3p9-2riv-2xyikv0e2ot5,Data Field,1,0,1,0,0,0,0.00046700620230937824,0.0004636041145990147,0.0,0,0,0,DLG11,0
5qvmqlri-g1l5-kmka-9o8l-xgdb3od92haa,Data Field,1,0,1,0,0,0,0.00046700620230937824,0.0004636041145990147,0.0,0,0,0,DLG11,0
novag0du-qmfu-6dnk-8xu3-gh7yyrjybivb,Data Field,1,0,1,0,0,0,0.00046700620230937824,0.0004636041145990147,0.0,0,0,0,DLG11,0
dxc7vu69-20r9-e2o1-tfdl-9u1ign40rsv4,Data Field,1,0,1,0,0,0,0.00046700620230937824,0.0004636041145990147,0.0,0,0,0,DLG11,0
avu2xh7o-dvcx-0wzn-kke1-dfmzd9lwrmim,Data Field,1,0,1,0,0,0,0.00046700620230937824,0.0004636041145990147,0.0,0,0,0,DLG11,0
nk5y9xsc-xzlr-qzyl-be7e-ay0m9vsi1ufx,Data Field,1,0,1,0,0,0,0.00046700620230937824,0.0004636041145990147,0.0,0,0,0,DLG11,0
eazj4usk-ff99-n7bi-uixd-wc1fu3f2clfg,Data Field,1,0,1,0,0,0,0.00046700620230937824,0.0004636041145990147,0.0,0,0,0,DLG11,0
0qj3baaz-8bf8-jsaa-2dpg-usz1ln7llqkb,Data Field,1,0,1,0,0,0,0.00046700620230937824,0.0004636041145990147,0.0,0,0,0,DLG11,0
k98qsvki-5j2e-5wxi-yy6l-cjavy8tb9r7n,Data Field,1,0,1,0,0,0,0.00046700620230937824,0.0004636041145990147,0.0,0,0,0,DLG11,0
ovqf7fz4-godg-dgtg-6rg0-uspc5s3ian9x,Data Field,1,0,1,0,0,0,0.00046700620230937824,0.0004636041145990147,0.0,0,0,0,DLG11,0
4wfqihru-ddrk-mit8-k5q4-b2rw5z456s2o,Data Field,1,0,1,0,0,0,0.00046700620230937824,0.0004636041145990147,0.0,0,0,0,DLG11,0
isxxas5j-mtzw-ql46-fbkg-dsapw4qiudt3,Data Field,1,0,1,0,0,0,0.00046700620230937824,0.0004636041145990147,0.0,0,0,0,DLG11,0
id6sekqr-h1qg-j1ni-z8ab-xy6yl56mcm5y,Data Field,1,0,1,0,0,0,0.00046700620230937824,0.0004636041145990147,0.0,0,0,0,DLG11,0
sah5vldn-8gwe-8ivv-hzp2-08v6eiv6ye0s,Data Field,1,0,1,0,0,0,0.00046700620230937824,0.0004636041145990147,0.0,0,0,0,DLG11,0
682zhqln-lv73-8p7n-p7wa-xr51hyuw5tps,Data Field,1,0,1,0,0,0,0.00046700620230937824,0.0004636041145990147,0.0,0,0,0,DLG11,0
eddndzh0-4hso-g0c0-0aga-8xal7y41bw6i,Data Field,1,0,1,0,0,0,0.00046700620230937824,0.0004636041145990147,0.0,0,0,0,DLG11,0
3ktf2b6r-qz3c-vaaw-3iiy-423ixwmrufrk,Data Field,1,0,1,0,0,0,0.00046700620230937824,0.0004636041145990147,0.0,0,0,0,DLG11,0
su8bn9ps-pmz0-wvjm-34zh-u0zq81r8lc27,Data Field,1,0,1,0,0,0,0.00046700620230937824,0.0004636041145990147,0.0,0,0,0,DLG11,0
3cdi7blq-u1cv-szi9-nuui-zrxts578dh7a,Data Field,1,0,1,0,0,0,0.00046700620230937824,0.0004636041145990147,0.0,0,0,0,DLG11,0
w1pju1n8-4dbe-kapl-gfuu-u762z83b6v9v,Data Field,1,0,1,0,0,0,0.00046700620230937824,0.0004636041145990147,0.0,0,0,0,DLG11,0
0p5q4l95-kvnm-4xec-u9j6-q482ztilmklu,Data Field,1,0,1,0,0,0,0.00046700620230937824,0.0004636041145990147,0.0,0,0,0,DLG11,0
cc4z1z5s-02n1-w22p-49ta-pdyg94xed9of,Data Field,1,0,1,0,0,0,0.00046700620230937824,0.0004636041145990147,0.0,0,0,0,DLG11,0
hxkp0xe4-rz7b-ybw1-lh69-7j3xfdvs480t,Data Field,1,0,1,0,0,0,0.00046700620230937824,0.0004636041145990147,0.0,0,0,0,DLG11,0
3klcmp1g-gvs0-nviy-h736-c3b0p8xkmd97,Data Field,1,0,1,0,0,0,0.00046700620230937824,0.0004636041145990147,0.0,0,0,0,DLG11,0
uic0uc60-smtn-1d54-jhcw-to9xj3n1sjfb,Data Field,1,0,1,0,0,0,0.00046700620230937824,0.0004636041145990147,0.0,0,0,0,DLG11,0
8oql0wta-m4ay-z2m6-zbni-8mdk2yr5reuf,Data Field,1,0,1,0,0,0,0.00046700620230937824,0.0004636041145990147,0.0,0,0,0,DLG11,0
4w212qjn-5jmh-x49o-cg4p-9zfo454r95vg,Data Field,1,0,1,0,0,0,0.00046700620230937824,0.0004636041145990147,0.0,0,0,0,DLG11,0
7x4vlaic-ygez-7w5i-41n9-swqw5ahqfok7,Data Field,1,0,1,0,0,0,0.00046700620230937824,0.0004636041145990147,0.0,0,0,0,DLG11,0
usubce5j-sykq-ks2o-mqmw-cxcy5ar9yazy,Data Field,1,0,1,0,0,0,0.00046700620230937824,0.0004636041145990147,0.0,0,0,0,DLG11,0
nshrxxk2-8zeq-v715-dylb-fkif95qaa3ke,Data Field,1,0,1,0,0,0,0.00046700620230937824,0.0004636041145990147,0.0,0,0,0,DLG11,0
u6zml7ib-pzeh-ff6w-vcst-g96xy3ozxi89,Data Field,1,0,1,0,0,0,0.00046700620230937824,0.0004636041145990147,0.0,0,0,0,DLG11,0
glxpnv1d-eq8d-99da-y85b-17wh1b6d0oy3,Data Field,1,0,1,0,0,0,0.00046700620230937824,0.0004636041145990147,0.0,0,0,0,DLG11,0
hqr82w0v-9ckc-8n72-g41c-4dv2tpdrcsho,Data Field,1,0,1,0,0,0,0.00046700620230937824,0.0004636041145990147,0.0,0,0,0,DLG11,0
7jkt0cpp-kxk7-uea3-96h9-rhaym5uwvf7k,Data Field,1,0,1,0,0,0,0.00046700620230937824,0.0004636041145990147,0.0,0,0,0,DLG11,0
7rwhd53i-i0b0-u9kj-9131-mm82h7rgeosr,Data Field,1,0,1,0,0,0,0.00046700620230937824,0.0004636041145990147,0.0,0,0,0,DLG11,0
c1qz0ciu-grha-8gnj-y5gy-9r5e7cktwpdt,Data Field,1,0,1,0,0,0,0.00046700620230937824,0.0004636041145990147,0.0,0,0,0,DLG11,0
zc4xavgv-103s-mj6d-dta7-s73a8c7f7mld,Data Field,1,0,1,0,0,0,0.00046700620230937824,0.0004636041145990147,0.0,0,0,0,DLG11,0
qihisv6b-l7xs-w5xh-041l-95nco4302gad,Data Field,1,0,1,0,0,0,0.00046700620230937824,0.0004636041145990147,0.0,0,0,0,DLG11,0
p8iegb8u-m7lr-qars-kpan-e38i67e3x3ic,Data Field,1,0,1,0,0,0,0.00046700620230937824,0.0004636041145990147,0.0,0,0,0,DLG11,0
9pm8tyxv-ccig-wqq8-wnld-bj0z3f0j2mr5,Data Field,1,0,1,0,0,0,0.00046700620230937824,0.0004636041145990147,0.0,0,0,0,DLG11,0
wb1nrmml-jwrf-t6t8-phq0-brtpx37y7s1n,Data Field,1,0,1,0,0,0,0.00046700620230937824,0.0004636041145990147,0.0,0,0,0,DLG11,0
szgume6n-vmw1-hdvk-7oiw-p64s2ywu035k,Data Field,1,0,1,0,0,0,0.00046700620230937824,0.0004636041145990147,0.0,0,0,0,DLG11,0
jjysm95p-n72d-0kop-p1ed-f7uktgtvrc0f,Data Field,1,0,1,0,0,0,0.00046700620230937824,0.0004636041145990147,0.0,0,0,0,DLG11,0
tjky2trx-afqi-09r7-8jke-iius7ylxktqn,Data Field,1,0,1,0,0,0,0.00046700620230937824,0.0004636041145990147,0.0,0,0,0,DLG11,0
2eclg3mz-gdso-lug0-hbyf-n9yhkko7aont,Data Field,1,0,1,0,0,0,0.00046700620230937824,0.0004636041145990147,0.0,0,0,0,DLG11,0
xe21m2vn-qztv-ygws-mg4c-8en85sfut8mu,Data Field,1,0,1,0,0,0,0.00046700620230937824,0.0004636041145990147,0.0,0,0,0,DLG11,0
ho2yx65g-t4pm-xad7-n6n5-67ybtqcchols,Data Field,1,0,1,0,0,0,0.00046700620230937824,0.0004636041145990147,0.0,0,0,0,DLG11,0
vcmnj4ie-tte4-i7vx-jtcq-cc0vbagfegc6,Data Field,1,0,1,0,0,0,0.00046700620230937824,0.0004636041145990147,0.0,0,0,0,DLG11,0
o61635ko-hdmk-z5fu-i1ej-quec3nk6svvy,Data Field,1,0,1,0,0,0,0.00046700620230937824,0.0004636041145990147,0.0,0,0,0,DLG11,0
67whiaw6-rvgv-zxwn-czqa-6o9viln4qebq,Data Field,1,0,1,0,0,0,0.00046700620230937824,0.0004636041145990147,0.0,0,0,0,DLG11,0
2d32p8gw-66m1-cj2k-g0jz-e63i398ruq2g,Data Field,1,0,1,0,0,0,0.00046700620230937824,0.0004636041145990147,0.0,0,0,0,DLG11,0
soyk77vl-5wxc-3j6j-hsgw-yzkkp2kblu74,Data Field,1,0,1,0,0,0,0.00046700620230937824,0.0004636041145990147,0.0,0,0,0,DLG11,0
gjp555x5-lu7t-0ej8-22h7-e2k32zlz1gl5,Data Field,1,0,1,0,0,0,0.00046700620230937824,0.0004636041145990147,0.0,0,0,0,DLG11,0
85hlmm0n-e1lr-59tu-r4kz-og5wfkj2wdgi,Data Field,1,0,1,0,0,0,0.00046700620230937824,0.0004636041145990147,0.0,0,0,0,DLG11,0
wk9v9vda-nf8p-iekz-z97x-djctv69wc62q,Data Field,1,0,1,0,0,0,0.00046700620230937824,0.0004636041145990147,0.0,0,0,0,DLG11,0
5sikohtj-axcc-a5se-ol07-fmtlpuj92cmk,Data Field,1,0,1,0,0,0,0.00046700620230937824,0.0004636041145990147,0.0,0,0,0,DLG11,0
9xqekdwo-c8kq-8mea-v2el-pgthsp7ewrw2,Data Field,1,0,1,0,0,0,0.00046700620230937824,0.0004636041145990147,0.0,0,0,0,DLG11,0
vmbh8wo3-njb6-fs9w-0lyf-e00tfcy5gxjs,Data Field,1,0,1,0,0,0,0.00046700620230937824,0.0004636041145990147,0.0,0,0,0,DLG11,0
aec8qgj7-bf27-u3qo-p2ui-vdv43rxdwupk,Data Field,1,0,1,0,0,0,0.00046700620230937824,0.0004636041145990147,0.0,0,0,0,DLG11,0
z7ze3ktv-cwrx-nixj-8w2w-8980zhrrcoh7,Data Field,1,0,1,0,0,0,0.00046700620230937824,0.0004636041145990147,0.0,0,0,0,DLG11,0
92lqbjh0-bql3-v4yt-zt99-z62uctjqnwqz,Data Field,1,0,1,0,0,0,0.00046700620230937824,0.0004636041145990147,0.0,0,0,0,DLG11,0
4t28toj4-ti26-d9aq-psck-j5znzg8dvvtv,Data Field,1,0,1,0,0,0,0.00046700620230937824,0.0004636041145990147,0.0,0,0,0,DLG11,0
2p67xmsi-3bh7-oxmo-xubr-p4om5u9xoaj3,Data Field,1,0,1,0,0,0,0.00046700620230937824,0.0004636041145990147,0.0,0,0,0,DLG11,0
ht915xzh-5pyk-stao-nvxe-h1modshc0p4h,Data Field,1,0,1,0,0,0,0.00046700620230937824,0.0004636041145990147,0.0,0,0,0,DLG11,0
6s2dfr1s-ayz4-vexc-gjsf-lhk3528eg820,Data Field,1,0,1,0,0,0,0.00046700620230937824,0.0004636041145990147,0.0,0,0,0,DLG11,0
i4fr89hr-7dtk-ytht-kb3g-k48wb2llcnoj,Data Field,1,0,1,0,0,0,0.00046700620230937824,0.0004636041145990147,0.0,0,0,0,DLG11,0
0phghkmn-t4vj-qqrw-pg1h-09rz1qkluul5,Data Field,1,0,1,0,0,0,0.00046700620230937824,0.0004636041145990147,0.0,0,0,0,DLG11,0
0rit4qp7-260d-uafc-tilv-975i88e8uj5b,Data Field,1,0,1,0,0,0,0.00046700620230937824,0.0004636041145990147,0.0,0,0,0,DLG11,0
eejt6ar6-vww6-iead-6mhc-msev2ofy6mxd,Data Field,1,0,1,0,0,0,0.00046700620230937824,0.0004636041145990147,0.0,0,0,0,DLG11,0
wi0akd8h-jvfo-iwym-037t-izldijpcpusy,Data Field,1,0,1,0,0,0,0.00046700620230937824,0.0004636041145990147,0.0,0,0,0,DLG11,0
9cwyealj-zg3a-bpkg-h1jv-pfprna61sfgd,Data Field,1,0,1,0,0,0,0.00046700620230937824,0.0004636041145990147,0.0,0,0,0,DLG11,0
hzgfheoc-9u08-eyln-th4d-snsuvpc4br5j,Data Field,1,0,1,0,0,0,0.00046700620230937824,0.0004636041145990147,0.0,0,0,0,DLG11,0
841z1c0j-b66h-naca-bw20-a70gfkxm7lzf,Data Field,1,0,1,0,0,0,0.00046700620230937824,0.0004636041145990147,0.0,0,0,0,DLG11,0
hs6mcnbm-g31y-1z7a-y9xk-i2iqopvd7k7d,Data Field,1,0,1,0,0,0,0.00046700620230937824,0.0004636041145990147,0.0,0,0,0,DLG11,0
0gehnytp-ecat-85lu-cz6k-ssad6w1lvmd6,Data Field,1,0,1,0,0,0,0.00046700620230937824,0.0004636041145990147,0.0,0,0,0,DLG11,0
iuvffjej-ptcq-7ba8-z7je-1f3yed2gfjky,Data Field,1,0,1,0,0,0,0.00046700620230937824,0.0004636041145990147,0.0,0,0,0,DLG11,0
y17x27vg-wmsn-491p-b7xo-qa5ikkoz932b,Data Field,1,0,1,0,0,0,0.00046700620230937824,0.0004636041145990147,0.0,0,0,0,DLG11,0
394ooo5y-5ase-2gf4-ao5r-2a2kusa4711n,Data Field,1,0,1,0,0,0,0.00046700620230937824,0.0004636041145990147,0.0,0,0,0,DLG11,0
1ibb2f8k-ujy9-5mwc-rlnl-q3d72ljniwgx,Data Field,1,0,1,0,0,0,0.00046700620230937824,0.0004636041145990147,0.0,0,0,0,DLG11,0
9qs6nype-n0qu-x7je-a0ge-ic4exjz2lhrc,Data Field,1,0,1,0,0,0,0.00046700620230937824,0.0004636041145990147,0.0,0,0,0,DLG11,0
aljx3ltd-vatf-jk23-pszl-7ymjtawshto0,Data Field,1,0,1,0,0,0,0.00046700620230937824,0.0004636041145990147,0.0,0,0,0,DLG11,0
ce1p2u2j-7hw1-3pg6-4w9q-38zjfgial2m5,Data Field,1,0,1,0,0,0,0.00046700620230937824,0.0004636041145990147,0.0,0,0,0,DLG11,0
jxbuza17-cj5e-ykgs-waoo-44g3lqw4nbof,Data Field,1,0,1,0,0,0,0.00046700620230937824,0.0004636041145990147,0.0,0,0,0,DLG11,0
jt49rsag-jmnj-ci5q-ry0r-cny1vu5fsiyu,Data Field,1,0,1,0,0,0,0.00046700620230937824,0.0004636041145990147,0.0,0,0,0,DLG11,0
or6abnrd-js3p-402b-9jaa-951sfza5ns4j,Data Field,1,0,1,0,0,0,0.00046700620230937824,0.0004636041145990147,0.0,0,0,0,DLG11,0
mmsyr742-nosv-owym-x7rz-bhbdth05ajl1,Data Field,1,0,1,0,0,0,0.00046700620230937824,0.0004636041145990147,0.0,0,0,0,DLG11,0
xlu60ts7-djue-08k8-94pk-ss3tkrwj1bit,Data Field,1,0,1,0,0,0,0.00046700620230937824,0.0004636041145990147,0.0,0,0,0,DLG11,0
xslg0h92-4hw0-hprd-a999-t6tyrrnjdwqu,Data Field,1,0,1,0,0,0,0.00046700620230937824,0.0004636041145990147,0.0,0,0,0,DLG11,0
npuo6uzt-uxdk-ev8k-s2l8-aof1y7r0wang,Data Field,1,0,1,0,0,0,0.00046700620230937824,0.0004636041145990147,0.0,0,0,0,DLG11,0
hl7avsty-4043-tssp-t1xt-amkcqpnhyzh3,Data Field,1,0,1,0,0,0,0.00046700620230937824,0.0004636041145990147,0.0,0,0,0,DLG11,0
w7wci59h-a2lm-5r1b-kfc3-may93y7jek15,Data Field,1,0,1,0,0,0,0.00046700620230937824,0.0004636041145990147,0.0,0,0,0,DLG11,0
tb1lxetw-7oru-ybeh-u71u-7yz4gi91j694,Data Field,1,0,1,0,0,0,0.00046700620230937824,0.0004636041145990147,0.0,0,0,0,DLG11,0
v3e49ay5-qf6d-946q-zs34-h0t01vn8dgub,Data Field,1,0,1,0,0,0,0.00046700620230937824,0.0004636041145990147,0.0,0,0,0,DLG11,0
to6hsc0g-bm60-vaa5-uz0h-gdcn6yfvwf7s,Data Field,1,0,1,0,0,0,0.00046700620230937824,0.0004636041145990147,0.0,0,0,0,DLG11,0
izpa2vm6-xbl1-mccv-637j-b59iz4iflptg,Data Field,1,0,1,0,0,0,0.00046700620230937824,0.0004636041145990147,0.0,0,0,0,DLG11,0
kx9fy93r-qes6-d857-9pas-utituzz9kx7v,Data Field,1,0,1,0,0,0,0.00046700620230937824,0.0004636041145990147,0.0,0,0,0,DLG11,0
s6l9i0hi-5fd4-r388-ikpl-1pm6al3pwi4w,Data Field,1,0,1,0,0,0,0.00046700620230937824,0.0004636041145990147,0.0,0,0,0,DLG11,0
zgthkj52-khzg-zs4c-wdqd-j7g0bcny0oyw,Data Field,1,0,1,0,0,0,0.00046700620230937824,0.0004636041145990147,0.0,0,0,0,DLG11,0
ed9uppeg-ixnv-8jle-wpkf-77vgagzptp82,Data Field,1,0,1,0,0,0,0.00046700620230937824,0.0004636041145990147,0.0,0,0,0,DLG11,0
zajzvle8-11e1-sig1-2zrf-6c7001i9t7mm,Data Field,1,0,1,0,0,0,0.00046700620230937824,0.0004636041145990147,0.0,0,0,0,DLG11,0
twbmw4r9-mspx-nk30-fivc-980c5zy6bfyg,Data Field,1,0,1,0,0,0,0.00046700620230937824,0.0004636041145990147,0.0,0,0,0,DLG11,0
t0zs1b4z-spiz-ao23-ln8s-dpdi0x1ry438,Data Field,1,0,1,0,0,0,0.00046700620230937824,0.0004636041145990147,0.0,0,0,0,DLG11,0
qbjb0s84-4z9z-6dki-f1zr-qe4xvgnwnap6,Data Field,1,0,1,0,0,0,0.00046700620230937824,0.0004636041145990147,0.0,0,0,0,DLG11,0
ni84jwe1-7f37-4nlu-3l1u-lyoalvgmzmxf,Data Field,1,0,1,0,0,0,0.00046700620230937824,0.0004636041145990147,0.0,0,0,0,DLG11,0
t0izwzl9-8vsv-p93m-62cu-eugtahjd1uye,Data Field,1,0,1,0,0,0,0.00046700620230937824,0.0004636041145990147,0.0,0,0,0,DLG11,0
o61h68h7-3inx-56up-sijm-yene5qbf7a9q,Data Field,1,0,1,0,0,0,0.00046700620230937824,0.0004636041145990147,0.0,0,0,0,DLG11,0
itiuw1v3-fux7-4d9b-7q2k-zjoq0c0r6vvd,Data Field,1,0,1,0,0,0,0.00046700620230937824,0.0004636041145990147,0.0,0,0,0,DLG11,0
ztrbvksu-h9gp-aash-e7m7-xfkn2okzzj6s,Data Field,1,0,1,0,0,0,0.00046700620230937824,0.0004636041145990147,0.0,0,0,0,DLG11,0
i4nydoxp-ka95-mwj2-yypc-s716n5uduypd,Data Field,1,0,1,0,0,0,0.00046700620230937824,0.0004636041145990147,0.0,0,0,0,DLG11,0
hv2bzol2-41y2-omxs-njan-3lts458n82kz,Data Field,1,0,1,0,0,0,0.00046700620230937824,0.0004636041145990147,0.0,0,0,0,DLG11,0
3mwg1grq-pxx9-o0rm-gopc-3b9wruqgzupk,Data Field,1,0,1,0,0,0,0.00046700620230937824,0.0004636041145990147,0.0,0,0,0,DLG11,0
t45ddmyo-5ltc-12a3-ego2-4uw8gkta4jqr,Data Field,1,0,1,0,0,0,0.00046700620230937824,0.0004636041145990147,0.0,0,0,0,DLG11,0
zkhydac4-pzh5-kkj4-du67-09a26teio9az,Data Field,1,0,1,0,0,0,0.00046700620230937824,0.0004636041145990147,0.0,0,0,0,DLG11,0
795toy9e-2e39-p36b-xaev-1qzybf80kif8,Data Field,1,0,1,0,0,0,0.00046700620230937824,0.0004636041145990147,0.0,0,0,0,DLG11,0
be62lqgk-kpc9-44fk-4wo2-ytasti1ixi9o,Data Field,1,0,1,0,0,0,0.00046700620230937824,0.0004636041145990147,0.0,0,0,0,DLG11,0
5cppzpmt-1rol-fe08-nzhe-jy2z1c6mayux,Data Field,1,0,1,0,0,0,0.00046700620230937824,0.0004636041145990147,0.0,0,0,0,DLG11,0
20kjd5ln-ss0j-wwzq-r4su-lym8eo5i58b3,Data Field,1,0,1,0,0,0,0.00046700620230937824,0.0004636041145990147,0.0,0,0,0,DLG11,0
5vb9vyo1-r71w-nn30-otpg-bgw3ab0q1tv7,Data Field,1,0,1,0,0,0,0.00046700620230937824,0.0004636041145990147,0.0,0,0,0,DLG11,0
ryjyl4hm-kt27-fjno-3rwc-pcpj6socqu2z,Data Field,1,0,1,0,0,0,0.00046700620230937824,0.0004636041145990147,0.0,0,0,0,DLG11,0
ey15ceei-wsrq-7qz1-hamy-ufzarwqaxu6u,Data Field,1,0,1,0,0,0,0.00046700620230937824,0.0004636041145990147,0.0,0,0,0,DLG11,0
281c26fv-lud7-5rt0-tut4-u3rs8kxeglwe,Data Field,1,0,1,0,0,0,0.00046700620230937824,0.0004636041145990147,0.0,0,0,0,DLG11,0
n5372686-d50f-m2r0-ot3h-m298rlwzul7s,Data Field,1,0,1,0,0,0,0.00046700620230937824,0.0004636041145990147,0.0,0,0,0,DLG11,0
1clx1gx3-5y75-vcvo-xow5-uoip4tk0sqqo,Data Field,1,0,1,0,0,0,0.00046700620230937824,0.0004636041145990147,0.0,0,0,0,DLG11,0
krp1f8lf-1bv7-xt2i-jr9d-trqgwudu98vl,Data Field,1,0,1,0,0,0,0.00046700620230937824,0.0004636041145990147,0.0,0,0,0,DLG11,0
i46ao72x-jo70-cw94-dghz-1o3egfckftkp,Data Field,1,0,1,0,0,0,0.00046700620230937824,0.0004636041145990147,0.0,0,0,0,DLG11,0
tjkvmvm0-5l8i-bglp-bzch-ciboliwhxfck,Data Field,1,0,1,0,0,0,0.00046700620230937824,0.0004636041145990147,0.0,0,0,0,DLG11,0
deh4jcsn-fh12-qswd-cvur-bempgt48c8yn,Data Field,1,0,1,0,0,0,0.00046700620230937824,0.0004636041145990147,0.0,0,0,0,DLG11,0
5pnr9llg-hynx-ou0i-v95k-4vc785z7funp,Data Field,1,0,1,0,0,0,0.00046700620230937824,0.0004636041145990147,0.0,0,0,0,DLG11,0
tbkrntq0-ngjd-p19k-z7y5-p3z154nqgymy,Data Field,1,0,1,0,0,0,0.00046700620230937824,0.0004636041145990147,0.0,0,0,0,DLG11,0
hdcp0zch-6uo7-r51v-9j0k-qpzcbkmqhf1m,Data Field,1,0,1,0,0,0,0.00046700620230937824,0.0004636041145990147,0.0,0,0,0,DLG11,0
r3g9fyyg-lz7d-yopx-wmy1-edt54b0p34cv,Data Field,1,0,1,0,0,0,0.00046700620230937824,0.0004636041145990147,0.0,0,0,0,DLG11,0
tmg4xm1u-arrt-ebvq-h3t9-uf70fyc6hl4x,Data Field,1,0,1,0,0,0,0.00046700620230937824,0.0004636041145990147,0.0,0,0,0,DLG11,0
5gwibmj6-ffm8-m55y-egil-zcqjmr4wek2j,Data Field,1,0,1,0,0,0,0.00046700620230937824,0.0004636041145990147,0.0,0,0,0,DLG11,0
kl8cf1ak-3xkf-u0h6-n2pm-60kq72dgfy8w,Data Field,1,0,1,0,0,0,0.00046700620230937824,0.0004636041145990147,0.0,0,0,0,DLG11,0
zy55pelp-tewu-55pe-jq25-vod2ngui4ml3,Data Field,1,0,1,0,0,0,0.00046700620230937824,0.0004636041145990147,0.0,0,0,0,DLG11,0
qfu5sd2z-kz2b-lrrc-x4rs-54wdbaspdor3,Data Field,1,0,1,0,0,0,0.00046700620230937824,0.0004636041145990147,0.0,0,0,0,DLG11,0
mecqg3f3-6z6q-z50o-u9zt-4svu0d93dnkq,Data Field,1,0,1,0,0,0,0.00046700620230937824,0.0004636041145990147,0.0,0,0,0,DLG11,0
kw8qecec-txbj-fv56-vce3-2qtbmj3ebdzh,Data Field,1,0,1,0,0,0,0.00046700620230937824,0.0004636041145990147,0.0,0,0,0,DLG11,0
rc2qmabp-82gg-6gqw-z54u-6vlsamltp4pd,Data Field,1,0,1,0,0,0,0.00046700620230937824,0.0004636041145990147,0.0,0,0,0,DLG11,0
x02ih4xs-8sho-o2h2-tcqs-3lfybrnsnlr9,Data Field,1,0,1,0,0,0,0.00046700620230937824,0.0004636041145990147,0.0,0,0,0,DLG11,0
otnd0se5-7tv6-nqft-oqqt-hrbqt2myxkw5,Data Field,1,0,1,0,0,0,0.00046700620230937824,0.0004636041145990147,0.0,0,0,0,DLG11,0
6045o9ie-1vqn-ip45-62db-d77vcq8e6hxe,Data Field,1,0,1,0,0,0,0.00046700620230937824,0.0004636041145990147,0.0,0,0,0,DLG11,0
7hm12obi-agjg-g7i2-f3g4-61vj7crshqln,Data Field,1,0,1,0,0,0,0.00046700620230937824,0.0004636041145990147,0.0,0,0,0,DLG11,0
ihmlasio-bpaw-r9bv-ials-u6j5xbfritnw,Data Field,1,0,1,0,0,0,0.00046700620230937824,0.0004636041145990147,0.0,0,0,0,DLG11,0
rdo8im9m-pdfe-w3cl-5q8m-w8i9qtb08349,Data Field,1,0,1,0,0,0,0.00046700620230937824,0.0004636041145990147,0.0,0,0,0,DLG11,0
fg0jv5b4-d0ni-l9jx-g6o0-m31zbt1uxku4,Data Field,1,0,1,0,0,0,0.00046700620230937824,0.0004636041145990147,0.0,0,0,0,DLG11,0
187um1a2-i7ou-c7ps-3nkv-pib1gwnf9yza,Data Field,1,0,1,0,0,0,0.00046700620230937824,0.0004636041145990147,0.0,0,0,0,DLG11,0
e1pdduxe-i6aw-1u4m-p4on-7sd4sw32pwqn,Data Field,1,0,1,0,0,0,0.00046700620230937824,0.0004636041145990147,0.0,0,0,0,DLG11,0
26s3cx3k-883e-zelt-uuh7-i3kojd0998vv,Data Field,1,0,1,0,0,0,0.00046700620230937824,0.0004636041145990147,0.0,0,0,0,DLG11,0
h44kezf3-e28k-181y-7adb-nbowu9asw0te,Data Field,1,0,1,0,0,0,0.00046700620230937824,0.0004636041145990147,0.0,0,0,0,DLG11,0
y5ghuf6g-k5qr-i53l-qroq-vqxa6kl160xk,Data Field,1,0,1,0,0,0,0.00046700620230937824,0.0004636041145990147,0.0,0,0,0,DLG11,0
wpgfucwg-6hkw-pua7-us4b-yxmv9v7eigx1,Data Field,1,0,1,0,0,0,0.00046700620230937824,0.0004636041145990147,0.0,0,0,0,DLG11,0
1x1oky70-u0ia-em7s-h9n2-jbuhvggg58j2,Data Field,1,0,1,0,0,0,0.00046700620230937824,0.0004636041145990147,0.0,0,0,0,DLG11,0
gh2w76nu-ejve-4di4-2jor-89il0ibq25j9,Data Field,1,0,1,0,0,0,0.00046700620230937824,0.0004636041145990147,0.0,0,0,0,DLG11,0
dlvl6wnv-b4pf-mspk-d1ud-horsbk1bqjbd,Data Field,1,0,1,0,0,0,0.00046700620230937824,0.0004636041145990147,0.0,0,0,0,DLG11,0
0lds4gzo-2z92-x2y3-hsvr-egq409621n1y,Data Field,1,0,1,0,0,0,0.00046700620230937824,0.0004636041145990147,0.0,0,0,0,DLG11,0
l41tw7gq-72jp-vqzs-sssm-py0lrg6xa8x0,Data Field,1,0,1,0,0,0,0.00046700620230937824,0.0004636041145990147,0.0,0,0,0,DLG11,0
6s6ntzio-lumb-dijv-l4ji-8y8h381qk0jq,Data Field,1,0,1,0,0,0,0.00046700620230937824,0.0004636041145990147,0.0,0,0,0,DLG11,0
blbvdoxh-r5wj-no3r-y6hf-wzdhr4h9pdqe,Data Field,1,0,1,0,0,0,0.00046700620230937824,0.0004636041145990147,0.0,0,0,0,DLG11,0
9296j0pa-6a5t-lf8x-4787-v9n6lscw87y8,Data Field,1,0,1,0,0,0,0.00046700620230937824,0.0004636041145990147,0.0,0,0,0,DLG11,0
tuam43hd-m4w6-yw1q-18gd-neowezafdudq,Data Field,1,0,1,0,0,0,0.00046700620230937824,0.0004636041145990147,0.0,0,0,0,DLG11,0
yfumjvp6-67l1-ym6i-auxb-92xaa00uxfjk,Data Field,1,0,1,0,0,0,0.00046700620230937824,0.0004636041145990147,0.0,0,0,0,DLG11,0
naxcjj3x-90ag-qpjk-6ckl-aw8vo02bwxwo,Data Field,1,0,1,0,0,0,0.00046700620230937824,0.0004636041145990147,0.0,0,0,0,DLG11,0
peqvsqno-jfwo-tgym-ynmw-0pya92jrzug3,Data Field,1,0,1,0,0,0,0.00046700620230937824,0.0004636041145990147,0.0,0,0,0,DLG11,0
q1kbngi6-z5jk-fpdt-udb0-7t65rvfogov8,Data Field,1,0,1,0,0,0,0.00046700620230937824,0.0004636041145990147,0.0,0,0,0,DLG11,0
29l6ysn8-g52r-3gp8-5rx4-pqwiffipwlgn,Data Field,1,0,1,0,0,0,0.00046700620230937824,0.0004636041145990147,0.0,0,0,0,DLG11,0
oq6inziv-ahjn-ll4r-5yfx-2syqd4mzntsp,Data Field,1,0,1,0,0,0,0.00046700620230937824,0.0004636041145990147,0.0,0,0,0,DLG11,0
fkymsgwz-28kb-9pg1-ifwn-ih5kxua2nbgd,Data Field,1,0,1,0,0,0,0.00046700620230937824,0.0004636041145990147,0.0,0,0,0,DLG11,0
g38vwuhm-480e-5o7k-eh2h-n6f05ngbzgo1,Data Field,1,0,1,0,0,0,0.00046700620230937824,0.0004636041145990147,0.0,0,0,0,DLG11,0
v4slcu9d-xuud-xayo-los6-tadwq379fx09,Data Field,1,0,1,0,0,0,0.00046700620230937824,0.0004636041145990147,0.0,0,0,0,DLG11,0
0hiabpqn-iw5q-u4m3-w32h-9to81izt9rfe,Data Field,1,0,1,0,0,0,0.00046700620230937824,0.0004636041145990147,0.0,0,0,0,DLG11,0
r8hvv2hh-4s3b-zfqh-tzkd-qkdmx1dszkb5,Data Field,1,0,1,0,0,0,0.00046700620230937824,0.0004636041145990147,0.0,0,0,0,DLG11,0
0f104225-ed22-4695-9976-481dcf0dc588,Data Field,1,0,1,0,0,0,0.000419175612202355,0.00042918188634949206,0.0,0,0,0,DLG13,0
be321733-2f81-4a63-bfd8-2054ba91b9c4,Data Field,1,0,1,0,0,0,0.000419175612202355,0.00042918188634949206,0.0,0,0,0,DLG13,0
4ab1d40c-e053-4772-bef9-309d2a485992,Data Job,2,1,3,2,1,0,0.0007990921718027579,0.0007942441162511701,0.0,1,2,0,DLG13,0
dda7f949-88b6-4c14-8234-09efb101a499,Data Field,1,0,1,0,0,0,0.000419175612202355,0.00042918188634949206,0.0,0,0,0,DLG13,0
5a9e9e87-504f-409c-9fa1-d2554985f590,Data Field,1,0,1,0,0,0,0.000419175612202355,0.00042918188634949206,0.0,0,0,0,DLG13,0
c162be21-5f57-4ab1-8626-1f820314190a,Data Field,1,0,1,0,0,0,0.000419175612202355,0.00042918188634949206,0.0,0,0,0,DLG13,0
70bc4c83-2321-4bb7-bbd8-c57c98b4b912,Data Field,1,0,1,0,0,0,0.000419175612202355,0.00042918188634949206,0.0,0,0,0,DLG13,0
7d45385a-8a1a-433c-a01e-b06a21efa36b,Data Field,1,0,1,0,0,0,0.000419175612202355,0.00042918188634949206,0.0,0,0,0,DLG13,0
f3d0daa5-3594-4d39-963c-791324eb116c,Data Field,1,0,1,0,0,0,0.000419175612202355,0.00042918188634949206,0.0,0,0,0,DLG13,0
f87b0aec-9d22-49a3-b384-7256e1aa3421,Data Table,1,35,36,1,0,35,0.0010986624203951434,0.00042918188634949206,0.0,0,3,0,DLG13,0
984cecc5-7ef7-4a8d-b52a-e6f75e256fc3,Data Field,1,0,1,0,0,0,0.000419175612202355,0.00042918188634949206,0.0,0,0,0,DLG13,0
a2669c9b-7c1b-41cf-9f41-61465d4ce6bd,Data Field,1,0,1,0,0,0,0.000419175612202355,0.00042918188634949206,0.0,0,0,0,DLG13,0
88e4565d-9e48-4be8-99b5-901cc593605e,Data Field,1,0,1,0,0,0,0.000419175612202355,0.00042918188634949206,0.0,0,0,0,DLG13,0
6d74fe0a-d541-48ab-8b32-45f0f85c0510,Data Field,1,0,1,0,0,0,0.000419175612202355,0.00042918188634949206,0.0,0,0,0,DLG13,0
4f6adb59-1358-4a7e-bfcb-c558f8b38794,Data Field,1,0,1,0,0,0,0.000419175612202355,0.00042918188634949206,0.0,0,0,0,DLG13,0
43e378fa-85cf-4d0d-8909-99c7b7902839,Data Field,1,0,1,0,0,0,0.000419175612202355,0.00042918188634949206,0.0,0,0,0,DLG13,0
a5dde765-f3af-4157-97e8-a3cca93f9380,Data Field,1,0,1,0,0,0,0.000419175612202355,0.00042918188634949206,0.0,0,0,0,DLG13,0
058a2354-ad8a-46f7-b2de-2e8923ab5c27,Data Field,1,0,1,0,0,0,0.000419175612202355,0.00042918188634949206,0.0,0,0,0,DLG13,0
37ae3b71-898a-4665-9d56-ceb50f12b336,Data Field,1,0,1,0,0,0,0.000419175612202355,0.00042918188634949206,0.0,0,0,0,DLG13,0
9b55ab93-46b7-4673-bfca-fe500cb71d02,Data Field,1,0,1,0,0,0,0.000419175612202355,0.00042918188634949206,0.0,0,0,0,DLG13,0
7b0f37db-d740-464a-912d-2e96f5aa1387,Data Field,1,0,1,0,0,0,0.000419175612202355,0.00042918188634949206,0.0,0,0,0,DLG13,0
0f6f44b0-f559-49d8-99e5-1aa475a4877a,Data Field,1,0,1,0,0,0,0.000419175612202355,0.00042918188634949206,0.0,0,0,0,DLG13,0
3313b48b-a838-4084-b8a7-9dc93901b0d3,Data Job,2,1,3,2,1,0,0.0007990921718027579,0.0007942441162511701,0.0,1,2,0,DLG13,0
46f77533-7fae-473e-8bb5-210beef37d8e,Data Field,1,0,1,0,0,0,0.000419175612202355,0.00042918188634949206,0.0,0,0,0,DLG13,0
3ae9f5bb-2b9f-4689-ab06-6f72c793943c,Data Field,1,0,1,0,0,0,0.000419175612202355,0.00042918188634949206,0.0,0,0,0,DLG13,0
d7f25f15-c648-4ac3-9d9a-1d9a592c9f39,Data Field,1,0,1,0,0,0,0.000419175612202355,0.00042918188634949206,0.0,0,0,0,DLG13,0
b6eced90-60fe-4862-a187-f156c42fbba8,Data Field,1,0,1,0,0,0,0.000419175612202355,0.00042918188634949206,0.0,0,0,0,DLG13,0
14f97418-aeed-4495-8026-e819902bc72a,Data Field,1,0,1,0,0,0,0.000419175612202355,0.00042918188634949206,0.0,0,0,0,DLG13,0
4a3b5aa5-0698-4965-99ad-c55ad69dc55a,Data Field,1,0,1,0,0,0,0.000419175612202355,0.00042918188634949206,0.0,0,0,0,DLG13,0
99da1c2d-4041-463b-bf76-f9cc5d820453,Data Field,1,0,1,0,0,0,0.000419175612202355,0.00042918188634949206,0.0,0,0,0,DLG13,0
42ed9740-9ec2-4a41-b8e3-c9209da3ae13,Data Field,1,0,1,0,0,0,0.000419175612202355,0.00042918188634949206,0.0,0,0,0,DLG13,0
8650a08b-5992-442b-8e51-02e7444e4ee5,Data Field,1,0,1,0,0,0,0.000419175612202355,0.00042918188634949206,0.0,0,0,0,DLG13,0
1b288b86-efe5-485e-a3e2-f164fd9f32a6,Data Field,1,0,1,0,0,0,0.000419175612202355,0.00042918188634949206,0.0,0,0,0,DLG13,0
13f294ee-d013-4d32-83de-8db3363a738d,Data Field,1,0,1,0,0,0,0.000419175612202355,0.00042918188634949206,0.0,0,0,0,DLG13,0
a22bfc12-e5de-4fe0-bc61-fcd4c120c0ba,Data Job,3,1,4,3,1,0,0.0008347093492652957,0.0006351094591308929,0.0,25,3,0,DLG13,0
8c402a04-e325-4b1d-bec7-856ed06d3648,Data Field,1,0,1,0,0,0,0.000419175612202355,0.00042918188634949206,0.0,0,0,0,DLG13,0
b43d5b67-9357-4a09-9af6-d76f107f9e11,Data Field,1,0,1,0,0,0,0.000419175612202355,0.00042918188634949206,0.0,0,0,0,DLG13,0
0dec28fe-c8e4-4460-8ad4-f2686c1b7ac5,Data Field,1,0,1,0,0,0,0.000419175612202355,0.00042918188634949206,0.0,0,0,0,DLG13,0
730dcee8-609f-48bc-a203-779493ce250b,Data Table,0,9,9,0,1,8,0.000419175612202355,0.00076721593550674,0.0,2,0,0,DLG13,0
897c976a-3d26-4752-896e-24ee9dcde71b,Data Field,1,0,1,0,0,0,0.000419175612202355,0.00042918188634949206,0.0,0,0,0,DLG13,0
ff362842-671e-4d9e-b25e-593f2a4f1a32,Data Field,1,0,1,0,0,0,0.000419175612202355,0.00042918188634949206,0.0,0,0,0,DLG13,0
34985daf-949e-4dfe-9972-5a5ed446954b,Data Field,1,0,1,0,0,0,0.000419175612202355,0.00042918188634949206,0.0,0,0,0,DLG13,0
1746b456-a884-4edc-acaa-3462e2e6b9f4,Data Field,1,0,1,0,0,0,0.000419175612202355,0.00042918188634949206,0.0,0,0,0,DLG13,0
57b03693-6d19-44ea-9c03-6899ffecfcdc,Data Field,1,0,1,0,0,0,0.000419175612202355,0.00042918188634949206,0.0,0,0,0,DLG13,0
2da716d8-cff9-412b-bec8-f3809f00da6d,Data Field,1,0,1,0,0,0,0.000419175612202355,0.00042918188634949206,0.0,0,0,0,DLG13,0
6ac6e3a9-4bfb-436c-a59e-a8c635009ec4,Data Field,1,0,1,0,0,0,0.000419175612202355,0.00042918188634949206,0.0,0,0,0,DLG13,0
aee2ad8f-f770-4e37-b794-8951fe73ae1f,Data Field,1,0,1,0,0,0,0.000419175612202355,0.00042918188634949206,0.0,0,0,0,DLG13,0
61462249-d8f1-4a4e-b312-13d70b369e7f,Data Field,1,0,1,0,0,0,0.000419175612202355,0.00042918188634949206,0.0,0,0,0,DLG13,0
a9e116f6-5f4a-4791-be6c-75bbc3272be2,Data Field,1,0,1,0,0,0,0.000419175612202355,0.00042918188634949206,0.0,0,0,0,DLG13,0
185a80be-ad67-4ca0-a13e-32bb8a76e221,Data Field,1,0,1,0,0,0,0.000419175612202355,0.00042918188634949206,0.0,0,0,0,DLG13,0
76c214cf-e2ec-43e2-a88d-662e4b1e8d16,Data Table,1,27,28,1,1,26,0.0010986624203951434,0.00076721593550674,0.0,2,4,0,DLG13,0
f31da7f3-f610-4262-99e3-eda05306e09a,Data Field,1,0,1,0,0,0,0.000419175612202355,0.00042918188634949206,0.0,0,0,0,DLG13,0
217bc7e8-fde6-414f-bc6e-e07acf1c4fb4,Data Field,1,0,1,0,0,0,0.000419175612202355,0.00042918188634949206,0.0,0,0,0,DLG13,0
10c187b6-e571-4c48-bbf5-819b8f8fa24c,Data Field,1,0,1,0,0,0,0.000419175612202355,0.00042918188634949206,0.0,0,0,0,DLG13,0
fb1e64e5-63b4-4068-8bed-d9a0d5ce84ec,Data Field,1,0,1,0,0,0,0.000419175612202355,0.00042918188634949206,0.0,0,0,0,DLG13,0
e11a3c8e-130a-44e9-95cd-61cb7a4d1466,Data Field,1,0,1,0,0,0,0.000419175612202355,0.00042918188634949206,0.0,0,0,0,DLG13,0
fa34a593-3cfe-4f6d-9331-8e8be6f3d4f9,Data Field,1,0,1,0,0,0,0.000419175612202355,0.00042918188634949206,0.0,0,0,0,DLG13,0
d9978336-2b00-44ca-a78c-278b577c642a,Data Field,1,0,1,0,0,0,0.000419175612202355,0.00042918188634949206,0.0,0,0,0,DLG13,0
b6a3e096-acab-4e6b-9bef-d367a9d40b1c,Data Field,1,0,1,0,0,0,0.000419175612202355,0.00042918188634949206,0.0,0,0,0,DLG13,0
3ac7ec2c-2b37-4d79-b852-c9a866ca7f36,Data Field,1,0,1,0,0,0,0.000419175612202355,0.00042918188634949206,0.0,0,0,0,DLG13,0
e0154983-f63c-4832-8e54-0abf609f73b2,Data Field,1,0,1,0,0,0,0.000419175612202355,0.00042918188634949206,0.0,0,0,0,DLG13,0
2f9fd9da-da7c-4c2d-b1c8-4b1b6bc4fe1c,Data Field,1,0,1,0,0,0,0.000419175612202355,0.00042918188634949206,0.0,0,0,0,DLG13,0
b328fe4c-ba86-4263-852a-9c709bdc8176,Data Field,1,0,1,0,0,0,0.000419175612202355,0.00042918188634949206,0.0,0,0,0,DLG13,0
c381c3ec-84b6-4892-97e8-cb5d126514ca,Data Field,1,0,1,0,0,0,0.000419175612202355,0.00042918188634949206,0.0,0,0,0,DLG13,0
8afd2c99-1cbe-4e42-bdaf-bc323bd98297,Data Field,1,0,1,0,0,0,0.000419175612202355,0.00042918188634949206,0.0,0,0,0,DLG13,0
2c025e2e-a303-4720-9073-bdd3fb47fae6,Data Field,1,0,1,0,0,0,0.000419175612202355,0.00042918188634949206,0.0,0,0,0,DLG13,0
2350aa7e-835d-49a4-af20-6503dc998acc,Data Field,1,0,1,0,0,0,0.000419175612202355,0.00042918188634949206,0.0,0,0,0,DLG13,0
c02732a1-5f87-43ff-a77a-e076069c9086,Data Field,1,0,1,0,0,0,0.000419175612202355,0.00042918188634949206,0.0,0,0,0,DLG13,0
f4a67500-6723-444a-b555-70fcb4d90f4c,Data Table,0,43,43,0,1,42,0.000419175612202355,0.00076721593550674,0.0,2,0,0,DLG13,0
a145ab84-f699-4732-ad00-0b73a4a5a32c,Data Field,1,0,1,0,0,0,0.000419175612202355,0.00042918188634949206,0.0,0,0,0,DLG13,0
746e838b-d812-4314-a661-976d7daa2f62,Data Field,1,0,1,0,0,0,0.000419175612202355,0.00042918188634949206,0.0,0,0,0,DLG13,0
36e88efb-1299-43c6-bd56-3976b4d48d07,Data Field,1,0,1,0,0,0,0.000419175612202355,0.00042918188634949206,0.0,0,0,0,DLG13,0
5ee01fa3-0ea6-4d7b-a189-4356c4a92f4f,Data Field,1,0,1,0,0,0,0.000419175612202355,0.00042918188634949206,0.0,0,0,0,DLG13,0
45c345ad-6462-493a-849a-eeca45002b03,Data Field,1,0,1,0,0,0,0.000419175612202355,0.00042918188634949206,0.0,0,0,0,DLG13,0
90ee7c75-7a89-42b4-8999-b9ddb3cb2aa5,Data Field,1,0,1,0,0,0,0.000419175612202355,0.00042918188634949206,0.0,0,0,0,DLG13,0
deeb9d03-6d44-4e56-9f8c-28066f3bf922,Data Field,1,0,1,0,0,0,0.000419175612202355,0.00042918188634949206,0.0,0,0,0,DLG13,0
a3faed85-640e-44c2-b414-e2edd40ea969,Data Job,2,1,3,2,1,0,0.0006210062844900691,0.0007942441162511701,0.0,1,2,0,DLG13,0
e54d9027-911c-4c65-8a8a-f7a5b0c1b962,Data Field,1,0,1,0,0,0,0.000419175612202355,0.00042918188634949206,0.0,0,0,0,DLG13,0
608c02d8-7c6e-4e9d-9541-402f04a4def5,Data Field,1,0,1,0,0,0,0.000419175612202355,0.00042918188634949206,0.0,0,0,0,DLG13,0
09d20368-d0cb-4682-aa4f-84051472cc2f,Data Field,1,0,1,0,0,0,0.000419175612202355,0.00042918188634949206,0.0,0,0,0,DLG13,0
2d577b04-413f-4acc-8dea-87c787f573a0,Data Field,1,0,1,0,0,0,0.000419175612202355,0.00042918188634949206,0.0,0,0,0,DLG13,0
1622b0a6-466f-4aab-8f4c-b4e0994a01f8,Data Field,1,0,1,0,0,0,0.000419175612202355,0.00042918188634949206,0.0,0,0,0,DLG13,0
89c0c237-671e-474a-8925-9dc5748dc8f1,Data Field,1,0,1,0,0,0,0.000419175612202355,0.00042918188634949206,0.0,0,0,0,DLG13,0
388f98bc-5d3a-4db0-96ea-8d74e991c332,Data Field,1,0,1,0,0,0,0.000419175612202355,0.00042918188634949206,0.0,0,0,0,DLG13,0
dbeb7d4c-c865-4caa-b6f2-8b49f60c16d1,Data Field,1,0,1,0,0,0,0.000419175612202355,0.00042918188634949206,0.0,0,0,0,DLG13,0
798c1f65-de7b-448a-aa7e-d4bc57e81481,Data Field,1,0,1,0,0,0,0.000419175612202355,0.00042918188634949206,0.0,0,0,0,DLG13,0
3e73bbfd-9e29-4d3a-8ab0-fff0bb6b5cb8,Data Field,1,0,1,0,0,0,0.000419175612202355,0.00042918188634949206,0.0,0,0,0,DLG13,0
37f099b6-8b43-4b44-8d7e-0da707d9497c,Data Table,1,18,19,1,0,18,0.0009471084984104196,0.00042918188634949206,0.0,0,3,0,DLG13,0
ce26a179-14ae-4021-8cd2-65e0a004b9d8,Data Field,1,0,1,0,0,0,0.000419175612202355,0.00042918188634949206,0.0,0,0,0,DLG13,0
d6b2b3af-3e7c-4307-811c-f60ac9593a6e,Data Field,1,0,1,0,0,0,0.000419175612202355,0.00042918188634949206,0.0,0,0,0,DLG13,0
2e179649-a6c0-47a5-80a9-d86f21abae41,Data Field,1,0,1,0,0,0,0.000419175612202355,0.00042918188634949206,0.0,0,0,0,DLG13,0
062fd918-255b-418b-a477-bc86c9fcf61f,Data Field,1,0,1,0,0,0,0.000419175612202355,0.00042918188634949206,0.0,0,0,0,DLG13,0
5a29cc15-c29d-4e42-803b-83e3541278c5,Data Field,1,0,1,0,0,0,0.000419175612202355,0.00042918188634949206,0.0,0,0,0,DLG13,0
2ad3b4af-f2b4-4e27-ae2a-869b5c666d33,Data Field,1,0,1,0,0,0,0.000419175612202355,0.00042918188634949206,0.0,0,0,0,DLG13,0
298e061f-a97a-4b11-bc4d-1f83551aaaf8,Data Table,1,42,43,1,0,42,0.0010986624203951434,0.00042918188634949206,0.0,0,3,0,DLG13,0
a53cfc66-68ba-4f54-99da-e227313ce8c0,Data Field,1,0,1,0,0,0,0.000419175612202355,0.00042918188634949206,0.0,0,0,0,DLG13,0
dddbdc08-c101-4be8-9de1-83d1d0e060d3,Data Field,1,0,1,0,0,0,0.000419175612202355,0.00042918188634949206,0.0,0,0,0,DLG13,0
60945020-4a53-4ed9-a4d3-a5eb0a4004c5,Data Table,0,63,63,0,1,62,0.000419175612202355,0.0005043005639399916,0.0,2,0,0,DLG13,0
9791bd69-2110-4ee9-8097-b0f18fd49398,Data Field,1,0,1,0,0,0,0.000419175612202355,0.00042918188634949206,0.0,0,0,0,DLG13,0
70db0937-d885-4da5-9722-cfb92f340e56,Data Field,1,0,1,0,0,0,0.000419175612202355,0.00042918188634949206,0.0,0,0,0,DLG13,0
b61a4890-5f96-497c-a838-0f94f91a3c0c,Data Field,1,0,1,0,0,0,0.000419175612202355,0.00042918188634949206,0.0,0,0,0,DLG13,0
e1f5fd24-53cb-41bb-b0c1-5793f1eaadcd,Data Field,1,0,1,0,0,0,0.000419175612202355,0.00042918188634949206,0.0,0,0,0,DLG13,0
a64a89b7-6de4-45e8-a707-cfc0f7992635,Data Field,1,0,1,0,0,0,0.000419175612202355,0.00042918188634949206,0.0,0,0,0,DLG13,0
a00ed0a0-4159-4b58-8b77-b2e668d8fb05,Data Field,1,0,1,0,0,0,0.000419175612202355,0.00042918188634949206,0.0,0,0,0,DLG13,0
ead54c8d-d558-44b4-8446-972094aef9c6,Data Field,1,0,1,0,0,0,0.000419175612202355,0.00042918188634949206,0.0,0,0,0,DLG13,0
76329236-0a90-4a9f-b0d0-dd82ba74de4e,Data Field,1,0,1,0,0,0,0.000419175612202355,0.00042918188634949206,0.0,0,0,0,DLG13,0
bcea8af6-d2a3-4645-a34f-69e4fa537d54,Data Field,1,0,1,0,0,0,0.000419175612202355,0.00042918188634949206,0.0,0,0,0,DLG13,0
44c0b0b4-b337-4190-b1ed-1468179f38d5,Data Field,1,0,1,0,0,0,0.000419175612202355,0.00042918188634949206,0.0,0,0,0,DLG13,0
f1b0e408-cfea-480f-8232-d06fb4ce94b8,Data Field,1,0,1,0,0,0,0.000419175612202355,0.00042918188634949206,0.0,0,0,0,DLG13,0
28e2837a-9270-4c24-80b0-a0256ee834fb,Data Field,1,0,1,0,0,0,0.000419175612202355,0.00042918188634949206,0.0,0,0,0,DLG13,0
aff2013f-8117-4002-be5a-6fcc002b0967,Data Field,1,0,1,0,0,0,0.000419175612202355,0.00042918188634949206,0.0,0,0,0,DLG13,0
005b1da5-e870-4c8f-b271-c63ae2abbfaa,Data Job,2,1,3,2,1,0,0.0007990921718027579,0.0007942441162511701,0.0,1,2,0,DLG13,0
61314622-aefa-4164-8899-37ac12be9065,Data Field,1,0,1,0,0,0,0.000419175612202355,0.00042918188634949206,0.0,0,0,0,DLG13,0
2e15aaab-5c35-472a-8dfb-67bba639365c,Data Job,2,1,3,2,1,0,0.0007990921718027579,0.0007942441162511701,4.6403712296983755e-06,1,2,0,DLG13,0
b103bff5-936a-43c7-ad38-c103cae9f74c,Data Field,1,0,1,0,0,0,0.000419175612202355,0.00042918188634949206,0.0,0,0,0,DLG13,0
d95c6431-da82-479e-9b01-8e109c190da8,Data Field,1,0,1,0,0,0,0.000419175612202355,0.00042918188634949206,0.0,0,0,0,DLG13,0
d71a7f8d-89cf-49fd-903f-78be53b0773c,Data Field,1,0,1,0,0,0,0.000419175612202355,0.00042918188634949206,0.0,0,0,0,DLG13,0
08b20e75-67f8-4313-afeb-2032884fb32d,Data Field,1,0,1,0,0,0,0.000419175612202355,0.00042918188634949206,0.0,0,0,0,DLG13,0
42547f6d-60be-4105-8848-460a57af5a52,Data Field,1,0,1,0,0,0,0.000419175612202355,0.00042918188634949206,0.0,0,0,0,DLG13,0
dde04bd1-fb59-4536-b3a7-a975bd51588a,Data Field,1,0,1,0,0,0,0.000419175612202355,0.00042918188634949206,0.0,0,0,0,DLG13,0
7b466539-ceab-4ae1-a3f5-e4b9cc7b7d68,Data Field,1,0,1,0,0,0,0.000419175612202355,0.00042918188634949206,0.0,0,0,0,DLG13,0
6ae52d7d-cb45-46ac-ab3a-0df627313105,Data Field,1,0,1,0,0,0,0.000419175612202355,0.00042918188634949206,0.0,0,0,0,DLG13,0
1b5c84cd-93be-4ec2-83a2-d2abbca43c2b,Data Job,1,1,2,1,1,0,0.0012368625408160688,0.0006117130013003311,2.343621833180998e-06,1,7,0,DLG13,0
c210885c-317b-40b4-9ea0-c5d295dcb062,Data Field,1,0,1,0,0,0,0.000419175612202355,0.00042918188634949206,0.0,0,0,0,DLG13,0
39ef0e75-20d5-4c52-81df-6b58e3341281,Data Field,1,0,1,0,0,0,0.000419175612202355,0.00042918188634949206,0.0,0,0,0,DLG13,0
3871de63-8744-4cb1-8a3f-d20e465542b4,Data Job,1,1,2,1,1,0,0.00044292039717738014,0.0007423188778290158,0.0,4,1,0,DLG13,0
2c4ce503-56a8-4f9e-952e-a3a0ec10c638,Data Field,1,0,1,0,0,0,0.000419175612202355,0.00042918188634949206,0.0,0,0,0,DLG13,0
ad6e1200-8e0a-42a0-8f6a-689939b542d5,Data Field,1,0,1,0,0,0,0.000419175612202355,0.00042918188634949206,0.0,0,0,0,DLG13,0
8a225334-da85-4814-a12c-52e9fc821e00,Data Field,1,0,1,0,0,0,0.000419175612202355,0.00042918188634949206,0.0,0,0,0,DLG13,0
57a972b0-f293-42fe-8609-611d8f6750ec,Data Field,1,0,1,0,0,0,0.000419175612202355,0.00042918188634949206,0.0,0,0,0,DLG13,0
96a7d72a-576a-42b7-90c8-7258d719455e,Data Field,1,0,1,0,0,0,0.000419175612202355,0.00042918188634949206,0.0,0,0,0,DLG13,0
feecb7a8-c20c-40bb-86a7-4e7e03f701e0,Data Field,1,0,1,0,0,0,0.000419175612202355,0.00042918188634949206,0.0,0,0,0,DLG13,0
4d55c677-fab8-4b1c-b0ae-4f291cd62a2a,Data Field,1,0,1,0,0,0,0.000419175612202355,0.00042918188634949206,0.0,0,0,0,DLG13,0
709ea6f8-97ae-4030-a4a3-d35e1e37e4c8,Data Field,1,0,1,0,0,0,0.000419175612202355,0.00042918188634949206,0.0,0,0,0,DLG13,0
062af924-fdf9-4dfc-b107-fb182076a605,Data Field,1,0,1,0,0,0,0.000419175612202355,0.00042918188634949206,0.0,0,0,0,DLG13,0
513ccb2d-8370-4e07-b688-3fa5d81a6740,Data Field,1,0,1,0,0,0,0.000419175612202355,0.00042918188634949206,0.0,0,0,0,DLG13,0
f9690a8a-6b7c-44d2-9934-35b586afae42,Data Field,1,0,1,0,0,0,0.000419175612202355,0.00042918188634949206,0.0,0,0,0,DLG13,0
491c1e78-a9de-4496-9c30-90c0ae766750,Data Field,1,0,1,0,0,0,0.000419175612202355,0.00042918188634949206,0.0,0,0,0,DLG13,0
8b8edda2-deba-42a9-90e3-3c4a91ded390,Data Field,1,0,1,0,0,0,0.000419175612202355,0.00042918188634949206,0.0,0,0,0,DLG13,0
a97560d5-9530-41a7-ad09-83a02abe471a,Data Field,1,0,1,0,0,0,0.000419175612202355,0.00042918188634949206,0.0,0,0,0,DLG13,0
d8d9a9c4-7aff-401a-a420-1425d9662a99,Data Field,1,0,1,0,0,0,0.000419175612202355,0.00042918188634949206,0.0,0,0,0,DLG13,0
2f79b045-1ddb-4b9e-8ea6-84231300c594,Data Table,1,15,16,1,0,15,0.0009471084984104196,0.00042918188634949206,0.0,0,3,0,DLG13,0
a31ed5c3-b7b8-42ee-b5f2-2d6ca3b342e4,Data Table,0,14,14,0,3,11,0.000419175612202355,0.0011174193245356017,0.0,28,0,0,DLG13,0
9e62e825-ff19-4927-9a6d-32ca61449662,Data Field,1,0,1,0,0,0,0.000419175612202355,0.00042918188634949206,0.0,0,0,0,DLG13,0
bc961d65-ead2-4320-8ee9-7677d1fb2c4a,Data Field,1,0,1,0,0,0,0.000419175612202355,0.00042918188634949206,0.0,0,0,0,DLG13,0
1b08ef99-5d0c-46e8-80a2-2a7b53bd6443,Data Field,1,0,1,0,0,0,0.000419175612202355,0.00042918188634949206,0.0,0,0,0,DLG13,0
affcc04a-e02d-4a47-8ab3-e9f909d99315,Data Field,1,0,1,0,0,0,0.000419175612202355,0.00042918188634949206,0.0,0,0,0,DLG13,0
4eaa5e6c-ceaf-4e8a-ab51-9bdbd3819817,Data Field,1,0,1,0,0,0,0.000419175612202355,0.00042918188634949206,0.0,0,0,0,DLG13,0
492a5bad-2b22-4f49-9352-71d838d05b1f,Data Field,1,0,1,0,0,0,0.000419175612202355,0.00042918188634949206,0.0,0,0,0,DLG13,0
d0ce12a4-83f6-4a5e-8284-7b23630a386e,Data Field,1,0,1,0,0,0,0.000419175612202355,0.00042918188634949206,0.0,0,0,0,DLG13,0
b0269fe8-3d16-407b-b1b2-c92e2b25e93f,Data Field,1,0,1,0,0,0,0.000419175612202355,0.00042918188634949206,0.0,0,0,0,DLG13,0
9f8c91cb-6786-43e3-85a0-18d7b7608352,Data Field,1,0,1,0,0,0,0.000419175612202355,0.00042918188634949206,0.0,0,0,0,DLG13,0
4b659aaa-1572-4643-b4d2-8a05e4a83c6c,Data Field,1,0,1,0,0,0,0.000419175612202355,0.00042918188634949206,0.0,0,0,0,DLG13,0
f718acbc-5774-437e-b90e-f5ded885788e,Data Field,1,0,1,0,0,0,0.000419175612202355,0.00042918188634949206,0.0,0,0,0,DLG13,0
9112b354-6447-49d8-864c-a2a9622089b5,Data Field,1,0,1,0,0,0,0.000419175612202355,0.00042918188634949206,0.0,0,0,0,DLG13,0
f0dd379d-b98b-43b9-bc1b-48ff299dd5bb,Data Field,1,0,1,0,0,0,0.000419175612202355,0.00042918188634949206,0.0,0,0,0,DLG13,0
f3ef6119-8353-424d-badf-6715298cec97,Data Field,1,0,1,0,0,0,0.000419175612202355,0.00042918188634949206,0.0,0,0,0,DLG13,0
0a655698-bf67-49ed-a498-dd0eaad04e6b,Data Table,2,18,20,2,0,18,0.0025256367445848564,0.00042918188634949206,0.0,0,9,0,DLG13,0
7f689ff8-5d8f-418c-afff-8de2ee40e7d5,Data Table,0,16,16,0,3,13,0.000419175612202355,0.0011174193245356017,0.0,28,0,0,DLG13,0
8a4aeb81-5c56-4c7a-9033-a39ec4b57fd8,Data Field,1,0,1,0,0,0,0.000419175612202355,0.00042918188634949206,0.0,0,0,0,DLG13,0
f7c63db9-9a46-4c26-9aa6-99a2ba42c911,Data Field,1,0,1,0,0,0,0.000419175612202355,0.00042918188634949206,0.0,0,0,0,DLG13,0
a650d95d-6f38-4049-9775-362f10864298,Data Field,1,0,1,0,0,0,0.000419175612202355,0.00042918188634949206,0.0,0,0,0,DLG13,0
51e7eb50-a757-46de-88d1-8a74d8ab9c11,Data Field,1,0,1,0,0,0,0.000419175612202355,0.00042918188634949206,0.0,0,0,0,DLG13,0
262c8c49-7e55-4b5d-91cd-d6269d0a52b2,Data Field,1,0,1,0,0,0,0.000419175612202355,0.00042918188634949206,0.0,0,0,0,DLG13,0
7fc5cc20-bbcc-492b-8a11-fee35d0968f5,Data Field,1,0,1,0,0,0,0.000419175612202355,0.00042918188634949206,0.0,0,0,0,DLG13,0
5937f570-52b4-45a5-be70-aca992b9d2d4,Data Field,1,0,1,0,0,0,0.000419175612202355,0.00042918188634949206,0.0,0,0,0,DLG13,0
1f31f3ce-f7a9-43b5-a2f4-9d55fa37a3ca,Data Field,1,0,1,0,0,0,0.000419175612202355,0.00042918188634949206,0.0,0,0,0,DLG13,0
8d1ef2da-bfb3-420b-8825-0d83b5f3ce3f,Data Field,1,0,1,0,0,0,0.000419175612202355,0.00042918188634949206,0.0,0,0,0,DLG13,0
481451fa-2e25-427c-ae2f-f57d05f09ff7,Data Field,1,0,1,0,0,0,0.000419175612202355,0.00042918188634949206,0.0,0,0,0,DLG13,0
11168dbb-99cb-4f8e-b733-91241c295a37,Data Field,1,0,1,0,0,0,0.000419175612202355,0.00042918188634949206,0.0,0,0,0,DLG13,0
9083d297-c536-47e8-98d7-0347574beb18,Data Field,1,0,1,0,0,0,0.000419175612202355,0.00042918188634949206,0.0,0,0,0,DLG13,0
b3095f76-cf2b-4b4c-9c53-0beae2d9aacf,Data Field,1,0,1,0,0,0,0.000419175612202355,0.00042918188634949206,0.0,0,0,0,DLG13,0
688f3a19-a467-420b-b108-abbc0662dc99,Data Field,1,0,1,0,0,0,0.000419175612202355,0.00042918188634949206,0.0,0,0,0,DLG13,0
ba24c2cd-0feb-4d6c-a313-36bb2181df16,Data Field,1,0,1,0,0,0,0.000419175612202355,0.00042918188634949206,0.0,0,0,0,DLG13,0
25d8663f-becb-42c2-b235-b1902ae14efc,Data Field,1,0,1,0,0,0,0.000419175612202355,0.00042918188634949206,0.0,0,0,0,DLG13,0
ee41665f-7c83-4b4a-96bf-29aea2e5a9ef,Data Field,1,0,1,0,0,0,0.000419175612202355,0.00042918188634949206,0.0,0,0,0,DLG13,0
d955c3af-5317-4f88-9a62-6da2e0186ef4,Data Field,1,0,1,0,0,0,0.000419175612202355,0.00042918188634949206,0.0,0,0,0,DLG13,0
c8aa8f70-6ae3-410c-8d1d-b1a5152a6491,Data Field,1,0,1,0,0,0,0.000419175612202355,0.00042918188634949206,0.0,0,0,0,DLG13,0
abdd0bb8-4d2a-4333-beae-63bdf8158cba,Data Field,1,0,1,0,0,0,0.000419175612202355,0.00042918188634949206,0.0,0,0,0,DLG13,0
e44ce93d-b9a9-49fc-80e4-89f425352f5a,Data Field,1,0,1,0,0,0,0.000419175612202355,0.00042918188634949206,0.0,0,0,0,DLG13,0
161c4105-8b0a-4ec6-a600-cdd315859c42,Data Job,2,1,3,2,1,0,0.0007990921718027579,0.0007942441162511701,0.0,1,2,0,DLG13,0
32a9c4bb-a056-4714-8811-945dc42a0538,Data Table,0,8,8,0,1,7,0.000419175612202355,0.00076721593550674,0.0,2,0,0,DLG13,0
c5ba5673-74fd-4e73-abcb-c201e5417a7e,Data Field,1,0,1,0,0,0,0.000419175612202355,0.00042918188634949206,0.0,0,0,0,DLG13,0
168c2cb5-6526-4300-a2b0-25024b1e1469,Data Field,1,0,1,0,0,0,0.000419175612202355,0.00042918188634949206,0.0,0,0,0,DLG13,0
550b587d-673d-4809-a44e-c8cb2f0c442b,Data Field,1,0,1,0,0,0,0.000419175612202355,0.00042918188634949206,0.0,0,0,0,DLG13,0
d06bee06-8b81-4cf3-b252-ad64cb2f5f40,Data Field,1,0,1,0,0,0,0.000419175612202355,0.00042918188634949206,0.0,0,0,0,DLG13,0
c4072060-c651-41fb-af01-75506bd95175,Data Field,1,0,1,0,0,0,0.000419175612202355,0.00042918188634949206,0.0,0,0,0,DLG13,0
798e46e4-57dd-46f4-9007-900142ac29d4,Data Field,1,0,1,0,0,0,0.000419175612202355,0.00042918188634949206,0.0,0,0,0,DLG13,0
fe349959-7c23-472d-a911-c7e6ecf81947,Data Field,1,0,1,0,0,0,0.000419175612202355,0.00042918188634949206,0.0,0,0,0,DLG13,0
54a874bf-0642-40af-baa6-3370480c871d,Data Field,1,0,1,0,0,0,0.000419175612202355,0.00042918188634949206,0.0,0,0,0,DLG13,0
fb73ddcc-ae25-492c-9fca-1a3e9534459f,Data Table,0,23,23,0,15,8,0.000419175612202355,0.005819975632796575,0.0,54,0,0,DLG13,1
e42d50d7-61ba-4bc6-8ddc-10ae353a9a9e,Data Field,1,0,1,0,0,0,0.000419175612202355,0.00042918188634949206,0.0,0,0,0,DLG13,0
d36349a6-b710-4bdc-97d4-686825c316a5,Data Field,1,0,1,0,0,0,0.000419175612202355,0.00042918188634949206,0.0,0,0,0,DLG13,0
0c28ef8a-7c2d-4b5b-b010-9cca15da6a52,Data Field,1,0,1,0,0,0,0.000419175612202355,0.00042918188634949206,0.0,0,0,0,DLG13,0
d3adb2da-575d-4d2d-aa99-6c48e84ec353,Data Field,1,0,1,0,0,0,0.000419175612202355,0.00042918188634949206,0.0,0,0,0,DLG13,0
e7350d7b-b16d-42f2-8cc8-32e44f473da4,Data Field,1,0,1,0,0,0,0.000419175612202355,0.00042918188634949206,0.0,0,0,0,DLG13,0
ddc60e75-83a9-46c8-996d-2edd83cef531,Data Field,1,0,1,0,0,0,0.000419175612202355,0.00042918188634949206,0.0,0,0,0,DLG13,0
8feafb24-f9c6-4d95-8641-68fecec4a5f3,Data Table,0,19,19,0,2,17,0.000419175612202355,0.0008593302852158106,0.0,27,0,0,DLG13,0
fb0dde2a-af70-4661-8669-c413db084347,Data Field,1,0,1,0,0,0,0.000419175612202355,0.00042918188634949206,0.0,0,0,0,DLG13,0
22da8b6d-17c5-4ea4-949e-a7645d02511f,Data Field,1,0,1,0,0,0,0.000419175612202355,0.00042918188634949206,0.0,0,0,0,DLG13,0
80fc8c5b-4c21-4777-91bb-6b02ea42be95,Data Field,1,0,1,0,0,0,0.000419175612202355,0.00042918188634949206,0.0,0,0,0,DLG13,0
a2be16a7-13d8-4123-8cc8-0f827927db57,Data Field,1,0,1,0,0,0,0.000419175612202355,0.00042918188634949206,0.0,0,0,0,DLG13,0
fb18925d-2c57-4c0b-ab2e-63cc554540c1,Data Field,1,0,1,0,0,0,0.000419175612202355,0.00042918188634949206,0.0,0,0,0,DLG13,0
80e262a1-3d72-40fe-b49f-502c6924cf85,Data Field,1,0,1,0,0,0,0.000419175612202355,0.00042918188634949206,0.0,0,0,0,DLG13,0
31f4222d-8061-4249-881b-496270734cc5,Data Field,1,0,1,0,0,0,0.000419175612202355,0.00042918188634949206,0.0,0,0,0,DLG13,0
d9fb7704-da06-4c52-9f41-2765e8f90b58,Data Field,1,0,1,0,0,0,0.000419175612202355,0.00042918188634949206,0.0,0,0,0,DLG13,0
8c814a91-5ae9-4e64-a56e-51d60d201df4,Data Field,1,0,1,0,0,0,0.000419175612202355,0.00042918188634949206,0.0,0,0,0,DLG13,0
ff207d55-aff2-4cde-853c-a22235394c19,Data Field,1,0,1,0,0,0,0.000419175612202355,0.00042918188634949206,0.0,0,0,0,DLG13,0
c79eaf1f-2fef-48aa-8aad-a5b3f72c5ed4,Data Field,1,0,1,0,0,0,0.000419175612202355,0.00042918188634949206,0.0,0,0,0,DLG13,0
f034db56-c146-4f4a-af98-a3b2c8f61bb4,Data Field,1,0,1,0,0,0,0.000419175612202355,0.00042918188634949206,0.0,0,0,0,DLG13,0
04dfae75-ac8d-4535-8042-0d51e760bc38,Data Field,1,0,1,0,0,0,0.000419175612202355,0.00042918188634949206,0.0,0,0,0,DLG13,0
a4f9697f-7c48-4c32-9a36-a3bef31a4fb9,Data Field,1,0,1,0,0,0,0.000419175612202355,0.00042918188634949206,0.0,0,0,0,DLG13,0
8f8ad835-f88c-4e38-80cf-25fa2bf5ae59,Data Field,1,0,1,0,0,0,0.000419175612202355,0.00042918188634949206,0.0,0,0,0,DLG13,0
81388ca6-2de3-43e5-be3d-f6e791258955,Data Field,1,0,1,0,0,0,0.000419175612202355,0.00042918188634949206,0.0,0,0,0,DLG13,0
709bae1d-8b27-467e-a5a6-7b433e97e423,Data Field,1,0,1,0,0,0,0.000419175612202355,0.00042918188634949206,0.0,0,0,0,DLG13,0
5dfabbad-9eee-4c8e-9a1b-09da9a52a737,Data Field,1,0,1,0,0,0,0.000419175612202355,0.00042918188634949206,0.0,0,0,0,DLG13,0
6dc6eda0-4d85-4637-8f91-a413e2b889bc,Data Field,1,0,1,0,0,0,0.000419175612202355,0.00042918188634949206,0.0,0,0,0,DLG13,0
bdba317a-1aff-439a-8c3e-8764cb7f42b6,Data Field,1,0,1,0,0,0,0.000419175612202355,0.00042918188634949206,0.0,0,0,0,DLG13,0
939efbcc-7374-4d32-b412-f4724cbd7675,Data Field,1,0,1,0,0,0,0.000419175612202355,0.00042918188634949206,0.0,0,0,0,DLG13,0
9d51e86d-af81-4ae2-8702-370bbc133707,Data Field,1,0,1,0,0,0,0.000419175612202355,0.00042918188634949206,0.0,0,0,0,DLG13,0
0628c337-33a1-4333-b487-9fdb72459071,Data Field,1,0,1,0,0,0,0.000419175612202355,0.00042918188634949206,0.0,0,0,0,DLG13,0
4b18d129-a6d7-4cd5-b64a-a77067192155,Data Field,1,0,1,0,0,0,0.000419175612202355,0.00042918188634949206,0.0,0,0,0,DLG13,0
9bd98e2f-239d-4e29-ba19-191895ca550f,Data Field,1,0,1,0,0,0,0.000419175612202355,0.00042918188634949206,0.0,0,0,0,DLG13,0
0b1b8820-6db1-4d92-811b-1c3e83840e74,Data Field,1,0,1,0,0,0,0.000419175612202355,0.00042918188634949206,0.0,0,0,0,DLG13,0
32ab1acf-8458-4bec-9394-795cf1d29718,Data Field,1,0,1,0,0,0,0.000419175612202355,0.00042918188634949206,0.0,0,0,0,DLG13,0
81732e8c-2c43-446d-a3f5-4b0db7663d1e,Data Field,1,0,1,0,0,0,0.000419175612202355,0.00042918188634949206,0.0,0,0,0,DLG13,0
241e7543-9986-4f33-8f3a-1e57717a902e,Data Field,1,0,1,0,0,0,0.000419175612202355,0.00042918188634949206,0.0,0,0,0,DLG13,0
0d685c82-b1ae-4c74-a202-4db15aa6acd9,Data Field,1,0,1,0,0,0,0.000419175612202355,0.00042918188634949206,0.0,0,0,0,DLG13,0
48a327d9-d6cd-4003-9fca-90f7557ca362,Data Field,1,0,1,0,0,0,0.000419175612202355,0.00042918188634949206,0.0,0,0,0,DLG13,0
b22a4649-dfc9-4e46-ad81-3e1832c6f300,Data Field,1,0,1,0,0,0,0.000419175612202355,0.00042918188634949206,0.0,0,0,0,DLG13,0
a70ef708-70f5-4e10-ade3-d7ec8a45abe1,Data Field,1,0,1,0,0,0,0.000419175612202355,0.00042918188634949206,0.0,0,0,0,DLG13,0
ba7b539a-08ae-474f-a930-99a7fc0d9acc,Data Field,1,0,1,0,0,0,0.000419175612202355,0.00042918188634949206,0.0,0,0,0,DLG13,0
5b966d2d-5934-4f1a-a943-f89463669313,Data Field,1,0,1,0,0,0,0.000419175612202355,0.00042918188634949206,0.0,0,0,0,DLG13,0
06b6b6bf-b3aa-49e5-9442-061818925712,Data Field,1,0,1,0,0,0,0.000419175612202355,0.00042918188634949206,0.0,0,0,0,DLG13,0
45895275-8fe0-4827-9c8a-5a9af017866b,Data Field,1,0,1,0,0,0,0.000419175612202355,0.00042918188634949206,0.0,0,0,0,DLG13,0
690224dc-c491-409d-b285-798d0355c673,Data Field,1,0,1,0,0,0,0.000419175612202355,0.00042918188634949206,0.0,0,0,0,DLG13,0
0a564861-98dc-4f1a-ad55-ea91cd7e1d32,Data Field,1,0,1,0,0,0,0.000419175612202355,0.00042918188634949206,0.0,0,0,0,DLG13,0
96d70c99-f286-489b-99ce-ef58a19130b5,Data Field,1,0,1,0,0,0,0.000419175612202355,0.00042918188634949206,0.0,0,0,0,DLG13,0
a47fae90-e5af-4a94-8829-5a14fb3a07bb,Data Field,1,0,1,0,0,0,0.000419175612202355,0.00042918188634949206,0.0,0,0,0,DLG13,0
39f3ffd1-c2a7-49b2-81ee-41bb798599b1,Data Field,1,0,1,0,0,0,0.000419175612202355,0.00042918188634949206,0.0,0,0,0,DLG13,0
89d90b67-6000-4494-a651-6f5d397dcfe0,Data Field,1,0,1,0,0,0,0.000419175612202355,0.00042918188634949206,0.0,0,0,0,DLG13,0
3a6b16e5-8034-4986-a597-f36a67711b4c,Data Field,1,0,1,0,0,0,0.000419175612202355,0.00042918188634949206,0.0,0,0,0,DLG13,0
99effc10-842f-4203-9edf-93d20f7bf0da,Data Field,1,0,1,0,0,0,0.000419175612202355,0.00042918188634949206,0.0,0,0,0,DLG13,0
e9a42a2f-b538-4465-ba47-b99fac3d85f1,Data Field,1,0,1,0,0,0,0.000419175612202355,0.00042918188634949206,0.0,0,0,0,DLG13,0
34f4db94-6e54-4c9a-a059-a7ee9279ab0b,Data Field,1,0,1,0,0,0,0.000419175612202355,0.00042918188634949206,0.0,0,0,0,DLG13,0
3341cce4-e407-4b51-b01b-c3c10c507706,Data Job,2,1,3,2,1,0,0.0006210062844900691,0.0007942441162511701,0.0,1,2,0,DLG13,0
87bd71e4-cadb-401c-a4fb-5e6a9cf9acf1,Data Field,1,0,1,0,0,0,0.000419175612202355,0.00042918188634949206,0.0,0,0,0,DLG13,0
70ee78bd-2e73-472b-9391-8b29db97e476,Data Field,1,0,1,0,0,0,0.000419175612202355,0.00042918188634949206,0.0,0,0,0,DLG13,0
ba1e0245-7ba2-4aed-a79f-9632d17b81cc,Data Field,1,0,1,0,0,0,0.000419175612202355,0.00042918188634949206,0.0,0,0,0,DLG13,0
8d76261a-0764-4737-be62-0b6e923d15fb,Data Field,1,0,1,0,0,0,0.000419175612202355,0.00042918188634949206,0.0,0,0,0,DLG13,0
75af196c-9557-4806-b682-3820a26fc6dd,Data Field,1,0,1,0,0,0,0.000419175612202355,0.00042918188634949206,0.0,0,0,0,DLG13,0
7f6957d0-d297-4dca-99d9-f0b29d97cd4c,Data Field,1,0,1,0,0,0,0.000419175612202355,0.00042918188634949206,0.0,0,0,0,DLG13,0
8ab445f2-e4ee-4f9c-82ce-663d3eef1ce3,Data Field,1,0,1,0,0,0,0.000419175612202355,0.00042918188634949206,0.0,0,0,0,DLG13,0
6da1d820-9d6b-4304-9414-5aaa6ecdff7d,Data Field,1,0,1,0,0,0,0.000419175612202355,0.00042918188634949206,0.0,0,0,0,DLG13,0
2ff71280-ea34-4c54-8a8e-01d207d8e24b,Data Field,1,0,1,0,0,0,0.000419175612202355,0.00042918188634949206,0.0,0,0,0,DLG13,0
f8ac9f30-8770-43bd-b296-9b5d34dbd3e4,Data Field,1,0,1,0,0,0,0.000419175612202355,0.00042918188634949206,0.0,0,0,0,DLG13,0
846e4e1a-e898-4ddc-ac1c-973ddc7133ad,Data Field,1,0,1,0,0,0,0.000419175612202355,0.00042918188634949206,0.0,0,0,0,DLG13,0
d818ee9f-9d1a-4506-9047-3f114ddde481,Data Field,1,0,1,0,0,0,0.000419175612202355,0.00042918188634949206,0.0,0,0,0,DLG13,0
940d6642-0af3-4ea4-b64f-b4f8ee0a9ebd,Data Field,1,0,1,0,0,0,0.000419175612202355,0.00042918188634949206,0.0,0,0,0,DLG13,0
0eacf5a8-c27b-4903-8b47-4d3feec0475c,Data Field,1,0,1,0,0,0,0.000419175612202355,0.00042918188634949206,0.0,0,0,0,DLG13,0
aeff1ac7-f71c-4cc2-af3d-aeb9136c26a0,Data Field,1,0,1,0,0,0,0.000419175612202355,0.00042918188634949206,0.0,0,0,0,DLG13,0
15ca9782-1d3c-454f-b2d3-f7ab606a0622,Data Field,1,0,1,0,0,0,0.000419175612202355,0.00042918188634949206,0.0,0,0,0,DLG13,0
1d47e851-247d-4fc5-ab2f-a269264690cd,Data Field,1,0,1,0,0,0,0.000419175612202355,0.00042918188634949206,0.0,0,0,0,DLG13,0
4791354b-00ee-4ad2-9d5d-448124ba8721,Data Field,1,0,1,0,0,0,0.000419175612202355,0.00042918188634949206,0.0,0,0,0,DLG13,0
b10daecb-060a-4b09-9a4a-0d628f0d5ced,Data Field,1,0,1,0,0,0,0.000419175612202355,0.00042918188634949206,0.0,0,0,0,DLG13,0
0682d7ca-bec9-4145-bc91-46b73f9c2f66,Data Field,1,0,1,0,0,0,0.000419175612202355,0.00042918188634949206,0.0,0,0,0,DLG13,0
fb1ee56a-7ea1-48ce-a732-3a74c1d12b91,Data Field,1,0,1,0,0,0,0.000419175612202355,0.00042918188634949206,0.0,0,0,0,DLG13,0
6d8ace37-e048-420a-b3d1-608059b7baf9,Data Field,1,0,1,0,0,0,0.000419175612202355,0.00042918188634949206,0.0,0,0,0,DLG13,0
1b375084-4eff-421e-9805-7c6e84306b18,Data Field,1,0,1,0,0,0,0.000419175612202355,0.00042918188634949206,0.0,0,0,0,DLG13,0
c3155633-d8e0-4e56-a73c-5bff879755a2,Data Field,1,0,1,0,0,0,0.000419175612202355,0.00042918188634949206,0.0,0,0,0,DLG13,0
29492032-94b1-4539-85a2-a3ec6691e299,Data Field,1,0,1,0,0,0,0.000419175612202355,0.00042918188634949206,0.0,0,0,0,DLG13,0
eb7eb516-35cc-481b-826f-f8ae0671ea4b,Data Field,1,0,1,0,0,0,0.000419175612202355,0.00042918188634949206,0.0,0,0,0,DLG13,0
e2e06760-efe4-45c5-9e22-cb092b196544,Data Field,1,0,1,0,0,0,0.000419175612202355,0.00042918188634949206,0.0,0,0,0,DLG13,0
0b30907c-43c5-45fb-9a37-dda1037a1b2b,Data Field,1,0,1,0,0,0,0.000419175612202355,0.00042918188634949206,0.0,0,0,0,DLG13,0
6decefe6-6b1c-41c3-8eb6-e823105735a6,Data Field,1,0,1,0,0,0,0.000419175612202355,0.00042918188634949206,0.0,0,0,0,DLG13,0
81dda601-9002-449e-90e9-7efacc46146c,Data Field,1,0,1,0,0,0,0.000419175612202355,0.00042918188634949206,0.0,0,0,0,DLG13,0
d6190b72-bfec-4b6f-ae2f-7b9472059fd4,Data Field,1,0,1,0,0,0,0.000419175612202355,0.00042918188634949206,0.0,0,0,0,DLG13,0
aa6dda62-d6c7-4f33-b623-3474b42d5f23,Data Field,1,0,1,0,0,0,0.000419175612202355,0.00042918188634949206,0.0,0,0,0,DLG13,0
0db39e19-cf6d-4902-a049-64fb71a5ca3b,Data Field,1,0,1,0,0,0,0.000419175612202355,0.00042918188634949206,0.0,0,0,0,DLG13,0
93a35d02-e1bf-4933-b1e1-159242e096e4,Data Field,1,0,1,0,0,0,0.000419175612202355,0.00042918188634949206,0.0,0,0,0,DLG13,0
cf1a50a4-1adb-4c55-b497-ab886463d066,Data Field,1,0,1,0,0,0,0.000419175612202355,0.00042918188634949206,0.0,0,0,0,DLG13,0
b40803b8-0767-4c7a-9729-b1979d495483,Data Field,1,0,1,0,0,0,0.000419175612202355,0.00042918188634949206,0.0,0,0,0,DLG13,0
9392fd9d-be93-49bc-a587-58485c5ce6e2,Data Field,1,0,1,0,0,0,0.000419175612202355,0.00042918188634949206,0.0,0,0,0,DLG13,0
7d440b30-6eba-4ef8-9d8d-6ea6e5a74c69,Data Field,1,0,1,0,0,0,0.000419175612202355,0.00042918188634949206,0.0,0,0,0,DLG13,0
ccc55896-2fde-4d4c-8b92-78f2224c03f8,Data Field,1,0,1,0,0,0,0.000419175612202355,0.00042918188634949206,0.0,0,0,0,DLG13,0
313f3b5c-162a-4b52-8ace-a00891af8e4a,Data Field,1,0,1,0,0,0,0.000419175612202355,0.00042918188634949206,0.0,0,0,0,DLG13,0
9e4433f2-bece-4b1b-954c-f6272054cf9e,Data Field,1,0,1,0,0,0,0.000419175612202355,0.00042918188634949206,0.0,0,0,0,DLG13,0
873b89b3-63d9-4511-9d70-341256a639e1,Data Field,1,0,1,0,0,0,0.000419175612202355,0.00042918188634949206,0.0,0,0,0,DLG13,0
56e059a6-4456-4463-9192-f506d437a4f6,Data Field,1,0,1,0,0,0,0.000419175612202355,0.00042918188634949206,0.0,0,0,0,DLG13,0
479c2686-c070-4637-9c2d-f1e8b9518249,Data Field,1,0,1,0,0,0,0.000419175612202355,0.00042918188634949206,0.0,0,0,0,DLG13,0
eb6814b8-5cea-4bb8-93b5-4d162e0cfda7,Data Field,1,0,1,0,0,0,0.000419175612202355,0.00042918188634949206,0.0,0,0,0,DLG13,0
b1569c60-3e7a-4e38-8b10-b4be8356aa23,Data Field,1,0,1,0,0,0,0.000419175612202355,0.00042918188634949206,0.0,0,0,0,DLG13,0
460a6a34-7f5c-45c0-b64f-6009b31a69ae,Data Field,1,0,1,0,0,0,0.000419175612202355,0.00042918188634949206,0.0,0,0,0,DLG13,0
6ff67e31-94c5-46a1-b894-c1c4a4f20707,Data Field,1,0,1,0,0,0,0.000419175612202355,0.00042918188634949206,0.0,0,0,0,DLG13,0
d83ff380-1fa2-4897-84eb-62ba136fa5ed,Data Field,1,0,1,0,0,0,0.000419175612202355,0.00042918188634949206,0.0,0,0,0,DLG13,0
6e82b540-912f-4cf4-9c2a-0f864a2ee87e,Data Field,1,0,1,0,0,0,0.000419175612202355,0.00042918188634949206,0.0,0,0,0,DLG13,0
94309a2c-5eae-467e-8c10-74ccc9c7faef,Data Field,1,0,1,0,0,0,0.000419175612202355,0.00042918188634949206,0.0,0,0,0,DLG13,0
68c9860f-c84d-4c15-962a-f91af51c31b5,Data Field,1,0,1,0,0,0,0.000419175612202355,0.00042918188634949206,0.0,0,0,0,DLG13,0
107842b2-cb4f-41a1-a060-7bfcaaa6ea39,Data Field,1,0,1,0,0,0,0.000419175612202355,0.00042918188634949206,0.0,0,0,0,DLG13,0
653a9a30-00f0-484b-9136-5c90c1f77382,Data Field,1,0,1,0,0,0,0.000419175612202355,0.00042918188634949206,0.0,0,0,0,DLG13,0
9b408b3d-c8b2-4c99-a224-34463610d30d,Data Table,4,78,82,4,2,76,0.0019221655703959737,0.0014703122145656661,1.3921113689095126e-05,3,6,0,DLG13,1
68a11844-e8d3-4cbb-a76b-94d44f8d3513,Data Field,1,0,1,0,0,0,0.000419175612202355,0.00042918188634949206,0.0,0,0,0,DLG13,0
ab8963fa-3f12-4d75-b044-ba6767399bc5,Data Field,1,0,1,0,0,0,0.000419175612202355,0.00042918188634949206,0.0,0,0,0,DLG13,0
c9e36783-1345-463c-bf13-8ea58e3969f9,Data Field,1,0,1,0,0,0,0.000419175612202355,0.00042918188634949206,0.0,0,0,0,DLG13,0
d7124779-703d-428b-bfb4-9f45efd9455e,Data Field,1,0,1,0,0,0,0.000419175612202355,0.00042918188634949206,0.0,0,0,0,DLG13,0
38e69e2f-53f2-4ec7-9f78-af6f3ec96149,Data Field,1,0,1,0,0,0,0.000419175612202355,0.00042918188634949206,0.0,0,0,0,DLG13,0
2698a396-9764-468a-a264-18afecdd88ea,Data Field,1,0,1,0,0,0,0.000419175612202355,0.00042918188634949206,0.0,0,0,0,DLG13,0
0df19132-b871-4997-a312-f50ea2fb05ab,Data Field,1,0,1,0,0,0,0.000419175612202355,0.00042918188634949206,0.0,0,0,0,DLG13,0
114700cb-e164-429e-9292-7e08205d8c2e,Data Field,1,0,1,0,0,0,0.000419175612202355,0.00042918188634949206,0.0,0,0,0,DLG13,0
fac9f169-7ea5-4ca2-afd8-98cb91879810,Data Field,1,0,1,0,0,0,0.000419175612202355,0.00042918188634949206,0.0,0,0,0,DLG13,0
72c34d5f-ae5a-41cc-8384-96a154c27de0,Data Field,1,0,1,0,0,0,0.000419175612202355,0.00042918188634949206,0.0,0,0,0,DLG13,0
a9f6250b-b5f0-49f0-bd78-4934a487b49a,Data Field,1,0,1,0,0,0,0.000419175612202355,0.00042918188634949206,0.0,0,0,0,DLG13,0
d6ae01c3-fdb3-49b9-9ba2-4daa0bc2f11f,Data Job,1,1,2,1,1,0,0.00044292039717738014,0.0007423188778290158,0.0,4,1,0,DLG13,0
305bfa75-3f24-4352-8774-dfa8141e42a9,Data Field,1,0,1,0,0,0,0.000419175612202355,0.00042918188634949206,0.0,0,0,0,DLG13,0
59268a19-29a9-40c0-ac2d-04fa73a56008,Data Field,1,0,1,0,0,0,0.000419175612202355,0.00042918188634949206,0.0,0,0,0,DLG13,0
df362be0-52d6-42af-9770-4ff82dbd570b,Data Field,1,0,1,0,0,0,0.000419175612202355,0.00042918188634949206,0.0,0,0,0,DLG13,0
cf29853a-5db9-4822-99ce-14632886086f,Data Field,1,0,1,0,0,0,0.000419175612202355,0.00042918188634949206,0.0,0,0,0,DLG13,0
3074a16b-257b-4cdd-bce5-c92733887df8,Data Field,1,0,1,0,0,0,0.000419175612202355,0.00042918188634949206,0.0,0,0,0,DLG13,0
09a3570c-d785-45f6-a1ac-19ffc3314c21,Data Field,1,0,1,0,0,0,0.000419175612202355,0.00042918188634949206,0.0,0,0,0,DLG13,0
76511303-3b5a-4ebe-9da3-5aed7ee5e38e,Data Field,1,0,1,0,0,0,0.000419175612202355,0.00042918188634949206,0.0,0,0,0,DLG13,0
61f719a1-eba9-43d9-925e-caa8bc2111c9,Data Field,1,0,1,0,0,0,0.000419175612202355,0.00042918188634949206,0.0,0,0,0,DLG13,0
a695e87e-a2aa-4fcf-b54c-5a6bd2e3bc64,Data Field,1,0,1,0,0,0,0.000419175612202355,0.00042918188634949206,0.0,0,0,0,DLG13,0
99a1222a-26db-4a61-9532-7584bbd02cb2,Data Field,1,0,1,0,0,0,0.000419175612202355,0.00042918188634949206,0.0,0,0,0,DLG13,0
41f5a56b-db67-4b6d-8ad1-9eab99888c4c,Data Field,1,0,1,0,0,0,0.000419175612202355,0.00042918188634949206,0.0,0,0,0,DLG13,0
020ecb06-78c3-4efb-988a-8ab4ce507089,Data Field,1,0,1,0,0,0,0.000419175612202355,0.00042918188634949206,0.0,0,0,0,DLG13,0
2f442236-0524-4c97-8dd5-c268c1cb836c,Data Field,1,0,1,0,0,0,0.000419175612202355,0.00042918188634949206,0.0,0,0,0,DLG13,0
c8673d2e-7ae5-4d21-8ef8-85e856b4fbc1,Data Field,1,0,1,0,0,0,0.000419175612202355,0.00042918188634949206,0.0,0,0,0,DLG13,0
4d053bff-28d2-49df-956e-cce3b5692e9f,Data Field,1,0,1,0,0,0,0.000419175612202355,0.00042918188634949206,0.0,0,0,0,DLG13,0
4ae9bbce-6434-46dd-93bc-a15a665c2ac7,Data Field,1,0,1,0,0,0,0.000419175612202355,0.00042918188634949206,0.0,0,0,0,DLG13,0
1aee14a0-0f53-4337-aadb-c491f6302605,Data Field,1,0,1,0,0,0,0.000419175612202355,0.00042918188634949206,0.0,0,0,0,DLG13,0
6846c231-3894-4a64-ae2d-56c9d1ea7aa2,Data Field,1,0,1,0,0,0,0.000419175612202355,0.00042918188634949206,0.0,0,0,0,DLG13,0
b658459e-aa18-49ef-a116-61b1c3f6dd90,Data Field,1,0,1,0,0,0,0.000419175612202355,0.00042918188634949206,0.0,0,0,0,DLG13,0
c90c382e-c6a4-4d9e-9d0e-22a727d42b90,Data Field,1,0,1,0,0,0,0.000419175612202355,0.00042918188634949206,0.0,0,0,0,DLG13,0
a703d6ad-2eed-4186-a0f6-fccedebf1f99,Data Field,1,0,1,0,0,0,0.000419175612202355,0.00042918188634949206,0.0,0,0,0,DLG13,0
2c4f0417-5a4f-494b-9ff9-ce56e33ac16d,Data Field,1,0,1,0,0,0,0.000419175612202355,0.00042918188634949206,0.0,0,0,0,DLG13,0
e42131d5-85c4-4070-95d8-1d3ca50653f2,Data Field,1,0,1,0,0,0,0.000419175612202355,0.00042918188634949206,0.0,0,0,0,DLG13,0
3a3f576f-91bc-4422-90ae-20e0eccc2955,Data Field,1,0,1,0,0,0,0.000419175612202355,0.00042918188634949206,0.0,0,0,0,DLG13,0
75e4ae88-d158-41ac-87f8-25cfae786920,Data Field,1,0,1,0,0,0,0.000419175612202355,0.00042918188634949206,0.0,0,0,0,DLG13,0
b4dd92d0-d4ea-4ca5-9ce2-19647b2b42c6,Data Field,1,0,1,0,0,0,0.000419175612202355,0.00042918188634949206,0.0,0,0,0,DLG13,0
81a511ca-c52e-45a6-bc2b-4977e4dc6895,Data Field,1,0,1,0,0,0,0.000419175612202355,0.00042918188634949206,0.0,0,0,0,DLG13,0
f8f85f6e-58f5-4345-a113-d04c44f62100,Data Table,0,19,19,0,1,18,0.000419175612202355,0.00076721593550674,0.0,2,0,0,DLG13,0
f617fbfb-96ee-4dcd-92d4-27c96f084de3,Data Field,1,0,1,0,0,0,0.000419175612202355,0.00042918188634949206,0.0,0,0,0,DLG13,0
120eced1-c39d-45ea-b2ec-b9b29bfee6d1,Data Field,1,0,1,0,0,0,0.000419175612202355,0.00042918188634949206,0.0,0,0,0,DLG13,0
d7ef223a-5b23-42de-bf6e-07ec9db292e0,Data Field,1,0,1,0,0,0,0.000419175612202355,0.00042918188634949206,0.0,0,0,0,DLG13,0
87354471-e2f3-4387-a2a8-d3dd43f2f3e6,Data Table,0,17,17,0,2,15,0.000419175612202355,0.0010751969082021943,0.0,6,0,0,DLG13,0
ec817210-67bd-48dc-835f-6d21ff78496f,Data Table,1,8,9,1,0,8,0.0010986624203951434,0.00042918188634949206,0.0,0,3,0,DLG13,0
db27f8ce-bcb7-437e-a747-6a8845064785,Data Field,1,0,1,0,0,0,0.000419175612202355,0.00042918188634949206,0.0,0,0,0,DLG13,0
e5b5733a-92e1-4ed2-b553-0c0449864332,Data Field,1,0,1,0,0,0,0.000419175612202355,0.00042918188634949206,0.0,0,0,0,DLG13,0
31ccb903-a577-440e-b5c0-a94e851bdaf3,Data Field,1,0,1,0,0,0,0.000419175612202355,0.00042918188634949206,0.0,0,0,0,DLG13,0
c4359f2a-5e39-47f1-8efd-9d48ed6f7d60,Data Field,1,0,1,0,0,0,0.000419175612202355,0.00042918188634949206,0.0,0,0,0,DLG13,0
03fae011-3498-49e3-9ac9-b8e7ae995a08,Data Field,1,0,1,0,0,0,0.000419175612202355,0.00042918188634949206,0.0,0,0,0,DLG13,0
d49a805a-fc51-4c47-a5cb-5948dca82f19,Data Field,1,0,1,0,0,0,0.000419175612202355,0.00042918188634949206,0.0,0,0,0,DLG13,0
e1e2a85d-5f5b-414e-8abd-e25424d04acb,Data Field,1,0,1,0,0,0,0.000419175612202355,0.00042918188634949206,0.0,0,0,0,DLG13,0
2456c844-5011-4a0f-b652-21a6f3b0c128,Data Field,1,0,1,0,0,0,0.000419175612202355,0.00042918188634949206,0.0,0,0,0,DLG13,0
ace1b676-e851-46b7-bd2e-6722c3065854,Data Field,1,0,1,0,0,0,0.000419175612202355,0.00042918188634949206,0.0,0,0,0,DLG13,0
7d540a97-a3f7-4248-9895-d269f156446e,Data Job,2,1,3,2,1,0,0.0006210062844900691,0.0006351094591308929,0.0,25,2,0,DLG13,0
960c9c2e-1780-402d-9d4b-07d9d001dc0f,Data Field,1,0,1,0,0,0,0.000419175612202355,0.00042918188634949206,0.0,0,0,0,DLG13,0
1e408e34-1305-4944-84b3-6b63948ea212,Data Field,1,0,1,0,0,0,0.000419175612202355,0.00042918188634949206,0.0,0,0,0,DLG13,0
0f2139a4-1783-4b0a-aa0c-4b0d50a814f2,Data Job,3,1,4,3,1,0,0.0007990921718027579,0.00108248405005297,0.0,3,3,0,DLG13,0
de77a0ff-7e4a-4c1c-a418-5ac11862be30,Data Field,1,0,1,0,0,0,0.000419175612202355,0.00042918188634949206,0.0,0,0,0,DLG13,0
9d457235-082f-4321-a864-f9f588bc02d0,Data Field,1,0,1,0,0,0,0.000419175612202355,0.00042918188634949206,0.0,0,0,0,DLG13,0
b1c5b56c-ef46-495e-ae20-dc7e342c2983,Data Field,1,0,1,0,0,0,0.000419175612202355,0.00042918188634949206,0.0,0,0,0,DLG13,0
fbb45522-adaa-46cc-8b88-922942b1a04e,Data Field,1,0,1,0,0,0,0.000419175612202355,0.00042918188634949206,0.0,0,0,0,DLG13,0
9333abc2-5ce9-4e41-acff-60503b04019d,Data Field,1,0,1,0,0,0,0.000419175612202355,0.00042918188634949206,0.0,0,0,0,DLG13,0
b5efc2ab-8e28-410a-aa8d-287877ea1a47,Data Field,1,0,1,0,0,0,0.000419175612202355,0.00042918188634949206,0.0,0,0,0,DLG13,0
744282fd-c319-4632-bdb3-aad4df54e7f0,Data Field,1,0,1,0,0,0,0.000419175612202355,0.00042918188634949206,0.0,0,0,0,DLG13,0
93ca6d67-bb64-45b8-a277-ae53ac0318a1,Data Field,1,0,1,0,0,0,0.000419175612202355,0.00042918188634949206,0.0,0,0,0,DLG13,0
4222150e-afe9-4b14-8384-715fbb8f2d42,Data Field,1,0,1,0,0,0,0.000419175612202355,0.00042918188634949206,0.0,0,0,0,DLG13,0
4bab35f5-7530-4954-b128-c7f1a28a5ac0,Data Field,1,0,1,0,0,0,0.000419175612202355,0.00042918188634949206,0.0,0,0,0,DLG13,0
0eeda216-be38-4c21-8fe1-9701c685d67d,Data Field,1,0,1,0,0,0,0.000419175612202355,0.00042918188634949206,0.0,0,0,0,DLG13,0
28744cc9-1898-4c09-afd1-717c352e31c0,Data Field,1,0,1,0,0,0,0.000419175612202355,0.00042918188634949206,0.0,0,0,0,DLG13,0
ae82e9fc-f934-4072-b442-efc74b54a009,Data Field,1,0,1,0,0,0,0.000419175612202355,0.00042918188634949206,0.0,0,0,0,DLG13,0
64c7d176-0b19-493b-b2ed-886ea6c325de,Data Field,1,0,1,0,0,0,0.000419175612202355,0.00042918188634949206,0.0,0,0,0,DLG13,0
c3a34f34-03cb-4680-8b85-059711a160e9,Data Field,1,0,1,0,0,0,0.000419175612202355,0.00042918188634949206,0.0,0,0,0,DLG13,0
6e90e6a7-11aa-4037-84b3-0a8d7fce5d9b,Data Field,1,0,1,0,0,0,0.000419175612202355,0.00042918188634949206,0.0,0,0,0,DLG13,0
073afc98-a692-468b-9da0-e7f17fef9772,Data Field,1,0,1,0,0,0,0.000419175612202355,0.00042918188634949206,0.0,0,0,0,DLG13,0
18479dad-8235-45e7-9928-88342abcaaaf,Data Field,1,0,1,0,0,0,0.000419175612202355,0.00042918188634949206,0.0,0,0,0,DLG13,0
2840def3-833e-4461-83b7-6625ffb30684,Data Field,1,0,1,0,0,0,0.000419175612202355,0.00042918188634949206,0.0,0,0,0,DLG13,0
747c927d-8c18-41c0-a512-2c53237db54a,Data Field,1,0,1,0,0,0,0.000419175612202355,0.00042918188634949206,0.0,0,0,0,DLG13,0
c9672d70-990b-4ecc-b09d-7696ae164b35,Data Field,1,0,1,0,0,0,0.000419175612202355,0.00042918188634949206,0.0,0,0,0,DLG13,0
5eb71a49-b3cc-4540-9bb9-55000de37dc2,Data Field,1,0,1,0,0,0,0.000419175612202355,0.00042918188634949206,0.0,0,0,0,DLG13,0
2b035204-58e9-4dbb-ad64-b9b043ea806c,Data Field,1,0,1,0,0,0,0.000419175612202355,0.00042918188634949206,0.0,0,0,0,DLG13,0
07084ebb-2b80-411c-9eac-c7d820d7c574,Data Field,1,0,1,0,0,0,0.000419175612202355,0.00042918188634949206,0.0,0,0,0,DLG13,0
b2fd807b-6591-425d-857c-035557da029b,Data Field,1,0,1,0,0,0,0.000419175612202355,0.00042918188634949206,0.0,0,0,0,DLG13,0
64bdeb98-cd2e-49cf-8c21-168a12ff62b2,Data Field,1,0,1,0,0,0,0.000419175612202355,0.00042918188634949206,0.0,0,0,0,DLG13,0
d40747b0-745e-40b7-80c5-a9bf7be1ed35,Data Table,0,21,21,0,2,19,0.000419175612202355,0.0010751969082021943,0.0,6,0,0,DLG13,0
6020a41f-3b36-47c9-a872-845efce2d0a3,Data Field,1,0,1,0,0,0,0.000419175612202355,0.00042918188634949206,0.0,0,0,0,DLG13,0
270e5a33-523a-40fc-86aa-e2df1c81262f,Data Job,2,1,3,2,1,0,0.0006566234619526068,0.0006351094591308929,0.0,25,2,0,DLG13,0
35e3d335-5813-451e-88e1-823c7591426d,Data Field,1,0,1,0,0,0,0.000419175612202355,0.00042918188634949206,0.0,0,0,0,DLG13,0
172b4b93-ccb1-4120-8e97-f90f74e9be79,Data Job,2,1,3,2,1,0,0.000561644322052506,0.0006351094591308929,0.0,25,2,0,DLG13,0
c218834c-a1cb-4818-9ec7-89e9188fa3c0,Data Field,1,0,1,0,0,0,0.000419175612202355,0.00042918188634949206,0.0,0,0,0,DLG13,0
ba862a8f-f009-4692-ad60-5fe4e90ffa4d,Data Field,1,0,1,0,0,0,0.000419175612202355,0.00042918188634949206,0.0,0,0,0,DLG13,0
aa968428-c3e7-4a62-86cf-a846f7d064fa,Data Field,1,0,1,0,0,0,0.000419175612202355,0.00042918188634949206,0.0,0,0,0,DLG13,0
5058dd39-c563-4a35-a135-8738ff833275,Data Field,1,0,1,0,0,0,0.000419175612202355,0.00042918188634949206,0.0,0,0,0,DLG13,0
5ffa4657-c96f-4e60-8188-80d405920033,Data Field,1,0,1,0,0,0,0.000419175612202355,0.00042918188634949206,0.0,0,0,0,DLG13,0
d0fb247c-d323-4e61-884e-146e8309fdd8,Data Field,1,0,1,0,0,0,0.000419175612202355,0.00042918188634949206,0.0,0,0,0,DLG13,0
2b1a751f-1516-4329-aafc-95d722f26d3e,Data Table,1,26,27,1,0,26,0.0015930655971607053,0.00042918188634949206,0.0,0,6,0,DLG13,0
d0add8c8-f5c8-488a-8717-f3891cd390b9,Data Field,1,0,1,0,0,0,0.000419175612202355,0.00042918188634949206,0.0,0,0,0,DLG13,0
376ccd84-7237-47cf-841c-e4483e146d4e,Data Field,1,0,1,0,0,0,0.000419175612202355,0.00042918188634949206,0.0,0,0,0,DLG13,0
b441c0af-6ee8-40d8-bb9d-3a10437cd9a1,Data Table,1,7,8,1,0,7,0.0010986624203951434,0.00042918188634949206,0.0,0,3,0,DLG13,0
71d25b3c-8ed8-4dc1-8b91-27613020f5c0,Data Field,1,0,1,0,0,0,0.000419175612202355,0.00042918188634949206,0.0,0,0,0,DLG13,0
d3ae5c33-6f2e-44e0-9dfa-a25dfe30b4e7,Data Field,1,0,1,0,0,0,0.000419175612202355,0.00042918188634949206,0.0,0,0,0,DLG13,0
6ffaef5f-c741-474c-b55c-2a8e8abcef31,Data Field,1,0,1,0,0,0,0.000419175612202355,0.00042918188634949206,0.0,0,0,0,DLG13,0
dfa94cb1-0087-4eb7-a85b-2da9196d44f8,Data Field,1,0,1,0,0,0,0.000419175612202355,0.00042918188634949206,0.0,0,0,0,DLG13,0
6dbef24b-d095-47da-96f3-d89653c970e0,Data Field,1,0,1,0,0,0,0.000419175612202355,0.00042918188634949206,0.0,0,0,0,DLG13,0
955a0038-a08f-4f79-a023-3cc38579cc6a,Data Field,1,0,1,0,0,0,0.000419175612202355,0.00042918188634949206,0.0,0,0,0,DLG13,0
6ef9c547-5a39-42d4-8195-dc4d9ddad940,Data Field,1,0,1,0,0,0,0.000419175612202355,0.00042918188634949206,0.0,0,0,0,DLG13,0
0e9d3cfe-c4ae-4ae9-bc95-d1956313a174,Data Field,1,0,1,0,0,0,0.000419175612202355,0.00042918188634949206,0.0,0,0,0,DLG13,0
c147500c-dc2e-47ef-b115-5b5b7537b0ac,Data Field,1,0,1,0,0,0,0.000419175612202355,0.00042918188634949206,0.0,0,0,0,DLG13,0
504fa8a4-a1c0-4fde-8147-44dca6bf7eee,Data Field,1,0,1,0,0,0,0.000419175612202355,0.00042918188634949206,0.0,0,0,0,DLG13,0
c4ee2f18-79a8-4d0d-8643-4c5852d8f6b2,Data Field,1,0,1,0,0,0,0.000419175612202355,0.00042918188634949206,0.0,0,0,0,DLG13,0
bfbca6c2-4a38-4fa1-a207-9362afc9747f,Data Field,1,0,1,0,0,0,0.000419175612202355,0.00042918188634949206,0.0,0,0,0,DLG13,0
8de26523-5aec-43ca-85de-667d7f2bb680,Data Field,1,0,1,0,0,0,0.000419175612202355,0.00042918188634949206,0.0,0,0,0,DLG13,0
ca000429-279e-4c91-a702-aa4c8b8aeab7,Data Field,1,0,1,0,0,0,0.000419175612202355,0.00042918188634949206,0.0,0,0,0,DLG13,0
caa4c501-12a9-4206-8fa2-8a82789f3401,Data Field,1,0,1,0,0,0,0.000419175612202355,0.00042918188634949206,0.0,0,0,0,DLG13,0
bcb807c2-0ea9-48e5-8197-a78c2b513624,Data Field,1,0,1,0,0,0,0.000419175612202355,0.00042918188634949206,0.0,0,0,0,DLG13,0
9ca0f5b0-772c-4374-8232-e56f14d9f38d,Data Field,1,0,1,0,0,0,0.000419175612202355,0.00042918188634949206,0.0,0,0,0,DLG13,0
fb93b252-706c-481f-afb0-0b67d135935a,Data Field,1,0,1,0,0,0,0.000419175612202355,0.00042918188634949206,0.0,0,0,0,DLG13,0
9cd06b26-99be-4c2a-926a-4f176276ed61,Data Table,0,19,19,0,1,18,0.000419175612202355,0.00076721593550674,0.0,2,0,0,DLG13,0
d805c18e-b383-4760-bfb3-ec893d69dd75,Data Field,1,0,1,0,0,0,0.000419175612202355,0.00042918188634949206,0.0,0,0,0,DLG13,0
833e0ec4-2304-47fd-927e-e5aebf8ec897,Data Table,1,18,19,1,0,18,0.0010986624203951434,0.00042918188634949206,0.0,0,3,0,DLG13,0
acae5a48-6911-4460-95ca-0607f2833f82,Data Field,1,0,1,0,0,0,0.000419175612202355,0.00042918188634949206,0.0,0,0,0,DLG13,0
37939e92-e80d-4272-9ca0-82a095c0d4ed,Data Table,1,18,19,1,0,18,0.0010986624203951434,0.00042918188634949206,0.0,0,3,0,DLG13,0
5fc68c24-28b9-4dfd-8da8-b81307e98097,Data Field,1,0,1,0,0,0,0.000419175612202355,0.00042918188634949206,0.0,0,0,0,DLG13,0
51008de7-d0ba-43eb-a259-98dcde566636,Data Field,1,0,1,0,0,0,0.000419175612202355,0.00042918188634949206,0.0,0,0,0,DLG13,0
03ce6f8c-8f22-4454-a4a5-750f4c4c7caf,Data Field,1,0,1,0,0,0,0.000419175612202355,0.00042918188634949206,0.0,0,0,0,DLG13,0
498e0dc6-27cb-41d8-bfca-7e8afce96609,Data Field,1,0,1,0,0,0,0.000419175612202355,0.00042918188634949206,0.0,0,0,0,DLG13,0
34044e14-ab68-4e3e-9a31-9ef326ed1e38,Data Field,1,0,1,0,0,0,0.000419175612202355,0.00042918188634949206,0.0,0,0,0,DLG13,0
58afc635-8d59-427c-af97-71ae96bbcf20,Data Field,1,0,1,0,0,0,0.000419175612202355,0.00042918188634949206,0.0,0,0,0,DLG13,0
5c894b39-98d1-4c36-8361-c610ee341fce,Data Field,1,0,1,0,0,0,0.000419175612202355,0.00042918188634949206,0.0,0,0,0,DLG13,0
42a9a096-9833-4636-a63e-545928417405,Data Job,2,1,3,2,1,0,0.0007990921718027579,0.0007942441162511701,0.0,1,2,0,DLG13,0
42e4d69c-800a-4230-a7b3-5a28a6d2e4bc,Data Field,1,0,1,0,0,0,0.000419175612202355,0.00042918188634949206,0.0,0,0,0,DLG13,0
d14f8990-54a4-4bf6-bfba-7839d9e29dad,Data Field,1,0,1,0,0,0,0.000419175612202355,0.00042918188634949206,0.0,0,0,0,DLG13,0
23e140fc-9b15-469a-ab65-6cfd5e2ea07d,Data Field,1,0,1,0,0,0,0.000419175612202355,0.00042918188634949206,0.0,0,0,0,DLG13,0
02c5f07b-4be0-4077-93c0-1b73e219a741,Data Field,1,0,1,0,0,0,0.000419175612202355,0.00042918188634949206,0.0,0,0,0,DLG13,0
0f56c90c-b0c8-4f36-9a5d-d95c93f66d3f,Data Field,1,0,1,0,0,0,0.000419175612202355,0.00042918188634949206,0.0,0,0,0,DLG13,0
ebfd6597-1955-41e2-823b-4d53e2e38d6f,Data Field,1,0,1,0,0,0,0.000419175612202355,0.00042918188634949206,0.0,0,0,0,DLG13,0
c4914ab3-d33a-4d7d-a442-897f0cc28369,Data Field,1,0,1,0,0,0,0.000419175612202355,0.00042918188634949206,0.0,0,0,0,DLG13,0
0116c59c-fa43-4083-a7c6-29cc6ab7e50b,Data Field,1,0,1,0,0,0,0.000419175612202355,0.00042918188634949206,0.0,0,0,0,DLG13,0
14499dd1-f978-4571-8699-c0c5695fc0f4,Data Field,1,0,1,0,0,0,0.000419175612202355,0.00042918188634949206,0.0,0,0,0,DLG13,0
db520b16-53f1-4a66-975c-aae5e6fd2a69,Data Field,1,0,1,0,0,0,0.000419175612202355,0.00042918188634949206,0.0,0,0,0,DLG13,0
7a9b9732-936d-40b4-b794-39669dba0c5c,Data Field,1,0,1,0,0,0,0.000419175612202355,0.00042918188634949206,0.0,0,0,0,DLG13,0
f7659421-7492-4899-850c-ef8cfbcf84d6,Data Field,1,0,1,0,0,0,0.000419175612202355,0.00042918188634949206,0.0,0,0,0,DLG13,0
f3b5da8b-52ea-4af3-8be9-14f3f2e7718d,Data Field,1,0,1,0,0,0,0.000419175612202355,0.00042918188634949206,0.0,0,0,0,DLG13,0
fe3ed6cf-e38c-4303-a799-e069d053aeda,Data Field,1,0,1,0,0,0,0.000419175612202355,0.00042918188634949206,0.0,0,0,0,DLG13,0
5e0a84b1-f032-4b0a-94cf-8a007a84ef3e,Data Field,1,0,1,0,0,0,0.000419175612202355,0.00042918188634949206,0.0,0,0,0,DLG13,0
310c753c-bbf1-4fd7-b8a8-558fc9c24190,Data Field,1,0,1,0,0,0,0.000419175612202355,0.00042918188634949206,0.0,0,0,0,DLG13,0
f4d17022-8ec9-4c25-a5a4-cebdfc6b46a0,Data Field,1,0,1,0,0,0,0.000419175612202355,0.00042918188634949206,0.0,0,0,0,DLG13,0
c74709d3-3fe1-4fcd-8f36-895008b2b4d6,Data Field,1,0,1,0,0,0,0.000419175612202355,0.00042918188634949206,0.0,0,0,0,DLG13,0
acd3926e-75c9-456d-b45c-40d5a4aaca4b,Data Field,1,0,1,0,0,0,0.000419175612202355,0.00042918188634949206,0.0,0,0,0,DLG13,0
5e45f33d-a92f-4d30-9fa7-b985a1152dbe,Data Field,1,0,1,0,0,0,0.000419175612202355,0.00042918188634949206,0.0,0,0,0,DLG13,0
234adbce-4466-4127-ae08-1348eba895e8,Data Field,1,0,1,0,0,0,0.000419175612202355,0.00042918188634949206,0.0,0,0,0,DLG13,0
5e8e13e2-0ccb-4aa9-b0bd-3496b18da964,Data Field,1,0,1,0,0,0,0.000419175612202355,0.00042918188634949206,0.0,0,0,0,DLG13,0
985fbe12-f2dc-448d-96af-a24a32fb4dc5,Data Field,1,0,1,0,0,0,0.000419175612202355,0.00042918188634949206,0.0,0,0,0,DLG13,0
da9e5eef-5c68-4254-bbc5-f1f85c1797d7,Data Field,1,0,1,0,0,0,0.000419175612202355,0.00042918188634949206,0.0,0,0,0,DLG13,0
ed1fbcab-508a-4ce0-aa21-3a7b7581353c,Data Field,1,0,1,0,0,0,0.000419175612202355,0.00042918188634949206,0.0,0,0,0,DLG13,0
e3e82897-4206-4cf9-b99a-ea9a81a5637e,Data Field,1,0,1,0,0,0,0.000419175612202355,0.00042918188634949206,0.0,0,0,0,DLG13,0
b5436829-2c9e-4ee7-91a0-2437d1fefcc7,Data Field,1,0,1,0,0,0,0.000419175612202355,0.00042918188634949206,0.0,0,0,0,DLG13,0
b565ba6e-4859-4772-ad50-04361737566d,Data Field,1,0,1,0,0,0,0.000419175612202355,0.00042918188634949206,0.0,0,0,0,DLG13,0
61b3c814-5c3f-4225-9841-0060ba1e28ec,Data Field,1,0,1,0,0,0,0.000419175612202355,0.00042918188634949206,0.0,0,0,0,DLG13,0
f5e2c2b3-3892-46cd-af40-6d681eaa6606,Data Field,1,0,1,0,0,0,0.000419175612202355,0.00042918188634949206,0.0,0,0,0,DLG13,0
1b807265-052a-4e28-8510-eb617ad5e445,Data Field,1,0,1,0,0,0,0.000419175612202355,0.00042918188634949206,0.0,0,0,0,DLG13,0
aebea47b-1446-4d2c-9403-eeed3831c00d,Data Field,1,0,1,0,0,0,0.000419175612202355,0.00042918188634949206,0.0,0,0,0,DLG13,0
f03e592e-5558-43b8-ad04-7fde61372c56,Data Field,1,0,1,0,0,0,0.000419175612202355,0.00042918188634949206,0.0,0,0,0,DLG13,0
e1334d0b-d044-43d8-bd2c-57307e33f3a9,Data Field,1,0,1,0,0,0,0.000419175612202355,0.00042918188634949206,0.0,0,0,0,DLG13,0
f4d65393-462e-4e03-91e7-c99686aa81cd,Data Field,1,0,1,0,0,0,0.000419175612202355,0.00042918188634949206,0.0,0,0,0,DLG13,0
67678882-8068-4f3e-b7ba-ac0d6232666c,Data Field,1,0,1,0,0,0,0.000419175612202355,0.00042918188634949206,0.0,0,0,0,DLG13,0
de8ea3f1-518a-4b20-be28-f47bf7548047,Data Field,1,0,1,0,0,0,0.000419175612202355,0.00042918188634949206,0.0,0,0,0,DLG13,0
b0d131dc-b4e9-4b7b-8652-15cdeec73b9f,Data Field,1,0,1,0,0,0,0.000419175612202355,0.00042918188634949206,0.0,0,0,0,DLG13,0
8cdac905-23f2-4172-9f66-825f60521c10,Data Field,1,0,1,0,0,0,0.000419175612202355,0.00042918188634949206,0.0,0,0,0,DLG13,0
503e12de-c86d-44ff-975f-797d251bb6ba,Data Field,1,0,1,0,0,0,0.000419175612202355,0.00042918188634949206,0.0,0,0,0,DLG13,0
5e009d60-3268-4bda-9488-b1cf7b7bc786,Data Field,1,0,1,0,0,0,0.000419175612202355,0.00042918188634949206,0.0,0,0,0,DLG13,0
fdcbd921-246a-4536-85dc-74e702338ee7,Data Field,1,0,1,0,0,0,0.000419175612202355,0.00042918188634949206,0.0,0,0,0,DLG13,0
1e28a498-cc08-4c68-8736-e2dc1a4df12c,Data Field,1,0,1,0,0,0,0.000419175612202355,0.00042918188634949206,0.0,0,0,0,DLG13,0
a2ae76af-9d41-4c86-a7a0-c2b799fd40f6,Data Table,0,36,36,0,1,35,0.000419175612202355,0.00076721593550674,0.0,2,0,0,DLG13,0
aeb05f04-f6e9-4437-86f3-a0c82d6b4ac0,Data Field,1,0,1,0,0,0,0.000419175612202355,0.00042918188634949206,0.0,0,0,0,DLG13,0
2c6fa843-b1b6-449c-9727-7585b80a193d,Data Field,1,0,1,0,0,0,0.000419175612202355,0.00042918188634949206,0.0,0,0,0,DLG13,0
fbc4b407-5d3d-44c8-97bf-9ee08b03d1f3,Data Field,1,0,1,0,0,0,0.000419175612202355,0.00042918188634949206,0.0,0,0,0,DLG13,0
88270457-318a-4aa8-ad13-60c7cb0e93cf,Data Field,1,0,1,0,0,0,0.000419175612202355,0.00042918188634949206,0.0,0,0,0,DLG13,0
deea5f91-eb04-4cff-88e9-3dde64241055,Data Field,1,0,1,0,0,0,0.000419175612202355,0.00042918188634949206,0.0,0,0,0,DLG13,0
462d1265-d9b3-45f0-aedc-cc8a4ec349e5,Data Field,1,0,1,0,0,0,0.000419175612202355,0.00042918188634949206,0.0,0,0,0,DLG13,0
6b2b2932-7cff-49df-bc6d-08b63d83032f,Data Field,1,0,1,0,0,0,0.000419175612202355,0.00042918188634949206,0.0,0,0,0,DLG13,0
3a2890ed-8766-44f9-962e-23c0cffc72b9,Data Field,1,0,1,0,0,0,0.000419175612202355,0.00042918188634949206,0.0,0,0,0,DLG13,0
d98fe30e-8a6b-47c6-9c1a-028ea06806c2,Data Field,1,0,1,0,0,0,0.000419175612202355,0.00042918188634949206,0.0,0,0,0,DLG13,0
1db46f0f-1eac-47c6-af2a-861dbb63681b,Data Field,1,0,1,0,0,0,0.000419175612202355,0.00042918188634949206,0.0,0,0,0,DLG13,0
ea9634a4-9543-4671-858a-170fcf9e22e2,Data Field,1,0,1,0,0,0,0.000419175612202355,0.00042918188634949206,0.0,0,0,0,DLG13,0
52f62f40-c995-42fe-b3d9-eb7807ba8db8,Data Field,1,0,1,0,0,0,0.000419175612202355,0.00042918188634949206,0.0,0,0,0,DLG13,0
f64baadf-bab0-40dd-b4cb-a1554dd3c14b,Data Field,1,0,1,0,0,0,0.000419175612202355,0.00042918188634949206,0.0,0,0,0,DLG13,0
de4fbee9-e05f-45f7-8450-3f1064460c2a,Data Field,1,0,1,0,0,0,0.000419175612202355,0.00042918188634949206,0.0,0,0,0,DLG13,0
2a4523b7-5e9d-4a21-b799-bdbfe335d60f,Data Field,1,0,1,0,0,0,0.000419175612202355,0.00042918188634949206,0.0,0,0,0,DLG13,0
c0d5115b-3ab5-4878-ae80-bb3a3939c9d8,Data Field,1,0,1,0,0,0,0.000419175612202355,0.00042918188634949206,0.0,0,0,0,DLG13,0
8aad856e-caf6-4068-ae8a-c5d27adb704e,Data Field,1,0,1,0,0,0,0.000419175612202355,0.00042918188634949206,0.0,0,0,0,DLG13,0
e4ea3dcc-9a0d-4f01-94e4-1449d850be2f,Data Field,1,0,1,0,0,0,0.000419175612202355,0.00042918188634949206,0.0,0,0,0,DLG13,0
ff9e130a-4e6d-4b2f-ae8e-aad9088c789a,Data Field,1,0,1,0,0,0,0.000419175612202355,0.00042918188634949206,0.0,0,0,0,DLG13,0
e5c45195-b9f5-4e80-b0c4-93c2ef61efc6,Data Field,1,0,1,0,0,0,0.000419175612202355,0.00042918188634949206,0.0,0,0,0,DLG13,0
3f56986b-bdbf-4043-9e2d-359ad1701599,Data Field,1,0,1,0,0,0,0.000419175612202355,0.00042918188634949206,0.0,0,0,0,DLG13,0
ab13cd94-05a6-452f-965a-411f3831c6a4,Data Field,1,0,1,0,0,0,0.000419175612202355,0.00042918188634949206,0.0,0,0,0,DLG13,0
d257962e-6045-4764-90a5-616f36c3829f,Data Field,1,0,1,0,0,0,0.000419175612202355,0.00042918188634949206,0.0,0,0,0,DLG13,0
8df7ff19-0a7d-47dd-9510-50bcf3049807,Data Field,1,0,1,0,0,0,0.000419175612202355,0.00042918188634949206,0.0,0,0,0,DLG13,0
3cb08f4b-0ad5-4b73-a887-c3d07398fad6,Data Field,1,0,1,0,0,0,0.000419175612202355,0.00042918188634949206,0.0,0,0,0,DLG13,0
60394a6f-824c-4d46-a825-bfa3e15689c5,Data Field,1,0,1,0,0,0,0.000419175612202355,0.00042918188634949206,0.0,0,0,0,DLG13,0
48d0fccd-50e2-4b3c-92bc-f8304c5af3a0,Data Field,1,0,1,0,0,0,0.000419175612202355,0.00042918188634949206,0.0,0,0,0,DLG13,0
4bce1af8-cdec-45a3-9eb0-4a4fd9f27569,Data Field,1,0,1,0,0,0,0.000419175612202355,0.00042918188634949206,0.0,0,0,0,DLG13,0
861fbad6-9ee2-48f3-9b22-91c9bd9ea24e,Data Field,1,0,1,0,0,0,0.000419175612202355,0.00042918188634949206,0.0,0,0,0,DLG13,0
396c1c1d-08be-46f5-bbce-a16e3520ef19,Data Field,1,0,1,0,0,0,0.000419175612202355,0.00042918188634949206,0.0,0,0,0,DLG13,0
b6235b69-fb71-435e-9250-f920da923d8a,Data Field,1,0,1,0,0,0,0.000419175612202355,0.00042918188634949206,0.0,0,0,0,DLG13,0
79f654cf-ba5b-4df7-8e0c-c4b5d9994963,Data Field,1,0,1,0,0,0,0.000419175612202355,0.00042918188634949206,0.0,0,0,0,DLG13,0
319127e8-d2f0-473a-8511-d479e206120a,Data Field,1,0,1,0,0,0,0.000419175612202355,0.00042918188634949206,0.0,0,0,0,DLG13,0
ab6236ef-ff9d-46ea-96de-6f571b70bb26,Data Field,1,0,1,0,0,0,0.000419175612202355,0.00042918188634949206,0.0,0,0,0,DLG13,0
7af25a7e-539a-4522-a467-02706c1aa51e,Data Field,1,0,1,0,0,0,0.000419175612202355,0.00042918188634949206,0.0,0,0,0,DLG13,0
e9c7dc09-be07-45d6-8ce1-e02604feef9c,Data Field,1,0,1,0,0,0,0.000419175612202355,0.00042918188634949206,0.0,0,0,0,DLG13,0
bdb12f03-1f24-420a-a6b2-f1a6147c3705,Data Field,1,0,1,0,0,0,0.000419175612202355,0.00042918188634949206,0.0,0,0,0,DLG13,0
0effea21-a9f7-4b19-8cea-34b369920128,Data Field,1,0,1,0,0,0,0.000419175612202355,0.00042918188634949206,0.0,0,0,0,DLG13,0
7352fe55-7191-4c0e-88ba-59e9fe536ace,Data Field,1,0,1,0,0,0,0.000419175612202355,0.00042918188634949206,0.0,0,0,0,DLG13,0
995491a2-6f74-406c-898a-2d2dba7296f8,Data Field,1,0,1,0,0,0,0.000419175612202355,0.00042918188634949206,0.0,0,0,0,DLG13,0
4e87fcdb-a3ff-4313-9b9f-ca0cf3af5f43,Data Field,1,0,1,0,0,0,0.000419175612202355,0.00042918188634949206,0.0,0,0,0,DLG13,0
30d180af-48bb-4102-93f2-9558ef028ba9,Data Field,1,0,1,0,0,0,0.000419175612202355,0.00042918188634949206,0.0,0,0,0,DLG13,0
36cb12d9-9901-4481-9748-092fce322627,Data Field,1,0,1,0,0,0,0.000419175612202355,0.00042918188634949206,0.0,0,0,0,DLG13,0
fc11da6a-2e08-44f4-b439-a5a412e6c5c6,Data Field,1,0,1,0,0,0,0.000419175612202355,0.00042918188634949206,0.0,0,0,0,DLG13,0
10e9f8a8-222b-4a4f-850c-8d05383b2953,Data Field,1,0,1,0,0,0,0.000419175612202355,0.00042918188634949206,0.0,0,0,0,DLG13,0
3af4e8bc-d776-439c-89af-c0d8c691deb7,Data Field,1,0,1,0,0,0,0.000419175612202355,0.00042918188634949206,0.0,0,0,0,DLG13,0
530687d6-eec2-42d9-822a-a7d8a73484e4,Data Field,1,0,1,0,0,0,0.000419175612202355,0.00042918188634949206,0.0,0,0,0,DLG13,0
3acf253b-ed00-4a34-a05c-7a734228d776,Data Field,1,0,1,0,0,0,0.000419175612202355,0.00042918188634949206,0.0,0,0,0,DLG13,0
29107f97-0e84-493e-ad62-d22a60e8624b,Data Field,1,0,1,0,0,0,0.000419175612202355,0.00042918188634949206,0.0,0,0,0,DLG13,0
58fcd36b-7aa8-46fe-ba3f-82a39e501163,Data Field,1,0,1,0,0,0,0.000419175612202355,0.00042918188634949206,0.0,0,0,0,DLG13,0
cce275f7-44dd-4a0e-9e51-7609ad8af205,Data Field,1,0,1,0,0,0,0.000419175612202355,0.00042918188634949206,0.0,0,0,0,DLG13,0
6aaf210b-2f2c-40e8-86fd-0fb6d072b7d7,Data Field,1,0,1,0,0,0,0.000419175612202355,0.00042918188634949206,0.0,0,0,0,DLG13,0
25e69717-5068-4a33-af0f-df5d8cb90288,Data Field,1,0,1,0,0,0,0.000419175612202355,0.00042918188634949206,0.0,0,0,0,DLG13,0
1afbd344-f29c-4b42-b712-60cae753d396,Data Field,1,0,1,0,0,0,0.000419175612202355,0.00042918188634949206,0.0,0,0,0,DLG13,0
6792e112-21e1-481d-9a38-16e1fa9db7ee,Data Field,1,0,1,0,0,0,0.000419175612202355,0.00042918188634949206,0.0,0,0,0,DLG13,0
0b179962-72b5-430e-bc14-a61a62c8f45f,Data Field,1,0,1,0,0,0,0.000419175612202355,0.00042918188634949206,0.0,0,0,0,DLG13,0
936647c4-9383-4daa-b808-c4ed0161a57b,Data Field,1,0,1,0,0,0,0.000419175612202355,0.00042918188634949206,0.0,0,0,0,DLG13,0
24faef3f-d4a5-4614-89cc-0b75b4473fb0,Data Field,1,0,1,0,0,0,0.000419175612202355,0.00042918188634949206,0.0,0,0,0,DLG13,0
b31c09f9-beda-4d64-bf25-5d4a0829f1d6,Data Field,1,0,1,0,0,0,0.000419175612202355,0.00042918188634949206,0.0,0,0,0,DLG13,0
28ac08d3-f97f-4071-87f5-7b78859a72c9,Data Field,1,0,1,0,0,0,0.000419175612202355,0.00042918188634949206,0.0,0,0,0,DLG13,0
40dd258b-f3b0-44bc-a362-a0c525ecf5b0,Data Field,1,0,1,0,0,0,0.000419175612202355,0.00042918188634949206,0.0,0,0,0,DLG13,0
0a089eac-42f2-4ce4-bdab-8a82f00d8c31,Data Field,1,0,1,0,0,0,0.000419175612202355,0.00042918188634949206,0.0,0,0,0,DLG13,0
181dd576-136e-4c8b-b6ca-7db5d1e3ee9f,Data Field,1,0,1,0,0,0,0.000419175612202355,0.00042918188634949206,0.0,0,0,0,DLG13,0
5abd6464-a09f-4811-9a79-d15ca394d2fe,Data Field,1,0,1,0,0,0,0.000419175612202355,0.00042918188634949206,0.0,0,0,0,DLG13,0
41f1e64b-c6bd-45db-b013-41e0a4c03077,Data Field,1,0,1,0,0,0,0.000419175612202355,0.00042918188634949206,0.0,0,0,0,DLG13,0
d8c95776-239e-4c02-b475-7ac98bebed74,Data Field,1,0,1,0,0,0,0.000419175612202355,0.00042918188634949206,0.0,0,0,0,DLG13,0
d1ce0876-91a1-429c-8303-57e1a7874b66,Data Field,1,0,1,0,0,0,0.000419175612202355,0.00042918188634949206,0.0,0,0,0,DLG13,0
5d4e4054-e7d3-44b3-9c15-7715303af730,Data Field,1,0,1,0,0,0,0.000419175612202355,0.00042918188634949206,0.0,0,0,0,DLG13,0
6588c265-c6eb-4715-820c-da3bbc0d4cf8,Data Field,1,0,1,0,0,0,0.000419175612202355,0.00042918188634949206,0.0,0,0,0,DLG13,0
efd663af-8788-4d3b-aae7-8dd7a6cad93f,Data Field,1,0,1,0,0,0,0.000419175612202355,0.00042918188634949206,0.0,0,0,0,DLG13,0
7f7c0caa-fc97-4f3b-a9c0-faee7c721696,Data Field,1,0,1,0,0,0,0.000419175612202355,0.00042918188634949206,0.0,0,0,0,DLG13,0
b0aec3dd-c843-4139-af15-6f9d9b3bf1d7,Data Field,1,0,1,0,0,0,0.000419175612202355,0.00042918188634949206,0.0,0,0,0,DLG13,0
b1781327-8428-4aea-923f-748ce291d98a,Data Field,1,0,1,0,0,0,0.000419175612202355,0.00042918188634949206,0.0,0,0,0,DLG13,0
0d6f65a8-e4e9-4183-bb05-dcd56233c1f6,Data Field,1,0,1,0,0,0,0.000419175612202355,0.00042918188634949206,0.0,0,0,0,DLG13,0
fa688edc-5dd5-4993-9ceb-7097b8713c33,Data Field,1,0,1,0,0,0,0.000419175612202355,0.00042918188634949206,0.0,0,0,0,DLG13,0
ac646fdb-30b4-48e6-adae-72acd6c2b2b7,Data Field,1,0,1,0,0,0,0.000419175612202355,0.00042918188634949206,0.0,0,0,0,DLG13,0
0faff310-e949-48d7-bbdd-a4061629eabc,Data Field,1,0,1,0,0,0,0.000419175612202355,0.00042918188634949206,0.0,0,0,0,DLG13,0
0a4252db-a7b8-47ee-a4b1-d46ca2abc85b,Data Field,1,0,1,0,0,0,0.000419175612202355,0.00042918188634949206,0.0,0,0,0,DLG13,0
ce438804-73b4-45ec-8e08-5dde024abc45,Data Field,1,0,1,0,0,0,0.000419175612202355,0.00042918188634949206,0.0,0,0,0,DLG13,0
9b79641d-6403-45cb-841c-67b8d8820029,Data Field,1,0,1,0,0,0,0.000419175612202355,0.00042918188634949206,0.0,0,0,0,DLG13,0
66ff5f1c-d655-4e14-92b8-5149951cb1ab,Data Field,1,0,1,0,0,0,0.000419175612202355,0.00042918188634949206,0.0,0,0,0,DLG13,0
fe4838bb-29f7-4161-888b-5b8ebc2a2d6b,Data Field,1,0,1,0,0,0,0.000419175612202355,0.00042918188634949206,0.0,0,0,0,DLG13,0
9f2de9b2-a546-45b1-a6f5-4b9564b7ae00,Data Field,1,0,1,0,0,0,0.000419175612202355,0.00042918188634949206,0.0,0,0,0,DLG13,0
36c21ca2-028d-4131-9dc3-f1032a1ff561,Data Field,1,0,1,0,0,0,0.000419175612202355,0.00042918188634949206,0.0,0,0,0,DLG13,0
f93c790c-6379-430a-92d5-096df338a3ad,Data Field,1,0,1,0,0,0,0.000419175612202355,0.00042918188634949206,0.0,0,0,0,DLG13,0
a0283626-2b5c-4e76-853b-07cb60a39719,Data Job,2,1,3,2,1,0,0.001377898417730441,0.0007942441162511701,0.0,1,5,0,DLG13,0
990106d9-39e1-4596-b519-e9cc35deafcb,Data Field,1,0,1,0,0,0,0.000419175612202355,0.00042918188634949206,0.0,0,0,0,DLG13,0
c0fc3563-97be-412b-804d-b672b3a2a194,Data Job,2,1,3,2,1,0,0.000561644322052506,0.0006351094591308929,0.0,25,2,0,DLG13,0
71ecded4-6bd6-4438-b9d5-05b078dc7cce,Data Field,1,0,1,0,0,0,0.000419175612202355,0.00042918188634949206,0.0,0,0,0,DLG13,0
a22ed3d4-180a-4ec4-909e-4ad0c387dc55,Data Field,1,0,1,0,0,0,0.000419175612202355,0.00042918188634949206,0.0,0,0,0,DLG13,0
4c70cbd3-8345-4c9c-86d3-91adcd2e05a8,Data Field,1,0,1,0,0,0,0.000419175612202355,0.00042918188634949206,0.0,0,0,0,DLG13,0
f8f54b93-8b1a-4811-aeed-1be11df8b1d5,Data Field,1,0,1,0,0,0,0.000419175612202355,0.00042918188634949206,0.0,0,0,0,DLG13,0
b994b97d-5f56-4f19-8ac4-07da188bfdef,Data Field,1,0,1,0,0,0,0.000419175612202355,0.00042918188634949206,0.0,0,0,0,DLG13,0
9830214f-e281-4d09-acf3-c6f37e2393c3,Data Field,1,0,1,0,0,0,0.000419175612202355,0.00042918188634949206,0.0,0,0,0,DLG13,0
7cfec539-b780-4c12-a491-52deebfc706d,Data Field,1,0,1,0,0,0,0.000419175612202355,0.00042918188634949206,0.0,0,0,0,DLG13,0
6da019a5-cacb-458d-899e-904fd4ae0386,Data Field,1,0,1,0,0,0,0.000419175612202355,0.00042918188634949206,0.0,0,0,0,DLG13,0
ae4e03ee-8cd8-4b3f-bb8a-81b5e5946dd8,Data Field,1,0,1,0,0,0,0.000419175612202355,0.00042918188634949206,0.0,0,0,0,DLG13,0
972b59b1-6c58-430b-8d21-6de256ea21f1,Data Field,1,0,1,0,0,0,0.000419175612202355,0.00042918188634949206,0.0,0,0,0,DLG13,0
e3d69948-2bdf-4ef4-bbd5-265ddca977a2,Data Field,1,0,1,0,0,0,0.000419175612202355,0.00042918188634949206,0.0,0,0,0,DLG13,0
690a0e51-0496-4451-b24a-48f166ab4a0e,Data Field,1,0,1,0,0,0,0.000419175612202355,0.00042918188634949206,0.0,0,0,0,DLG13,0
32e2631e-43ae-4e39-9bea-c58b5249fbeb,Data Field,1,0,1,0,0,0,0.000419175612202355,0.00042918188634949206,0.0,0,0,0,DLG13,0
a7ec7ff3-cf8b-414c-a745-5dd12197d497,Data Field,1,0,1,0,0,0,0.000419175612202355,0.00042918188634949206,0.0,0,0,0,DLG13,0
bdfc4d9c-bee5-483a-85e2-a6403feb084f,Data Field,1,0,1,0,0,0,0.000419175612202355,0.00042918188634949206,0.0,0,0,0,DLG13,0
c1ae778e-0256-4868-abd8-d09380c40631,Data Field,1,0,1,0,0,0,0.000419175612202355,0.00042918188634949206,0.0,0,0,0,DLG13,0
25bcccf9-7159-492f-9fbc-744a9693b268,Data Field,1,0,1,0,0,0,0.000419175612202355,0.00042918188634949206,0.0,0,0,0,DLG13,0
2fade81d-6693-4f3e-9432-599e77f2299b,Data Field,1,0,1,0,0,0,0.000419175612202355,0.00042918188634949206,0.0,0,0,0,DLG13,0
30aebd16-7c2e-4b57-81f7-0cc291c607cd,Data Field,1,0,1,0,0,0,0.000419175612202355,0.00042918188634949206,0.0,0,0,0,DLG13,0
abfa2a3f-56f0-4ded-b258-78a083d5a998,Data Field,1,0,1,0,0,0,0.000419175612202355,0.00042918188634949206,0.0,0,0,0,DLG13,0
fdab77b9-c924-4184-a9f7-d15c8746d949,Data Field,1,0,1,0,0,0,0.000419175612202355,0.00042918188634949206,0.0,0,0,0,DLG13,0
1758a9c8-ae9c-4258-8702-ff95b409867e,Data Job,2,1,3,2,1,0,0.0007976081227418189,0.0007942441162511701,0.0,1,2,0,DLG13,0
8ead521b-05ad-4107-929c-67940eaf2b71,Data Field,1,0,1,0,0,0,0.000419175612202355,0.00042918188634949206,0.0,0,0,0,DLG13,0
545086b6-eecd-4e3f-bd19-b14509f597b3,Data Field,1,0,1,0,0,0,0.000419175612202355,0.00042918188634949206,0.0,0,0,0,DLG13,0
b6fad370-c894-418e-9b9f-887a85587679,Data Field,1,0,1,0,0,0,0.000419175612202355,0.00042918188634949206,0.0,0,0,0,DLG13,0
ef8442b6-b3b4-4b31-9cad-718575623f29,Data Field,1,0,1,0,0,0,0.000419175612202355,0.00042918188634949206,0.0,0,0,0,DLG13,0
5e22ada7-e02a-4f2e-8216-625173a97540,Data Field,1,0,1,0,0,0,0.000419175612202355,0.00042918188634949206,0.0,0,0,0,DLG13,0
018b116a-52b4-43f4-875e-89f9f1aff64b,Data Field,1,0,1,0,0,0,0.000419175612202355,0.00042918188634949206,0.0,0,0,0,DLG13,0
fcf5dded-37cc-47a9-8b3c-81fd2f949084,Data Field,1,0,1,0,0,0,0.000419175612202355,0.00042918188634949206,0.0,0,0,0,DLG13,0
109e7547-6418-47e8-8b07-0497bd946a60,Data Field,1,0,1,0,0,0,0.000419175612202355,0.00042918188634949206,0.0,0,0,0,DLG13,0
0c0ff003-efe0-4637-82bd-53b4345d56ad,Data Job,2,1,3,2,1,0,0.000560160272991567,0.0006351094591308929,0.0,25,2,0,DLG13,0
98e1f8d1-49c1-419f-8812-c4d6ad9b8afd,Data Field,1,0,1,0,0,0,0.000419175612202355,0.00042918188634949206,0.0,0,0,0,DLG13,0
034dd1ff-72be-45fc-bb2c-039bf0c2f9de,Data Field,1,0,1,0,0,0,0.000419175612202355,0.00042918188634949206,0.0,0,0,0,DLG13,0
020ad36e-5765-40a6-912c-8266483c8726,Data Field,1,0,1,0,0,0,0.000419175612202355,0.00042918188634949206,0.0,0,0,0,DLG13,0
117fe427-0cd9-42c0-a85c-fe9d0751b715,Data Field,1,0,1,0,0,0,0.000419175612202355,0.00042918188634949206,0.0,0,0,0,DLG13,0
77bbe67c-8435-4afa-be33-012bc8937b9a,Data Field,1,0,1,0,0,0,0.000419175612202355,0.00042918188634949206,0.0,0,0,0,DLG13,0
90995c5e-b2bd-4642-908e-efb2bddc0153,Data Field,1,0,1,0,0,0,0.000419175612202355,0.00042918188634949206,0.0,0,0,0,DLG13,0
aa86e837-1147-45a7-97f8-bb80a57d21eb,Data Field,1,0,1,0,0,0,0.000419175612202355,0.00042918188634949206,0.0,0,0,0,DLG13,0
04981155-da94-4c4d-8ede-0eef913a5dc5,Data Field,1,0,1,0,0,0,0.000419175612202355,0.00042918188634949206,0.0,0,0,0,DLG13,0
07716f98-8e66-48b2-be5c-10fada6faf18,Data Field,1,0,1,0,0,0,0.000419175612202355,0.00042918188634949206,0.0,0,0,0,DLG13,0
a9c19877-05b6-43fc-9bdb-41bbe4297de7,Data Table,1,8,9,1,0,8,0.0010973994710452705,0.00042918188634949206,0.0,0,3,0,DLG13,0
80162ea9-f015-40b0-9fe0-68d6eeb3f253,Data Field,1,0,1,0,0,0,0.000419175612202355,0.00042918188634949206,0.0,0,0,0,DLG13,0
4dcff96a-9d6d-4586-b77c-c0cc5c68ea7d,Data Field,1,0,1,0,0,0,0.000419175612202355,0.00042918188634949206,0.0,0,0,0,DLG13,0
697814c2-eee9-4304-a1c9-6ca8b1155bb7,Data Field,1,0,1,0,0,0,0.000419175612202355,0.00042918188634949206,0.0,0,0,0,DLG13,0
c0a2ea82-eea5-4590-86e9-9495b9ba306b,Data Field,1,0,1,0,0,0,0.000419175612202355,0.00042918188634949206,0.0,0,0,0,DLG13,0
cbb26d14-be3c-4be9-8489-6c0bb1f7e31b,Data Field,1,0,1,0,0,0,0.000419175612202355,0.00042918188634949206,0.0,0,0,0,DLG13,0
2106f957-89a4-4409-9d18-7bcd9f95726c,Data Field,1,0,1,0,0,0,0.000419175612202355,0.00042918188634949206,0.0,0,0,0,DLG13,0
483639b4-0743-40c1-b7d6-8a578441982c,Data Field,1,0,1,0,0,0,0.000419175612202355,0.00042918188634949206,0.0,0,0,0,DLG13,0
bfe07cc8-c725-4cea-ac97-cfd35608b3dc,Data Field,1,0,1,0,0,0,0.000419175612202355,0.00042918188634949206,0.0,0,0,0,DLG13,0
87239cab-bad0-4c5a-8f14-f7fe17c94389,Data Field,1,0,1,0,0,0,0.000419175612202355,0.00042918188634949206,0.0,0,0,0,DLG13,0
1d45fade-7a82-4137-a935-88020c43e39b,Data Field,1,0,1,0,0,0,0.000419175612202355,0.00042918188634949206,0.0,0,0,0,DLG13,0
3e9f7ea4-87c0-4118-948a-c8c2c00c3c30,Data Field,1,0,1,0,0,0,0.000419175612202355,0.00042918188634949206,0.0,0,0,0,DLG13,0
e27830af-f0ce-45c0-8024-36ae5d9e41e1,Data Field,1,0,1,0,0,0,0.000419175612202355,0.00042918188634949206,0.0,0,0,0,DLG13,0
809827b0-6b42-4d23-9f33-5587a7e4cb48,Data Field,1,0,1,0,0,0,0.000419175612202355,0.00042918188634949206,0.0,0,0,0,DLG13,0
a04d017b-3450-42d5-b151-fba3d5814e33,Data Field,1,0,1,0,0,0,0.000419175612202355,0.00042918188634949206,0.0,0,0,0,DLG13,0
39638cd6-7520-418c-bb7c-38609733dc1a,Data Field,1,0,1,0,0,0,0.000419175612202355,0.00042918188634949206,0.0,0,0,0,DLG13,0
1ba0526e-a0a7-492f-b629-9042633ed9bc,Data Job,2,1,3,2,1,0,0.0006195222354291299,0.0006351094591308929,0.0,25,2,0,DLG13,0
c93bc765-bda2-481d-9fed-ab2e9ff35f03,Data Field,1,0,1,0,0,0,0.000419175612202355,0.00042918188634949206,0.0,0,0,0,DLG13,0
06621698-3cb0-4074-a561-b8fb7bf5a3c0,Data Field,1,0,1,0,0,0,0.000419175612202355,0.00042918188634949206,0.0,0,0,0,DLG13,0
c30038c2-9d66-459a-830f-f37937ca2c2d,Data Field,1,0,1,0,0,0,0.000419175612202355,0.00042918188634949206,0.0,0,0,0,DLG13,0
104f77e8-dfcb-4405-b538-8ec06d36959b,Data Field,1,0,1,0,0,0,0.000419175612202355,0.00042918188634949206,0.0,0,0,0,DLG13,0
39d2e098-2cf3-4cba-a69c-de5288aaa69a,Data Field,1,0,1,0,0,0,0.000419175612202355,0.00042918188634949206,0.0,0,0,0,DLG13,0
2991cee3-ce0c-4d36-82e6-b4cca665b260,Data Field,1,0,1,0,0,0,0.000419175612202355,0.00042918188634949206,0.0,0,0,0,DLG13,0
89da38c7-93fa-4104-a572-3be3409d84e9,Data Field,1,0,1,0,0,0,0.000419175612202355,0.00042918188634949206,0.0,0,0,0,DLG13,0
1f7ff413-30b5-4b7a-b9f9-6306183f5dde,Data Field,1,0,1,0,0,0,0.000419175612202355,0.00042918188634949206,0.0,0,0,0,DLG13,0
fdaa44af-3db6-4f3c-8b2a-dffcca74ea8c,Data Field,1,0,1,0,0,0,0.000419175612202355,0.00042918188634949206,0.0,0,0,0,DLG13,0
5c5b7421-f591-4c2d-a23f-082e744fa34c,Data Field,1,0,1,0,0,0,0.000419175612202355,0.00042918188634949206,0.0,0,0,0,DLG13,0
5b5d1cc2-504b-4030-a220-ac13403dfd5b,Data Field,1,0,1,0,0,0,0.000419175612202355,0.00042918188634949206,0.0,0,0,0,DLG13,0
2c48379b-3054-4e77-9804-937a5e1e1832,Data Field,1,0,1,0,0,0,0.000419175612202355,0.00042918188634949206,0.0,0,0,0,DLG13,0
4e0984ec-b66c-471e-978d-5fdfdd06973c,Data Field,1,0,1,0,0,0,0.000419175612202355,0.00042918188634949206,0.0,0,0,0,DLG13,0
6153cda6-7f19-43c3-a3b0-c9a166343da1,Data Field,1,0,1,0,0,0,0.000419175612202355,0.00042918188634949206,0.0,0,0,0,DLG13,0
b6163161-bf9f-4631-bbb0-14d35e35f0a1,Data Field,1,0,1,0,0,0,0.000419175612202355,0.00042918188634949206,0.0,0,0,0,DLG13,0
51d75f4f-4ab1-48c2-b27e-a1aac51f52ff,Data Field,1,0,1,0,0,0,0.000419175612202355,0.00042918188634949206,0.0,0,0,0,DLG13,0
30683cad-98d3-45ec-9720-1ea2d5b0c2ed,Data Field,1,0,1,0,0,0,0.000419175612202355,0.00042918188634949206,0.0,0,0,0,DLG13,0
6eaa8d50-accd-4829-83f3-2d03d32bb015,Data Field,1,0,1,0,0,0,0.000419175612202355,0.00042918188634949206,0.0,0,0,0,DLG13,0
52b35d05-b7bd-45f8-8571-a64d5191cb1e,Data Field,1,0,1,0,0,0,0.000419175612202355,0.00042918188634949206,0.0,0,0,0,DLG13,0
72b60a1e-401a-4f38-8e8c-d59508a1de1f,Data Field,1,0,1,0,0,0,0.000419175612202355,0.00042918188634949206,0.0,0,0,0,DLG13,0
606d9a03-1166-46e8-856b-b561d8a5da2b,Data Field,1,0,1,0,0,0,0.000419175612202355,0.00042918188634949206,0.0,0,0,0,DLG13,0
1957c36a-7914-4674-868f-955a6750438e,Data Field,1,0,1,0,0,0,0.000419175612202355,0.00042918188634949206,0.0,0,0,0,DLG13,0
64f1d9cd-fc2e-485c-9b9c-472e735b41b7,Data Field,1,0,1,0,0,0,0.000419175612202355,0.00042918188634949206,0.0,0,0,0,DLG13,0
2e6f9cdc-a058-4d0b-8d91-162f176bb240,Data Field,1,0,1,0,0,0,0.000419175612202355,0.00042918188634949206,0.0,0,0,0,DLG13,0
78921c16-011f-4300-b396-f3442367eca7,Data Job,2,1,3,2,1,0,0.0007976081227418189,0.0007942441162511701,0.0,1,2,0,DLG13,0
ea676524-31b3-4697-ae35-48b9ccdb9507,Data Field,1,0,1,0,0,0,0.000419175612202355,0.00042918188634949206,0.0,0,0,0,DLG13,0
f5f43687-ccec-4227-beaf-d7813aec4ffe,Data Field,1,0,1,0,0,0,0.000419175612202355,0.00042918188634949206,0.0,0,0,0,DLG13,0
e4d83f2e-8d06-4672-aef7-86e817f97bce,Data Field,1,0,1,0,0,0,0.000419175612202355,0.00042918188634949206,0.0,0,0,0,DLG13,0
327f82d7-e800-436a-9c34-3c33b253e8a0,Data Field,1,0,1,0,0,0,0.000419175612202355,0.00042918188634949206,0.0,0,0,0,DLG13,0
2db098dd-e3d0-41ae-b2b9-316016933b03,Data Field,1,0,1,0,0,0,0.000419175612202355,0.00042918188634949206,0.0,0,0,0,DLG13,0
60442a67-ed80-4b31-83f0-f2388d6dea03,Data Field,1,0,1,0,0,0,0.000419175612202355,0.00042918188634949206,0.0,0,0,0,DLG13,0
10ea52d4-6ded-47ff-9d90-a23b9eedace8,Data Field,1,0,1,0,0,0,0.000419175612202355,0.00042918188634949206,0.0,0,0,0,DLG13,0
644390eb-5d14-46f8-8c85-0a0b74bdfc52,Data Table,11,136,147,11,8,128,0.006852679816692227,0.0026575009054587255,0.00019953596287703015,24,27,0,DLG13,1
bc194292-c2ea-4a89-965c-f036e3f2570e,Data Field,1,0,1,0,0,0,0.000419175612202355,0.00042918188634949206,0.0,0,0,0,DLG13,0
cadcf2d9-2ef4-47eb-9cf2-06c546dfd082,Data Table,0,21,21,0,2,19,0.000419175612202355,0.0008584814929821595,0.0,3,0,0,DLG13,0
f68f5d73-f38d-429d-9ac1-cb6cf5210d27,Data Field,1,0,1,0,0,0,0.000419175612202355,0.00042918188634949206,0.0,0,0,0,DLG13,0
a015be55-bc3f-4d25-b0f2-b5638f62ebe7,Data Field,1,0,1,0,0,0,0.000419175612202355,0.00042918188634949206,0.0,0,0,0,DLG13,0
ffee731b-a236-43a2-9fcb-3f84c622676a,Data Field,1,0,1,0,0,0,0.000419175612202355,0.00042918188634949206,0.0,0,0,0,DLG13,0
a80f18d8-2eff-49b6-b872-44a30a9799f4,Data Field,1,0,1,0,0,0,0.000419175612202355,0.00042918188634949206,0.0,0,0,0,DLG13,0
cb70660e-32ce-4769-a70b-2ab4fd6eaaa4,Data Job,3,1,4,3,1,0,0.0008347093492652957,0.0006351094591308929,0.0,25,3,0,DLG13,0
6b3a0ffc-e4ac-4c00-be08-641eae1f9211,Data Field,1,0,1,0,0,0,0.000419175612202355,0.00042918188634949206,0.0,0,0,0,DLG13,0
28f0bc5a-3114-4b63-afdb-a8e81de997ef,Data Field,1,0,1,0,0,0,0.000419175612202355,0.00042918188634949206,0.0,0,0,0,DLG13,0
7eec0db2-67c7-44b9-8972-bc7b1363bda5,Data Field,1,0,1,0,0,0,0.000419175612202355,0.00042918188634949206,0.0,0,0,0,DLG13,0
50940b20-5228-4f81-af90-af307d7ebb0f,Data Field,1,0,1,0,0,0,0.000419175612202355,0.00042918188634949206,0.0,0,0,0,DLG13,0
e616df54-2a4b-4a27-9642-06d6ee0a6f1e,Data Field,1,0,1,0,0,0,0.000419175612202355,0.00042918188634949206,0.0,0,0,0,DLG13,0
6e1b03a2-a7ad-4760-8c47-ab90fec1cb30,Data Field,1,0,1,0,0,0,0.000419175612202355,0.00042918188634949206,0.0,0,0,0,DLG13,0
ac0ca602-d975-4598-a43b-05c8be6a21ac,Data Field,1,0,1,0,0,0,0.000419175612202355,0.00042918188634949206,0.0,0,0,0,DLG13,0
92875eb0-8c88-44a6-8487-ad9e8cf50fa5,Data Field,1,0,1,0,0,0,0.000419175612202355,0.00042918188634949206,0.0,0,0,0,DLG13,0
48987978-f0ba-4c80-bbca-b2321ef83915,Data Field,1,0,1,0,0,0,0.000419175612202355,0.00042918188634949206,0.0,0,0,0,DLG13,0
a6c2807b-b327-4d2d-8e00-95183fa473a5,Data Field,1,0,1,0,0,0,0.000419175612202355,0.00042918188634949206,0.0,0,0,0,DLG13,0
a7a5d3d5-caf5-4158-8d3c-33d853e29f1b,Data Field,1,0,1,0,0,0,0.000419175612202355,0.00042918188634949206,0.0,0,0,0,DLG13,0
81a2d89b-e1f9-445c-b88c-2683281c9900,Data Field,1,0,1,0,0,0,0.000419175612202355,0.00042918188634949206,0.0,0,0,0,DLG13,0
91499af1-d50e-4a4f-b054-1ed89c3a3d99,Data Field,1,0,1,0,0,0,0.000419175612202355,0.00042918188634949206,0.0,0,0,0,DLG13,0
279f6030-e62b-4076-801d-46926635b8af,Data Field,1,0,1,0,0,0,0.000419175612202355,0.00042918188634949206,0.0,0,0,0,DLG13,0
51c3f443-d10a-401e-b6ed-addf135f820e,Data Field,1,0,1,0,0,0,0.000419175612202355,0.00042918188634949206,0.0,0,0,0,DLG13,0
5099ae24-bf34-4c38-8c66-de7d43c3cf1a,Data Field,1,0,1,0,0,0,0.000419175612202355,0.00042918188634949206,0.0,0,0,0,DLG13,0
c16190d5-5754-48ce-8810-6d0c56fcb99b,Data Job,2,1,3,2,1,0,0.0006566234619526068,0.0006351094591308929,0.0,25,2,0,DLG13,0
f81d18cc-31f6-49f3-b455-3dc5aaac4e46,Data Field,1,0,1,0,0,0,0.000419175612202355,0.00042918188634949206,0.0,0,0,0,DLG13,0
1cb7eb69-0e2b-4389-b586-1ec8ad545abd,Data Field,1,0,1,0,0,0,0.000419175612202355,0.00042918188634949206,0.0,0,0,0,DLG13,0
bbb0a354-fe64-4efd-9495-282382090cea,Data Field,1,0,1,0,0,0,0.000419175612202355,0.00042918188634949206,0.0,0,0,0,DLG13,0
3d5089fe-359e-4d06-bcfb-71e85d9f2f8e,Data Field,1,0,1,0,0,0,0.000419175612202355,0.00042918188634949206,0.0,0,0,0,DLG13,0
8dc56b27-ba8f-4ac4-a127-750d52a1c52e,Data Field,1,0,1,0,0,0,0.000419175612202355,0.00042918188634949206,0.0,0,0,0,DLG13,0
c64f6ba4-ecc6-486d-a4de-319d76cbb357,Data Field,1,0,1,0,0,0,0.000419175612202355,0.00042918188634949206,0.0,0,0,0,DLG13,0
66e1eb05-4e4d-4d5d-9a85-1dcf7231e616,Data Field,1,0,1,0,0,0,0.000419175612202355,0.00042918188634949206,0.0,0,0,0,DLG13,0
cc6225a6-0c04-4d2a-9a1c-8c6cbdfbc56b,Data Field,1,0,1,0,0,0,0.000419175612202355,0.00042918188634949206,0.0,0,0,0,DLG13,0
cb48cf6e-05d1-4b54-b4dd-15ae648d139c,Data Field,1,0,1,0,0,0,0.000419175612202355,0.00042918188634949206,0.0,0,0,0,DLG13,0
1dbeb312-ea96-4414-ac35-b6dcbdecc285,Data Field,1,0,1,0,0,0,0.000419175612202355,0.00042918188634949206,0.0,0,0,0,DLG13,0
b7de3e5c-bdce-41da-9463-7898cbc646ff,Data Field,1,0,1,0,0,0,0.000419175612202355,0.00042918188634949206,0.0,0,0,0,DLG13,0
6632133e-292f-4b24-9485-9f12d8d9357c,Data Field,1,0,1,0,0,0,0.000419175612202355,0.00042918188634949206,0.0,0,0,0,DLG13,0
7af8077c-565e-49e8-b1c0-c8c9ea69e3ea,Data Field,1,0,1,0,0,0,0.000419175612202355,0.00042918188634949206,0.0,0,0,0,DLG13,0
0197dd77-923d-4684-a1e0-30c33d83abf7,Data Table,1,7,8,1,0,7,0.0010973994710452705,0.00042918188634949206,0.0,0,3,0,DLG13,0
e1058fd0-dc63-43a9-962e-48238c7c515a,Data Field,1,0,1,0,0,0,0.000419175612202355,0.00042918188634949206,0.0,0,0,0,DLG13,0
cb9fe7c5-6715-4e2b-9805-06a781d9cc53,Data Field,1,0,1,0,0,0,0.000419175612202355,0.00042918188634949206,0.0,0,0,0,DLG13,0
30f1e3c3-3611-4ab9-8ded-decf35217511,Data Field,1,0,1,0,0,0,0.000419175612202355,0.00042918188634949206,0.0,0,0,0,DLG13,0
efa362d3-60a3-44f6-8ed2-cc4a08f243f9,Data Field,1,0,1,0,0,0,0.000419175612202355,0.00042918188634949206,0.0,0,0,0,DLG13,0
071b0fdf-b2f7-42f5-b871-7752173536f6,Data Job,2,1,3,2,1,0,0.0006195222354291299,0.0007942441162511701,0.0,1,2,0,DLG13,0
1e8db0da-fe00-4b25-88b4-4d45142fb522,Data Field,1,0,1,0,0,0,0.000419175612202355,0.00042918188634949206,0.0,0,0,0,DLG13,0
bf953558-88c3-4008-a99c-4b70e7c29a65,Data Field,1,0,1,0,0,0,0.000419175612202355,0.00042918188634949206,0.0,0,0,0,DLG13,0
891f5ee0-417e-43d4-a3e7-90a90d5cf174,Data Table,1,35,36,1,0,35,0.0010973994710452705,0.00042918188634949206,0.0,0,3,0,DLG13,0
b3ef92b6-bb72-47d5-8b4c-1a223da411f2,Data Field,1,0,1,0,0,0,0.000419175612202355,0.00042918188634949206,0.0,0,0,0,DLG13,0
28594302-0928-46a6-8266-d51dc65fce4f,Data Field,1,0,1,0,0,0,0.000419175612202355,0.00042918188634949206,0.0,0,0,0,DLG13,0
2ed86f55-834f-4683-ab3d-cca92b47e4c2,Data Field,1,0,1,0,0,0,0.000419175612202355,0.00042918188634949206,0.0,0,0,0,DLG13,0
c2d42149-ead9-4de7-99da-1ecb8349c2d5,Data Field,1,0,1,0,0,0,0.000419175612202355,0.00042918188634949206,0.0,0,0,0,DLG13,0
b9f09db9-271f-43d8-982a-ea8a5d863ba6,Data Field,1,0,1,0,0,0,0.000419175612202355,0.00042918188634949206,0.0,0,0,0,DLG13,0
6164a812-0fb8-4f4c-8af2-2f97c5fd024f,Data Field,1,0,1,0,0,0,0.000419175612202355,0.00042918188634949206,0.0,0,0,0,DLG13,0
2f312718-e097-4a72-b6b3-ca44d098612f,Data Field,1,0,1,0,0,0,0.000419175612202355,0.00042918188634949206,0.0,0,0,0,DLG13,0
fde44dd2-f8fc-478f-9bc4-1d5ee78c378d,Data Field,1,0,1,0,0,0,0.000419175612202355,0.00042918188634949206,0.0,0,0,0,DLG13,0
a6deea07-e1f7-4cc3-b4b8-ff0465795eb6,Data Field,1,0,1,0,0,0,0.000419175612202355,0.00042918188634949206,0.0,0,0,0,DLG13,0
f56e705c-1354-4a73-a8cd-3fffc1411506,Data Field,1,0,1,0,0,0,0.000419175612202355,0.00042918188634949206,0.0,0,0,0,DLG13,0
8cc82e5a-0146-4c70-b39d-dc2c71c6794a,Data Field,1,0,1,0,0,0,0.000419175612202355,0.00042918188634949206,0.0,0,0,0,DLG13,0
795deefd-9efc-4740-aab3-fe911c30aba6,Data Field,1,0,1,0,0,0,0.000419175612202355,0.00042918188634949206,0.0,0,0,0,DLG13,0
1a5fa5ed-0d9a-4a41-881e-cca69546c730,Data Field,1,0,1,0,0,0,0.000419175612202355,0.00042918188634949206,0.0,0,0,0,DLG13,0
4c0e188d-77d1-400c-8be1-fa6c80aa4a47,Data Field,1,0,1,0,0,0,0.000419175612202355,0.00042918188634949206,0.0,0,0,0,DLG13,0
5f259509-e3d4-43b8-9649-bbb3dc739522,Data Field,1,0,1,0,0,0,0.000419175612202355,0.00042918188634949206,0.0,0,0,0,DLG13,0
ba41e533-487a-4e10-8865-2b87368ba8ab,Data Field,1,0,1,0,0,0,0.000419175612202355,0.00042918188634949206,0.0,0,0,0,DLG13,0
e7f33025-358d-49c2-9a23-8c26124d1059,Data Table,1,11,12,1,0,11,0.0010973994710452705,0.00042918188634949206,0.0,0,3,0,DLG13,0
07926c05-8e32-4d15-b8c5-48fd8329ebdf,Data Field,1,0,1,0,0,0,0.000419175612202355,0.00042918188634949206,0.0,0,0,0,DLG13,0
2cf1ebbc-e19e-4e48-a90c-0c24e15742bb,Data Field,1,0,1,0,0,0,0.000419175612202355,0.00042918188634949206,0.0,0,0,0,DLG13,0
a1056de0-0c36-4702-930e-b9139a4ca8a9,Data Field,1,0,1,0,0,0,0.000419175612202355,0.00042918188634949206,0.0,0,0,0,DLG13,0
8cfeec43-2596-48dc-b5df-91263fbc7e19,Data Field,1,0,1,0,0,0,0.000419175612202355,0.00042918188634949206,0.0,0,0,0,DLG13,0
196e67b9-795c-4259-aa40-e470bcbbbcd8,Data Field,1,0,1,0,0,0,0.000419175612202355,0.00042918188634949206,0.0,0,0,0,DLG13,0
5d6bb930-0a6b-4946-bce7-79772a436004,Data Field,1,0,1,0,0,0,0.000419175612202355,0.00042918188634949206,0.0,0,0,0,DLG13,0
04bf21a7-6324-4f77-aa26-3a58048d99ff,Data Field,1,0,1,0,0,0,0.000419175612202355,0.00042918188634949206,0.0,0,0,0,DLG13,0
650de20a-5251-4562-bfb5-052a54760646,Data Field,1,0,1,0,0,0,0.000419175612202355,0.00042918188634949206,0.0,0,0,0,DLG13,0
ba97a839-39e3-4b56-a127-cfb96ee14753,Data Table,1,15,16,1,0,15,0.0009458455490605471,0.00042918188634949206,0.0,0,3,0,DLG13,0
b1dada36-7b43-4351-bb2b-1a33bafad466,Data Field,1,0,1,0,0,0,0.000419175612202355,0.00042918188634949206,0.0,0,0,0,DLG13,0
909eac7e-62d2-42a3-9db2-b5997a87b006,Data Field,1,0,1,0,0,0,0.000419175612202355,0.00042918188634949206,0.0,0,0,0,DLG13,0
1066226b-404f-4e82-9441-6e4155a63bc4,Data Field,1,0,1,0,0,0,0.000419175612202355,0.00042918188634949206,0.0,0,0,0,DLG13,0
ea97ea40-3018-4778-85a1-72491ac8ca11,Data Field,1,0,1,0,0,0,0.000419175612202355,0.00042918188634949206,0.0,0,0,0,DLG13,0
ea8b2e92-e203-43ef-9cf0-84575693e4d9,Data Field,1,0,1,0,0,0,0.000419175612202355,0.00042918188634949206,0.0,0,0,0,DLG13,0
de655f8a-b5e7-4168-9b04-ec8054b84cd1,Data Field,1,0,1,0,0,0,0.000419175612202355,0.00042918188634949206,0.0,0,0,0,DLG13,0
bea05620-8833-41bc-8285-c526e346d931,Data Field,1,0,1,0,0,0,0.000419175612202355,0.00042918188634949206,0.0,0,0,0,DLG13,0
9e5d5342-b110-40df-b7b6-ae1800065ed1,Data Field,1,0,1,0,0,0,0.000419175612202355,0.00042918188634949206,0.0,0,0,0,DLG13,0
f6649c9b-e5e4-43f4-bffc-ac4a29bbb0b9,Data Field,1,0,1,0,0,0,0.000419175612202355,0.00042918188634949206,0.0,0,0,0,DLG13,0
dd2abf39-0830-41a5-9917-76d8a76e2b88,Data Table,0,9,9,0,1,8,0.000419175612202355,0.00076721593550674,0.0,2,0,0,DLG13,0
3d584c9e-f43d-4e70-9e51-4b77f252cb2b,Data Field,1,0,1,0,0,0,0.000419175612202355,0.00042918188634949206,0.0,0,0,0,DLG13,0
244af1fc-a3e5-4ffc-9e98-fd6a829ab487,Data Field,1,0,1,0,0,0,0.000419175612202355,0.00042918188634949206,0.0,0,0,0,DLG13,0
45c21cb8-059a-4f09-9aef-d5cfc04da11a,Data Field,1,0,1,0,0,0,0.000419175612202355,0.00042918188634949206,0.0,0,0,0,DLG13,0
d22ea44e-27fa-424d-8ab3-d2e388a83291,Data Field,1,0,1,0,0,0,0.000419175612202355,0.00042918188634949206,0.0,0,0,0,DLG13,0
01afe333-aaf4-42c1-9baa-17db71249605,Data Field,1,0,1,0,0,0,0.000419175612202355,0.00042918188634949206,0.0,0,0,0,DLG13,0
720e21cc-3bd9-4a29-b5cf-13f6c05bcf7e,Data Field,1,0,1,0,0,0,0.000419175612202355,0.00042918188634949206,0.0,0,0,0,DLG13,0
31347870-7a51-4c60-83d4-a7679e833b3c,Data Field,1,0,1,0,0,0,0.000419175612202355,0.00042918188634949206,0.0,0,0,0,DLG13,0
efae0052-bc08-407e-83a3-c527d570d2b2,Data Field,1,0,1,0,0,0,0.000419175612202355,0.00042918188634949206,0.0,0,0,0,DLG13,0
1ca14537-9648-46eb-b281-75e3aeb12c86,Data Field,1,0,1,0,0,0,0.000419175612202355,0.00042918188634949206,0.0,0,0,0,DLG13,0
9fdcae45-ea2a-4321-acf4-5cbe04a9c44c,Data Field,1,0,1,0,0,0,0.000419175612202355,0.00042918188634949206,0.0,0,0,0,DLG13,0
97f7d3d8-5d85-4639-a3f4-33d008ee509f,Data Field,1,0,1,0,0,0,0.000419175612202355,0.00042918188634949206,0.0,0,0,0,DLG13,0
66f19af6-883f-43cc-8e36-e3660c2d0bb1,Data Field,1,0,1,0,0,0,0.000419175612202355,0.00042918188634949206,0.0,0,0,0,DLG13,0
419d0b17-57e2-43db-8026-942d3d37255d,Data Field,1,0,1,0,0,0,0.000419175612202355,0.00042918188634949206,0.0,0,0,0,DLG13,0
7bc5c756-f975-4632-88b0-dad94fcd46e9,Data Field,1,0,1,0,0,0,0.000419175612202355,0.00042918188634949206,0.0,0,0,0,DLG13,0
148f1fd7-23cc-4bfa-b979-589834b7a43f,Data Field,1,0,1,0,0,0,0.000419175612202355,0.00042918188634949206,0.0,0,0,0,DLG13,0
7b0f232b-83ab-411e-add8-ced00fc306dd,Data Field,1,0,1,0,0,0,0.000419175612202355,0.00042918188634949206,0.0,0,0,0,DLG13,0
b17fb859-a521-4bc4-a425-e8154b2f8a34,Data Field,1,0,1,0,0,0,0.000419175612202355,0.00042918188634949206,0.0,0,0,0,DLG13,0
c380a735-f798-4422-8691-982194cc2b62,Data Field,1,0,1,0,0,0,0.000419175612202355,0.00042918188634949206,0.0,0,0,0,DLG13,0
60cdcd42-97e5-4624-8590-e7b17dfdc2e0,Data Field,1,0,1,0,0,0,0.000419175612202355,0.00042918188634949206,0.0,0,0,0,DLG13,0
4fdd7e92-91f1-4c82-8105-49512f6114b1,Data Field,1,0,1,0,0,0,0.000419175612202355,0.00042918188634949206,0.0,0,0,0,DLG13,0
1dc8dea9-b147-4127-a3bf-aa615ccb0435,Data Field,1,0,1,0,0,0,0.000419175612202355,0.00042918188634949206,0.0,0,0,0,DLG13,0
6817837f-b11e-4083-a566-ee905111545c,Data Field,1,0,1,0,0,0,0.000419175612202355,0.00042918188634949206,0.0,0,0,0,DLG13,0
67178f9a-7b73-40f7-89a7-67874c2a1910,Data Field,1,0,1,0,0,0,0.000419175612202355,0.00042918188634949206,0.0,0,0,0,DLG13,0
c5f374b0-ea3e-4dd2-93fb-e6606be010df,Data Field,1,0,1,0,0,0,0.000419175612202355,0.00042918188634949206,0.0,0,0,0,DLG13,0
519c10a6-084f-462e-bcf7-9abd63f0d24c,Data Field,1,0,1,0,0,0,0.000419175612202355,0.00042918188634949206,0.0,0,0,0,DLG13,0
db2211a4-461e-4bbf-a106-a333475a6cd7,Data Field,1,0,1,0,0,0,0.000419175612202355,0.00042918188634949206,0.0,0,0,0,DLG13,0
d0510cd9-659b-4ada-96d6-fab30d030c70,Data Field,1,0,1,0,0,0,0.000419175612202355,0.00042918188634949206,0.0,0,0,0,DLG13,0
baad9f08-b6b5-402d-9fce-e41d08deb4ba,Data Table,0,19,19,0,1,18,0.000419175612202355,0.00076721593550674,0.0,2,0,0,DLG13,0
938ce82f-c4a5-4734-bfdd-6518fee1219a,Data Field,1,0,1,0,0,0,0.000419175612202355,0.00042918188634949206,0.0,0,0,0,DLG13,0
6b421f64-6707-4d49-a400-d66ad44191c7,Data Job,2,1,3,2,1,0,0.0006195222354291299,0.0007942441162511701,0.0,1,2,0,DLG13,0
0965f6c5-1695-43f2-8653-ea82b85dce00,Data Field,1,0,1,0,0,0,0.000419175612202355,0.00042918188634949206,0.0,0,0,0,DLG13,0
e471664a-0caa-4bd9-b8d7-fa7995cc981d,Data Field,1,0,1,0,0,0,0.000419175612202355,0.00042918188634949206,0.0,0,0,0,DLG13,0
552a7490-586c-4632-a5bb-b6a307b6e418,Data Field,1,0,1,0,0,0,0.000419175612202355,0.00042918188634949206,0.0,0,0,0,DLG13,0
81f5b9c5-e13f-4899-8aa7-4d8305e2b66e,Data Field,1,0,1,0,0,0,0.000419175612202355,0.00042918188634949206,0.0,0,0,0,DLG13,0
1ceb0eaf-7cf0-4f16-ab53-42a957a9f1ab,Data Field,1,0,1,0,0,0,0.000419175612202355,0.00042918188634949206,0.0,0,0,0,DLG13,0
11c879a6-eb45-4af1-a1f4-f5f2d0954a18,Data Field,1,0,1,0,0,0,0.000419175612202355,0.00042918188634949206,0.0,0,0,0,DLG13,0
4fc6420b-6a58-4377-8115-738459fed750,Data Field,1,0,1,0,0,0,0.000419175612202355,0.00042918188634949206,0.0,0,0,0,DLG13,0
2047380a-9187-4a3d-a1c0-7662325e97f9,Data Field,1,0,1,0,0,0,0.000419175612202355,0.00042918188634949206,0.0,0,0,0,DLG13,0
2874db74-13e7-46a9-8aba-4d1895f26622,Data Field,1,0,1,0,0,0,0.000419175612202355,0.00042918188634949206,0.0,0,0,0,DLG13,0
05fd4ec5-01a4-4c0e-a97c-7e82af81eb09,Data Field,1,0,1,0,0,0,0.000419175612202355,0.00042918188634949206,0.0,0,0,0,DLG13,0
5301c498-2ec2-486f-bcc9-f47277d33c53,Data Field,1,0,1,0,0,0,0.000419175612202355,0.00042918188634949206,0.0,0,0,0,DLG13,0
1e6e132b-659b-4ea3-9f9c-e7a02bd8208a,Data Table,0,14,14,0,3,11,0.000419175612202355,0.0011174193245356017,0.0,28,0,0,DLG13,0
61e56f92-4513-4279-ac51-545e335702f9,Data Field,1,0,1,0,0,0,0.000419175612202355,0.00042918188634949206,0.0,0,0,0,DLG13,0
72fbd9ec-d3ea-4d21-88a0-6e722e441e73,Data Field,1,0,1,0,0,0,0.000419175612202355,0.00042918188634949206,0.0,0,0,0,DLG13,0
62baff2d-2fda-4f77-a1e5-f8967cd3af92,Data Field,1,0,1,0,0,0,0.000419175612202355,0.00042918188634949206,0.0,0,0,0,DLG13,0
00aafd0e-9570-47dd-b283-379fe00d348e,Data Field,1,0,1,0,0,0,0.000419175612202355,0.00042918188634949206,0.0,0,0,0,DLG13,0
288e7579-afd9-4624-b29f-13e9e63e8b60,Data Field,1,0,1,0,0,0,0.000419175612202355,0.00042918188634949206,0.0,0,0,0,DLG13,0
06acc2e3-d077-452b-acf1-093d1e44f85f,Data Field,1,0,1,0,0,0,0.000419175612202355,0.00042918188634949206,0.0,0,0,0,DLG13,0
77bb37fa-6aa4-447a-97bb-2687011efcbf,Data Field,1,0,1,0,0,0,0.000419175612202355,0.00042918188634949206,0.0,0,0,0,DLG13,0
87fc651f-ee37-4816-af51-5da380aae1cb,Data Table,0,19,19,0,1,18,0.000419175612202355,0.00076721593550674,0.0,2,0,0,DLG13,0
832a32e3-be91-470a-a767-52d61c32bc84,Data Field,1,0,1,0,0,0,0.000419175612202355,0.00042918188634949206,0.0,0,0,0,DLG13,0
b895a786-7cb2-4090-888f-cf3fd72d0ba9,Data Field,1,0,1,0,0,0,0.000419175612202355,0.00042918188634949206,0.0,0,0,0,DLG13,0
87667d2e-bcac-4e34-bafe-4f0ffbb1f637,Data Field,1,0,1,0,0,0,0.000419175612202355,0.00042918188634949206,0.0,0,0,0,DLG13,0
21d1626e-0f14-41b2-a0fa-8e44e71c8fab,Data Field,1,0,1,0,0,0,0.000419175612202355,0.00042918188634949206,0.0,0,0,0,DLG13,0
20cbfc82-6ecb-4ed6-8830-8fe11cf03f84,Data Field,1,0,1,0,0,0,0.000419175612202355,0.00042918188634949206,0.0,0,0,0,DLG13,0
387c52d7-3024-4de2-b012-b0e730554efa,Data Field,1,0,1,0,0,0,0.000419175612202355,0.00042918188634949206,0.0,0,0,0,DLG13,0
343decc8-16f1-4986-b671-fe759358071b,Data Field,1,0,1,0,0,0,0.000419175612202355,0.00042918188634949206,0.0,0,0,0,DLG13,0
e123c7e0-44f9-4ffa-9c9c-1c10d05c70be,Data Field,1,0,1,0,0,0,0.000419175612202355,0.00042918188634949206,0.0,0,0,0,DLG13,0
bf1c1fba-0dca-49ba-904c-85d41d79391b,Data Field,1,0,1,0,0,0,0.000419175612202355,0.00042918188634949206,0.0,0,0,0,DLG13,0
f9e972e4-644f-4fed-adef-cc775f19b41f,Data Field,1,0,1,0,0,0,0.000419175612202355,0.00042918188634949206,0.0,0,0,0,DLG13,0
ae925ce8-8f41-4c2f-8e68-2c57362d94fc,Data Field,1,0,1,0,0,0,0.000419175612202355,0.00042918188634949206,0.0,0,0,0,DLG13,0
46c3c24c-6970-4779-a262-23d5ee39b74e,Data Field,1,0,1,0,0,0,0.000419175612202355,0.00042918188634949206,0.0,0,0,0,DLG13,0
8306909f-b232-404b-a9a8-910378a501f9,Data Field,1,0,1,0,0,0,0.000419175612202355,0.00042918188634949206,0.0,0,0,0,DLG13,0
e3d462bd-c143-4da3-b4d8-51dc93bdfb72,Data Field,1,0,1,0,0,0,0.000419175612202355,0.00042918188634949206,0.0,0,0,0,DLG13,0
0f7353c8-60d3-4bdf-aa66-baa9ea3633ab,Data Field,1,0,1,0,0,0,0.000419175612202355,0.00042918188634949206,0.0,0,0,0,DLG13,0
146abce5-c1c0-475e-81b6-356c0506d8ab,Data Field,1,0,1,0,0,0,0.000419175612202355,0.00042918188634949206,0.0,0,0,0,DLG13,0
b6fb2104-2ab7-4382-b86e-b05f856785ce,Data Job,1,1,2,1,1,0,0.0004414363481164411,0.0007423188778290158,0.0,4,1,0,DLG13,0
26578d84-d09a-4793-a21a-086377250a86,Data Field,1,0,1,0,0,0,0.000419175612202355,0.00042918188634949206,0.0,0,0,0,DLG13,0
889efc85-41ca-4435-9a92-2f5a79bf63d7,Data Field,1,0,1,0,0,0,0.000419175612202355,0.00042918188634949206,0.0,0,0,0,DLG13,0
971e3e44-1b1d-4b28-a427-3e0dfac17f66,Data Field,1,0,1,0,0,0,0.000419175612202355,0.00042918188634949206,0.0,0,0,0,DLG13,0
c9295fca-a025-411f-b55f-05e46ff34372,Data Field,1,0,1,0,0,0,0.000419175612202355,0.00042918188634949206,0.0,0,0,0,DLG13,0
d59d71ab-fecb-4685-a62c-0e761aae973f,Data Field,1,0,1,0,0,0,0.000419175612202355,0.00042918188634949206,0.0,0,0,0,DLG13,0
53ccaa48-2b92-4cd6-b130-bcbe86c33251,Data Job,2,1,3,2,1,0,0.0006195222354291299,0.0007942441162511701,0.0,1,2,0,DLG13,0
0873f63b-35ca-46c7-a9a3-bb8e7cb46675,Data Field,1,0,1,0,0,0,0.000419175612202355,0.00042918188634949206,0.0,0,0,0,DLG13,0
c35e42c1-cf6b-4b72-865b-0ce52f27b6bc,Data Field,1,0,1,0,0,0,0.000419175612202355,0.00042918188634949206,0.0,0,0,0,DLG13,0
edacb7be-6bd5-4c7d-bdc3-39eb1476ec7d,Data Field,1,0,1,0,0,0,0.000419175612202355,0.00042918188634949206,0.0,0,0,0,DLG13,0
fcdb6749-e20a-4ef4-aa97-81c8e6c367e7,Data Field,1,0,1,0,0,0,0.000419175612202355,0.00042918188634949206,0.0,0,0,0,DLG13,0
8bc9360e-3fc8-4327-a3a4-d3e129ef9843,Data Field,1,0,1,0,0,0,0.000419175612202355,0.00042918188634949206,0.0,0,0,0,DLG13,0
e1e14767-206c-48ad-a2f5-9f05021708d0,Data Field,1,0,1,0,0,0,0.000419175612202355,0.00042918188634949206,0.0,0,0,0,DLG13,0
d9c2d719-39e5-4d1f-a7ab-4efbb329618c,Data Field,1,0,1,0,0,0,0.000419175612202355,0.00042918188634949206,0.0,0,0,0,DLG13,0
07c60bda-4b89-41ab-b140-35827491e1d1,Data Field,1,0,1,0,0,0,0.000419175612202355,0.00042918188634949206,0.0,0,0,0,DLG13,0
eac926f6-8fd6-4606-bd13-4bb04dfeab1e,Data Field,1,0,1,0,0,0,0.000419175612202355,0.00042918188634949206,0.0,0,0,0,DLG13,0
690da07f-6e9e-43a4-8696-1da8bcb303fe,Data Table,0,43,43,0,1,42,0.000419175612202355,0.00076721593550674,0.0,2,0,0,DLG13,0
c6c28d88-7810-4b03-a6f1-ed2357e45b29,Data Field,1,0,1,0,0,0,0.000419175612202355,0.00042918188634949206,0.0,0,0,0,DLG13,0
a5d8c4f1-fb09-4cd5-8cbe-05e1d6d8e384,Data Field,1,0,1,0,0,0,0.000419175612202355,0.00042918188634949206,0.0,0,0,0,DLG13,0
4722cef9-a9d3-4ab7-8929-086353d079e2,Data Field,1,0,1,0,0,0,0.000419175612202355,0.00042918188634949206,0.0,0,0,0,DLG13,0
a489231f-df39-45d6-84ae-9cd014d31b8a,Data Field,1,0,1,0,0,0,0.000419175612202355,0.00042918188634949206,0.0,0,0,0,DLG13,0
d259a822-0681-473f-b0d0-15819f3e279f,Data Field,1,0,1,0,0,0,0.000419175612202355,0.00042918188634949206,0.0,0,0,0,DLG13,0
7bbdfa71-3a82-4dbe-bcd5-8bda9345d6e3,Data Field,1,0,1,0,0,0,0.000419175612202355,0.00042918188634949206,0.0,0,0,0,DLG13,0
52f38747-10b3-4c84-a8ef-8c695e82f090,Data Field,1,0,1,0,0,0,0.000419175612202355,0.00042918188634949206,0.0,0,0,0,DLG13,0
3107ea1f-bbe9-47ae-88e6-0060fe6a7dd0,Data Field,1,0,1,0,0,0,0.000419175612202355,0.00042918188634949206,0.0,0,0,0,DLG13,0
a91be38b-92f3-44f3-8d46-77016766b048,Data Field,1,0,1,0,0,0,0.000419175612202355,0.00042918188634949206,0.0,0,0,0,DLG13,0
1258de59-bab4-4191-8704-5c5e303e250d,Data Field,1,0,1,0,0,0,0.000419175612202355,0.00042918188634949206,0.0,0,0,0,DLG13,0
cb7b408f-befd-4c47-a958-8d7c35359df7,Data Field,1,0,1,0,0,0,0.000419175612202355,0.00042918188634949206,0.0,0,0,0,DLG13,0
397b488e-4b02-44bc-a067-4f5caba41131,Data Field,1,0,1,0,0,0,0.000419175612202355,0.00042918188634949206,0.0,0,0,0,DLG13,0
843d6a46-e5ce-49a8-a4aa-ecdbdc47a20a,Data Field,1,0,1,0,0,0,0.000419175612202355,0.00042918188634949206,0.0,0,0,0,DLG13,0
f49e33f0-3fef-4b14-8c36-db1571323e20,Data Field,1,0,1,0,0,0,0.000419175612202355,0.00042918188634949206,0.0,0,0,0,DLG13,0
50a3c2d9-940e-4d14-aab7-819604eaac79,Data Field,1,0,1,0,0,0,0.000419175612202355,0.00042918188634949206,0.0,0,0,0,DLG13,0
b5f88394-889e-41da-8a81-8a5736921493,Data Field,1,0,1,0,0,0,0.000419175612202355,0.00042918188634949206,0.0,0,0,0,DLG13,0
dc4a8fc6-c1a5-4b67-a213-93ac932ec259,Data Field,1,0,1,0,0,0,0.000419175612202355,0.00042918188634949206,0.0,0,0,0,DLG13,0
3a2f3e18-249c-452d-a3ce-d51296336614,Data Field,1,0,1,0,0,0,0.000419175612202355,0.00042918188634949206,0.0,0,0,0,DLG13,0
f1305d07-3dd7-4ba9-87b6-f64e7b43f639,Data Field,1,0,1,0,0,0,0.000419175612202355,0.00042918188634949206,0.0,0,0,0,DLG13,0
eaeeed6b-2fe1-4eac-909d-780a6a2391e0,Data Field,1,0,1,0,0,0,0.000419175612202355,0.00042918188634949206,0.0,0,0,0,DLG13,0
8d4739cf-11d4-4326-bebc-ba6d8d7056bc,Data Field,1,0,1,0,0,0,0.000419175612202355,0.00042918188634949206,0.0,0,0,0,DLG13,0
4fd6cbe6-d93a-42f4-983f-006634bcf32e,Data Field,1,0,1,0,0,0,0.000419175612202355,0.00042918188634949206,0.0,0,0,0,DLG13,0
309af7ab-6133-40d6-b005-5fb8922dba26,Data Field,1,0,1,0,0,0,0.000419175612202355,0.00042918188634949206,0.0,0,0,0,DLG13,0
fb4cfee5-b8fa-438b-86b1-08dc7211214a,Data Field,1,0,1,0,0,0,0.000419175612202355,0.00042918188634949206,0.0,0,0,0,DLG13,0
d6d6e52c-9a83-477c-84ba-b2b5a67a9809,Data Field,1,0,1,0,0,0,0.000419175612202355,0.00042918188634949206,0.0,0,0,0,DLG13,0
a669881c-997d-4121-9456-64adfb7e7840,Data Field,1,0,1,0,0,0,0.000419175612202355,0.00042918188634949206,0.0,0,0,0,DLG13,0
06373178-c532-4a5e-9326-2f857c014901,Data Field,1,0,1,0,0,0,0.000419175612202355,0.00042918188634949206,0.0,0,0,0,DLG13,0
84eddcbd-6634-42e5-b4b3-ff1b3525dd54,Data Field,1,0,1,0,0,0,0.000419175612202355,0.00042918188634949206,0.0,0,0,0,DLG13,0
2081ce94-5dba-4d9c-b316-31e3f4ef44d0,Data Field,1,0,1,0,0,0,0.000419175612202355,0.00042918188634949206,0.0,0,0,0,DLG13,0
9a1a1434-78d6-4e0c-8edc-6b20a84e21d3,Data Field,1,0,1,0,0,0,0.000419175612202355,0.00042918188634949206,0.0,0,0,0,DLG13,0
4a8e1024-e21d-4aee-afb6-a1d939486a47,Data Field,1,0,1,0,0,0,0.000419175612202355,0.00042918188634949206,0.0,0,0,0,DLG13,0
170491c9-ad59-46da-b9b2-8d7370c72ba6,Data Field,1,0,1,0,0,0,0.000419175612202355,0.00042918188634949206,0.0,0,0,0,DLG13,0
a16ebfd1-5c61-405b-b349-36edb04fa807,Data Field,1,0,1,0,0,0,0.000419175612202355,0.00042918188634949206,0.0,0,0,0,DLG13,0
98cc5575-12fc-43e5-ad73-91af65b5d315,Data Field,1,0,1,0,0,0,0.000419175612202355,0.00042918188634949206,0.0,0,0,0,DLG13,0
77a629d2-9dd3-4495-9464-21f38285f87a,Data Field,1,0,1,0,0,0,0.000419175612202355,0.00042918188634949206,0.0,0,0,0,DLG13,0
0a1db593-c294-4a4c-a869-fdb73a25d58d,Data Field,1,0,1,0,0,0,0.000419175612202355,0.00042918188634949206,0.0,0,0,0,DLG13,0
54dd4f98-f31f-4154-98e6-bfd13842a3bc,Data Field,1,0,1,0,0,0,0.000419175612202355,0.00042918188634949206,0.0,0,0,0,DLG13,0
a0d09928-3333-458a-a3f2-5499cc317c39,Data Field,1,0,1,0,0,0,0.000419175612202355,0.00042918188634949206,0.0,0,0,0,DLG13,0
0639a943-c14b-459f-a19a-841572547058,Data Field,1,0,1,0,0,0,0.000419175612202355,0.00042918188634949206,0.0,0,0,0,DLG13,0
d453680c-b943-4cd0-9122-a02ef2395d9f,Data Field,1,0,1,0,0,0,0.000419175612202355,0.00042918188634949206,0.0,0,0,0,DLG13,0
3eb37c2f-b1af-4597-8285-8939b6b0c1e2,Data Job,2,1,3,2,1,0,0.000560160272991567,0.0006351094591308929,0.0,25,2,0,DLG13,0
1d55914d-e9f7-43a9-99b1-da7b08f573aa,Data Field,1,0,1,0,0,0,0.000419175612202355,0.00042918188634949206,0.0,0,0,0,DLG13,0
649bb7d3-8f30-493b-b1ca-243113615b6e,Data Field,1,0,1,0,0,0,0.000419175612202355,0.00042918188634949206,0.0,0,0,0,DLG13,0
5bae1236-6d64-4dfa-bd90-ea9f41674eb2,Data Field,1,0,1,0,0,0,0.000419175612202355,0.00042918188634949206,0.0,0,0,0,DLG13,0
eaa65815-acf7-4655-88e2-80f4a3e8b996,Data Field,1,0,1,0,0,0,0.000419175612202355,0.00042918188634949206,0.0,0,0,0,DLG13,0
e90db68a-3ac5-4607-897d-1cb09ec800ed,Data Field,1,0,1,0,0,0,0.000419175612202355,0.00042918188634949206,0.0,0,0,0,DLG13,0
f86a4950-b739-4aa0-a4bc-04e49bc6f3b7,Data Field,1,0,1,0,0,0,0.000419175612202355,0.00042918188634949206,0.0,0,0,0,DLG13,0
55fe58b0-4228-4bb7-acbd-f157ad40fc79,Data Field,1,0,1,0,0,0,0.000419175612202355,0.00042918188634949206,0.0,0,0,0,DLG13,0
ac8af8f6-d0e0-4342-9bf1-0740529dc9aa,Data Field,1,0,1,0,0,0,0.000419175612202355,0.00042918188634949206,0.0,0,0,0,DLG13,0
06c9258b-0c95-481d-80de-cd701a020930,Data Field,1,0,1,0,0,0,0.000419175612202355,0.00042918188634949206,0.0,0,0,0,DLG13,0
a44ed674-a660-41ff-9839-be6177a6a512,Data Field,1,0,1,0,0,0,0.000419175612202355,0.00042918188634949206,0.0,0,0,0,DLG13,0
3dd14b5f-fddd-44c7-9f9e-1b4f043600e9,Data Field,1,0,1,0,0,0,0.000419175612202355,0.00042918188634949206,0.0,0,0,0,DLG13,0
25326bc8-c2c4-492f-b845-95906306d327,Data Field,1,0,1,0,0,0,0.000419175612202355,0.00042918188634949206,0.0,0,0,0,DLG13,0
e4b1f59c-5b30-4deb-82ed-cded9e57766b,Data Field,1,0,1,0,0,0,0.000419175612202355,0.00042918188634949206,0.0,0,0,0,DLG13,0
f15f229f-3f8d-4dbd-bd3c-da6432c6ce02,Data Field,1,0,1,0,0,0,0.000419175612202355,0.00042918188634949206,0.0,0,0,0,DLG13,0
c143e513-0392-4bd3-8ad3-67582cae4b16,Data Field,1,0,1,0,0,0,0.000419175612202355,0.00042918188634949206,0.0,0,0,0,DLG13,0
890d3bd0-da39-4eac-b888-6d61399e11b7,Data Field,1,0,1,0,0,0,0.000419175612202355,0.00042918188634949206,0.0,0,0,0,DLG13,0
cdd204e0-277e-459d-85f7-5eb3a306968b,Data Field,1,0,1,0,0,0,0.000419175612202355,0.00042918188634949206,0.0,0,0,0,DLG13,0
14610145-8744-4daf-9465-74133c552ddc,Data Field,1,0,1,0,0,0,0.000419175612202355,0.00042918188634949206,0.0,0,0,0,DLG13,0
879f6891-50ad-44a3-b45d-5116621504e8,Data Field,1,0,1,0,0,0,0.000419175612202355,0.00042918188634949206,0.0,0,0,0,DLG13,0
53eb207f-b80a-4e92-ba32-880f4bd4553f,Data Field,1,0,1,0,0,0,0.000419175612202355,0.00042918188634949206,0.0,0,0,0,DLG13,0
678f7d57-f80f-4c97-9b07-57530fb2af56,Data Field,1,0,1,0,0,0,0.000419175612202355,0.00042918188634949206,0.0,0,0,0,DLG13,0
6981d760-9f81-4677-9136-543cf3055dbc,Data Field,1,0,1,0,0,0,0.000419175612202355,0.00042918188634949206,0.0,0,0,0,DLG13,0
18e5b1f4-d0a9-496b-ab22-0a2b6d6e963b,Data Field,1,0,1,0,0,0,0.000419175612202355,0.00042918188634949206,0.0,0,0,0,DLG13,0
74e43bb7-a1fc-4a62-9543-7b9865e0b94f,Data Field,1,0,1,0,0,0,0.000419175612202355,0.00042918188634949206,0.0,0,0,0,DLG13,0
8f554d4e-4298-4590-a4df-82be66803fa8,Data Job,2,1,3,2,1,0,0.0007976081227418189,0.0007942441162511701,0.0,1,2,0,DLG13,0
3f171184-bc7e-495b-8ba0-5c95064f5876,Data Field,1,0,1,0,0,0,0.000419175612202355,0.00042918188634949206,0.0,0,0,0,DLG13,0
6de27776-9bdf-4e93-927d-26e4e13730b6,Data Field,1,0,1,0,0,0,0.000419175612202355,0.00042918188634949206,0.0,0,0,0,DLG13,0
3404eea8-f0a4-4e4b-8be7-38b4326ee613,Data Field,1,0,1,0,0,0,0.000419175612202355,0.00042918188634949206,0.0,0,0,0,DLG13,0
b9165814-45d9-4985-9c89-cf15b3b36f19,Data Field,1,0,1,0,0,0,0.000419175612202355,0.00042918188634949206,0.0,0,0,0,DLG13,0
18ca6cc1-0a6e-44fc-851d-1d9965bb7d28,Data Table,1,26,27,1,0,26,0.0009458455490605471,0.00042918188634949206,0.0,0,3,0,DLG13,0
1dde59e6-44cb-4255-998d-5086e83b711d,Data Field,1,0,1,0,0,0,0.000419175612202355,0.00042918188634949206,0.0,0,0,0,DLG13,0
f27ec834-cab8-4a00-8978-d949d8384a85,Data Field,1,0,1,0,0,0,0.000419175612202355,0.00042918188634949206,0.0,0,0,0,DLG13,0
71964968-f56f-4d9c-ac9d-5291558e4e66,Data Field,1,0,1,0,0,0,0.000419175612202355,0.00042918188634949206,0.0,0,0,0,DLG13,0
07f376cc-55a8-45f6-834e-30ae702fb8a1,Data Field,1,0,1,0,0,0,0.000419175612202355,0.00042918188634949206,0.0,0,0,0,DLG13,0
b8529fcf-2287-4799-82fc-10505fc2067e,Data Field,1,0,1,0,0,0,0.000419175612202355,0.00042918188634949206,0.0,0,0,0,DLG13,0
c061acf0-fb96-40f3-8a60-26fefd256156,Data Field,1,0,1,0,0,0,0.000419175612202355,0.00042918188634949206,0.0,0,0,0,DLG13,0
31a15572-4bb9-44b5-9036-ad4e1dd4f4db,Data Field,1,0,1,0,0,0,0.000419175612202355,0.00042918188634949206,0.0,0,0,0,DLG13,0
f487375d-6164-4026-a5bf-2ceced337054,Data Field,1,0,1,0,0,0,0.000419175612202355,0.00042918188634949206,0.0,0,0,0,DLG13,0
b41ee648-8b24-41b3-92db-c8692b4180f0,Data Table,0,17,17,0,2,15,0.000419175612202355,0.0008584814929821595,0.0,3,0,0,DLG13,0
c981dc6e-29da-40d1-a382-0da38578661c,Data Field,1,0,1,0,0,0,0.000419175612202355,0.00042918188634949206,0.0,0,0,0,DLG13,0
81133d12-3fc9-4039-9a1d-5a006207367f,Data Field,1,0,1,0,0,0,0.000419175612202355,0.00042918188634949206,0.0,0,0,0,DLG13,0
4bc1dd21-7ab4-4c86-a781-058cdb01e5d3,Data Field,1,0,1,0,0,0,0.000419175612202355,0.00042918188634949206,0.0,0,0,0,DLG13,0
68de26e7-2257-4516-b429-cff52c3802a8,Data Field,1,0,1,0,0,0,0.000419175612202355,0.00042918188634949206,0.0,0,0,0,DLG13,0
944a1e8c-96d8-4907-b3ad-3f9253c149ef,Data Field,1,0,1,0,0,0,0.000419175612202355,0.00042918188634949206,0.0,0,0,0,DLG13,0
9a3b2402-742b-4a27-aa21-dd8cbcc97591,Data Field,1,0,1,0,0,0,0.000419175612202355,0.00042918188634949206,0.0,0,0,0,DLG13,0
913af2ba-8725-4861-ac64-9b384130a7d7,Data Field,1,0,1,0,0,0,0.000419175612202355,0.00042918188634949206,0.0,0,0,0,DLG13,0
54efe0da-2558-4402-b3f1-14d1c3211e3f,Data Field,1,0,1,0,0,0,0.000419175612202355,0.00042918188634949206,0.0,0,0,0,DLG13,0
9d0cddc4-20bd-4f81-bbf5-798d47edf8aa,Data Field,1,0,1,0,0,0,0.000419175612202355,0.00042918188634949206,0.0,0,0,0,DLG13,0
eef61949-9982-4899-912a-51878cec4beb,Data Field,1,0,1,0,0,0,0.000419175612202355,0.00042918188634949206,0.0,0,0,0,DLG13,0
7cea0375-77b0-4b71-b67a-511a4fda94d2,Data Field,1,0,1,0,0,0,0.000419175612202355,0.00042918188634949206,0.0,0,0,0,DLG13,0
494b9779-d079-414b-a376-a2ec1e9de3ff,Data Field,1,0,1,0,0,0,0.000419175612202355,0.00042918188634949206,0.0,0,0,0,DLG13,0
c86bcf93-d90c-470a-841e-e9c295628f1c,Data Field,1,0,1,0,0,0,0.000419175612202355,0.00042918188634949206,0.0,0,0,0,DLG13,0
e7137878-0cc6-4d65-a3b1-cc29be5cb8c3,Data Field,1,0,1,0,0,0,0.000419175612202355,0.00042918188634949206,0.0,0,0,0,DLG13,0
ddb30532-58d2-4177-938b-0bfc11893c24,Data Field,1,0,1,0,0,0,0.000419175612202355,0.00042918188634949206,0.0,0,0,0,DLG13,0
18a464bf-52f8-4846-9723-35d92bdc9fe9,Data Field,1,0,1,0,0,0,0.000419175612202355,0.00042918188634949206,0.0,0,0,0,DLG13,0
4f4bfe93-b735-4720-8490-4a76aa922859,Data Field,1,0,1,0,0,0,0.000419175612202355,0.00042918188634949206,0.0,0,0,0,DLG13,0
af4566b8-103e-434b-ba0d-89a769d7c742,Data Field,1,0,1,0,0,0,0.000419175612202355,0.00042918188634949206,0.0,0,0,0,DLG13,0
ed2903ec-4617-4cdb-9959-983002fdf21a,Data Field,1,0,1,0,0,0,0.000419175612202355,0.00042918188634949206,0.0,0,0,0,DLG13,0
01b0d6ac-f46e-4c70-a909-2393619ac669,Data Table,0,28,28,0,2,26,0.000419175612202355,0.0008584814929821595,0.0,3,0,0,DLG13,0
a23ab2c8-01ab-4cb0-ac2a-bf65e878655d,Data Field,1,0,1,0,0,0,0.000419175612202355,0.00042918188634949206,0.0,0,0,0,DLG13,0
c4e5d715-c690-4c01-8eca-7c4033382cc5,Data Field,1,0,1,0,0,0,0.000419175612202355,0.00042918188634949206,0.0,0,0,0,DLG13,0
f3b3eca0-bbba-468c-8af0-0aa7946d7b87,Data Field,1,0,1,0,0,0,0.000419175612202355,0.00042918188634949206,0.0,0,0,0,DLG13,0
d762519c-cc97-43c6-9ef5-69663c83a60e,Data Field,1,0,1,0,0,0,0.000419175612202355,0.00042918188634949206,0.0,0,0,0,DLG13,0
1ffc9a2c-b410-4bf8-ab62-d63aced2b685,Data Field,1,0,1,0,0,0,0.000419175612202355,0.00042918188634949206,0.0,0,0,0,DLG13,0
0be4e316-756e-4b5a-96b1-fb8e07b97006,Data Field,1,0,1,0,0,0,0.000419175612202355,0.00042918188634949206,0.0,0,0,0,DLG13,0
4c34aa55-04ac-4f49-b9b7-afc40f98ccd3,Data Field,1,0,1,0,0,0,0.000419175612202355,0.00042918188634949206,0.0,0,0,0,DLG13,0
059fbeea-5dc8-493c-b5a1-a62ac21e151b,Data Field,1,0,1,0,0,0,0.000419175612202355,0.00042918188634949206,0.0,0,0,0,DLG13,0
571f3eb0-c905-45e7-bda7-a07ce63a89af,Data Field,1,0,1,0,0,0,0.000419175612202355,0.00042918188634949206,0.0,0,0,0,DLG13,0
c8cf8dd2-bad8-488c-9808-925cc092af39,Data Field,1,0,1,0,0,0,0.000419175612202355,0.00042918188634949206,0.0,0,0,0,DLG13,0
bf630680-4a1a-4ec8-a1ad-1ce69e67d9a7,Data Field,1,0,1,0,0,0,0.000419175612202355,0.00042918188634949206,0.0,0,0,0,DLG13,0
78ee18c4-9ca5-4afd-963d-d6fc9a1d28ff,Data Field,1,0,1,0,0,0,0.000419175612202355,0.00042918188634949206,0.0,0,0,0,DLG13,0
a4dff16d-ae7d-405d-bf93-9c2017f76871,Data Field,1,0,1,0,0,0,0.000419175612202355,0.00042918188634949206,0.0,0,0,0,DLG13,0
e6da6982-80f4-408a-811b-69526c880a96,Data Field,1,0,1,0,0,0,0.000419175612202355,0.00042918188634949206,0.0,0,0,0,DLG13,0
237c659f-1e04-4e31-8459-bc44c6be18b6,Data Field,1,0,1,0,0,0,0.000419175612202355,0.00042918188634949206,0.0,0,0,0,DLG13,0
2952c3ad-6df2-4f2a-ade4-ebdf055fff4f,Data Field,1,0,1,0,0,0,0.000419175612202355,0.00042918188634949206,0.0,0,0,0,DLG13,0
b5f9b18e-3dec-4995-b1d5-014ff8404f5c,Data Table,0,16,16,0,3,13,0.000419175612202355,0.0011174193245356017,0.0,28,0,0,DLG13,0
5f0aecd1-9493-48cb-b3d8-8f50446e6f2e,Data Field,1,0,1,0,0,0,0.000419175612202355,0.00042918188634949206,0.0,0,0,0,DLG13,0
b49646ae-42a9-4ab6-8846-f785d601dbdb,Data Field,1,0,1,0,0,0,0.000419175612202355,0.00042918188634949206,0.0,0,0,0,DLG13,0
14d8f168-ac5e-4387-9ad2-3ac8481fb4f5,Data Field,1,0,1,0,0,0,0.000419175612202355,0.00042918188634949206,0.0,0,0,0,DLG13,0
4d54d31b-e3f6-455a-b072-144308306735,Data Field,1,0,1,0,0,0,0.000419175612202355,0.00042918188634949206,0.0,0,0,0,DLG13,0
f2b6c049-2655-40db-85c5-b5e21aa7d486,Data Field,1,0,1,0,0,0,0.000419175612202355,0.00042918188634949206,0.0,0,0,0,DLG13,0
8da8bbe5-4d75-4287-addb-a27cb962c5ea,Data Field,1,0,1,0,0,0,0.000419175612202355,0.00042918188634949206,0.0,0,0,0,DLG13,0
df614ab0-c9ba-459c-b0ac-650eb2e9f543,Data Field,1,0,1,0,0,0,0.000419175612202355,0.00042918188634949206,0.0,0,0,0,DLG13,0
1c6cd2e9-21b9-42a5-8b64-8a81eeef9feb,Data Field,1,0,1,0,0,0,0.000419175612202355,0.00042918188634949206,0.0,0,0,0,DLG13,0
d66a7bb0-9608-4902-be2a-2bc91dd47131,Data Field,1,0,1,0,0,0,0.000419175612202355,0.00042918188634949206,0.0,0,0,0,DLG13,0
fed7e723-545a-48d4-b599-fdf3e19f74ea,Data Field,1,0,1,0,0,0,0.000419175612202355,0.00042918188634949206,0.0,0,0,0,DLG13,0
5a8c1fcb-d411-4009-8f0b-e9ad3ebb177a,Data Field,1,0,1,0,0,0,0.000419175612202355,0.00042918188634949206,0.0,0,0,0,DLG13,0
5b3d2dc0-2551-4c0b-b9d3-c1f76c97cc4b,Data Field,1,0,1,0,0,0,0.000419175612202355,0.00042918188634949206,0.0,0,0,0,DLG13,0
591e7be1-302b-41e2-a41d-ec77a43ba18c,Data Field,1,0,1,0,0,0,0.000419175612202355,0.00042918188634949206,0.0,0,0,0,DLG13,0
2e853e98-528c-4b70-ab2a-17397c1fda28,Data Field,1,0,1,0,0,0,0.000419175612202355,0.00042918188634949206,0.0,0,0,0,DLG13,0
cbf5417a-a2e5-4245-a33a-aa0f06ca354b,Data Field,1,0,1,0,0,0,0.000419175612202355,0.00042918188634949206,0.0,0,0,0,DLG13,0
35229027-a8a3-4c14-b76b-565052434f91,Data Field,1,0,1,0,0,0,0.000419175612202355,0.00042918188634949206,0.0,0,0,0,DLG13,0
a8132712-302d-4e48-bde1-c455007877ba,Data Field,1,0,1,0,0,0,0.000419175612202355,0.00042918188634949206,0.0,0,0,0,DLG13,0
9ae357c8-4bf8-4570-a586-3ef5b4b715c9,Data Table,1,18,19,1,0,18,0.0010973994710452705,0.00042918188634949206,0.0,0,3,0,DLG13,0
30ab945b-46aa-44fd-9c1e-0ebb3dfad299,Data Field,1,0,1,0,0,0,0.000419175612202355,0.00042918188634949206,0.0,0,0,0,DLG13,0
7b5ee9a2-f6ee-47b0-9731-a61d0f8fc0c4,Data Field,1,0,1,0,0,0,0.000419175612202355,0.00042918188634949206,0.0,0,0,0,DLG13,0
009b89ca-d93c-4511-99d4-b0c696d43dc0,Data Field,1,0,1,0,0,0,0.000419175612202355,0.00042918188634949206,0.0,0,0,0,DLG13,0
4cfa3beb-3a8d-469f-8e09-23f9fbe8a16e,Data Field,1,0,1,0,0,0,0.000419175612202355,0.00042918188634949206,0.0,0,0,0,DLG13,0
f4d5c031-c03e-427f-a208-a3f72a0c6ff3,Data Field,1,0,1,0,0,0,0.000419175612202355,0.00042918188634949206,0.0,0,0,0,DLG13,0
3bb52859-5019-4c1a-9e8e-645ba8ed4197,Data Field,1,0,1,0,0,0,0.000419175612202355,0.00042918188634949206,0.0,0,0,0,DLG13,0
07a3b278-e318-440d-9c20-05840b3da923,Data Field,1,0,1,0,0,0,0.000419175612202355,0.00042918188634949206,0.0,0,0,0,DLG13,0
a0ec77fb-ba33-4a2d-8405-76623c37033f,Data Table,0,12,12,0,1,11,0.000419175612202355,0.00076721593550674,0.0,2,0,0,DLG13,0
b6fa5f70-3852-4461-945c-354ae0099ccc,Data Field,1,0,1,0,0,0,0.000419175612202355,0.00042918188634949206,0.0,0,0,0,DLG13,0
8a3cbaf4-09ba-4f4a-a071-1f91b6dccd95,Data Field,1,0,1,0,0,0,0.000419175612202355,0.00042918188634949206,0.0,0,0,0,DLG13,0
8b5e1741-01ff-4f40-89db-bc8dfe1c89fe,Data Field,1,0,1,0,0,0,0.000419175612202355,0.00042918188634949206,0.0,0,0,0,DLG13,0
ab6e929e-7400-4e2c-9fe7-a03237bfe3a3,Data Field,1,0,1,0,0,0,0.000419175612202355,0.00042918188634949206,0.0,0,0,0,DLG13,0
3e2bc255-c92a-47f5-9fd9-943eeb5e1e18,Data Field,1,0,1,0,0,0,0.000419175612202355,0.00042918188634949206,0.0,0,0,0,DLG13,0
e0494852-59d3-42f9-8846-463cd621cd6f,Data Field,1,0,1,0,0,0,0.000419175612202355,0.00042918188634949206,0.0,0,0,0,DLG13,0
540acbf3-d10c-4017-8c51-0f971885d8b2,Data Field,1,0,1,0,0,0,0.000419175612202355,0.00042918188634949206,0.0,0,0,0,DLG13,0
eb223c85-ac35-40be-a068-378bb4521348,Data Field,1,0,1,0,0,0,0.000419175612202355,0.00042918188634949206,0.0,0,0,0,DLG13,0
ca35ccc2-04a2-40b8-8f63-fc82c9f2c5e1,Data Field,1,0,1,0,0,0,0.000419175612202355,0.00042918188634949206,0.0,0,0,0,DLG13,0
7889e789-7f53-4cab-b249-b9d3c06c669c,Data Field,1,0,1,0,0,0,0.000419175612202355,0.00042918188634949206,0.0,0,0,0,DLG13,0
ab63416b-6211-4423-a3d3-bda192278a4a,Data Field,1,0,1,0,0,0,0.000419175612202355,0.00042918188634949206,0.0,0,0,0,DLG13,0
65f80633-0a7b-473f-a2f2-ebedc3171606,Data Field,1,0,1,0,0,0,0.000419175612202355,0.00042918188634949206,0.0,0,0,0,DLG13,0
63ead4a7-2a34-4475-bfdc-43a81d7393fc,Data Field,1,0,1,0,0,0,0.000419175612202355,0.00042918188634949206,0.0,0,0,0,DLG13,0
de4e5d2b-5ab9-462e-94f3-c7df241491ed,Data Field,1,0,1,0,0,0,0.000419175612202355,0.00042918188634949206,0.0,0,0,0,DLG13,0
66e4e1c3-923e-4fd6-89a8-4b82a0da5d1c,Data Field,1,0,1,0,0,0,0.000419175612202355,0.00042918188634949206,0.0,0,0,0,DLG13,0
87dc7e60-c81a-446d-94f7-d72e94d07ba7,Data Field,1,0,1,0,0,0,0.000419175612202355,0.00042918188634949206,0.0,0,0,0,DLG13,0
20b296b8-dc24-4c61-a25b-0d3163edc832,Data Field,1,0,1,0,0,0,0.000419175612202355,0.00042918188634949206,0.0,0,0,0,DLG13,0
a8ca768a-0afb-4542-bdd8-da3b593cfc90,Data Field,1,0,1,0,0,0,0.000419175612202355,0.00042918188634949206,0.0,0,0,0,DLG13,0
689a7707-e974-4a00-89c4-b822c7dc52c3,Data Field,1,0,1,0,0,0,0.000419175612202355,0.00042918188634949206,0.0,0,0,0,DLG13,0
96ae93c4-6cd7-4f00-addb-4b64d855f238,Data Field,1,0,1,0,0,0,0.000419175612202355,0.00042918188634949206,0.0,0,0,0,DLG13,0
304a461d-4d56-4b6f-9427-14c4a9a89200,Data Field,1,0,1,0,0,0,0.000419175612202355,0.00042918188634949206,0.0,0,0,0,DLG13,0
5ffbebe2-53d0-4a95-ac54-866e28963364,Data Field,1,0,1,0,0,0,0.000419175612202355,0.00042918188634949206,0.0,0,0,0,DLG13,0
4610bd79-0f24-48fe-9b7d-e98064d4e799,Data Field,1,0,1,0,0,0,0.000419175612202355,0.00042918188634949206,0.0,0,0,0,DLG13,0
c8e300a1-bff8-4305-bbe4-d3e1233abdcb,Data Field,1,0,1,0,0,0,0.000419175612202355,0.00042918188634949206,0.0,0,0,0,DLG13,0
02f3b9e5-8a60-4c09-892f-3a2ba33c943c,Data Field,1,0,1,0,0,0,0.000419175612202355,0.00042918188634949206,0.0,0,0,0,DLG13,0
1babbbeb-29c7-4136-bc4c-22115de4edd1,Data Field,1,0,1,0,0,0,0.000419175612202355,0.00042918188634949206,0.0,0,0,0,DLG13,0
1744bf71-2f02-4dd5-a467-a4b1a1af0fda,Data Job,1,1,2,1,1,0,0.0012368625408160688,0.0006117130013003311,2.3201856148491877e-06,1,7,0,DLG13,0
b09726b3-9e03-4fa5-86de-0e8f50252b13,Data Field,1,0,1,0,0,0,0.000419175612202355,0.00042918188634949206,0.0,0,0,0,DLG13,0
11b2053e-dbdf-4296-922a-c6db470e7925,Data Field,1,0,1,0,0,0,0.000419175612202355,0.00042918188634949206,0.0,0,0,0,DLG13,0
35b1b440-8ace-4f1e-9ba7-6ac82d2eda3e,Data Field,1,0,1,0,0,0,0.000419175612202355,0.00042918188634949206,0.0,0,0,0,DLG13,0
8cb1dbc9-e56c-4278-9cc2-6e7a1f7e8648,Data Field,1,0,1,0,0,0,0.000419175612202355,0.00042918188634949206,0.0,0,0,0,DLG13,0
0098cb1e-27ab-4195-9d8d-e648de178c8e,Data Field,1,0,1,0,0,0,0.000419175612202355,0.00042918188634949206,0.0,0,0,0,DLG13,0
7095f4a1-95d5-4e02-9d99-0ca165717694,Data Field,1,0,1,0,0,0,0.000419175612202355,0.00042918188634949206,0.0,0,0,0,DLG13,0
c6571ee4-2394-4511-bc69-e112eedbd08f,Data Field,1,0,1,0,0,0,0.000419175612202355,0.00042918188634949206,0.0,0,0,0,DLG13,0
0c049b07-d42d-402f-afe2-898371583371,Data Field,1,0,1,0,0,0,0.000419175612202355,0.00042918188634949206,0.0,0,0,0,DLG13,0
578ba9ff-0181-493c-8e73-00186eb85191,Data Field,1,0,1,0,0,0,0.000419175612202355,0.00042918188634949206,0.0,0,0,0,DLG13,0
058957e1-a82e-40bc-afa6-eed360f0734e,Data Field,1,0,1,0,0,0,0.000419175612202355,0.00042918188634949206,0.0,0,0,0,DLG13,0
220c8fa5-3638-4e9b-9d04-538173c41dbd,Data Field,1,0,1,0,0,0,0.000419175612202355,0.00042918188634949206,0.0,0,0,0,DLG13,0
ec8a3f67-3484-4740-866b-c4568037d2ae,Data Field,1,0,1,0,0,0,0.000419175612202355,0.00042918188634949206,0.0,0,0,0,DLG13,0
2f489b9a-bd8a-4bcc-b5a9-ac3ed1e734ae,Data Field,1,0,1,0,0,0,0.000419175612202355,0.00042918188634949206,0.0,0,0,0,DLG13,0
b94d3440-17c3-45a7-a7bc-85ba664a49b3,Data Job,4,0,4,4,0,0,0.0009756940100545077,0.00042918188634949206,0.0,0,4,0,DLG13,0
29408041-78ca-4fb0-8509-4cbdc16c688a,Data Field,1,0,1,0,0,0,0.000419175612202355,0.00042918188634949206,0.0,0,0,0,DLG13,0
d2ff4bcc-b7bf-4ca4-bc71-3b54d34c517e,Data Field,1,0,1,0,0,0,0.000419175612202355,0.00042918188634949206,0.0,0,0,0,DLG13,0
35233b25-4f62-4c35-a3da-164714a4210a,Data Field,1,0,1,0,0,0,0.000419175612202355,0.00042918188634949206,0.0,0,0,0,DLG13,0
ab829e7b-4426-4038-9da6-90c7cee6e6dd,Data Field,1,0,1,0,0,0,0.000419175612202355,0.00042918188634949206,0.0,0,0,0,DLG13,0
e834c4bf-92c2-4c0a-9c6d-d6d1429001ba,Data Field,1,0,1,0,0,0,0.000419175612202355,0.00042918188634949206,0.0,0,0,0,DLG13,0
b94412b9-21a9-4bca-8860-5933b084215b,Data Field,1,0,1,0,0,0,0.000419175612202355,0.00042918188634949206,0.0,0,0,0,DLG13,0
03dbe671-b821-4647-941e-6b866f2c8f6c,Data Field,1,0,1,0,0,0,0.000419175612202355,0.00042918188634949206,0.0,0,0,0,DLG13,0
9f7671bb-678d-4e66-b3b4-e1414cf35bef,Data Field,1,0,1,0,0,0,0.000419175612202355,0.00042918188634949206,0.0,0,0,0,DLG13,0
2a45868b-cf71-44f0-a742-d1e69bbb0d43,Data Field,1,0,1,0,0,0,0.000419175612202355,0.00042918188634949206,0.0,0,0,0,DLG13,0
a7319cf1-9446-4514-a54c-077cd07d9394,Data Field,1,0,1,0,0,0,0.000419175612202355,0.00042918188634949206,0.0,0,0,0,DLG13,0
467a4f11-f747-4288-90d5-5d0c7a9d4da6,Data Field,1,0,1,0,0,0,0.000419175612202355,0.00042918188634949206,0.0,0,0,0,DLG13,0
8e100ee0-3f96-42be-bfe6-af4b3c822fea,Data Field,1,0,1,0,0,0,0.000419175612202355,0.00042918188634949206,0.0,0,0,0,DLG13,0
d4b39a96-5933-418a-85ea-8bf0a7a16f25,Data Field,1,0,1,0,0,0,0.000419175612202355,0.00042918188634949206,0.0,0,0,0,DLG13,0
242a8480-5a75-4f47-ba0e-850264619cb5,Data Field,1,0,1,0,0,0,0.000419175612202355,0.00042918188634949206,0.0,0,0,0,DLG13,0
c6168bf4-8ed9-4a33-8dcb-cb87bcddb83b,Data Field,1,0,1,0,0,0,0.000419175612202355,0.00042918188634949206,0.0,0,0,0,DLG13,0
560dcb68-141e-4505-8be3-9d5225a71d87,Data Field,1,0,1,0,0,0,0.000419175612202355,0.00042918188634949206,0.0,0,0,0,DLG13,0
66d8a324-c1a1-4562-a594-31478bbd6198,Data Field,1,0,1,0,0,0,0.000419175612202355,0.00042918188634949206,0.0,0,0,0,DLG13,0
100c418b-6b87-4da1-b879-5b05e576c378,Data Field,1,0,1,0,0,0,0.000419175612202355,0.00042918188634949206,0.0,0,0,0,DLG13,0
e6b94f59-fbb5-4e29-8c31-8ace648b1d74,Data Field,1,0,1,0,0,0,0.000419175612202355,0.00042918188634949206,0.0,0,0,0,DLG13,0
6522fe87-8450-4e71-a3b4-505125c10071,Data Job,2,1,3,2,1,0,0.0007976081227418189,0.0007942441162511701,0.0,1,2,0,DLG13,0
ed8ac848-09a8-42be-bda8-54db25d782f6,Data Field,1,0,1,0,0,0,0.000419175612202355,0.00042918188634949206,0.0,0,0,0,DLG13,0
b4f523e0-24f0-4e65-a138-d3220d292559,Data Field,1,0,1,0,0,0,0.000419175612202355,0.00042918188634949206,0.0,0,0,0,DLG13,0
c52e510c-94ad-4203-984d-2715f8e0d61c,Data Field,1,0,1,0,0,0,0.000419175612202355,0.00042918188634949206,0.0,0,0,0,DLG13,0
be8b49f3-1505-4f80-a0a2-6b03cba34e60,Data Table,1,18,19,1,0,18,0.0009458455490605471,0.00042918188634949206,0.0,0,3,0,DLG13,0
981dd939-6ab7-4cbb-8b74-cf28fbfc660e,Data Field,1,0,1,0,0,0,0.000419175612202355,0.00042918188634949206,0.0,0,0,0,DLG13,0
3ff7e7d1-6d1d-49c9-a29a-96677b91d552,Data Field,1,0,1,0,0,0,0.000419175612202355,0.00042918188634949206,0.0,0,0,0,DLG13,0
49bb0043-5042-4f67-953b-0b34d8ccd618,Data Field,1,0,1,0,0,0,0.000419175612202355,0.00042918188634949206,0.0,0,0,0,DLG13,0
cc2ccae9-da57-4d3d-91ec-69ff956ff20f,Data Field,1,0,1,0,0,0,0.000419175612202355,0.00042918188634949206,0.0,0,0,0,DLG13,0
c0280157-8eda-4e1e-872b-4ff429237fc1,Data Field,1,0,1,0,0,0,0.000419175612202355,0.00042918188634949206,0.0,0,0,0,DLG13,0
6bc7832e-cfa3-4211-8859-019ae9fc50fe,Data Field,1,0,1,0,0,0,0.000419175612202355,0.00042918188634949206,0.0,0,0,0,DLG13,0
f7921531-0a92-4cd9-9452-448e740802ed,Data Field,1,0,1,0,0,0,0.000419175612202355,0.00042918188634949206,0.0,0,0,0,DLG13,0
fe547ed5-a0eb-4999-89e1-af44d15bf87a,Data Field,1,0,1,0,0,0,0.000419175612202355,0.00042918188634949206,0.0,0,0,0,DLG13,0
49e65364-201a-4d1b-a647-55fb82a8634b,Data Field,1,0,1,0,0,0,0.000419175612202355,0.00042918188634949206,0.0,0,0,0,DLG13,0
02945088-cb75-4f62-af90-44563798d28d,Data Field,1,0,1,0,0,0,0.000419175612202355,0.00042918188634949206,0.0,0,0,0,DLG13,0
75e2ad40-6fba-4bfe-8a8e-335f27e9382f,Data Field,1,0,1,0,0,0,0.000419175612202355,0.00042918188634949206,0.0,0,0,0,DLG13,0
0d859d12-a751-4502-94c9-7701609fdd34,Data Field,1,0,1,0,0,0,0.000419175612202355,0.00042918188634949206,0.0,0,0,0,DLG13,0
17198a96-d85c-4824-aecf-c16f7edf136d,Data Field,1,0,1,0,0,0,0.000419175612202355,0.00042918188634949206,0.0,0,0,0,DLG13,0
a7562e93-386b-4cc0-baff-0d6206a1bb52,Data Field,1,0,1,0,0,0,0.000419175612202355,0.00042918188634949206,0.0,0,0,0,DLG13,0
fd76ddf7-e4b5-416b-8e08-48a0bf5bbcd0,Data Field,1,0,1,0,0,0,0.000419175612202355,0.00042918188634949206,0.0,0,0,0,DLG13,0
ac152425-2c16-48b8-8fa2-094d27c0cc42,Data Field,1,0,1,0,0,0,0.000419175612202355,0.00042918188634949206,0.0,0,0,0,DLG13,0
f7e969ba-f8fc-473f-8620-968ce910e4d3,Data Field,1,0,1,0,0,0,0.000419175612202355,0.00042918188634949206,0.0,0,0,0,DLG13,0
52c45d77-0c62-4c87-8597-4f40da686634,Data Field,1,0,1,0,0,0,0.000419175612202355,0.00042918188634949206,0.0,0,0,0,DLG13,0
2dbba6d8-3959-4faf-b4d1-d54614c0cb65,Data Field,1,0,1,0,0,0,0.000419175612202355,0.00042918188634949206,0.0,0,0,0,DLG13,0
62b6f412-5cbe-4286-8a70-fa3cb733d0dd,Data Field,1,0,1,0,0,0,0.000419175612202355,0.00042918188634949206,0.0,0,0,0,DLG13,0
51f06487-e68b-4dd1-ac78-a5d17011132d,Data Field,1,0,1,0,0,0,0.000419175612202355,0.00042918188634949206,0.0,0,0,0,DLG13,0
1885f404-1d27-4eef-8d6a-6560fd5f8983,Data Field,1,0,1,0,0,0,0.000419175612202355,0.00042918188634949206,0.0,0,0,0,DLG13,0
500643c6-023e-4b59-824f-678b3a1c6d69,Data Field,1,0,1,0,0,0,0.000419175612202355,0.00042918188634949206,0.0,0,0,0,DLG13,0
4465351a-601a-409e-98e2-4c552b088d05,Data Field,1,0,1,0,0,0,0.000419175612202355,0.00042918188634949206,0.0,0,0,0,DLG13,0
8158ffe7-340e-419b-bfd4-c681523458ee,Data Field,1,0,1,0,0,0,0.000419175612202355,0.00042918188634949206,0.0,0,0,0,DLG13,0
e4d45d72-4dd2-4ea8-9c35-333e68b663fa,Data Field,1,0,1,0,0,0,0.000419175612202355,0.00042918188634949206,0.0,0,0,0,DLG13,0
41b9a884-0ddf-421d-b898-223bc308c450,Data Table,0,8,8,0,1,7,0.000419175612202355,0.00076721593550674,0.0,2,0,0,DLG13,0
7044e1bd-17b0-413f-aca1-90aee16c7c6f,Data Field,1,0,1,0,0,0,0.000419175612202355,0.00042918188634949206,0.0,0,0,0,DLG13,0
de431a07-6da7-4e94-86ed-b63993ff3dbe,Data Table,0,36,36,0,1,35,0.000419175612202355,0.00076721593550674,0.0,2,0,0,DLG13,0
73f63635-c9d3-4d7b-adf4-8bdd0aa82b0e,Data Field,1,0,1,0,0,0,0.000419175612202355,0.00042918188634949206,0.0,0,0,0,DLG13,0
923f927d-41e4-4cf8-8969-508202a686bf,Data Field,1,0,1,0,0,0,0.000419175612202355,0.00042918188634949206,0.0,0,0,0,DLG13,0
03ea16fe-73be-4276-a8e0-480777cd7943,Data Field,1,0,1,0,0,0,0.000419175612202355,0.00042918188634949206,0.0,0,0,0,DLG13,0
4733c0fd-3004-4f70-94dd-4268fb6ce2ac,Data Field,1,0,1,0,0,0,0.000419175612202355,0.00042918188634949206,0.0,0,0,0,DLG13,0
9f8c2db7-4dc4-4408-8f60-25d243c9a7d8,Data Field,1,0,1,0,0,0,0.000419175612202355,0.00042918188634949206,0.0,0,0,0,DLG13,0
07fa4d48-61a5-4af3-bb18-33f045dd2360,Data Field,1,0,1,0,0,0,0.000419175612202355,0.00042918188634949206,0.0,0,0,0,DLG13,0
50dde10a-04b1-4dd0-bdf2-822ead8182d0,Data Field,1,0,1,0,0,0,0.000419175612202355,0.00042918188634949206,0.0,0,0,0,DLG13,0
c9287dbf-a61b-4388-a770-5923213820b4,Data Field,1,0,1,0,0,0,0.000419175612202355,0.00042918188634949206,0.0,0,0,0,DLG13,0
e1e3bab8-79c3-4553-b7d0-46ab6e6c9b60,Data Field,1,0,1,0,0,0,0.000419175612202355,0.00042918188634949206,0.0,0,0,0,DLG13,0
70f56f68-e031-40a6-a02e-9a2a329386b6,Data Field,1,0,1,0,0,0,0.000419175612202355,0.00042918188634949206,0.0,0,0,0,DLG13,0
c595c76f-60ee-4d1b-b93c-5d414f9aecb4,Data Field,1,0,1,0,0,0,0.000419175612202355,0.00042918188634949206,0.0,0,0,0,DLG13,0
f87cc96e-34c0-4318-a73b-dd9368c8e078,Data Field,1,0,1,0,0,0,0.000419175612202355,0.00042918188634949206,0.0,0,0,0,DLG13,0
6f7e5dcb-650d-415b-8299-ca176b5412ee,Data Field,1,0,1,0,0,0,0.000419175612202355,0.00042918188634949206,0.0,0,0,0,DLG13,0
93a7f759-b10f-4510-bbdd-5d1cac87fb2c,Data Field,1,0,1,0,0,0,0.000419175612202355,0.00042918188634949206,0.0,0,0,0,DLG13,0
d9dce3fd-ebaf-401f-8d7e-9488c879d945,Data Field,1,0,1,0,0,0,0.000419175612202355,0.00042918188634949206,0.0,0,0,0,DLG13,0
1d8e7b0a-9d20-404c-b90d-2bf88e2910d4,Data Field,1,0,1,0,0,0,0.000419175612202355,0.00042918188634949206,0.0,0,0,0,DLG13,0
a2cc3b1f-868f-4a72-bc77-ec60361d0bdd,Data Field,1,0,1,0,0,0,0.000419175612202355,0.00042918188634949206,0.0,0,0,0,DLG13,0
9b9886a0-6788-40c7-b29c-54820d384e84,Data Field,1,0,1,0,0,0,0.000419175612202355,0.00042918188634949206,0.0,0,0,0,DLG13,0
0729c8ca-0ea9-488c-b84b-d432020686ce,Data Field,1,0,1,0,0,0,0.000419175612202355,0.00042918188634949206,0.0,0,0,0,DLG13,0
8d14a46b-29ae-40da-9615-3af2a2d00fd9,Data Field,1,0,1,0,0,0,0.000419175612202355,0.00042918188634949206,0.0,0,0,0,DLG13,0
b28309a3-59c8-4f26-b724-aef14eb0b0fd,Data Field,1,0,1,0,0,0,0.000419175612202355,0.00042918188634949206,0.0,0,0,0,DLG13,0
6ef03c80-7d7c-4231-934a-d186aa3f0594,Data Field,1,0,1,0,0,0,0.000419175612202355,0.00042918188634949206,0.0,0,0,0,DLG13,0
599b0dfb-c7a1-4fc5-9183-b0f0d512f3e9,Data Table,0,19,19,0,2,17,0.000419175612202355,0.0008593302852158106,0.0,27,0,0,DLG13,0
b455fdea-3805-4425-b352-97842b770393,Data Field,1,0,1,0,0,0,0.000419175612202355,0.00042918188634949206,0.0,0,0,0,DLG13,0
36e773ff-5078-4b10-8a5d-4796859e0847,Data Field,1,0,1,0,0,0,0.000419175612202355,0.00042918188634949206,0.0,0,0,0,DLG13,0
0afc9153-7139-43a8-8208-36f23af93816,Data Field,1,0,1,0,0,0,0.000419175612202355,0.00042918188634949206,0.0,0,0,0,DLG13,0
bf6eaed9-0bca-4aa0-8b3f-cb0ace33b4b3,Data Field,1,0,1,0,0,0,0.000419175612202355,0.00042918188634949206,0.0,0,0,0,DLG13,0
f06cf42c-c046-49f6-821c-854b9a5a919b,Data Field,1,0,1,0,0,0,0.000419175612202355,0.00042918188634949206,0.0,0,0,0,DLG13,0
73792fdc-04ba-4ca8-a38f-cd4a97857d60,Data Job,1,1,2,1,1,0,0.0004414363481164411,0.0007423188778290158,0.0,4,1,0,DLG13,0
2c2093d7-1b87-4515-8064-c8972b6ed08f,Data Field,1,0,1,0,0,0,0.000419175612202355,0.00042918188634949206,0.0,0,0,0,DLG13,0
32b77406-da27-4d4d-bf88-e9605b1d1223,Data Field,1,0,1,0,0,0,0.000419175612202355,0.00042918188634949206,0.0,0,0,0,DLG13,0
3b57072b-231f-405d-96ad-830c3a336469,Data Field,1,0,1,0,0,0,0.000419175612202355,0.00042918188634949206,0.0,0,0,0,DLG13,0
123bbc65-94fc-48e6-8ff7-04276392b734,Data Field,1,0,1,0,0,0,0.000419175612202355,0.00042918188634949206,0.0,0,0,0,DLG13,0
263b490b-21d1-4a74-bf3e-bfee7f52202c,Data Field,1,0,1,0,0,0,0.000419175612202355,0.00042918188634949206,0.0,0,0,0,DLG13,0
82918cdd-bb4d-442d-830b-ab22364afff7,Data Field,1,0,1,0,0,0,0.000419175612202355,0.00042918188634949206,0.0,0,0,0,DLG13,0
1e94e068-93a1-4484-9747-9ac71d942827,Data Field,1,0,1,0,0,0,0.000419175612202355,0.00042918188634949206,0.0,0,0,0,DLG13,0
7fbc45fd-a051-44b9-a81e-6f201aa5c80c,Data Field,1,0,1,0,0,0,0.000419175612202355,0.00042918188634949206,0.0,0,0,0,DLG13,0
c46155f1-c945-4759-9b61-26d2978e7a96,Data Field,1,0,1,0,0,0,0.000419175612202355,0.00042918188634949206,0.0,0,0,0,DLG13,0
8e1d5114-7f11-4504-a2ce-ca3cd1a72f9f,Data Field,1,0,1,0,0,0,0.000419175612202355,0.00042918188634949206,0.0,0,0,0,DLG13,0
3c251c03-7373-4e5e-af77-9d9553cda505,Data Field,1,0,1,0,0,0,0.000419175612202355,0.00042918188634949206,0.0,0,0,0,DLG13,0
1425edbf-34a8-461c-a992-1dedbd7417c6,Data Field,1,0,1,0,0,0,0.000419175612202355,0.00042918188634949206,0.0,0,0,0,DLG13,0
db7adede-17fd-42b8-abb2-0c78b6869aad,Data Field,1,0,1,0,0,0,0.000419175612202355,0.00042918188634949206,0.0,0,0,0,DLG13,0
0f1b83b0-5e53-4ef6-8c87-7142de7498f1,Data Field,1,0,1,0,0,0,0.000419175612202355,0.00042918188634949206,0.0,0,0,0,DLG13,0
f018ec94-1335-486d-b307-27481def7b6e,Data Field,1,0,1,0,0,0,0.000419175612202355,0.00042918188634949206,0.0,0,0,0,DLG13,0
f0943af3-e46c-4102-a8ec-655c6b2f13ea,Data Field,1,0,1,0,0,0,0.000419175612202355,0.00042918188634949206,0.0,0,0,0,DLG13,0
7c07b1b2-aaa5-4a24-85a4-0196bb356fe9,Data Field,1,0,1,0,0,0,0.000419175612202355,0.00042918188634949206,0.0,0,0,0,DLG13,0
86202423-56b2-421f-972f-984ff5a2d469,Data Field,1,0,1,0,0,0,0.000419175612202355,0.00042918188634949206,0.0,0,0,0,DLG13,0
89e6a9b0-bb52-48ee-9732-a84a90d79b49,Data Field,1,0,1,0,0,0,0.000419175612202355,0.00042918188634949206,0.0,0,0,0,DLG13,0
6d8ae3c2-c7a6-41e7-b72a-028cc3393d21,Data Field,1,0,1,0,0,0,0.000419175612202355,0.00042918188634949206,0.0,0,0,0,DLG13,0
9b369c06-44b4-4465-b49c-30f8217ee6c2,Data Field,1,0,1,0,0,0,0.000419175612202355,0.00042918188634949206,0.0,0,0,0,DLG13,0
a199dbaa-b073-45c3-b2e5-b538e15e3e63,Data Field,1,0,1,0,0,0,0.000419175612202355,0.00042918188634949206,0.0,0,0,0,DLG13,0
4c238c37-58c1-42ba-b005-c6e372716c59,Data Field,1,0,1,0,0,0,0.000419175612202355,0.00042918188634949206,0.0,0,0,0,DLG13,0
2171df19-c938-4164-9578-24ce9f78053b,Data Field,1,0,1,0,0,0,0.000419175612202355,0.00042918188634949206,0.0,0,0,0,DLG13,0
c31565bb-65b7-4f61-a3d6-8c5c8a99e7ec,Data Field,1,0,1,0,0,0,0.000419175612202355,0.00042918188634949206,0.0,0,0,0,DLG13,0
b18bd5f2-ea53-4e75-9141-59176cbc4c4e,Data Field,1,0,1,0,0,0,0.000419175612202355,0.00042918188634949206,0.0,0,0,0,DLG13,0
b83d9afe-38c1-497a-b529-15d03ba6ae1c,Data Field,1,0,1,0,0,0,0.000419175612202355,0.00042918188634949206,0.0,0,0,0,DLG13,0
7be9acd1-69a0-4f6f-8166-3775cb91c1e8,Data Field,1,0,1,0,0,0,0.000419175612202355,0.00042918188634949206,0.0,0,0,0,DLG13,0
e51b8900-e0c4-424c-9a93-644f506a7498,Data Field,1,0,1,0,0,0,0.000419175612202355,0.00042918188634949206,0.0,0,0,0,DLG13,0
4511e24c-85ce-4684-b2c3-112fdc43a317,Data Field,1,0,1,0,0,0,0.000419175612202355,0.00042918188634949206,0.0,0,0,0,DLG13,0
2c81500c-c02d-46c6-bcdf-d18e4409261a,Data Field,1,0,1,0,0,0,0.000419175612202355,0.00042918188634949206,0.0,0,0,0,DLG13,0
e31d2ef5-d4b8-49e0-a2a9-d10cce03c22a,Data Table,1,18,19,1,0,18,0.0010973994710452705,0.00042918188634949206,0.0,0,3,0,DLG13,0
11b5d316-a5d8-4dac-802c-442d8a6dba57,Data Field,1,0,1,0,0,0,0.000419175612202355,0.00042918188634949206,0.0,0,0,0,DLG13,0
b036b05a-792b-44d2-9817-fb0cabf075d5,Data Field,1,0,1,0,0,0,0.000419175612202355,0.00042918188634949206,0.0,0,0,0,DLG13,0
1c2166a5-0fab-4323-acd0-1b2f1b77cddf,Data Field,1,0,1,0,0,0,0.000419175612202355,0.00042918188634949206,0.0,0,0,0,DLG13,0
1bf3da15-b039-4413-9396-d7ab0820ad96,Data Field,1,0,1,0,0,0,0.000419175612202355,0.00042918188634949206,0.0,0,0,0,DLG13,0
6314078b-939e-4d44-a06e-1d8ebd64e2dd,Data Field,1,0,1,0,0,0,0.000419175612202355,0.00042918188634949206,0.0,0,0,0,DLG13,0
b9e423fb-3bb8-4889-aca7-825f07d3203b,Data Field,1,0,1,0,0,0,0.000419175612202355,0.00042918188634949206,0.0,0,0,0,DLG13,0
1052ccaf-2640-40ae-b496-1ca9e3167428,Data Field,1,0,1,0,0,0,0.000419175612202355,0.00042918188634949206,0.0,0,0,0,DLG13,0
c5559c27-9ec8-42a7-9ca4-3d5ef6dc946b,Data Field,1,0,1,0,0,0,0.000419175612202355,0.00042918188634949206,0.0,0,0,0,DLG13,0
c3e26a5d-8e63-4f9b-a8f9-c9f15642844f,Data Table,1,42,43,1,0,42,0.0010973994710452705,0.00042918188634949206,0.0,0,3,0,DLG13,0
a3741f1f-521f-4d2e-80f7-d49b9ef2ce78,Data Field,1,0,1,0,0,0,0.000419175612202355,0.00042918188634949206,0.0,0,0,0,DLG13,0
46562ea2-afb0-4bb7-86c1-a434c41b3e0c,Data Field,1,0,1,0,0,0,0.000419175612202355,0.00042918188634949206,0.0,0,0,0,DLG13,0
232bc924-67ca-48ea-9623-cabfe17edf46,Data Field,1,0,1,0,0,0,0.000419175612202355,0.00042918188634949206,0.0,0,0,0,DLG13,0
49000319-5352-4654-a594-a6885bf5647b,Data Field,1,0,1,0,0,0,0.000419175612202355,0.00042918188634949206,0.0,0,0,0,DLG13,0
c3cd7f61-5f56-43d9-90f1-e68c8f9bc8d3,Data Field,1,0,1,0,0,0,0.000419175612202355,0.00042918188634949206,0.0,0,0,0,DLG13,0
19af6227-7658-44cf-9c8e-95656a2a3272,Data Job,2,1,3,2,1,0,0.0007976081227418189,0.0007942441162511701,0.0,1,2,0,DLG13,0
29133f78-aa7e-4d97-a578-6efef757f985,Data Table,0,24,24,0,16,8,0.000419175612202355,0.005941294266733788,0.0,55,0,0,DLG13,1
0f908fb9-9087-456d-b8c9-2cd688a92874,Data Field,1,0,1,0,0,0,0.000419175612202355,0.00042918188634949206,0.0,0,0,0,DLG13,0
8c416da1-5ff7-4fd7-8698-4c92420049cd,Data Field,1,0,1,0,0,0,0.000419175612202355,0.00042918188634949206,0.0,0,0,0,DLG13,0
76250215-570a-4b51-b7b3-9ef43ce6ae8b,Data Field,1,0,1,0,0,0,0.000419175612202355,0.00042918188634949206,0.0,0,0,0,DLG13,0
e989c67d-26b0-4f68-a1dc-d01adc430ca5,Data Field,1,0,1,0,0,0,0.000419175612202355,0.00042918188634949206,0.0,0,0,0,DLG13,0
06377f6c-9582-4900-973a-3d715ea6e2ed,Data Field,1,0,1,0,0,0,0.000419175612202355,0.00042918188634949206,0.0,0,0,0,DLG13,0
04186e4a-1c6d-48be-81a0-ec641e32e8f6,Data Field,1,0,1,0,0,0,0.000419175612202355,0.00042918188634949206,0.0,0,0,0,DLG13,0
2189f456-1695-4f55-bfe6-c3b8a56ae702,Data Job,2,1,3,2,1,0,0.0007976081227418189,0.0007942441162511701,0.0,1,2,0,DLG13,0
c4f09b13-b8c5-4bf9-971d-83b4e5b0ef69,Data Field,1,0,1,0,0,0,0.000419175612202355,0.00042918188634949206,0.0,0,0,0,DLG13,0
6812a218-b534-4471-b162-1f8e031dc7d7,Data Field,1,0,1,0,0,0,0.000419175612202355,0.00042918188634949206,0.0,0,0,0,DLG13,0
335d1fd1-7796-41f9-b704-aeb06770b525,Data Field,1,0,1,0,0,0,0.000419175612202355,0.00042918188634949206,0.0,0,0,0,DLG13,0
ec5930fe-2b64-4c5e-932d-899b5a2e2c15,Data Field,1,0,1,0,0,0,0.000419175612202355,0.00042918188634949206,0.0,0,0,0,DLG13,0
4a070e2a-68f7-4049-b3a9-968bf14f4339,Data Field,1,0,1,0,0,0,0.000419175612202355,0.00042918188634949206,0.0,0,0,0,DLG13,0
8bb8229c-b381-49d4-bd40-1c212d310067,Data Field,1,0,1,0,0,0,0.000419175612202355,0.00042918188634949206,0.0,0,0,0,DLG13,0
7cda3b6d-c048-4508-93a5-5591b9766618,Data Field,1,0,1,0,0,0,0.000419175612202355,0.00042918188634949206,0.0,0,0,0,DLG13,0
6b087feb-d3dc-4f5d-90b0-4d0c6dec3409,Data Field,1,0,1,0,0,0,0.000419175612202355,0.00042918188634949206,0.0,0,0,0,DLG13,0
d11f7107-7b00-4d68-ad63-4bf199d34be6,Data Field,1,0,1,0,0,0,0.000419175612202355,0.00042918188634949206,0.0,0,0,0,DLG13,0
399b6ccd-7f39-4149-8697-9fd4aec0d853,Data Field,1,0,1,0,0,0,0.000419175612202355,0.00042918188634949206,0.0,0,0,0,DLG13,0
20ef1a46-1db0-4283-a7f8-6f2689acba6f,Data Job,2,1,3,2,1,0,0.0007976081227418189,0.0007942441162511701,0.0,1,2,0,DLG13,0
45e1f1f2-0fd1-4c99-be63-8dda1d81dad8,Data Field,1,0,1,0,0,0,0.000419175612202355,0.00042918188634949206,0.0,0,0,0,DLG13,0
d91bae46-dec5-442b-9db6-6d4ddc95470e,Data Field,1,0,1,0,0,0,0.000419175612202355,0.00042918188634949206,0.0,0,0,0,DLG13,0
e4edd81b-66f4-462c-8408-ee762ef15c68,Data Field,1,0,1,0,0,0,0.000419175612202355,0.00042918188634949206,0.0,0,0,0,DLG13,0
87349da9-4b1c-40ab-9b81-72127948cd10,Data Field,1,0,1,0,0,0,0.000419175612202355,0.00042918188634949206,0.0,0,0,0,DLG13,0
8e6b970f-ae98-434f-acd2-75f9fd3ba2bc,Data Field,1,0,1,0,0,0,0.000419175612202355,0.00042918188634949206,0.0,0,0,0,DLG13,0
5b722cd0-32a5-4aaa-9d99-2dce956b3e47,Data Field,1,0,1,0,0,0,0.000419175612202355,0.00042918188634949206,0.0,0,0,0,DLG13,0
02af8997-745f-4ea3-8f7d-2f21cc081666,Data Field,1,0,1,0,0,0,0.000419175612202355,0.00042918188634949206,0.0,0,0,0,DLG13,0
7ae9ff62-1cba-41ad-ba37-a4a44d25f138,Data Field,1,0,1,0,0,0,0.000419175612202355,0.00042918188634949206,0.0,0,0,0,DLG13,0
5eb9b285-684c-4051-a65a-07337337cd19,Data Field,1,0,1,0,0,0,0.000419175612202355,0.00042918188634949206,0.0,0,0,0,DLG13,0
da057c1d-e1e2-4a50-a600-568bf76bf22c,Data Field,1,0,1,0,0,0,0.000419175612202355,0.00042918188634949206,0.0,0,0,0,DLG13,0
d7bdf9ae-d11c-45bb-ad8c-a406f0c0a532,Data Field,1,0,1,0,0,0,0.000419175612202355,0.00042918188634949206,0.0,0,0,0,DLG13,0
9c0a0b48-9878-4624-999b-4a9bdf7eca75,Data Field,1,0,1,0,0,0,0.000419175612202355,0.00042918188634949206,0.0,0,0,0,DLG13,0
17676729-6628-4f1e-82cf-60c17459d9f0,Data Field,1,0,1,0,0,0,0.000419175612202355,0.00042918188634949206,0.0,0,0,0,DLG13,0
20c3af41-64ba-47da-b8f2-3c0a0c30b881,Data Field,1,0,1,0,0,0,0.000419175612202355,0.00042918188634949206,0.0,0,0,0,DLG13,0
a4bfef7e-2c16-4805-8beb-bb54627042ef,Data Field,1,0,1,0,0,0,0.000419175612202355,0.00042918188634949206,0.0,0,0,0,DLG13,0
2348e764-7d48-49f2-b1cb-ba619f8a8727,Data Field,1,0,1,0,0,0,0.000419175612202355,0.00042918188634949206,0.0,0,0,0,DLG13,0
e5e5a92c-562f-4972-9210-e36eaf58fd86,Data Field,1,0,1,0,0,0,0.000419175612202355,0.00042918188634949206,0.0,0,0,0,DLG13,0
f8d91e62-cfc2-47cb-b799-94b2a02f665e,Data Field,1,0,1,0,0,0,0.000419175612202355,0.00042918188634949206,0.0,0,0,0,DLG13,0
fb3233c6-2412-40da-89f9-1d1c374bff73,Data Field,1,0,1,0,0,0,0.000419175612202355,0.00042918188634949206,0.0,0,0,0,DLG13,0
8ec93b86-e42d-43c7-ae50-4560473223cc,Data Field,1,0,1,0,0,0,0.000419175612202355,0.00042918188634949206,0.0,0,0,0,DLG13,0
727edb4c-a8d4-44a8-a170-838c2150e553,Data Field,1,0,1,0,0,0,0.000419175612202355,0.00042918188634949206,0.0,0,0,0,DLG13,0
2ea5efad-e648-46ef-8742-ed89456fa0bf,Data Field,1,0,1,0,0,0,0.000419175612202355,0.00042918188634949206,0.0,0,0,0,DLG13,0
0606ba64-0633-4987-a887-e440ed23516d,Data Field,1,0,1,0,0,0,0.000419175612202355,0.00042918188634949206,0.0,0,0,0,DLG13,0
6860d12d-638a-4039-bc9d-7825afe72502,Data Field,1,0,1,0,0,0,0.000419175612202355,0.00042918188634949206,0.0,0,0,0,DLG13,0
6cd8abc3-999b-4382-ac95-d1ceb22a11cb,Data Field,1,0,1,0,0,0,0.000419175612202355,0.00042918188634949206,0.0,0,0,0,DLG13,0
9fd8a9ce-0c66-410a-94af-6b069beb487c,Data Field,1,0,1,0,0,0,0.000419175612202355,0.00042918188634949206,0.0,0,0,0,DLG13,0
9fc4f41a-5af3-4662-a6e0-402995ebd6ea,Data Field,1,0,1,0,0,0,0.000419175612202355,0.00042918188634949206,0.0,0,0,0,DLG13,0
0d9520fc-7805-409a-aecc-7ea7fab27551,Data Field,1,0,1,0,0,0,0.000419175612202355,0.00042918188634949206,0.0,0,0,0,DLG13,0
26b2f5a6-c541-4ec9-8166-4446ddc2f6eb,Data Field,1,0,1,0,0,0,0.000419175612202355,0.00042918188634949206,0.0,0,0,0,DLG13,0
1206f450-fd40-48ae-9a5a-43129ab3f24e,Data Field,1,0,1,0,0,0,0.000419175612202355,0.00042918188634949206,0.0,0,0,0,DLG13,0
0fc4ba95-1b2a-4fcf-9552-5b40a13f460e,Data Field,1,0,1,0,0,0,0.000419175612202355,0.00042918188634949206,0.0,0,0,0,DLG13,0
2e997a56-807a-4a5c-88ad-53aa7021588c,Data Field,1,0,1,0,0,0,0.000419175612202355,0.00042918188634949206,0.0,0,0,0,DLG13,0
fce322bd-9917-4e57-af49-27ff1d084bc6,Data Field,1,0,1,0,0,0,0.000419175612202355,0.00042918188634949206,0.0,0,0,0,DLG13,0
fc3b0297-abd7-4502-83d0-a7a1a2f17a4e,Data Field,1,0,1,0,0,0,0.000419175612202355,0.00042918188634949206,0.0,0,0,0,DLG13,0
28b35658-26de-4ecb-8515-b6aed47f39a1,Data Field,1,0,1,0,0,0,0.000419175612202355,0.00042918188634949206,0.0,0,0,0,DLG13,0
1e4064f8-40d5-42b8-9011-ed4a19be0a8c,Data Field,1,0,1,0,0,0,0.000419175612202355,0.00042918188634949206,0.0,0,0,0,DLG13,0
354e0c95-1c94-415c-9f86-924a4057eb5b,Data Field,1,0,1,0,0,0,0.000419175612202355,0.00042918188634949206,0.0,0,0,0,DLG13,0
abaccc8e-e9d3-4ff3-be58-f66ac09ab716,Data Field,1,0,1,0,0,0,0.000419175612202355,0.00042918188634949206,0.0,0,0,0,DLG13,0
41962ebf-9eb8-422d-9ca4-58fe7dd62272,Data Field,1,0,1,0,0,0,0.000419175612202355,0.00042918188634949206,0.0,0,0,0,DLG13,0
0484b148-5c3e-40d8-a28b-2762ebb024a6,Data Table,1,12,13,1,0,12,0.0008186485073947967,0.00042918188634949206,0.0,0,2,0,DLG13,0
f423773c-91a3-4b61-832f-0541405eee6f,Data Field,1,0,1,0,0,0,0.000419175612202355,0.00042918188634949206,0.0,0,0,0,DLG13,0
e9ca677e-3fd5-4901-8acd-dfce513316a2,Data Field,1,0,1,0,0,0,0.000419175612202355,0.00042918188634949206,0.0,0,0,0,DLG13,0
b55d3262-0a95-45ef-bd65-7da8b5dbfa47,Data Field,1,0,1,0,0,0,0.000419175612202355,0.00042918188634949206,0.0,0,0,0,DLG13,0
c35e18cf-ddf2-4577-b89a-225f277475a4,Data Table,0,15,15,0,3,12,0.000419175612202355,0.0018458403428084319,0.0,30,0,0,DLG13,0
f0a7a54c-b3c2-4a3f-9194-c84e30e908ed,Data Field,1,0,1,0,0,0,0.000419175612202355,0.00042918188634949206,0.0,0,0,0,DLG13,0
ba8e11ee-51c9-4947-bbf3-f1a315590f97,Data Field,1,0,1,0,0,0,0.000419175612202355,0.00042918188634949206,0.0,0,0,0,DLG13,0
b21dc9b4-b9b5-48d7-b0c6-1c4c907cab54,Data Field,1,0,1,0,0,0,0.000419175612202355,0.00042918188634949206,0.0,0,0,0,DLG13,0
9a3e27ac-6b21-4390-9781-e3a8d100fbb9,Data Field,1,0,1,0,0,0,0.000419175612202355,0.00042918188634949206,0.0,0,0,0,DLG13,0
c570ec14-df59-4996-8238-43da03c3aadd,Data Field,1,0,1,0,0,0,0.000419175612202355,0.00042918188634949206,0.0,0,0,0,DLG13,0
86a3077f-1659-480d-b7e3-53d288caf228,Data Field,1,0,1,0,0,0,0.000419175612202355,0.00042918188634949206,0.0,0,0,0,DLG13,0
000906b6-35ef-4091-a7e3-3e68568ed583,Data Field,1,0,1,0,0,0,0.000419175612202355,0.00042918188634949206,0.0,0,0,0,DLG13,0
c352b321-6e4c-459d-bf07-8c3205ac0d90,Data Field,1,0,1,0,0,0,0.000419175612202355,0.00042918188634949206,0.0,0,0,0,DLG13,0
4cc6aadc-2c4e-42b7-9da6-2d8d6a480ece,Data Field,1,0,1,0,0,0,0.000419175612202355,0.00042918188634949206,0.0,0,0,0,DLG13,0
ad732b75-bcbd-40e9-84eb-ea7458fbfbca,Data Field,1,0,1,0,0,0,0.000419175612202355,0.00042918188634949206,0.0,0,0,0,DLG13,0
cf0d0ed4-fcad-46e6-a2c9-6f677572497c,Data Field,1,0,1,0,0,0,0.000419175612202355,0.00042918188634949206,0.0,0,0,0,DLG13,0
ee8ff2d0-59bb-431f-8028-c643df747542,Data Field,1,0,1,0,0,0,0.000419175612202355,0.00042918188634949206,0.0,0,0,0,DLG13,0
fb1c6b37-04ef-46a9-8cf9-6800f46860c1,Data Field,1,0,1,0,0,0,0.000419175612202355,0.00042918188634949206,0.0,0,0,0,DLG13,0
06494937-0a0e-4b19-b0dc-43fd3b978b81,Data Field,1,0,1,0,0,0,0.000419175612202355,0.00042918188634949206,0.0,0,0,0,DLG13,0
5a745cb1-e0b3-4917-a308-fbefb06c08ff,Data Field,1,0,1,0,0,0,0.000419175612202355,0.00042918188634949206,0.0,0,0,0,DLG13,0
f4b38773-c7ae-417b-a6ec-d5630ccdba56,Data Field,1,0,1,0,0,0,0.000419175612202355,0.00042918188634949206,0.0,0,0,0,DLG13,0
105ceab0-14a5-4372-a904-dc13ee811323,Data Field,1,0,1,0,0,0,0.000419175612202355,0.00042918188634949206,0.0,0,0,0,DLG13,0
d723e643-f2e9-4a58-8284-526c9d61eb6d,Data Field,1,0,1,0,0,0,0.000419175612202355,0.00042918188634949206,0.0,0,0,0,DLG13,0
c5e99673-5f09-44d4-ac44-b45fab31b774,Data Field,1,0,1,0,0,0,0.000419175612202355,0.00042918188634949206,0.0,0,0,0,DLG13,0
b570be14-cc83-4058-8eed-c37715f9b130,Data Field,1,0,1,0,0,0,0.000419175612202355,0.00042918188634949206,0.0,0,0,0,DLG13,0
1064a20c-5202-4639-a362-cb5222f78fad,Data Field,1,0,1,0,0,0,0.000419175612202355,0.00042918188634949206,0.0,0,0,0,DLG13,0
fa53c8f9-4c83-43e4-9e9f-90f47da7370c,Data Field,1,0,1,0,0,0,0.000419175612202355,0.00042918188634949206,0.0,0,0,0,DLG13,0
f1f8613a-b963-4d06-8876-9b348f43f189,Data Field,1,0,1,0,0,0,0.000419175612202355,0.00042918188634949206,0.0,0,0,0,DLG13,0
a2a9800c-9909-47b6-9928-85b3ecf7ccab,Data Field,1,0,1,0,0,0,0.000419175612202355,0.00042918188634949206,0.0,0,0,0,DLG13,0
f202867e-2900-45f8-8878-f8947db9b260,Data Job,1,1,2,1,1,0,0.00047005729429169465,0.0007942441162511701,0.0,1,1,0,DLG13,0
2c25aa4c-523a-47c5-97da-58d751957135,Data Field,1,0,1,0,0,0,0.000419175612202355,0.00042918188634949206,0.0,0,0,0,DLG13,0
4a2a654d-108d-4db8-a1a1-94eb31b15db2,Data Field,1,0,1,0,0,0,0.000419175612202355,0.00042918188634949206,0.0,0,0,0,DLG13,0
949684f3-2105-42db-a0eb-deac3bf3a122,Data Field,1,0,1,0,0,0,0.000419175612202355,0.00042918188634949206,0.0,0,0,0,DLG13,0
1a88b8a7-d884-45e9-8a75-89e736fec91d,Data Field,1,0,1,0,0,0,0.000419175612202355,0.00042918188634949206,0.0,0,0,0,DLG13,0
7bc6b1b8-15f3-4cc2-ba10-913ab61fb0e2,Data Field,1,0,1,0,0,0,0.000419175612202355,0.00042918188634949206,0.0,0,0,0,DLG13,0
861062f9-e978-4ca1-a160-18a241bf19b8,Data Field,1,0,1,0,0,0,0.000419175612202355,0.00042918188634949206,0.0,0,0,0,DLG13,0
4c6be122-75ea-4c1a-b10b-27c5a1c8f6cb,Data Field,1,0,1,0,0,0,0.000419175612202355,0.00042918188634949206,0.0,0,0,0,DLG13,0
25464c70-7622-4bec-9eb3-9904137336b1,Data Field,1,0,1,0,0,0,0.000419175612202355,0.00042918188634949206,0.0,0,0,0,DLG13,0
314979d2-1c14-4710-9982-c128184f4cd5,Data Field,1,0,1,0,0,0,0.000419175612202355,0.00042918188634949206,0.0,0,0,0,DLG13,0
f1d658a5-a3e2-4962-a169-1532b2930f87,Data Field,1,0,1,0,0,0,0.000419175612202355,0.00042918188634949206,0.0,0,0,0,DLG13,0
0008872f-fb2a-4e44-be14-dfc36f5dcfe0,Data Field,1,0,1,0,0,0,0.000419175612202355,0.00042918188634949206,0.0,0,0,0,DLG13,0
e89e3a51-b8df-4e4b-a493-0ea438486905,Data Field,1,0,1,0,0,0,0.000419175612202355,0.00042918188634949206,0.0,0,0,0,DLG13,0
26bb9b5f-a733-4e98-a728-6e1359b003e1,Data Field,1,0,1,0,0,0,0.000419175612202355,0.00042918188634949206,0.0,0,0,0,DLG13,0
18a4c7b5-8e81-460a-aba8-242ba9875196,Data Field,1,0,1,0,0,0,0.000419175612202355,0.00042918188634949206,0.0,0,0,0,DLG13,0
4569211c-7541-42e1-936f-54394aaade38,Data Field,1,0,1,0,0,0,0.000419175612202355,0.00042918188634949206,0.0,0,0,0,DLG13,0
d2d9d7ac-240a-46fe-9cc8-66aa969277aa,Data Field,1,0,1,0,0,0,0.000419175612202355,0.00042918188634949206,0.0,0,0,0,DLG13,0
a08abfe2-9210-4936-893e-29852aedcaf4,Data Table,1,23,24,1,0,23,0.001329601730086151,0.00042918188634949206,0.0,0,8,0,DLG13,1
47ddebab-4eac-4b48-99d6-260fc6fed69c,Data Field,1,0,1,0,0,0,0.000419175612202355,0.00042918188634949206,0.0,0,0,0,DLG13,0
f5cd0c53-eac7-4a8e-ac68-f79576ad296f,Data Field,1,0,1,0,0,0,0.000419175612202355,0.00042918188634949206,0.0,0,0,0,DLG13,0
823b6950-9b8b-44f6-b1d5-350f4c4d6f12,Data Field,1,0,1,0,0,0,0.000419175612202355,0.00042918188634949206,0.0,0,0,0,DLG13,0
cae7a582-2aea-4a2e-956f-f4b0d0e9a1fa,Data Field,1,0,1,0,0,0,0.000419175612202355,0.00042918188634949206,0.0,0,0,0,DLG13,0
ad96a59c-4977-44d9-9e0b-184e667b6787,Data Field,1,0,1,0,0,0,0.000419175612202355,0.00042918188634949206,0.0,0,0,0,DLG13,0
c2208ac5-1123-44d7-b438-82116c3dfe6d,Data Field,1,0,1,0,0,0,0.000419175612202355,0.00042918188634949206,0.0,0,0,0,DLG13,0
c6f64539-512b-4022-9681-54b01f09d918,Data Field,1,0,1,0,0,0,0.000419175612202355,0.00042918188634949206,0.0,0,0,0,DLG13,0
1f7968b9-fc5a-498e-a90d-7e16196a1dd6,Data Table,0,30,30,0,2,28,0.000419175612202355,0.0009925719682782387,0.0,4,0,0,DLG13,0
4f1680cd-c49f-412f-927a-a26583de2a15,Data Field,1,0,1,0,0,0,0.000419175612202355,0.00042918188634949206,0.0,0,0,0,DLG13,0
ba2bbee9-bb42-474f-af08-eb78b2b7ddb1,Data Field,1,0,1,0,0,0,0.000419175612202355,0.00042918188634949206,0.0,0,0,0,DLG13,0
04acbf4d-3d64-43c4-a0cf-712e30c7a93c,Data Field,1,0,1,0,0,0,0.000419175612202355,0.00042918188634949206,0.0,0,0,0,DLG13,0
00a15175-5b75-4c42-b8f5-127377b92b02,Data Field,1,0,1,0,0,0,0.000419175612202355,0.00042918188634949206,0.0,0,0,0,DLG13,0
22fa7a6d-a6de-4963-be0e-227539f402f8,Data Table,1,11,12,1,0,11,0.0008763833348175486,0.00042918188634949206,0.0,0,2,0,DLG13,0
38d83bcd-673b-4399-a6e2-39343496359f,Data Field,1,0,1,0,0,0,0.000419175612202355,0.00042918188634949206,0.0,0,0,0,DLG13,0
61b41913-5233-495b-bc44-01dbae15081b,Data Job,1,1,2,1,1,0,0.0029659575940457483,0.0007942441162511701,9.280742459396751e-06,1,34,0,DLG13,0
b02b362d-ca89-4ecd-887d-eb4f39c3912f,Data Field,1,0,1,0,0,0,0.000419175612202355,0.00042918188634949206,0.0,0,0,0,DLG13,0
6a592c56-5614-4897-a1de-92c53c39933a,Data Field,1,0,1,0,0,0,0.000419175612202355,0.00042918188634949206,0.0,0,0,0,DLG13,0
e6e09adc-83aa-4077-b0ed-af6ed34cf330,Data Field,1,0,1,0,0,0,0.000419175612202355,0.00042918188634949206,0.0,0,0,0,DLG13,0
183269e1-c3f1-4c9a-8e53-5f186fe57d66,Data Field,1,0,1,0,0,0,0.000419175612202355,0.00042918188634949206,0.0,0,0,0,DLG13,0
71e2a811-54ca-4dbd-957f-0073a84ba431,Data Field,1,0,1,0,0,0,0.000419175612202355,0.00042918188634949206,0.0,0,0,0,DLG13,0
4139e39e-ec19-4ddf-b62e-ccb3490d67ae,Data Field,1,0,1,0,0,0,0.000419175612202355,0.00042918188634949206,0.0,0,0,0,DLG13,0
025a0a67-9fe6-4f04-9d53-742e877069b8,Data Field,1,0,1,0,0,0,0.000419175612202355,0.00042918188634949206,0.0,0,0,0,DLG13,0
29b43e81-797a-4c07-950b-acc72e096ad5,Data Field,1,0,1,0,0,0,0.000419175612202355,0.00042918188634949206,0.0,0,0,0,DLG13,0
e0b38a8f-7f3f-455c-93ca-9b77a9b08a55,Data Field,1,0,1,0,0,0,0.000419175612202355,0.00042918188634949206,0.0,0,0,0,DLG13,0
9fbd162c-a57f-436b-9313-a3d0d6ff8e09,Data Field,1,0,1,0,0,0,0.000419175612202355,0.00042918188634949206,0.0,0,0,0,DLG13,0
54223861-1019-45f9-aaa7-1b29e6aa570a,Data Field,1,0,1,0,0,0,0.000419175612202355,0.00042918188634949206,0.0,0,0,0,DLG13,0
1e1f8e00-369b-4f55-b633-6e69697ae89a,Data Field,1,0,1,0,0,0,0.000419175612202355,0.00042918188634949206,0.0,0,0,0,DLG13,0
8e8b96ed-baa6-4c05-a2ea-4276f42a783c,Data Field,1,0,1,0,0,0,0.000419175612202355,0.00042918188634949206,0.0,0,0,0,DLG13,0
ec359b63-303a-4e91-bcfe-da8e9d7e08f6,Data Field,1,0,1,0,0,0,0.000419175612202355,0.00042918188634949206,0.0,0,0,0,DLG13,0
48cf21df-62d8-45c6-aa96-8e54c91b1e20,Data Field,1,0,1,0,0,0,0.000419175612202355,0.00042918188634949206,0.0,0,0,0,DLG13,0
9f0ed974-5075-4a8e-a722-0274664b8b0f,Data Field,1,0,1,0,0,0,0.000419175612202355,0.00042918188634949206,0.0,0,0,0,DLG13,0
f7c97cd4-ee38-4654-b625-c1bc82f9eb24,Data Field,1,0,1,0,0,0,0.000419175612202355,0.00042918188634949206,0.0,0,0,0,DLG13,0
8a6340db-cabb-464b-ba13-c072bae22cfc,Data Field,1,0,1,0,0,0,0.000419175612202355,0.00042918188634949206,0.0,0,0,0,DLG13,0
0382984d-09f9-47f2-bbac-0eb252d6723d,Data Table,0,19,19,0,7,12,0.000419175612202355,0.002209650173270991,0.0,34,0,0,DLG13,1
8f7660c6-3e43-4beb-b41b-cfbe81c6b7f1,Data Field,1,0,1,0,0,0,0.000419175612202355,0.00042918188634949206,0.0,0,0,0,DLG13,0
c86ccbe5-bc3c-4f67-a24d-173fdcd24b0d,Data Field,1,0,1,0,0,0,0.000419175612202355,0.00042918188634949206,0.0,0,0,0,DLG13,0
a1f94c82-4766-4128-b300-3d4c8bc586e0,Data Field,1,0,1,0,0,0,0.000419175612202355,0.00042918188634949206,0.0,0,0,0,DLG13,0
ba2a41f1-638c-427f-ade6-4e935628aef3,Data Field,1,0,1,0,0,0,0.000419175612202355,0.00042918188634949206,0.0,0,0,0,DLG13,0
e7f8c418-c824-4980-9804-201f7f270505,Data Field,1,0,1,0,0,0,0.000419175612202355,0.00042918188634949206,0.0,0,0,0,DLG13,0
70f1d41e-2122-4cb1-bc70-0231eb9c1dd7,Data Table,0,13,13,0,2,11,0.000419175612202355,0.0006212918823194804,0.0,5,0,0,DLG13,0
5fc98a8d-d4b8-4a5b-8461-c0b9f61e6d43,Data Job,4,1,5,4,1,0,0.0015047826866992522,0.0008999529351021308,1.3921113689095126e-05,3,31,0,DLG13,0
dd462c1a-302b-430a-834d-0538485571cd,Data Field,1,0,1,0,0,0,0.000419175612202355,0.00042918188634949206,0.0,0,0,0,DLG13,0
1c019955-3894-42b0-bfca-010ed072f4f5,Data Field,1,0,1,0,0,0,0.000419175612202355,0.00042918188634949206,0.0,0,0,0,DLG13,0
4800582e-1565-4f2f-b16d-5151b10cd422,Data Field,1,0,1,0,0,0,0.000419175612202355,0.00042918188634949206,0.0,0,0,0,DLG13,0
56ddb220-8b4c-488f-8fb2-ef00499fec38,Data Field,1,0,1,0,0,0,0.000419175612202355,0.00042918188634949206,0.0,0,0,0,DLG13,0
a1ded124-c5dd-447d-a764-769ac418ccf2,Data Field,1,0,1,0,0,0,0.000419175612202355,0.00042918188634949206,0.0,0,0,0,DLG13,0
52292565-3ebe-43e4-bafc-06843399c709,Data Field,1,0,1,0,0,0,0.000419175612202355,0.00042918188634949206,0.0,0,0,0,DLG13,0
ee6447a6-9916-4c65-990a-c8458cf2d1ef,Data Table,1,9,10,1,0,9,0.001376675938991995,0.00042918188634949206,0.0,0,37,0,DLG13,0
349d6b31-9473-4ef2-8546-397467cb6ae5,Data Field,1,0,1,0,0,0,0.000419175612202355,0.00042918188634949206,0.0,0,0,0,DLG13,0
9679977b-ba64-4eb0-baed-1e0b7e0460a0,Data Field,1,0,1,0,0,0,0.000419175612202355,0.00042918188634949206,0.0,0,0,0,DLG13,0
6f8209b9-e9ef-4292-891e-00ac6bd6a04e,Data Field,1,0,1,0,0,0,0.000419175612202355,0.00042918188634949206,0.0,0,0,0,DLG13,0
1c69d732-8fad-488a-8652-4b2e52d0ccd5,Data Field,1,0,1,0,0,0,0.000419175612202355,0.00042918188634949206,0.0,0,0,0,DLG13,0
b047737a-8769-45c5-91c7-4578ff4fc7ce,Data Field,1,0,1,0,0,0,0.000419175612202355,0.00042918188634949206,0.0,0,0,0,DLG13,0
626263c4-a2f9-4d1d-9861-9d9c1c4c9b1c,Data Field,1,0,1,0,0,0,0.000419175612202355,0.00042918188634949206,0.0,0,0,0,DLG13,0
01f06c90-9591-4324-8d33-34eb4bf05761,Data Job,1,1,2,1,1,0,0.0004904099671274306,0.0007942441162511701,0.0,1,1,0,DLG13,0
718e8dd9-9ba3-4d2f-8b8b-a0a9da69fbba,Data Job,1,1,2,1,1,0,0.00047005729429169465,0.0007942441162511701,4.6403712296983755e-06,1,1,0,DLG13,0
b8f9f2e3-21a4-40cd-8ab9-eda30a1a8f51,Data Field,1,0,1,0,0,0,0.000419175612202355,0.00042918188634949206,0.0,0,0,0,DLG13,0
941ff445-1eca-4ec6-a8ee-ff6a3f46b77f,Data Field,1,0,1,0,0,0,0.000419175612202355,0.00042918188634949206,0.0,0,0,0,DLG13,0
0bc0c66e-a61f-41b7-b8d7-09eaa7e5f63a,Data Table,0,37,37,0,2,35,0.000419175612202355,0.0011697722444939359,0.0,28,0,0,DLG13,0
77a19766-21cc-4020-a100-a278ae4905b0,Data Field,1,0,1,0,0,0,0.000419175612202355,0.00042918188634949206,0.0,0,0,0,DLG13,0
48e9736c-7fc3-48bf-bf11-8aab97d76202,Data Field,1,0,1,0,0,0,0.000419175612202355,0.00042918188634949206,0.0,0,0,0,DLG13,0
8075c78e-8743-4919-9c5f-e0c00d0fadbc,Data Field,1,0,1,0,0,0,0.000419175612202355,0.00042918188634949206,0.0,0,0,0,DLG13,0
098854fa-9e7d-484b-a9c3-ec371ade0b14,Data Field,1,0,1,0,0,0,0.000419175612202355,0.00042918188634949206,0.0,0,0,0,DLG13,0
d732374b-e798-499b-a723-755c13bc356b,Data Job,1,1,2,1,1,0,0.00047005729429169465,0.0007942441162511701,0.0,1,1,0,DLG13,0
a7e61a5c-573d-4c60-8ede-be487e7372bd,Data Field,1,0,1,0,0,0,0.000419175612202355,0.00042918188634949206,0.0,0,0,0,DLG13,0
d8fa13e2-8b9b-4021-8bbe-677747da524e,Data Field,1,0,1,0,0,0,0.000419175612202355,0.00042918188634949206,0.0,0,0,0,DLG13,0
6682b155-1e11-4020-9e11-1d74005a5452,Data Field,1,0,1,0,0,0,0.000419175612202355,0.00042918188634949206,0.0,0,0,0,DLG13,0
879d8d76-5c98-422f-8ad7-897a79c51ec0,Data Table,1,11,12,1,0,11,0.0008186485073947967,0.00042918188634949206,0.0,0,2,0,DLG13,0
84c6fa88-5ca5-47de-9463-0914db3d8046,Data Field,1,0,1,0,0,0,0.000419175612202355,0.00042918188634949206,0.0,0,0,0,DLG13,0
1912fc5c-d029-4f1c-94eb-3806e10fecce,Data Field,1,0,1,0,0,0,0.000419175612202355,0.00042918188634949206,0.0,0,0,0,DLG13,0
b80a5de1-d24f-4c68-914e-3853d28c0681,Data Field,1,0,1,0,0,0,0.000419175612202355,0.00042918188634949206,0.0,0,0,0,DLG13,0
24995e7e-9c06-4100-8559-a64b990f9604,Data Field,1,0,1,0,0,0,0.000419175612202355,0.00042918188634949206,0.0,0,0,0,DLG13,0
c947f0d7-4755-4a04-b15e-0c9cf526710f,Data Field,1,0,1,0,0,0,0.000419175612202355,0.00042918188634949206,0.0,0,0,0,DLG13,0
ab733a3d-8333-45e0-8655-e1ee8841864e,Data Field,1,0,1,0,0,0,0.000419175612202355,0.00042918188634949206,0.0,0,0,0,DLG13,0
18cbdf56-987b-4472-804e-5c04edf0021c,Data Field,1,0,1,0,0,0,0.000419175612202355,0.00042918188634949206,0.0,0,0,0,DLG13,0
14f2f3c7-7df4-4e16-bb6f-44f3e6b92d88,Data Field,1,0,1,0,0,0,0.000419175612202355,0.00042918188634949206,0.0,0,0,0,DLG13,0
3b848fe4-c6b3-4ed9-b286-6a8a7505bdea,Data Field,1,0,1,0,0,0,0.000419175612202355,0.00042918188634949206,0.0,0,0,0,DLG13,0
4a51d3dc-a0ba-4b90-95af-14145bf10b86,Data Field,1,0,1,0,0,0,0.000419175612202355,0.00042918188634949206,0.0,0,0,0,DLG13,0
e3bace96-6706-4413-916f-812b3de481ff,Data Field,1,0,1,0,0,0,0.000419175612202355,0.00042918188634949206,0.0,0,0,0,DLG13,0
6740f972-3438-49b4-a4f8-632a3d581f2a,Data Field,1,0,1,0,0,0,0.000419175612202355,0.00042918188634949206,0.0,0,0,0,DLG13,0
70cda721-52cf-4a8c-9a82-ab655f31d7b9,Data Field,1,0,1,0,0,0,0.000419175612202355,0.00042918188634949206,0.0,0,0,0,DLG13,0
d647a12f-8f23-4eb9-93be-e7db9a86661a,Data Field,1,0,1,0,0,0,0.000419175612202355,0.00042918188634949206,0.0,0,0,0,DLG13,0
67705bd1-6c5b-4897-aa03-2ce3dad1c2ab,Data Field,1,0,1,0,0,0,0.000419175612202355,0.00042918188634949206,0.0,0,0,0,DLG13,0
2b0920ab-0278-47dc-af54-a6a3ab425d8f,Data Field,1,0,1,0,0,0,0.000419175612202355,0.00042918188634949206,0.0,0,0,0,DLG13,0
2ca73f5d-d752-4442-9f61-06b9415eb5a9,Data Field,1,0,1,0,0,0,0.000419175612202355,0.00042918188634949206,0.0,0,0,0,DLG13,0
bb666e62-bb83-4d59-85d2-6086a5159b16,Data Field,1,0,1,0,0,0,0.000419175612202355,0.00042918188634949206,0.0,0,0,0,DLG13,0
b4b9d845-be38-442c-846e-69a976fde51f,Data Field,1,0,1,0,0,0,0.000419175612202355,0.00042918188634949206,0.0,0,0,0,DLG13,0
c28b1563-a459-49d8-9f42-6c8e8c25c478,Data Field,1,0,1,0,0,0,0.000419175612202355,0.00042918188634949206,0.0,0,0,0,DLG13,0
674c1b16-50ea-4bd2-821d-3445c2dd80a2,Data Job,1,1,2,1,1,0,0.002130775243304605,0.0007942441162511701,9.280742459396751e-06,1,38,0,DLG13,0
a6df0ad2-c3a3-4baa-bffa-dad571b74309,Data Field,1,0,1,0,0,0,0.000419175612202355,0.00042918188634949206,0.0,0,0,0,DLG13,0
249a5fc0-dbd2-4904-8d08-e6fed6817309,Data Field,1,0,1,0,0,0,0.000419175612202355,0.00042918188634949206,0.0,0,0,0,DLG13,0
7648cfd4-9884-4983-a617-41f69de33615,Data Field,1,0,1,0,0,0,0.000419175612202355,0.00042918188634949206,0.0,0,0,0,DLG13,0
2d50a735-904c-4345-81ee-8b7a5ae61c41,Data Field,1,0,1,0,0,0,0.000419175612202355,0.00042918188634949206,0.0,0,0,0,DLG13,0
c709f2e7-d828-41df-9e08-f8ba0f58fafd,Data Table,0,21,21,0,1,20,0.000419175612202355,0.0006839971469190318,0.0,14,0,0,DLG13,0
55a26944-94e3-46ae-8c89-1d57b823779b,Data Field,1,0,1,0,0,0,0.000419175612202355,0.00042918188634949206,0.0,0,0,0,DLG13,0
038778b3-4bfb-4817-92ff-507b5e777a58,Data Field,1,0,1,0,0,0,0.000419175612202355,0.00042918188634949206,0.0,0,0,0,DLG13,0
2c6a4aeb-8376-4699-ba2b-79779f58adc9,Data Field,1,0,1,0,0,0,0.000419175612202355,0.00042918188634949206,0.0,0,0,0,DLG13,0
6a713f41-0281-44ca-b10a-24f428746e83,Data Job,1,1,2,1,1,0,0.0005972614995150438,0.0007942441162511701,0.0,1,1,0,DLG13,0
f0c586b5-172a-41d7-907a-3047055347f9,Data Field,1,0,1,0,0,0,0.000419175612202355,0.00042918188634949206,0.0,0,0,0,DLG13,0
955a1220-fd0a-4289-b1bb-8b4d26b70634,Data Field,1,0,1,0,0,0,0.000419175612202355,0.00042918188634949206,0.0,0,0,0,DLG13,0
7294d89b-43d5-4e56-81df-dcf65be49614,Data Field,1,0,1,0,0,0,0.000419175612202355,0.00042918188634949206,0.0,0,0,0,DLG13,0
684e958e-b677-44e5-bd01-4dd451842e56,Data Field,1,0,1,0,0,0,0.000419175612202355,0.00042918188634949206,0.0,0,0,0,DLG13,0
f58e87dd-a520-43aa-992f-3c2c97f13e97,Data Field,1,0,1,0,0,0,0.000419175612202355,0.00042918188634949206,0.0,0,0,0,DLG13,0
9f06c543-607d-4cdb-b1dd-87cd4f617767,Data Field,1,0,1,0,0,0,0.000419175612202355,0.00042918188634949206,0.0,0,0,0,DLG13,0
cb96b762-e078-41a8-adcc-42bca5facdb6,Data Table,1,35,36,1,0,35,0.0009269013088124563,0.00042918188634949206,0.0,0,2,0,DLG13,0
cf247603-eff8-4ebe-9c24-326a34a72583,Data Field,1,0,1,0,0,0,0.000419175612202355,0.00042918188634949206,0.0,0,0,0,DLG13,0
aa1f724e-904b-4e09-882e-f3ccce65805f,Data Field,1,0,1,0,0,0,0.000419175612202355,0.00042918188634949206,0.0,0,0,0,DLG13,0
43118aff-cce5-4f64-a686-c2b8791c6a19,Data Table,0,10,10,0,4,6,0.000419175612202355,0.0010055118742594573,0.0,10,0,0,DLG13,0
e1779662-1251-4322-89d4-ffc76211061a,Data Field,1,0,1,0,0,0,0.000419175612202355,0.00042918188634949206,0.0,0,0,0,DLG13,0
fafdc8f3-8b45-49b7-9fd5-c907a0d70883,Data Field,1,0,1,0,0,0,0.000419175612202355,0.00042918188634949206,0.0,0,0,0,DLG13,0
d52a528d-0d2c-493c-8757-eb02657e6a2d,Data Field,1,0,1,0,0,0,0.000419175612202355,0.00042918188634949206,0.0,0,0,0,DLG13,0
3de0353f-0e35-46a0-b485-5b8650d16054,Data Field,1,0,1,0,0,0,0.000419175612202355,0.00042918188634949206,0.0,0,0,0,DLG13,0
73235ee7-af1d-4a4e-866a-bc6bf7957dbe,Data Field,1,0,1,0,0,0,0.000419175612202355,0.00042918188634949206,0.0,0,0,0,DLG13,0
ace4e941-0267-49e5-bf10-417ded7deb00,Data Field,1,0,1,0,0,0,0.000419175612202355,0.00042918188634949206,0.0,0,0,0,DLG13,0
0ecf854c-12ff-478c-b065-f2e2cfc44058,Data Field,1,0,1,0,0,0,0.000419175612202355,0.00042918188634949206,0.0,0,0,0,DLG13,0
a9366e06-2c83-49bd-beba-e71b2fbb548a,Data Field,1,0,1,0,0,0,0.000419175612202355,0.00042918188634949206,0.0,0,0,0,DLG13,0
57529bb5-3fe1-4d56-8098-c201258c2c38,Data Field,1,0,1,0,0,0,0.000419175612202355,0.00042918188634949206,0.0,0,0,0,DLG13,0
febce55a-b9fc-41ea-b1fc-ac12e419afae,Data Table,1,11,12,1,0,11,0.0008186485073947967,0.00042918188634949206,0.0,0,2,0,DLG13,0
b9c24886-41db-45d0-b327-b5e624e60c43,Data Job,1,1,2,1,1,0,0.0005378995370774809,0.0007942441162511701,0.0,1,1,0,DLG13,0
b53bf792-2cfe-480e-9a56-88df2e83d1ea,Data Field,1,0,1,0,0,0,0.000419175612202355,0.00042918188634949206,0.0,0,0,0,DLG13,0
efb715d9-062a-4eae-b87b-6b6739507e23,Data Field,1,0,1,0,0,0,0.000419175612202355,0.00042918188634949206,0.0,0,0,0,DLG13,0
5c01b1b4-8b38-456e-8e05-4c0113d08e4e,Data Field,1,0,1,0,0,0,0.000419175612202355,0.00042918188634949206,0.0,0,0,0,DLG13,0
fca8dd49-079f-4df1-817b-15e170c008e4,Data Field,1,0,1,0,0,0,0.000419175612202355,0.00042918188634949206,0.0,0,0,0,DLG13,0
4ac62c82-60e9-4fe6-ab40-dcd38ac32572,Data Field,1,0,1,0,0,0,0.000419175612202355,0.00042918188634949206,0.0,0,0,0,DLG13,0
3bda0065-4f27-45e8-9b1b-157245787585,Data Field,1,0,1,0,0,0,0.000419175612202355,0.00042918188634949206,0.0,0,0,0,DLG13,0
009262d4-0a37-48d4-9212-03ec80267583,Data Field,1,0,1,0,0,0,0.000419175612202355,0.00042918188634949206,0.0,0,0,0,DLG13,0
c81ca245-5992-4fe5-a5ca-3d01e963f4e0,Data Field,1,0,1,0,0,0,0.000419175612202355,0.00042918188634949206,0.0,0,0,0,DLG13,0
93c465c6-3c40-49da-bca4-e6ae41dda513,Data Field,1,0,1,0,0,0,0.000419175612202355,0.00042918188634949206,0.0,0,0,0,DLG13,0
7cdf3209-c233-4c4c-91a5-62764e2aa1cf,Data Field,1,0,1,0,0,0,0.000419175612202355,0.00042918188634949206,0.0,0,0,0,DLG13,0
eb8b5b10-9c12-4f3b-ac71-9551a90bf482,Data Field,1,0,1,0,0,0,0.000419175612202355,0.00042918188634949206,0.0,0,0,0,DLG13,0
189c47e7-140f-49ef-a358-b22651a7e449,Data Field,1,0,1,0,0,0,0.000419175612202355,0.00042918188634949206,0.0,0,0,0,DLG13,0
4b08096f-6a3e-48ae-832c-39e7edc7be4f,Data Field,1,0,1,0,0,0,0.000419175612202355,0.00042918188634949206,0.0,0,0,0,DLG13,0
b870dacb-edc9-4957-9aea-a29e32736344,Data Field,1,0,1,0,0,0,0.000419175612202355,0.00042918188634949206,0.0,0,0,0,DLG13,0
fb9c1a1b-bad5-442c-bc75-666e5071e56b,Data Field,1,0,1,0,0,0,0.000419175612202355,0.00042918188634949206,0.0,0,0,0,DLG13,0
bf110e41-3362-450d-a72c-93c889f18900,Data Field,1,0,1,0,0,0,0.000419175612202355,0.00042918188634949206,0.0,0,0,0,DLG13,0
bc881a96-fc91-41cc-b730-6f5762be9533,Data Field,1,0,1,0,0,0,0.000419175612202355,0.00042918188634949206,0.0,0,0,0,DLG13,0
2fd6615e-cc85-4283-b6a7-b621a9262d81,Data Job,1,1,2,1,1,0,0.001121283099795499,0.0007942441162511701,9.280742459396751e-06,1,36,0,DLG13,0
6362fb2c-f01b-4709-9ea5-587e00cc0335,Data Field,1,0,1,0,0,0,0.000419175612202355,0.00042918188634949206,0.0,0,0,0,DLG13,0
72b0fce0-794a-42bc-a7d3-699d1ef6c777,Data Field,1,0,1,0,0,0,0.000419175612202355,0.00042918188634949206,0.0,0,0,0,DLG13,0
14898abd-5b7d-4651-aeed-56f1e0ee3ec1,Data Field,1,0,1,0,0,0,0.000419175612202355,0.00042918188634949206,0.0,0,0,0,DLG13,0
dc422e14-c970-4db2-997b-8651c9cc8db3,Data Field,1,0,1,0,0,0,0.000419175612202355,0.00042918188634949206,0.0,0,0,0,DLG13,0
e500f99d-1f01-4c89-b590-0e06afb295f6,Data Field,1,0,1,0,0,0,0.000419175612202355,0.00042918188634949206,0.0,0,0,0,DLG13,0
6c962d39-e5ab-4e65-8ef4-2df195f1c6e3,Data Field,1,0,1,0,0,0,0.000419175612202355,0.00042918188634949206,0.0,0,0,0,DLG13,0
93b1c3c8-029a-471f-b8ce-322bde63482f,Data Field,1,0,1,0,0,0,0.000419175612202355,0.00042918188634949206,0.0,0,0,0,DLG13,0
f4ece9ab-16e4-4de0-8e84-f11c03cd5ab4,Data Field,1,0,1,0,0,0,0.000419175612202355,0.00042918188634949206,0.0,0,0,0,DLG13,0
1aa4afd6-c03e-453d-ab43-f9ea114addb4,Data Field,1,0,1,0,0,0,0.000419175612202355,0.00042918188634949206,0.0,0,0,0,DLG13,0
89eb7f51-f875-48c0-9b48-e84f51d491c0,Data Field,1,0,1,0,0,0,0.000419175612202355,0.00042918188634949206,0.0,0,0,0,DLG13,0
b2e7c641-c1d2-4954-b789-c3232fb4cb4f,Data Field,1,0,1,0,0,0,0.000419175612202355,0.00042918188634949206,0.0,0,0,0,DLG13,0
a111b382-1eb2-4d6a-b1b7-c4c5b8e51333,Data Field,1,0,1,0,0,0,0.000419175612202355,0.00042918188634949206,0.0,0,0,0,DLG13,0
d2e7cdfc-bca0-4371-bfea-fed7a7e37c55,Data Field,1,0,1,0,0,0,0.000419175612202355,0.00042918188634949206,0.0,0,0,0,DLG13,0
dd16fa45-6c57-4f3f-b396-f9045db81f72,Data Field,1,0,1,0,0,0,0.000419175612202355,0.00042918188634949206,0.0,0,0,0,DLG13,0
c0129d37-851e-415d-86d5-a585edec095f,Data Field,1,0,1,0,0,0,0.000419175612202355,0.00042918188634949206,0.0,0,0,0,DLG13,0
f5645fa0-fc34-49f9-9b33-afb0e6107a21,Data Table,1,17,18,1,0,17,0.003371154997014192,0.00042918188634949206,0.0,0,36,0,DLG13,0
c80ab3d5-999b-4dc0-8883-32eb58e7e438,Data Field,1,0,1,0,0,0,0.000419175612202355,0.00042918188634949206,0.0,0,0,0,DLG13,0
106e1377-c065-491f-a9c6-2b34c886babc,Data Field,1,0,1,0,0,0,0.000419175612202355,0.00042918188634949206,0.0,0,0,0,DLG13,0
83517791-12ac-4700-a663-02cc2fefbbc7,Data Field,1,0,1,0,0,0,0.000419175612202355,0.00042918188634949206,0.0,0,0,0,DLG13,0
2257bc34-3f61-4323-a19a-000598a7f714,Data Field,1,0,1,0,0,0,0.000419175612202355,0.00042918188634949206,0.0,0,0,0,DLG13,0
71bb92f2-0c9d-416d-8a26-85ba01ee2791,Data Field,1,0,1,0,0,0,0.000419175612202355,0.00042918188634949206,0.0,0,0,0,DLG13,0
0e94eaf2-4f58-4eb6-aed2-8051e097b3ee,Data Field,1,0,1,0,0,0,0.000419175612202355,0.00042918188634949206,0.0,0,0,0,DLG13,0
89d8c991-1933-478a-a8b0-32825dffb063,Data Field,1,0,1,0,0,0,0.000419175612202355,0.00042918188634949206,0.0,0,0,0,DLG13,0
729b9e14-a233-4635-820e-9fac3ce9b489,Data Field,1,0,1,0,0,0,0.000419175612202355,0.00042918188634949206,0.0,0,0,0,DLG13,0
ef3a6519-afdb-4d2d-8c45-18e3800a74d0,Data Job,1,1,2,1,1,0,0.0004904099671274306,0.0007942441162511701,0.0,1,1,0,DLG13,0
895c23d4-6720-4ced-ab73-6204e7e22696,Data Field,1,0,1,0,0,0,0.000419175612202355,0.00042918188634949206,0.0,0,0,0,DLG13,0
83e012c0-53bc-4213-a33d-b77004b72eb2,Data Field,1,0,1,0,0,0,0.000419175612202355,0.00042918188634949206,0.0,0,0,0,DLG13,0
2144c33c-570f-40fe-9c64-b2e438c4970e,Data Field,1,0,1,0,0,0,0.000419175612202355,0.00042918188634949206,0.0,0,0,0,DLG13,0
33eed944-032c-4596-b689-ce650aa5101d,Data Field,1,0,1,0,0,0,0.000419175612202355,0.00042918188634949206,0.0,0,0,0,DLG13,0
ef7099ee-36b3-4bd3-9e5c-541aad44e716,Data Field,1,0,1,0,0,0,0.000419175612202355,0.00042918188634949206,0.0,0,0,0,DLG13,0
f2ae325b-2ff4-4f2b-a725-03a3d6cad8b2,Data Table,0,10,10,0,4,6,0.000419175612202355,0.0010055118742594573,0.0,10,0,0,DLG13,0
755d9ef8-9ecb-4e0f-adb3-d22c42829104,Data Field,1,0,1,0,0,0,0.000419175612202355,0.00042918188634949206,0.0,0,0,0,DLG13,0
6b706fd9-e469-48d0-be48-a80c49fbdea0,Data Field,1,0,1,0,0,0,0.000419175612202355,0.00042918188634949206,0.0,0,0,0,DLG13,0
163ccd13-3f84-4727-9296-b0be22831cc9,Data Field,1,0,1,0,0,0,0.000419175612202355,0.00042918188634949206,0.0,0,0,0,DLG13,0
4393badb-3080-4b9e-99fb-af4252cdcdd7,Data Field,1,0,1,0,0,0,0.000419175612202355,0.00042918188634949206,0.0,0,0,0,DLG13,0
1cb9a558-dd89-4039-802b-86ae26c1d30c,Data Field,1,0,1,0,0,0,0.000419175612202355,0.00042918188634949206,0.0,0,0,0,DLG13,0
3d7556c2-01a9-4dec-8e20-2ec7d7143ccb,Data Field,1,0,1,0,0,0,0.000419175612202355,0.00042918188634949206,0.0,0,0,0,DLG13,0
8d3cb24e-d7cb-4038-afbf-eb028571790a,Data Field,1,0,1,0,0,0,0.000419175612202355,0.00042918188634949206,0.0,0,0,0,DLG13,0
50dc9376-0f80-41a2-a6d2-f65565f8b8c7,Data Field,1,0,1,0,0,0,0.000419175612202355,0.00042918188634949206,0.0,0,0,0,DLG13,0
911dc74c-7b9a-4c0a-8455-21035bc8e5e3,Data Field,1,0,1,0,0,0,0.000419175612202355,0.00042918188634949206,0.0,0,0,0,DLG13,0
55ab8eb4-937d-4b89-b429-cd341949a7f2,Data Field,1,0,1,0,0,0,0.000419175612202355,0.00042918188634949206,0.0,0,0,0,DLG13,0
b7581b9d-3de5-4cd6-a028-abb61f79e6fb,Data Field,1,0,1,0,0,0,0.000419175612202355,0.00042918188634949206,0.0,0,0,0,DLG13,0
92a98909-707b-46a4-ac9d-2c1af34bec64,Data Field,1,0,1,0,0,0,0.000419175612202355,0.00042918188634949206,0.0,0,0,0,DLG13,0
257a3d9b-3be1-4d60-b682-23b3742362c8,Data Field,1,0,1,0,0,0,0.000419175612202355,0.00042918188634949206,0.0,0,0,0,DLG13,0
9261c9f9-58ee-4a6f-9ca3-4c6e5b5113ee,Data Table,0,24,24,0,5,19,0.000419175612202355,0.0020175401773010024,0.0,34,0,0,DLG13,0
516d987e-49b3-4909-afcd-0eec69bdf732,Data Field,1,0,1,0,0,0,0.000419175612202355,0.00042918188634949206,0.0,0,0,0,DLG13,0
facd6dc6-665a-4e0b-b78b-755bd19bcfce,Data Field,1,0,1,0,0,0,0.000419175612202355,0.00042918188634949206,0.0,0,0,0,DLG13,0
602f43b1-eb5e-4896-894c-1f4ebf6f38d1,Data Field,1,0,1,0,0,0,0.000419175612202355,0.00042918188634949206,0.0,0,0,0,DLG13,0
3798c193-5dbf-4e91-ba05-5101ddb18eb5,Data Field,1,0,1,0,0,0,0.000419175612202355,0.00042918188634949206,0.0,0,0,0,DLG13,0
49a9d692-8781-43c8-951b-eccd027ec3e8,Data Field,1,0,1,0,0,0,0.000419175612202355,0.00042918188634949206,0.0,0,0,0,DLG13,0
af3afff9-b598-47c6-b035-d910e82417ae,Data Field,1,0,1,0,0,0,0.000419175612202355,0.00042918188634949206,0.0,0,0,0,DLG13,0
74f52938-90d1-46fd-b2e7-805d3b71b727,Data Field,1,0,1,0,0,0,0.000419175612202355,0.00042918188634949206,0.0,0,0,0,DLG13,0
42ac0e26-5f0f-4ee3-b5fb-08885c5ac678,Data Field,1,0,1,0,0,0,0.000419175612202355,0.00042918188634949206,0.0,0,0,0,DLG13,0
b0ad5c4b-e980-48da-8aa8-32760632662f,Data Field,1,0,1,0,0,0,0.000419175612202355,0.00042918188634949206,0.0,0,0,0,DLG13,0
ea0e335f-6045-43a2-810d-ef43d1937177,Data Field,1,0,1,0,0,0,0.000419175612202355,0.00042918188634949206,0.0,0,0,0,DLG13,0
05f08b39-e3a7-4018-83e8-918928b1e101,Data Field,1,0,1,0,0,0,0.000419175612202355,0.00042918188634949206,0.0,0,0,0,DLG13,0
c74a2710-5e48-49b5-9fe6-839425cdcb6a,Data Field,1,0,1,0,0,0,0.000419175612202355,0.00042918188634949206,0.0,0,0,0,DLG13,0
e349bcae-bb44-4796-bf6f-cd28a97c65c3,Data Field,1,0,1,0,0,0,0.000419175612202355,0.00042918188634949206,0.0,0,0,0,DLG13,0
91c9430d-b0eb-42ed-8e6a-526249bd5284,Data Table,0,17,17,0,1,16,0.000419175612202355,0.0006839971469190318,0.0,14,0,0,DLG13,0
0a16a9da-9bd7-40e5-a69f-93053d020e8e,Data Field,1,0,1,0,0,0,0.000419175612202355,0.00042918188634949206,0.0,0,0,0,DLG13,0
b1bb9eae-9a5a-41b1-8090-fc5c8dae3727,Data Field,1,0,1,0,0,0,0.000419175612202355,0.00042918188634949206,0.0,0,0,0,DLG13,0
63df613f-28fa-433d-a0e5-0c8508e5b0f3,Data Field,1,0,1,0,0,0,0.000419175612202355,0.00042918188634949206,0.0,0,0,0,DLG13,0
57fea41a-88d4-404e-a56e-e1b273a25ff8,Data Field,1,0,1,0,0,0,0.000419175612202355,0.00042918188634949206,0.0,0,0,0,DLG13,0
8d09376b-6679-4e0c-91d8-3fc35d4d72d9,Data Field,1,0,1,0,0,0,0.000419175612202355,0.00042918188634949206,0.0,0,0,0,DLG13,0
c2373433-087d-4560-a474-e169d15864de,Data Field,1,0,1,0,0,0,0.000419175612202355,0.00042918188634949206,0.0,0,0,0,DLG13,0
f94d39e9-2ab8-498f-bbad-fa1a71784cf0,Data Field,1,0,1,0,0,0,0.000419175612202355,0.00042918188634949206,0.0,0,0,0,DLG13,0
bcfa3c5f-7cb2-4437-8adf-ca99f1768c0c,Data Field,1,0,1,0,0,0,0.000419175612202355,0.00042918188634949206,0.0,0,0,0,DLG13,0
dd36629f-51a9-47b9-a48f-da9b718a58af,Data Field,1,0,1,0,0,0,0.000419175612202355,0.00042918188634949206,0.0,0,0,0,DLG13,0
51e82625-141b-4d1c-b532-34dc34d10e38,Data Field,1,0,1,0,0,0,0.000419175612202355,0.00042918188634949206,0.0,0,0,0,DLG13,0
0ac8f09d-2959-4353-9d78-5889b3352283,Data Field,1,0,1,0,0,0,0.000419175612202355,0.00042918188634949206,0.0,0,0,0,DLG13,0
733fe475-960d-4ea9-a8cc-a98845dc8ce4,Data Field,1,0,1,0,0,0,0.000419175612202355,0.00042918188634949206,0.0,0,0,0,DLG13,0
e261579c-c27a-40a1-bd34-4f31e5feb7fc,Data Field,1,0,1,0,0,0,0.000419175612202355,0.00042918188634949206,0.0,0,0,0,DLG13,0
460d2de4-12b1-41a9-87cf-f55133d90579,Data Field,1,0,1,0,0,0,0.000419175612202355,0.00042918188634949206,0.0,0,0,0,DLG13,0
cf0c6a13-4307-450a-a9eb-1f08ab839108,Data Field,1,0,1,0,0,0,0.000419175612202355,0.00042918188634949206,0.0,0,0,0,DLG13,0
b4a5ad91-1861-4329-b457-3c25e6c28ed5,Data Field,1,0,1,0,0,0,0.000419175612202355,0.00042918188634949206,0.0,0,0,0,DLG13,0
fd825f0f-37eb-4934-bb41-8180f8815860,Data Field,1,0,1,0,0,0,0.000419175612202355,0.00042918188634949206,0.0,0,0,0,DLG13,0
85c40522-4451-44f6-b643-c3bd7847ae01,Data Field,1,0,1,0,0,0,0.000419175612202355,0.00042918188634949206,0.0,0,0,0,DLG13,0
c1ee8dbf-9e4d-41e1-9dac-0a893643b409,Data Field,1,0,1,0,0,0,0.000419175612202355,0.00042918188634949206,0.0,0,0,0,DLG13,0
43885420-7b91-4d00-a87c-12100a4a7149,Data Field,1,0,1,0,0,0,0.000419175612202355,0.00042918188634949206,0.0,0,0,0,DLG13,0
96bf99ba-f0f9-4ac6-82bd-746b5ebcafa8,Data Field,1,0,1,0,0,0,0.000419175612202355,0.00042918188634949206,0.0,0,0,0,DLG13,0
e04dc048-7795-40e0-b9d5-03f929172522,Data Field,1,0,1,0,0,0,0.000419175612202355,0.00042918188634949206,0.0,0,0,0,DLG13,0
101aa8f7-510b-4e41-ac79-8c2186f4bb7a,Data Field,1,0,1,0,0,0,0.000419175612202355,0.00042918188634949206,0.0,0,0,0,DLG13,0
eb90828a-fdc1-42d7-98eb-7100c71b7ed4,Data Field,1,0,1,0,0,0,0.000419175612202355,0.00042918188634949206,0.0,0,0,0,DLG13,0
56e008fb-0969-4254-a12d-8a0c163ddf2f,Data Field,1,0,1,0,0,0,0.000419175612202355,0.00042918188634949206,0.0,0,0,0,DLG13,0
7efab973-a350-4f7c-aa98-b05ffc3c9e94,Data Field,1,0,1,0,0,0,0.000419175612202355,0.00042918188634949206,0.0,0,0,0,DLG13,0
07b2a6f1-5e61-4640-b6d8-4664dd68a8b1,Data Field,1,0,1,0,0,0,0.000419175612202355,0.00042918188634949206,0.0,0,0,0,DLG13,0
830f6995-8085-495e-ae20-36ff95f92668,Data Field,1,0,1,0,0,0,0.000419175612202355,0.00042918188634949206,0.0,0,0,0,DLG13,0
4c00ff23-7615-482f-a20e-d26e8384e391,Data Field,1,0,1,0,0,0,0.000419175612202355,0.00042918188634949206,0.0,0,0,0,DLG13,0
4b57f569-fe1c-4bdd-9faa-e4f151b91866,Data Field,1,0,1,0,0,0,0.000419175612202355,0.00042918188634949206,0.0,0,0,0,DLG13,0
b441c65d-074a-403e-9be6-8488a4ace34f,Data Table,1,19,20,1,0,19,0.0008359689556216223,0.00042918188634949206,0.0,0,2,0,DLG13,0
af968268-6468-4564-82d6-f05d180b07ac,Data Field,1,0,1,0,0,0,0.000419175612202355,0.00042918188634949206,0.0,0,0,0,DLG13,0
f7735b9b-bbac-44a8-af47-59d4b25be369,Data Field,1,0,1,0,0,0,0.000419175612202355,0.00042918188634949206,0.0,0,0,0,DLG13,0
80d41acc-8a57-4b4f-bd79-abd4f4e5c09b,Data Field,1,0,1,0,0,0,0.000419175612202355,0.00042918188634949206,0.0,0,0,0,DLG13,0
0a182bfd-a943-43f1-970c-db6540524208,Data Field,1,0,1,0,0,0,0.000419175612202355,0.00042918188634949206,0.0,0,0,0,DLG13,0
31964157-ba9a-4fb4-8ef5-b950839e6b20,Data Field,1,0,1,0,0,0,0.000419175612202355,0.00042918188634949206,0.0,0,0,0,DLG13,0
38971edf-9f2b-4bd7-b2f4-5255f631990a,Data Field,1,0,1,0,0,0,0.000419175612202355,0.00042918188634949206,0.0,0,0,0,DLG13,0
8418ccc6-e050-4f96-9e97-281bed2cd30f,Data Field,1,0,1,0,0,0,0.000419175612202355,0.00042918188634949206,0.0,0,0,0,DLG13,0
f68e9074-d2c8-44cc-8207-4ca261d53b68,Data Field,1,0,1,0,0,0,0.000419175612202355,0.00042918188634949206,0.0,0,0,0,DLG13,0
71872ca0-c85b-4850-9f19-449e86e50779,Data Field,1,0,1,0,0,0,0.000419175612202355,0.00042918188634949206,0.0,0,0,0,DLG13,0
5afc67ed-7720-4351-bbbb-a3cc5378204d,Data Field,1,0,1,0,0,0,0.000419175612202355,0.00042918188634949206,0.0,0,0,0,DLG13,0
76eb2ed0-f025-468b-89a7-f4deb87be081,Data Field,1,0,1,0,0,0,0.000419175612202355,0.00042918188634949206,0.0,0,0,0,DLG13,0
57e90465-0776-4867-a487-fa780a688d38,Data Field,1,0,1,0,0,0,0.000419175612202355,0.00042918188634949206,0.0,0,0,0,DLG13,0
61f1d916-f065-4e00-9110-fb7f80c60d28,Data Field,1,0,1,0,0,0,0.000419175612202355,0.00042918188634949206,0.0,0,0,0,DLG13,0
2046aa6a-b5d6-4877-8975-b32dca7be94a,Data Field,1,0,1,0,0,0,0.000419175612202355,0.00042918188634949206,0.0,0,0,0,DLG13,0
009ba124-36f4-4e6e-9ad7-caaf561501af,Data Field,1,0,1,0,0,0,0.000419175612202355,0.00042918188634949206,0.0,0,0,0,DLG13,0
32f7f49d-fc7f-4fa9-8831-3879452a1601,Data Field,1,0,1,0,0,0,0.000419175612202355,0.00042918188634949206,0.0,0,0,0,DLG13,0
eca61376-381d-4f18-a36c-1fc4034f8870,Data Field,1,0,1,0,0,0,0.000419175612202355,0.00042918188634949206,0.0,0,0,0,DLG13,0
463ff020-11c6-470d-9bb9-059d3ffa8135,Data Field,1,0,1,0,0,0,0.000419175612202355,0.00042918188634949206,0.0,0,0,0,DLG13,0
503fe56c-56d9-4695-ae8d-d8fba3768529,Data Field,1,0,1,0,0,0,0.000419175612202355,0.00042918188634949206,0.0,0,0,0,DLG13,0
143b8bff-42fb-49e4-87eb-007c43497743,Data Field,1,0,1,0,0,0,0.000419175612202355,0.00042918188634949206,0.0,0,0,0,DLG13,0
875c7613-9faf-4b9f-88d6-6f50216972da,Data Table,0,15,15,0,1,14,0.000419175612202355,0.0006839971469190318,0.0,14,0,0,DLG13,0
f91b2939-3441-4f2a-8a2a-0688691e6924,Data Field,1,0,1,0,0,0,0.000419175612202355,0.00042918188634949206,0.0,0,0,0,DLG13,0
25fd0a2f-7ad6-4aae-bcc0-b43af633075c,Data Job,1,1,2,1,1,0,0.0034459682045980323,0.0007942441162511701,9.280742459396751e-06,1,35,0,DLG13,0
c0852553-6524-4ff7-90f6-b96b311b9b41,Data Field,1,0,1,0,0,0,0.000419175612202355,0.00042918188634949206,0.0,0,0,0,DLG13,0
89a5b546-33b4-4918-901b-edf6fcc6e0f9,Data Field,1,0,1,0,0,0,0.000419175612202355,0.00042918188634949206,0.0,0,0,0,DLG13,0
1cd9d846-a2e8-4ee5-89f5-a4166be072fb,Data Field,1,0,1,0,0,0,0.000419175612202355,0.00042918188634949206,0.0,0,0,0,DLG13,0
5bb03f72-2ee5-45de-a216-79aaef982d4f,Data Field,1,0,1,0,0,0,0.000419175612202355,0.00042918188634949206,0.0,0,0,0,DLG13,0
475bf3e9-8d22-4443-aeaa-baec076ad0f8,Data Field,1,0,1,0,0,0,0.000419175612202355,0.00042918188634949206,0.0,0,0,0,DLG13,0
fd65dbe3-6244-406f-86a5-b5a1a22872c4,Data Table,0,13,13,0,1,12,0.000419175612202355,0.0005043005639399916,0.0,2,0,0,DLG13,0
e4a01be0-90b6-4630-b8aa-263f2dfb9159,Data Field,1,0,1,0,0,0,0.000419175612202355,0.00042918188634949206,0.0,0,0,0,DLG13,0
360fe840-eb5b-4b20-bcc5-121d335398ad,Data Field,1,0,1,0,0,0,0.000419175612202355,0.00042918188634949206,0.0,0,0,0,DLG13,0
edcd67d0-e973-4d67-b415-bb2f3a5e8cda,Data Field,1,0,1,0,0,0,0.000419175612202355,0.00042918188634949206,0.0,0,0,0,DLG13,0
e0981dee-9035-457d-87f5-9346cbb828b4,Data Field,1,0,1,0,0,0,0.000419175612202355,0.00042918188634949206,0.0,0,0,0,DLG13,0
e1646cd2-9f80-47aa-bf20-93b3962ade1f,Data Field,1,0,1,0,0,0,0.000419175612202355,0.00042918188634949206,0.0,0,0,0,DLG13,0
9230efe8-050a-42e1-9d15-116b80e1166f,Data Field,1,0,1,0,0,0,0.000419175612202355,0.00042918188634949206,0.0,0,0,0,DLG13,0
ff4165dd-9b2a-4ecf-a9af-12e72c96a4aa,Data Field,1,0,1,0,0,0,0.000419175612202355,0.00042918188634949206,0.0,0,0,0,DLG13,0
994ad280-b84c-447b-a4c8-2155ad5152a8,Data Field,1,0,1,0,0,0,0.000419175612202355,0.00042918188634949206,0.0,0,0,0,DLG13,0
33dc63e6-68aa-4cce-be3f-c22f08a0108c,Data Field,1,0,1,0,0,0,0.000419175612202355,0.00042918188634949206,0.0,0,0,0,DLG13,0
8d684d0b-c0e1-471d-b8e0-0eb228f771be,Data Field,1,0,1,0,0,0,0.000419175612202355,0.00042918188634949206,0.0,0,0,0,DLG13,0
9f8f51cc-e7b0-46f3-992e-0485b7f52371,Data Field,1,0,1,0,0,0,0.000419175612202355,0.00042918188634949206,0.0,0,0,0,DLG13,0
0bf21f4a-0678-47ba-97a4-300a507ec22a,Data Field,1,0,1,0,0,0,0.000419175612202355,0.00042918188634949206,0.0,0,0,0,DLG13,0
647fe0c9-ced3-413e-abd2-5648ffb2a099,Data Field,1,0,1,0,0,0,0.000419175612202355,0.00042918188634949206,0.0,0,0,0,DLG13,0
1378ed17-3f36-4829-8f53-13f4a5d67899,Data Field,1,0,1,0,0,0,0.000419175612202355,0.00042918188634949206,0.0,0,0,0,DLG13,0
34d0bb63-f94e-4ee8-aac5-3a8cc43aefae,Data Field,1,0,1,0,0,0,0.000419175612202355,0.00042918188634949206,0.0,0,0,0,DLG13,0
00615208-53fa-4565-b6a2-e1021e69d7a4,Data Field,1,0,1,0,0,0,0.000419175612202355,0.00042918188634949206,0.0,0,0,0,DLG13,0
c68e9588-aa00-459a-8217-f422bda4351b,Data Field,1,0,1,0,0,0,0.000419175612202355,0.00042918188634949206,0.0,0,0,0,DLG13,0
6420e54c-7b6c-4b9c-a4bc-01976195bedb,Data Field,1,0,1,0,0,0,0.000419175612202355,0.00042918188634949206,0.0,0,0,0,DLG13,0
39267b49-ff93-4a59-bb69-8596e349b833,Data Field,1,0,1,0,0,0,0.000419175612202355,0.00042918188634949206,0.0,0,0,0,DLG13,0
a82bd1cf-1665-4240-9a7a-6330c5cce7b8,Data Field,1,0,1,0,0,0,0.000419175612202355,0.00042918188634949206,0.0,0,0,0,DLG13,0
78c79c7f-012e-4451-9f45-03758a328fa8,Data Field,1,0,1,0,0,0,0.000419175612202355,0.00042918188634949206,0.0,0,0,0,DLG13,0
88a54809-3a6d-4c3d-b17b-ab0c6ddae276,Data Field,1,0,1,0,0,0,0.000419175612202355,0.00042918188634949206,0.0,0,0,0,DLG13,0
d6c6e57a-88da-4947-bbf2-329a839149ed,Data Field,1,0,1,0,0,0,0.000419175612202355,0.00042918188634949206,0.0,0,0,0,DLG13,0
403c7d59-f8a3-4191-93c1-43f084b5fa7c,Data Field,1,0,1,0,0,0,0.000419175612202355,0.00042918188634949206,0.0,0,0,0,DLG13,0
ad14e1aa-5a0c-44e4-b6be-f3274bc6d946,Data Field,1,0,1,0,0,0,0.000419175612202355,0.00042918188634949206,0.0,0,0,0,DLG13,0
1eba51a3-c887-42cb-b031-801d2299cf4e,Data Table,0,8,8,0,2,6,0.000419175612202355,0.0006008817208420624,0.0,4,0,0,DLG13,0
ef80386c-1ba1-4f81-9942-692df73d0a27,Data Field,1,0,1,0,0,0,0.000419175612202355,0.00042918188634949206,0.0,0,0,0,DLG13,0
d81c49a8-f695-42e5-9323-d8fd9b7855b0,Data Field,1,0,1,0,0,0,0.000419175612202355,0.00042918188634949206,0.0,0,0,0,DLG13,0
c2b6af6b-eb16-4e4c-9725-d3f46973b759,Data Field,1,0,1,0,0,0,0.000419175612202355,0.00042918188634949206,0.0,0,0,0,DLG13,0
1f8b91a8-2771-488d-afc8-116a2582e705,Data Field,1,0,1,0,0,0,0.000419175612202355,0.00042918188634949206,0.0,0,0,0,DLG13,0
c5ac9ef4-39cb-4e9e-9e34-f41126f3d96b,Data Field,1,0,1,0,0,0,0.000419175612202355,0.00042918188634949206,0.0,0,0,0,DLG13,0
523ca3c2-4f1d-4a7d-99ad-67f0bf8bdaa7,Data Field,1,0,1,0,0,0,0.000419175612202355,0.00042918188634949206,0.0,0,0,0,DLG13,0
278b3aea-ce94-4ed8-8e0d-4ac04ca0fbe1,Data Field,1,0,1,0,0,0,0.000419175612202355,0.00042918188634949206,0.0,0,0,0,DLG13,0
12a83cbb-0d06-4d73-84c0-4ddd421cddb3,Data Field,1,0,1,0,0,0,0.000419175612202355,0.00042918188634949206,0.0,0,0,0,DLG13,0
d1d37046-8e09-49e3-95f2-826c3b8339eb,Data Job,1,1,2,1,1,0,0.0005082185558586994,0.0007942441162511701,0.0,1,1,0,DLG13,0
f1408cf1-47f8-43bd-b23e-0734b397a2e7,Data Field,1,0,1,0,0,0,0.000419175612202355,0.00042918188634949206,0.0,0,0,0,DLG13,0
d5ea40ef-6325-454a-a41f-d67aefba0295,Data Field,1,0,1,0,0,0,0.000419175612202355,0.00042918188634949206,0.0,0,0,0,DLG13,0
279fb5bb-7923-4425-a425-feae2c722387,Data Field,1,0,1,0,0,0,0.000419175612202355,0.00042918188634949206,0.0,0,0,0,DLG13,0
ac2d406f-40bc-49a9-a980-c0e11254ff14,Data Field,1,0,1,0,0,0,0.000419175612202355,0.00042918188634949206,0.0,0,0,0,DLG13,0
864397f3-7e54-48e0-b515-6a7dadd012ba,Data Field,1,0,1,0,0,0,0.000419175612202355,0.00042918188634949206,0.0,0,0,0,DLG13,0
000f2cc8-0fed-4878-a0b6-758f17ac5f93,Data Field,1,0,1,0,0,0,0.000419175612202355,0.00042918188634949206,0.0,0,0,0,DLG13,0
09b6b812-79d9-4017-a278-c8a7bd1b8ef6,Data Job,1,1,2,1,1,0,0.0004904099671274306,0.0007942441162511701,0.0,1,1,0,DLG13,0
aca297cc-ef2a-4cb8-91db-666e5256b3a4,Data Field,1,0,1,0,0,0,0.000419175612202355,0.00042918188634949206,0.0,0,0,0,DLG13,0
523f7011-1006-42d9-8ab8-6229c47c1eea,Data Field,1,0,1,0,0,0,0.000419175612202355,0.00042918188634949206,0.0,0,0,0,DLG13,0
92448b67-e57a-4eb0-acbb-04d6a554a056,Data Field,1,0,1,0,0,0,0.000419175612202355,0.00042918188634949206,0.0,0,0,0,DLG13,0
99a3d0fa-16a2-489b-b451-f710ed7cd8c0,Data Field,1,0,1,0,0,0,0.000419175612202355,0.00042918188634949206,0.0,0,0,0,DLG13,0
c4c65860-b258-4203-98e2-9ad392a8409b,Data Field,1,0,1,0,0,0,0.000419175612202355,0.00042918188634949206,0.0,0,0,0,DLG13,0
3883c1bd-70ef-43ed-bc1c-2a3813dd6088,Data Field,1,0,1,0,0,0,0.000419175612202355,0.00042918188634949206,0.0,0,0,0,DLG13,0
a60fad1b-d078-4edd-a8fb-5a83247f8829,Data Field,1,0,1,0,0,0,0.000419175612202355,0.00042918188634949206,0.0,0,0,0,DLG13,0
3ca2c23a-4554-485e-bb6b-ff43cbc92e99,Data Field,1,0,1,0,0,0,0.000419175612202355,0.00042918188634949206,0.0,0,0,0,DLG13,0
081c39c7-b928-4469-9935-d687039f5cbf,Data Field,1,0,1,0,0,0,0.000419175612202355,0.00042918188634949206,0.0,0,0,0,DLG13,0
d7b9fd06-c7c1-418b-bbbd-29e9a7abb4ce,Data Field,1,0,1,0,0,0,0.000419175612202355,0.00042918188634949206,0.0,0,0,0,DLG13,0
29a15b0d-2e64-4e2c-aa15-4ecf0e841790,Data Field,1,0,1,0,0,0,0.000419175612202355,0.00042918188634949206,0.0,0,0,0,DLG13,0
4a17a86a-fd63-4dfc-8a72-5dac8fd14574,Data Table,1,13,14,1,0,13,0.0008511243478200946,0.00042918188634949206,0.0,0,2,0,DLG13,0
fd3a8b00-ed8f-4574-8447-b5f86e9b592d,Data Field,1,0,1,0,0,0,0.000419175612202355,0.00042918188634949206,0.0,0,0,0,DLG13,0
f2df9d78-0eb1-4f6f-a061-9950c4172327,Data Field,1,0,1,0,0,0,0.000419175612202355,0.00042918188634949206,0.0,0,0,0,DLG13,0
6135cc3d-4685-4f1b-9b66-100f84b28bfa,Data Field,1,0,1,0,0,0,0.000419175612202355,0.00042918188634949206,0.0,0,0,0,DLG13,0
f5abff39-c9d4-4a32-a3af-9adccf77cbac,Data Field,1,0,1,0,0,0,0.000419175612202355,0.00042918188634949206,0.0,0,0,0,DLG13,0
055d4918-ce84-4fe4-957b-b044dbff9785,Data Table,0,18,18,0,7,11,0.000419175612202355,0.002209650173270991,0.0,34,0,0,DLG13,1
a8bc8d8d-22ad-44fe-969f-bde6166d7868,Data Field,1,0,1,0,0,0,0.000419175612202355,0.00042918188634949206,0.0,0,0,0,DLG13,0
beb087d2-f1b1-40c8-bbbb-c961beabfbb7,Data Field,1,0,1,0,0,0,0.000419175612202355,0.00042918188634949206,0.0,0,0,0,DLG13,0
914a5e17-ae22-421f-bb08-f1db766b25c5,Data Field,1,0,1,0,0,0,0.000419175612202355,0.00042918188634949206,0.0,0,0,0,DLG13,0
33795861-cac6-428e-a9ea-b8ae5f7171e4,Data Field,1,0,1,0,0,0,0.000419175612202355,0.00042918188634949206,0.0,0,0,0,DLG13,0
d3c565d8-e376-4607-ae21-91e588b47436,Data Field,1,0,1,0,0,0,0.000419175612202355,0.00042918188634949206,0.0,0,0,0,DLG13,0
70eced6f-b20d-427d-9a24-4379ff7a212a,Data Field,1,0,1,0,0,0,0.000419175612202355,0.00042918188634949206,0.0,0,0,0,DLG13,0
abf0aee3-39d7-4ab8-b797-5f28e1614a86,Data Field,1,0,1,0,0,0,0.000419175612202355,0.00042918188634949206,0.0,0,0,0,DLG13,0
8962b822-4da2-466c-8b6c-5091b30a8995,Data Field,1,0,1,0,0,0,0.000419175612202355,0.00042918188634949206,0.0,0,0,0,DLG13,0
2cddcc58-dd7e-49f3-a401-b8ee9e85185f,Data Field,1,0,1,0,0,0,0.000419175612202355,0.00042918188634949206,0.0,0,0,0,DLG13,0
4b356738-fa77-4dec-97a8-c94a515ff355,Data Field,1,0,1,0,0,0,0.000419175612202355,0.00042918188634949206,0.0,0,0,0,DLG13,0
7d907a26-21f6-452f-941d-6e2667366479,Data Field,1,0,1,0,0,0,0.000419175612202355,0.00042918188634949206,0.0,0,0,0,DLG13,0
37fd720d-ffc6-4804-912f-495935a0f928,Data Field,1,0,1,0,0,0,0.000419175612202355,0.00042918188634949206,0.0,0,0,0,DLG13,0
175e6ffa-545d-4c61-9077-9242a1ec4772,Data Table,1,11,12,1,0,11,0.0008763833348175486,0.00042918188634949206,0.0,0,2,0,DLG13,0
c0058775-24af-4e5e-b462-4cfc95ca0240,Data Field,1,0,1,0,0,0,0.000419175612202355,0.00042918188634949206,0.0,0,0,0,DLG13,0
1a739309-431d-4e73-abfa-64485b25025d,Data Field,1,0,1,0,0,0,0.000419175612202355,0.00042918188634949206,0.0,0,0,0,DLG13,0
74a802f9-f159-45c7-a401-a879e24c9ddd,Data Field,1,0,1,0,0,0,0.000419175612202355,0.00042918188634949206,0.0,0,0,0,DLG13,0
ce306d4c-975b-401b-8c31-034c7df6b112,Data Field,1,0,1,0,0,0,0.000419175612202355,0.00042918188634949206,0.0,0,0,0,DLG13,0
8a3c0dcc-2ffb-49f8-b2f1-d27625e4c5ca,Data Field,1,0,1,0,0,0,0.000419175612202355,0.00042918188634949206,0.0,0,0,0,DLG13,0
d61456e0-24b2-4ca7-a1db-4068a7cf1247,Data Field,1,0,1,0,0,0,0.000419175612202355,0.00042918188634949206,0.0,0,0,0,DLG13,0
ffae67e1-8c8e-4d04-ba04-c7f73cf8c93f,Data Field,1,0,1,0,0,0,0.000419175612202355,0.00042918188634949206,0.0,0,0,0,DLG13,0
7e261fce-58db-4434-8d2e-958bfcf93e54,Data Field,1,0,1,0,0,0,0.000419175612202355,0.00042918188634949206,0.0,0,0,0,DLG13,0
6d672c5c-a1a1-4c61-8c23-edbf65bc6300,Data Field,1,0,1,0,0,0,0.000419175612202355,0.00042918188634949206,0.0,0,0,0,DLG13,0
e1bdcaf6-d84f-469c-9910-6595dc9d3546,Data Field,1,0,1,0,0,0,0.000419175612202355,0.00042918188634949206,0.0,0,0,0,DLG13,0
3ea89f9f-e937-4437-bbac-4ec745209164,Data Field,1,0,1,0,0,0,0.000419175612202355,0.00042918188634949206,0.0,0,0,0,DLG13,0
24ee9da3-bb12-4954-bd5e-3140804df395,Data Field,1,0,1,0,0,0,0.000419175612202355,0.00042918188634949206,0.0,0,0,0,DLG13,0
cc054dd1-f8d8-45ac-a59b-3a4a7b1d67d7,Data Job,1,1,2,1,1,0,0.00047005729429169465,0.0007942441162511701,4.687243666361996e-06,1,1,0,DLG13,0
402b2264-74b0-40a8-b630-f7efb18e6eac,Data Field,1,0,1,0,0,0,0.000419175612202355,0.00042918188634949206,0.0,0,0,0,DLG13,0
f52f49f3-2ff1-404c-a644-90e7f5f4b9aa,Data Field,1,0,1,0,0,0,0.000419175612202355,0.00042918188634949206,0.0,0,0,0,DLG13,0
e3907c7f-1f25-467c-a507-939be10256cb,Data Field,1,0,1,0,0,0,0.000419175612202355,0.00042918188634949206,0.0,0,0,0,DLG13,0
1f25e726-0c0d-4bb7-a2b0-0de4652de8fc,Data Field,1,0,1,0,0,0,0.000419175612202355,0.00042918188634949206,0.0,0,0,0,DLG13,0
2086403a-9217-4c3d-b707-ed3a9280dfa6,Data Field,1,0,1,0,0,0,0.000419175612202355,0.00042918188634949206,0.0,0,0,0,DLG13,0
f5eedbe0-2cba-4127-99ad-a16dbeda9dc9,Data Field,1,0,1,0,0,0,0.000419175612202355,0.00042918188634949206,0.0,0,0,0,DLG13,0
00d449aa-284b-473f-9e4c-172abaccd8da,Data Field,1,0,1,0,0,0,0.000419175612202355,0.00042918188634949206,0.0,0,0,0,DLG13,0
3eb4cefc-5d08-452b-ac42-4a7a078f4e36,Data Field,1,0,1,0,0,0,0.000419175612202355,0.00042918188634949206,0.0,0,0,0,DLG13,0
6074e26c-ca12-4d5e-a10a-0814ff7ea91c,Data Table,0,17,17,0,4,13,0.000419175612202355,0.0021006556033779716,0.0,30,0,0,DLG13,0
f8e7f3a3-2ed8-4a42-abd2-52dad50276a3,Data Job,8,1,9,8,1,0,0.0018355136202799604,0.0008999529351021308,1.3921113689095126e-05,3,32,0,DLG13,0
5db318a4-9ad3-4f24-92f5-cf378274ff28,Data Field,1,0,1,0,0,0,0.000419175612202355,0.00042918188634949206,0.0,0,0,0,DLG13,0
41b6f2b3-e3b0-4ae0-b058-63a6d869a995,Data Table,2,27,29,2,1,26,0.002983232941729683,0.0011052499846639881,1.8561484918793502e-05,2,33,0,DLG13,0
f3252728-8dc4-4f2b-ad50-496e80d901f5,Data Field,1,0,1,0,0,0,0.000419175612202355,0.00042918188634949206,0.0,0,0,0,DLG13,0
cb6fb148-ccfe-4b71-84c1-1b648b0e6d8d,Data Field,1,0,1,0,0,0,0.000419175612202355,0.00042918188634949206,0.0,0,0,0,DLG13,0
b585a906-857b-4250-bac2-6d9e550198ae,Data Field,1,0,1,0,0,0,0.000419175612202355,0.00042918188634949206,0.0,0,0,0,DLG13,0
8c426450-d299-400c-88c4-feeeaafa4acf,Data Field,1,0,1,0,0,0,0.000419175612202355,0.00042918188634949206,0.0,0,0,0,DLG13,0
8b9f55b4-8d97-4424-8b89-954577af4a15,Data Field,1,0,1,0,0,0,0.000419175612202355,0.00042918188634949206,0.0,0,0,0,DLG13,0
dd157d7b-e90e-43e1-9fa0-3b69d5f7b1e2,Data Field,1,0,1,0,0,0,0.000419175612202355,0.00042918188634949206,0.0,0,0,0,DLG13,0
37cb95e5-b5c9-4b41-b395-2ae66577b2b7,Data Field,1,0,1,0,0,0,0.000419175612202355,0.00042918188634949206,0.0,0,0,0,DLG13,0
79e8ec86-6698-4e5c-b74f-811818fdd878,Data Field,1,0,1,0,0,0,0.000419175612202355,0.00042918188634949206,0.0,0,0,0,DLG13,0
3ec37645-ddf0-449e-b1c0-d3b6a4cc68c7,Data Field,1,0,1,0,0,0,0.000419175612202355,0.00042918188634949206,0.0,0,0,0,DLG13,0
1aa2cbfe-3670-4c2e-93b9-106bf722faeb,Data Field,1,0,1,0,0,0,0.000419175612202355,0.00042918188634949206,0.0,0,0,0,DLG13,0
08eaf03e-3054-4a93-8313-1fb25c387c78,Data Field,1,0,1,0,0,0,0.000419175612202355,0.00042918188634949206,0.0,0,0,0,DLG13,0
e4f330ae-0f04-41ed-b18c-8a5f8ef4146b,Data Field,1,0,1,0,0,0,0.000419175612202355,0.00042918188634949206,0.0,0,0,0,DLG13,0
a4715b5d-a96c-49af-97e3-33f3dfcadbcb,Data Field,1,0,1,0,0,0,0.000419175612202355,0.00042918188634949206,0.0,0,0,0,DLG13,0
2220c951-6b8a-44cf-ab4d-67f75ee4c1b4,Data Field,1,0,1,0,0,0,0.000419175612202355,0.00042918188634949206,0.0,0,0,0,DLG13,0
ececeb6b-1aa8-49ca-b3c6-8c7b3d99a55f,Data Field,1,0,1,0,0,0,0.000419175612202355,0.00042918188634949206,0.0,0,0,0,DLG13,0
3efcd12b-a3e6-40cd-8026-4aca7dc4ce23,Data Field,1,0,1,0,0,0,0.000419175612202355,0.00042918188634949206,0.0,0,0,0,DLG13,0
57342f5e-8ffa-4e5f-b72f-f103984e7507,Data Field,1,0,1,0,0,0,0.000419175612202355,0.00042918188634949206,0.0,0,0,0,DLG13,0
fd57363b-0937-4a39-ba64-e7d7794e2f6c,Data Field,1,0,1,0,0,0,0.000419175612202355,0.00042918188634949206,0.0,0,0,0,DLG13,0
51783ad9-3f20-44a8-af08-4457c9f9e953,Data Field,1,0,1,0,0,0,0.000419175612202355,0.00042918188634949206,0.0,0,0,0,DLG13,0
d2ef8194-4d1a-4063-b080-c2b6f533342b,Data Field,1,0,1,0,0,0,0.000419175612202355,0.00042918188634949206,0.0,0,0,0,DLG13,0
1bfbd627-21c9-42e5-b933-c0adafeecb38,Data Field,1,0,1,0,0,0,0.000419175612202355,0.00042918188634949206,0.0,0,0,0,DLG13,0
66c6b45a-357c-4772-b197-d0f4f43f1963,Data Field,1,0,1,0,0,0,0.000419175612202355,0.00042918188634949206,0.0,0,0,0,DLG13,0
dbcd3e83-b0fd-446a-90e6-9e49d6218061,Data Table,1,21,22,1,0,21,0.0012300091527819039,0.00042918188634949206,0.0,0,3,0,DLG13,0
1d28fbc2-7fcf-47e1-8079-f2d0c70cc9aa,Data Field,1,0,1,0,0,0,0.000419175612202355,0.00042918188634949206,0.0,0,0,0,DLG13,0
6c923da9-cff9-4e5b-8a51-0a5f0f45f891,Data Field,1,0,1,0,0,0,0.000419175612202355,0.00042918188634949206,0.0,0,0,0,DLG13,0
725d0c23-0efe-41a2-9aeb-4edfcad3af6e,Data Field,1,0,1,0,0,0,0.000419175612202355,0.00042918188634949206,0.0,0,0,0,DLG13,0
b95fa98a-dade-4200-9c99-8ea63d140cc7,Data Field,1,0,1,0,0,0,0.000419175612202355,0.00042918188634949206,0.0,0,0,0,DLG13,0
3ff687b7-f9b2-4d58-b024-43d076901eb3,Data Field,1,0,1,0,0,0,0.000419175612202355,0.00042918188634949206,0.0,0,0,0,DLG13,0
c23298f1-415e-40ab-9b86-1cefdd136f6e,Data Field,1,0,1,0,0,0,0.000419175612202355,0.00042918188634949206,0.0,0,0,0,DLG13,0
ab9e31d0-367f-47c0-9da7-94dfceb41476,Data Field,1,0,1,0,0,0,0.000419175612202355,0.00042918188634949206,0.0,0,0,0,DLG13,0
5edee842-afdf-41c0-8644-b3a362e5d2f6,Data Job,4,1,5,4,1,0,0.0015047826866992522,0.0008999529351021308,1.3921113689095126e-05,3,31,0,DLG13,0
d252ae58-b47e-4724-8484-0daaf9a4180b,Data Field,1,0,1,0,0,0,0.000419175612202355,0.00042918188634949206,0.0,0,0,0,DLG13,0
06ad2881-6fca-4557-ad30-990e942a607e,Data Field,1,0,1,0,0,0,0.000419175612202355,0.00042918188634949206,0.0,0,0,0,DLG13,0
2261847e-6dde-47b2-8d11-918e46a04f12,Data Field,1,0,1,0,0,0,0.000419175612202355,0.00042918188634949206,0.0,0,0,0,DLG13,0
62633e2c-2819-467d-9bf2-8e85bde00baf,Data Table,2,22,24,2,1,21,0.003546147509101513,0.0011052499846639881,1.8561484918793502e-05,2,34,0,DLG13,1
1af8d06d-c9cd-4d32-b49c-4f03b2f2f615,Data Field,1,0,1,0,0,0,0.000419175612202355,0.00042918188634949206,0.0,0,0,0,DLG13,0
e40a344f-95fb-4757-b8e1-38d0c95d7a39,Data Field,1,0,1,0,0,0,0.000419175612202355,0.00042918188634949206,0.0,0,0,0,DLG13,0
86c421a2-7d1c-4478-bd2b-14f980e71a2d,Data Field,1,0,1,0,0,0,0.000419175612202355,0.00042918188634949206,0.0,0,0,0,DLG13,0
39ace16c-2182-456c-b799-2d56a3efde9b,Data Field,1,0,1,0,0,0,0.000419175612202355,0.00042918188634949206,0.0,0,0,0,DLG13,0
7fdd9490-49d5-4a80-97c1-477c868b3717,Data Field,1,0,1,0,0,0,0.000419175612202355,0.00042918188634949206,0.0,0,0,0,DLG13,0
c6ca88f0-a8e0-4ed2-bde0-3de1e8351292,Data Field,1,0,1,0,0,0,0.000419175612202355,0.00042918188634949206,0.0,0,0,0,DLG13,0
d1652ee8-f97f-4d0c-ae32-9d022d5829df,Data Field,1,0,1,0,0,0,0.000419175612202355,0.00042918188634949206,0.0,0,0,0,DLG13,0
dba9ee46-c0e6-419d-9eb3-470e2d3b7e26,Data Field,1,0,1,0,0,0,0.000419175612202355,0.00042918188634949206,0.0,0,0,0,DLG13,0
4b59bc6a-d8f5-4027-8e93-8fc026346134,Data Field,1,0,1,0,0,0,0.000419175612202355,0.00042918188634949206,0.0,0,0,0,DLG13,0
520ebf05-1ca1-4718-8255-af7df74092f8,Data Field,1,0,1,0,0,0,0.000419175612202355,0.00042918188634949206,0.0,0,0,0,DLG13,0
a024a95c-846f-47e6-be65-4764b62df1a2,Data Field,1,0,1,0,0,0,0.000419175612202355,0.00042918188634949206,0.0,0,0,0,DLG13,0
787fdea8-76d5-4b28-80a2-aa29c7d2fb7e,Data Field,1,0,1,0,0,0,0.000419175612202355,0.00042918188634949206,0.0,0,0,0,DLG13,0
61105ef1-26de-4dbf-a7de-3eb59a4da157,Data Field,1,0,1,0,0,0,0.000419175612202355,0.00042918188634949206,0.0,0,0,0,DLG13,0
3819c0d9-2888-4a7c-b2e7-5746c8fcdc05,Data Field,1,0,1,0,0,0,0.000419175612202355,0.00042918188634949206,0.0,0,0,0,DLG13,0
d7cc1efe-3bbb-4417-afaa-6d0254c98350,Data Field,1,0,1,0,0,0,0.000419175612202355,0.00042918188634949206,0.0,0,0,0,DLG13,0
ce05e6e8-c15d-482d-9546-3f3510a9f649,Data Field,1,0,1,0,0,0,0.000419175612202355,0.00042918188634949206,0.0,0,0,0,DLG13,0
24a701fe-74c2-4403-afff-963030063c03,Data Field,1,0,1,0,0,0,0.000419175612202355,0.00042918188634949206,0.0,0,0,0,DLG13,0
d9c44e26-071c-43c7-b5f2-96707970fa37,Data Field,1,0,1,0,0,0,0.000419175612202355,0.00042918188634949206,0.0,0,0,0,DLG13,0
915ee6ba-7f08-4a0b-ae60-9c8ca2210952,Data Field,1,0,1,0,0,0,0.000419175612202355,0.00042918188634949206,0.0,0,0,0,DLG13,0
86b8fe99-d057-470c-bb51-68e68733afcc,Data Field,1,0,1,0,0,0,0.000419175612202355,0.00042918188634949206,0.0,0,0,0,DLG13,0
7cfa0c10-cf7b-42d7-a583-7c84cb52a973,Data Field,1,0,1,0,0,0,0.000419175612202355,0.00042918188634949206,0.0,0,0,0,DLG13,0
4a60015f-89c8-4925-b536-f22e9f1165ac,Data Field,1,0,1,0,0,0,0.000419175612202355,0.00042918188634949206,0.0,0,0,0,DLG13,0
c9b41d3c-b378-4028-bbd8-ccf76797a95d,Data Field,1,0,1,0,0,0,0.000419175612202355,0.00042918188634949206,0.0,0,0,0,DLG13,0
5a116d67-ce85-4fa6-ac33-f885852eee89,Data Field,1,0,1,0,0,0,0.000419175612202355,0.00042918188634949206,0.0,0,0,0,DLG13,0
3add7a49-e45e-42c1-9674-3b9034c51d26,Data Field,1,0,1,0,0,0,0.000419175612202355,0.00042918188634949206,0.0,0,0,0,DLG13,0
53cf87fb-6d92-4f06-9912-ee82fbf28052,Data Field,1,0,1,0,0,0,0.000419175612202355,0.00042918188634949206,0.0,0,0,0,DLG13,0
bc79a1fc-118e-49ad-976f-800b1f97c252,Data Field,1,0,1,0,0,0,0.000419175612202355,0.00042918188634949206,0.0,0,0,0,DLG13,0
e9265d60-dda8-4c9b-84ed-b2ace8f71c0f,Data Field,1,0,1,0,0,0,0.000419175612202355,0.00042918188634949206,0.0,0,0,0,DLG13,0
e291817f-4667-479e-8c41-57fdc510e194,Data Field,1,0,1,0,0,0,0.000419175612202355,0.00042918188634949206,0.0,0,0,0,DLG13,0
829814ab-8f4a-4029-b1fc-8befce75d0a7,Data Field,1,0,1,0,0,0,0.000419175612202355,0.00042918188634949206,0.0,0,0,0,DLG13,0
a889fb24-d872-4469-bd42-f15825cbbb42,Data Field,1,0,1,0,0,0,0.000419175612202355,0.00042918188634949206,0.0,0,0,0,DLG13,0
56e59cb9-4cf8-4070-9cb7-29861be47453,Data Field,1,0,1,0,0,0,0.000419175612202355,0.00042918188634949206,0.0,0,0,0,DLG13,0
9d966e99-8608-4add-aa21-8b572a3ba1e7,Data Field,1,0,1,0,0,0,0.000419175612202355,0.00042918188634949206,0.0,0,0,0,DLG13,0
512c4e21-afe0-46b9-8a15-8a1090ce6769,Data Field,1,0,1,0,0,0,0.000419175612202355,0.00042918188634949206,0.0,0,0,0,DLG13,0
68da6c16-1a67-46c9-8e01-c789a4f0f5db,Data Job,1,1,2,1,1,0,0.0004904099671274306,0.0007942441162511701,0.0,1,1,0,DLG13,0
787ac984-f895-4988-b61a-53f8c95f6ff8,Data Field,1,0,1,0,0,0,0.000419175612202355,0.00042918188634949206,0.0,0,0,0,DLG13,0
f1ab60f1-dae7-4440-adc5-0a17bbd41b03,Data Field,1,0,1,0,0,0,0.000419175612202355,0.00042918188634949206,0.0,0,0,0,DLG13,0
3171153c-8630-4593-870a-7475c5abcdae,Data Field,1,0,1,0,0,0,0.000419175612202355,0.00042918188634949206,0.0,0,0,0,DLG13,0
ec45f371-6dd5-40da-9265-70b841643225,Data Field,1,0,1,0,0,0,0.000419175612202355,0.00042918188634949206,0.0,0,0,0,DLG13,0
6cbd8906-4cc9-4f1d-9db9-f49e71087a1f,Data Field,1,0,1,0,0,0,0.000419175612202355,0.00042918188634949206,0.0,0,0,0,DLG13,0
2d8c9e94-22d3-40dc-b59a-11290fb3ba7d,Data Field,1,0,1,0,0,0,0.000419175612202355,0.00042918188634949206,0.0,0,0,0,DLG13,0
bf33dfbb-ca17-4edb-9e43-e4e4a5766810,Data Field,1,0,1,0,0,0,0.000419175612202355,0.00042918188634949206,0.0,0,0,0,DLG13,0
b67f39c9-60d2-4900-acbb-910c5f0bf27f,Data Table,1,16,17,1,0,16,0.0022166527376771797,0.00042918188634949206,0.0,0,39,0,DLG13,0
16ae4764-3201-444d-ba18-b01333427058,Data Field,1,0,1,0,0,0,0.000419175612202355,0.00042918188634949206,0.0,0,0,0,DLG13,0
586d9fc4-3334-4d6e-8ca3-fcdc8b304479,Data Field,1,0,1,0,0,0,0.000419175612202355,0.00042918188634949206,0.0,0,0,0,DLG13,0
665c248a-7aec-4b78-934e-db8743702235,Data Field,1,0,1,0,0,0,0.000419175612202355,0.00042918188634949206,0.0,0,0,0,DLG13,0
9147ae39-e223-4a50-9bd2-72cd3a2b327d,Data Field,1,0,1,0,0,0,0.000419175612202355,0.00042918188634949206,0.0,0,0,0,DLG13,0
3eb80ce5-031f-44f9-b34f-8682a4e151ec,Data Field,1,0,1,0,0,0,0.000419175612202355,0.00042918188634949206,0.0,0,0,0,DLG13,0
73e36f5f-71db-49b4-a728-2d2bbadd23d4,Data Field,1,0,1,0,0,0,0.000419175612202355,0.00042918188634949206,0.0,0,0,0,DLG13,0
4fa8e4f3-0d5d-4d2c-a04b-098f20a1902d,Data Table,0,15,15,0,1,14,0.000419175612202355,0.0006839971469190318,0.0,14,0,0,DLG13,0
f000ce26-ecca-44dd-aa2b-80f3e285528f,Data Job,1,1,2,1,1,0,0.00047005729429169465,0.0007942441162511701,0.0,1,1,0,DLG13,0
5f8ae9b4-a970-4a8e-afb8-78da580927fb,Data Field,1,0,1,0,0,0,0.000419175612202355,0.00042918188634949206,0.0,0,0,0,DLG13,0
1c485fd1-8c2c-4d9c-acec-0fc64de1d4a0,Data Field,1,0,1,0,0,0,0.000419175612202355,0.00042918188634949206,0.0,0,0,0,DLG13,0
d57d3fbf-a5c1-4126-a21a-b490a877823c,Data Field,1,0,1,0,0,0,0.000419175612202355,0.00042918188634949206,0.0,0,0,0,DLG13,0
00d1704d-9903-4333-8bdd-ca849ec5f30e,Data Field,1,0,1,0,0,0,0.000419175612202355,0.00042918188634949206,0.0,0,0,0,DLG13,0
16c3a815-a107-493c-83d9-42c7e5302724,Data Field,1,0,1,0,0,0,0.000419175612202355,0.00042918188634949206,0.0,0,0,0,DLG13,0
2c2579fe-44d9-4144-9d82-31fbd1965496,Data Job,7,1,8,7,1,0,0.001070461142945903,0.0007942441162511701,4.6403712296983755e-06,1,7,0,DLG13,0
faa76ef0-10a7-4afc-accf-41e419552b82,Data Field,1,0,1,0,0,0,0.000419175612202355,0.00042918188634949206,0.0,0,0,0,DLG13,0
3fa82891-660c-4fa4-971f-d18d001d48a9,Data Job,2,1,3,2,1,0,0.0009534332741404218,0.0007942441162511701,0.0,1,2,0,DLG13,0
c8fb595e-e5a4-497d-b76a-41d347c57b9a,Data Field,1,0,1,0,0,0,0.000419175612202355,0.00042918188634949206,0.0,0,0,0,DLG13,0
1ae99345-384a-4248-9eb9-3c06133d68c3,Data Field,1,0,1,0,0,0,0.000419175612202355,0.00042918188634949206,0.0,0,0,0,DLG13,0
6f93b1fe-0a33-41d5-b0e9-554cf7600944,Data Field,1,0,1,0,0,0,0.000419175612202355,0.00042918188634949206,0.0,0,0,0,DLG13,0
683474ce-7e0c-4a6a-86ef-b643c6fb12ed,Data Field,1,0,1,0,0,0,0.000419175612202355,0.00042918188634949206,0.0,0,0,0,DLG13,0
35f42a85-a276-4224-ab29-16fd3aacaa88,Data Field,1,0,1,0,0,0,0.000419175612202355,0.00042918188634949206,0.0,0,0,0,DLG13,0
4d6b60c6-56ce-4412-9fed-32f85700ff02,Data Field,1,0,1,0,0,0,0.000419175612202355,0.00042918188634949206,0.0,0,0,0,DLG13,0
d195c1e5-c4a6-448c-8bd4-96f452074e61,Data Field,1,0,1,0,0,0,0.000419175612202355,0.00042918188634949206,0.0,0,0,0,DLG13,0
242aed4d-66f2-4c9f-b415-5a31467400f9,Data Field,1,0,1,0,0,0,0.000419175612202355,0.00042918188634949206,0.0,0,0,0,DLG13,0
c5a741e9-0978-43eb-8f82-ca3b82474658,Data Field,1,0,1,0,0,0,0.000419175612202355,0.00042918188634949206,0.0,0,0,0,DLG13,0
75638f55-576b-4a8f-a95f-14a1633b8ca9,Data Field,1,0,1,0,0,0,0.000419175612202355,0.00042918188634949206,0.0,0,0,0,DLG13,0
7593ff28-208c-4ad3-b2a1-5ba725a39502,Data Field,1,0,1,0,0,0,0.000419175612202355,0.00042918188634949206,0.0,0,0,0,DLG13,0
7eb9ad6f-38b0-4b70-89f1-28969444f968,Data Field,1,0,1,0,0,0,0.000419175612202355,0.00042918188634949206,0.0,0,0,0,DLG13,0
73168874-57c3-439a-830e-1d7b14f8a8bc,Data Field,1,0,1,0,0,0,0.000419175612202355,0.00042918188634949206,0.0,0,0,0,DLG13,0
c6810f2f-c464-4850-9fa4-1c555a58da73,Data Field,1,0,1,0,0,0,0.000419175612202355,0.00042918188634949206,0.0,0,0,0,DLG13,0
7eb4cc3a-4b45-444a-9ddf-53f50341602e,Data Field,1,0,1,0,0,0,0.000419175612202355,0.00042918188634949206,0.0,0,0,0,DLG13,0
2a4256ef-b5cc-47bd-bc98-6adcbddb4f89,Data Field,1,0,1,0,0,0,0.000419175612202355,0.00042918188634949206,0.0,0,0,0,DLG13,0
0082ed68-34ce-4f38-8c34-8c591d9fc8fb,Data Field,1,0,1,0,0,0,0.000419175612202355,0.00042918188634949206,0.0,0,0,0,DLG13,0
416db27e-ebbf-4183-a79d-b6ef23d601c1,Data Field,1,0,1,0,0,0,0.000419175612202355,0.00042918188634949206,0.0,0,0,0,DLG13,0
b3ddc533-846f-4ed9-82d6-c5f4152d23dd,Data Field,1,0,1,0,0,0,0.000419175612202355,0.00042918188634949206,0.0,0,0,0,DLG13,0
6a6e1e53-aef4-447b-a5ec-5030daa6b76d,Data Field,1,0,1,0,0,0,0.000419175612202355,0.00042918188634949206,0.0,0,0,0,DLG13,0
10720803-f78e-45df-90b7-b14be7c0a8b5,Data Field,1,0,1,0,0,0,0.000419175612202355,0.00042918188634949206,0.0,0,0,0,DLG13,0
9192e37f-ad29-4eda-9bc6-2609c1e15559,Data Field,1,0,1,0,0,0,0.000419175612202355,0.00042918188634949206,0.0,0,0,0,DLG13,0
c828901c-a45c-44a0-8135-8bfec3bda9b9,Data Field,1,0,1,0,0,0,0.000419175612202355,0.00042918188634949206,0.0,0,0,0,DLG13,0
6adea97d-cd22-431a-afd6-ff1657eab6c1,Data Field,1,0,1,0,0,0,0.000419175612202355,0.00042918188634949206,0.0,0,0,0,DLG13,0
52ff4ee9-c188-4a62-874a-9a995e2e4329,Data Field,1,0,1,0,0,0,0.000419175612202355,0.00042918188634949206,0.0,0,0,0,DLG13,0
c61d22cb-966d-4b21-b313-b5475d0a996e,Data Field,1,0,1,0,0,0,0.000419175612202355,0.00042918188634949206,0.0,0,0,0,DLG13,0
26ea8e5c-23bb-4594-9c65-b9b4de638174,Data Field,1,0,1,0,0,0,0.000419175612202355,0.00042918188634949206,0.0,0,0,0,DLG13,0
8df60758-4cee-4f92-853e-9a919e39ab6e,Data Field,1,0,1,0,0,0,0.000419175612202355,0.00042918188634949206,0.0,0,0,0,DLG13,0
018b72ae-d46d-41aa-9054-c47dba167de3,Data Field,1,0,1,0,0,0,0.000419175612202355,0.00042918188634949206,0.0,0,0,0,DLG13,0
603c9bc7-c580-4b2e-a513-ebe9d603c624,Data Field,1,0,1,0,0,0,0.000419175612202355,0.00042918188634949206,0.0,0,0,0,DLG13,0
3566565b-000e-4b68-8877-23cf86f35d83,Data Job,8,1,9,8,1,0,0.0018355136202799604,0.0008999529351021308,1.3921113689095126e-05,3,32,0,DLG13,0
b0f895fa-a0dc-4580-ac76-354b1dc1b9ad,Data Field,1,0,1,0,0,0,0.000419175612202355,0.00042918188634949206,0.0,0,0,0,DLG13,0
2ce7e049-7800-4cf7-b3d4-610c93609df0,Data Field,1,0,1,0,0,0,0.000419175612202355,0.00042918188634949206,0.0,0,0,0,DLG13,0
eef6bbc7-5e7a-4177-aae6-dea7df235b0d,Data Field,1,0,1,0,0,0,0.000419175612202355,0.00042918188634949206,0.0,0,0,0,DLG13,0
d321e457-7e9b-4b6d-9637-0cdbca4766af,Data Field,1,0,1,0,0,0,0.000419175612202355,0.00042918188634949206,0.0,0,0,0,DLG13,0
95cbb307-9178-4e9f-b76b-0de111f132cb,Data Field,1,0,1,0,0,0,0.000419175612202355,0.00042918188634949206,0.0,0,0,0,DLG13,0
7889606b-8d8c-44e5-ac7a-542cb9a93768,Data Field,1,0,1,0,0,0,0.000419175612202355,0.00042918188634949206,0.0,0,0,0,DLG13,0
635b6aa5-ab2c-4276-a161-6c040bf4a38a,Data Field,1,0,1,0,0,0,0.000419175612202355,0.00042918188634949206,0.0,0,0,0,DLG13,0
e607e64c-0652-4b3f-95c7-a6ff16bd5e39,Data Field,1,0,1,0,0,0,0.000419175612202355,0.00042918188634949206,0.0,0,0,0,DLG13,0
6651d853-7638-4ab1-862a-9fef8fe2142c,Data Field,1,0,1,0,0,0,0.000419175612202355,0.00042918188634949206,0.0,0,0,0,DLG13,0
871665df-39a6-41b8-9d93-34764dbec587,Data Field,1,0,1,0,0,0,0.000419175612202355,0.00042918188634949206,0.0,0,0,0,DLG13,0
e89c5b12-6db5-4c4e-9fb7-fc93921cf895,Data Field,1,0,1,0,0,0,0.000419175612202355,0.00042918188634949206,0.0,0,0,0,DLG13,0
8f8dd4d9-088d-4fae-a40a-eea56a0947d2,Data Table,1,13,14,1,0,13,0.0008511243478200946,0.00042918188634949206,0.0,0,2,0,DLG13,0
24210f30-8b66-4287-a820-fd2bff0c42c0,Data Field,1,0,1,0,0,0,0.000419175612202355,0.00042918188634949206,0.0,0,0,0,DLG13,0
0e7428d8-2839-4c8a-853f-59bbd716c027,Data Field,1,0,1,0,0,0,0.000419175612202355,0.00042918188634949206,0.0,0,0,0,DLG13,0
9130f4bc-b466-46cd-ae56-a1a3a7a7f0d8,Data Field,1,0,1,0,0,0,0.000419175612202355,0.00042918188634949206,0.0,0,0,0,DLG13,0
916d025d-b4fa-4584-b4b3-0351342f1df3,Data Field,1,0,1,0,0,0,0.000419175612202355,0.00042918188634949206,0.0,0,0,0,DLG13,0
d6422586-ce84-4456-8329-3b3a5952d31c,Data Field,1,0,1,0,0,0,0.000419175612202355,0.00042918188634949206,0.0,0,0,0,DLG13,0
0057c61a-2ef6-4944-88ec-3131dd86cd5f,Data Field,1,0,1,0,0,0,0.000419175612202355,0.00042918188634949206,0.0,0,0,0,DLG13,0
3b5c9875-97df-473d-b8b7-bc3b104b1f51,Data Field,1,0,1,0,0,0,0.000419175612202355,0.00042918188634949206,0.0,0,0,0,DLG13,0
32d59852-1167-49ff-8135-4639da3c97ce,Data Field,1,0,1,0,0,0,0.000419175612202355,0.00042918188634949206,0.0,0,0,0,DLG13,0
72ad5a82-3716-43a6-8ee3-d2abef950320,Data Field,1,0,1,0,0,0,0.000419175612202355,0.00042918188634949206,0.0,0,0,0,DLG13,0
fd4fa24b-2df4-4ec3-a3a5-697be9f8ce34,Data Field,1,0,1,0,0,0,0.000419175612202355,0.00042918188634949206,0.0,0,0,0,DLG13,0
9c103545-0b8a-4e36-ae76-8cb40ebb4001,Data Field,1,0,1,0,0,0,0.000419175612202355,0.00042918188634949206,0.0,0,0,0,DLG13,0
638b643e-c59b-4a0c-be54-3c670e8faa9e,Data Field,1,0,1,0,0,0,0.000419175612202355,0.00042918188634949206,0.0,0,0,0,DLG13,0
27e8a8f6-9fe6-4dfe-a9a7-412792bfb161,Data Field,1,0,1,0,0,0,0.000419175612202355,0.00042918188634949206,0.0,0,0,0,DLG13,0
26728ef7-de48-4572-884a-9d87cd9027f3,Data Field,1,0,1,0,0,0,0.000419175612202355,0.00042918188634949206,0.0,0,0,0,DLG13,0
1e46fb87-fc76-4192-a0e3-755316307492,Data Table,1,18,19,1,0,18,0.0008359689556216223,0.00042918188634949206,0.0,0,2,0,DLG13,0
2849d3c8-d048-4438-a337-11a46f3c3fb0,Data Field,1,0,1,0,0,0,0.000419175612202355,0.00042918188634949206,0.0,0,0,0,DLG13,0
67965576-9269-49fc-ab2d-b1e0e5a7febf,Data Field,1,0,1,0,0,0,0.000419175612202355,0.00042918188634949206,0.0,0,0,0,DLG13,0
a67b2e14-8724-44c5-a9bb-f9232ff6e1bd,Data Field,1,0,1,0,0,0,0.000419175612202355,0.00042918188634949206,0.0,0,0,0,DLG13,0
8c8ba069-9667-46f9-a8de-d946d92f5707,Data Table,0,3,3,0,2,1,0.000419175612202355,0.0008134018782894689,0.0,5,0,0,DLG13,0
6d60fd65-0adc-493c-9049-c261b91f7e71,Data Field,1,0,1,0,0,0,0.000419175612202355,0.00042918188634949206,0.0,0,0,0,DLG13,0
75fd7a0d-d598-442d-a51a-e6dd683d43f8,Data Field,1,0,1,0,0,0,0.000419175612202355,0.00042918188634949206,0.0,0,0,0,DLG13,0
56c508e0-b0ac-4e64-9fb4-cd08d913e89a,Data Field,1,0,1,0,0,0,0.000419175612202355,0.00042918188634949206,0.0,0,0,0,DLG13,0
5198d659-6506-4065-9f53-ab450675b760,Data Field,1,0,1,0,0,0,0.000419175612202355,0.00042918188634949206,0.0,0,0,0,DLG13,0
e8d8b1a1-62a6-4632-b997-c64e5c786de1,Data Field,1,0,1,0,0,0,0.000419175612202355,0.00042918188634949206,0.0,0,0,0,DLG13,0
b3cadb86-19c6-434b-937f-3aea0cc5213b,Data Field,1,0,1,0,0,0,0.000419175612202355,0.00042918188634949206,0.0,0,0,0,DLG13,0
5fd35fb3-c8b6-4818-8616-b2f3b72d673d,Data Field,1,0,1,0,0,0,0.000419175612202355,0.00042918188634949206,0.0,0,0,0,DLG13,0
c275df79-2d40-4489-8dec-82dde595b2b4,Data Field,1,0,1,0,0,0,0.000419175612202355,0.00042918188634949206,0.0,0,0,0,DLG13,0
4ec1d218-7258-4cd4-8077-0c1ceaf85430,Data Field,1,0,1,0,0,0,0.000419175612202355,0.00042918188634949206,0.0,0,0,0,DLG13,0
58197cb1-3d26-43d7-9d37-19a8936de21d,Data Field,1,0,1,0,0,0,0.000419175612202355,0.00042918188634949206,0.0,0,0,0,DLG13,0
cad9e949-2d7a-44be-ac8b-5b9a31c6500f,Data Field,1,0,1,0,0,0,0.000419175612202355,0.00042918188634949206,0.0,0,0,0,DLG13,0
4d0f2d88-eaf0-4794-8744-ff8c30ec60a3,Data Field,1,0,1,0,0,0,0.000419175612202355,0.00042918188634949206,0.0,0,0,0,DLG13,0
503a0c56-9807-4656-a41a-e66ae9d860df,Data Field,1,0,1,0,0,0,0.000419175612202355,0.00042918188634949206,0.0,0,0,0,DLG13,0
c8a79bd6-cfd2-4169-a882-6c49e4bd9ef3,Data Field,1,0,1,0,0,0,0.000419175612202355,0.00042918188634949206,0.0,0,0,0,DLG13,0
33b16d80-f7b8-4f52-a19b-7291bc123fee,Data Field,1,0,1,0,0,0,0.000419175612202355,0.00042918188634949206,0.0,0,0,0,DLG13,0
50c84c1d-c0e1-4aa1-bba2-5df7cbbec7fd,Data Field,1,0,1,0,0,0,0.000419175612202355,0.00042918188634949206,0.0,0,0,0,DLG13,0
8944a33d-1560-4d92-92aa-028501918443,Data Field,1,0,1,0,0,0,0.000419175612202355,0.00042918188634949206,0.0,0,0,0,DLG13,0
b9e90d28-b80b-4cde-bf35-9b76427b4b2b,Data Field,1,0,1,0,0,0,0.000419175612202355,0.00042918188634949206,0.0,0,0,0,DLG13,0
cdf58d2b-de8b-4bef-9a0b-7d73625648af,Data Field,1,0,1,0,0,0,0.000419175612202355,0.00042918188634949206,0.0,0,0,0,DLG13,0
5272bd1b-1e1d-4843-abc2-b50a9c638e28,Data Field,1,0,1,0,0,0,0.000419175612202355,0.00042918188634949206,0.0,0,0,0,DLG13,0
94afa8aa-45d4-4053-8743-9b55707d4d08,Data Field,1,0,1,0,0,0,0.000419175612202355,0.00042918188634949206,0.0,0,0,0,DLG13,0
7b84eeee-af02-4f16-b3ce-3bdb7b9d8e49,Data Field,1,0,1,0,0,0,0.000419175612202355,0.00042918188634949206,0.0,0,0,0,DLG13,0
4449aa0c-6d21-42ee-957c-1de773513955,Data Field,1,0,1,0,0,0,0.000419175612202355,0.00042918188634949206,0.0,0,0,0,DLG13,0
edd453ed-f24a-400c-ace3-0e71e8ce1229,Data Field,1,0,1,0,0,0,0.000419175612202355,0.00042918188634949206,0.0,0,0,0,DLG13,0
451b8de9-3bb9-4230-99a3-dd85856e131b,Data Field,1,0,1,0,0,0,0.000419175612202355,0.00042918188634949206,0.0,0,0,0,DLG13,0
ce990af2-e9ff-4226-85b4-984b04744bf6,Data Field,1,0,1,0,0,0,0.000419175612202355,0.00042918188634949206,0.0,0,0,0,DLG13,0
6ccb5170-f978-4354-83a1-1ed344ec7d60,Data Field,1,0,1,0,0,0,0.000419175612202355,0.00042918188634949206,0.0,0,0,0,DLG13,0
533fc1cf-57ee-454c-90d3-474497b10631,Data Field,1,0,1,0,0,0,0.000419175612202355,0.00042918188634949206,0.0,0,0,0,DLG13,0
9ef6066b-9364-4193-8fb4-90d60bda6494,Data Field,1,0,1,0,0,0,0.000419175612202355,0.00042918188634949206,0.0,0,0,0,DLG13,0
445fc04d-9da8-4cb6-95dd-afcd66060f19,Data Field,1,0,1,0,0,0,0.000419175612202355,0.00042918188634949206,0.0,0,0,0,DLG13,0
40b8c9c1-e728-44b5-8f2d-ecaad2aff1b3,Data Field,1,0,1,0,0,0,0.000419175612202355,0.00042918188634949206,0.0,0,0,0,DLG13,0
5792a07b-4ae4-46d2-8500-a940783f6eea,Data Field,1,0,1,0,0,0,0.000419175612202355,0.00042918188634949206,0.0,0,0,0,DLG13,0
bc56dabd-06e9-480d-9451-baa439f25cda,Data Field,1,0,1,0,0,0,0.000419175612202355,0.00042918188634949206,0.0,0,0,0,DLG13,0
3d56e8dd-b7ab-446e-a6fc-724aa4388d4b,Data Field,1,0,1,0,0,0,0.000419175612202355,0.00042918188634949206,0.0,0,0,0,DLG13,0
ded114b0-a2c2-46c5-aada-40dfb60b6101,Data Field,1,0,1,0,0,0,0.000419175612202355,0.00042918188634949206,0.0,0,0,0,DLG13,0
0ff1fd4a-b1a5-4d85-80f1-dbf51fecb698,Data Field,1,0,1,0,0,0,0.000419175612202355,0.00042918188634949206,0.0,0,0,0,DLG13,0
4256d4ec-55bc-4ca2-8870-07c36cee4402,Data Field,1,0,1,0,0,0,0.000419175612202355,0.00042918188634949206,0.0,0,0,0,DLG13,0
1a28038d-4c53-4454-bfc9-7209807d35bb,Data Field,1,0,1,0,0,0,0.000419175612202355,0.00042918188634949206,0.0,0,0,0,DLG13,0
9865d2b0-38c7-4219-a285-cbedeac0d74d,Data Field,1,0,1,0,0,0,0.000419175612202355,0.00042918188634949206,0.0,0,0,0,DLG13,0
c6da0038-5cdb-4c9a-9813-467523749476,Data Field,1,0,1,0,0,0,0.000419175612202355,0.00042918188634949206,0.0,0,0,0,DLG13,0
785982dd-e941-4c1f-ab01-f5fe24e273a1,Data Field,1,0,1,0,0,0,0.000419175612202355,0.00042918188634949206,0.0,0,0,0,DLG13,0
c6fe55c6-c90d-4aa9-8dff-8e2586822129,Data Table,1,10,11,1,1,9,0.0019994249851608336,0.0011052499846639881,1.8561484918793502e-05,2,37,0,DLG13,0
7caeaf11-4c23-4228-9994-9c69684ad6f9,Data Field,1,0,1,0,0,0,0.000419175612202355,0.00042918188634949206,0.0,0,0,0,DLG13,0
ddd7c716-031b-4847-963e-246c79441654,Data Field,1,0,1,0,0,0,0.000419175612202355,0.00042918188634949206,0.0,0,0,0,DLG13,0
78cec605-84bc-4f50-8449-52c0459f7e18,Data Table,1,12,13,1,0,12,0.0008186485073947967,0.00042918188634949206,0.0,0,2,0,DLG13,0
da993d3c-1f1e-4446-8e13-c98c89af79a5,Data Field,1,0,1,0,0,0,0.000419175612202355,0.00042918188634949206,0.0,0,0,0,DLG13,0
dac5f29d-c40b-47db-9bfa-e4f53a64bc04,Data Field,1,0,1,0,0,0,0.000419175612202355,0.00042918188634949206,0.0,0,0,0,DLG13,0
f67455a3-0f82-40e3-9f82-84fcedd24a12,Data Field,1,0,1,0,0,0,0.000419175612202355,0.00042918188634949206,0.0,0,0,0,DLG13,0
a64553c5-bd5d-442d-a9c8-ccb286e73f1c,Data Field,1,0,1,0,0,0,0.000419175612202355,0.00042918188634949206,0.0,0,0,0,DLG13,0
9818d4af-edc3-4af2-b7d9-6b4360db304f,Data Field,1,0,1,0,0,0,0.000419175612202355,0.00042918188634949206,0.0,0,0,0,DLG13,0
6e8a5044-9a66-42ab-894d-4b79c8001f28,Data Field,1,0,1,0,0,0,0.000419175612202355,0.00042918188634949206,0.0,0,0,0,DLG13,0
49e204ef-24a5-4672-86c6-0db56a118d5c,Data Field,1,0,1,0,0,0,0.000419175612202355,0.00042918188634949206,0.0,0,0,0,DLG13,0
61b5dd65-0167-455c-bfe2-a20b86089a0a,Data Field,1,0,1,0,0,0,0.000419175612202355,0.00042918188634949206,0.0,0,0,0,DLG13,0
3f736494-c655-4aff-af16-7cc44e875f28,Data Field,1,0,1,0,0,0,0.000419175612202355,0.00042918188634949206,0.0,0,0,0,DLG13,0
5a130f99-adb8-4120-9473-8f8b7d452a9d,Data Field,1,0,1,0,0,0,0.000419175612202355,0.00042918188634949206,0.0,0,0,0,DLG13,0
6f9c2f17-c463-446a-8211-7057ae3c7d30,Data Field,1,0,1,0,0,0,0.000419175612202355,0.00042918188634949206,0.0,0,0,0,DLG13,0
c0938c7e-c946-46ed-91b8-0568afaa1e0b,Data Field,1,0,1,0,0,0,0.000419175612202355,0.00042918188634949206,0.0,0,0,0,DLG13,0
fbd21751-2831-44cb-b4d5-cb3bd70a992e,Data Field,1,0,1,0,0,0,0.000419175612202355,0.00042918188634949206,0.0,0,0,0,DLG13,0
0dac2345-d038-4f34-b665-1326d8765b2c,Data Field,1,0,1,0,0,0,0.000419175612202355,0.00042918188634949206,0.0,0,0,0,DLG13,0
dd4ccaa7-3000-4a19-ad26-2da93b52b73b,Data Field,1,0,1,0,0,0,0.000419175612202355,0.00042918188634949206,0.0,0,0,0,DLG13,0
4e5dc4b3-5906-4712-be13-bb9acda97733,Data Job,1,1,2,1,1,0,0.00047005729429169465,0.0007942441162511701,0.0,1,1,0,DLG13,0
b531e142-d7d0-48ae-9820-c81ea3803ef9,Data Field,1,0,1,0,0,0,0.000419175612202355,0.00042918188634949206,0.0,0,0,0,DLG13,0
7ddea1df-2ada-48f0-8547-b77f720aa2ac,Data Field,1,0,1,0,0,0,0.000419175612202355,0.00042918188634949206,0.0,0,0,0,DLG13,0
ff2171a5-1702-4542-90f6-236695ed153b,Data Table,0,24,24,0,1,23,0.000419175612202355,0.00076721593550674,0.0,2,0,0,DLG13,0
241e5987-e291-4606-9854-ba099d239073,Data Field,1,0,1,0,0,0,0.000419175612202355,0.00042918188634949206,0.0,0,0,0,DLG13,0
35c1fc00-b05d-475f-b330-e81ae2264329,Data Field,1,0,1,0,0,0,0.000419175612202355,0.00042918188634949206,0.0,0,0,0,DLG13,0
fe330612-ff82-45c6-a4cb-2c9b05e14244,Data Field,1,0,1,0,0,0,0.000419175612202355,0.00042918188634949206,0.0,0,0,0,DLG13,0
145db469-cb4e-4a75-b338-f6f281e382de,Data Field,1,0,1,0,0,0,0.000419175612202355,0.00042918188634949206,0.0,0,0,0,DLG13,0
9c91c96e-77fa-4a17-b3a6-5f65d3965ffa,Data Field,1,0,1,0,0,0,0.000419175612202355,0.00042918188634949206,0.0,0,0,0,DLG13,0
2df660bd-6992-44bd-8d63-b23ad2cf0bda,Data Field,1,0,1,0,0,0,0.000419175612202355,0.00042918188634949206,0.0,0,0,0,DLG13,0
bace738f-4692-40c5-9a7a-e2a71724f15a,Data Field,1,0,1,0,0,0,0.000419175612202355,0.00042918188634949206,0.0,0,0,0,DLG13,0
42c365b2-37b2-420c-be57-3968a5613fe0,Data Field,1,0,1,0,0,0,0.000419175612202355,0.00042918188634949206,0.0,0,0,0,DLG13,0
9fd4f5ac-6ef0-402c-ace9-35925e8fa4d3,Data Table,0,8,8,0,2,6,0.000419175612202355,0.0006008817208420624,0.0,4,0,0,DLG13,0
721d45ad-4406-4690-aa85-aa8424691696,Data Table,1,19,20,1,0,19,0.0008359689556216223,0.00042918188634949206,0.0,0,2,0,DLG13,0
423d853a-4f62-4cea-8a60-27ac67008e5e,Data Job,2,1,3,2,1,0,0.0018507183996670183,0.0013707239838547697,2.7842227378190253e-05,3,36,0,DLG13,0
1b38c7e5-9b35-4d13-87ba-d3d7b37cf735,Data Job,1,1,2,1,1,0,0.0005082185558586994,0.0007942441162511701,0.0,1,1,0,DLG13,0
6d9c49c9-4f47-4b44-89ee-34e6514c683d,Data Field,1,0,1,0,0,0,0.000419175612202355,0.00042918188634949206,0.0,0,0,0,DLG13,0
799e7a7f-1545-4acb-8f4c-9736269d3388,Data Field,1,0,1,0,0,0,0.000419175612202355,0.00042918188634949206,0.0,0,0,0,DLG13,0
e544c420-4002-4ac5-acdc-b68cb67de2c4,Data Field,1,0,1,0,0,0,0.000419175612202355,0.00042918188634949206,0.0,0,0,0,DLG13,0
e3d8f0a3-5473-4ec1-9b71-643ee3298680,Data Field,1,0,1,0,0,0,0.000419175612202355,0.00042918188634949206,0.0,0,0,0,DLG13,0
c90cc98e-4f9e-4f2a-95a9-930b1f112cc3,Data Field,1,0,1,0,0,0,0.000419175612202355,0.00042918188634949206,0.0,0,0,0,DLG13,0
571bd366-943f-43d9-9013-75284acd1f67,Data Field,1,0,1,0,0,0,0.000419175612202355,0.00042918188634949206,0.0,0,0,0,DLG13,0
66c56baa-123b-4f07-ada4-3c5ce5fe460b,Data Field,1,0,1,0,0,0,0.000419175612202355,0.00042918188634949206,0.0,0,0,0,DLG13,0
f72872a9-8c26-4deb-9bb1-48c5619b8581,Data Table,0,9,9,0,2,7,0.000419175612202355,0.0011052499846639881,0.0,4,0,0,DLG13,0
229526cb-a886-4aef-8dcf-07e7326601a7,Data Field,1,0,1,0,0,0,0.000419175612202355,0.00042918188634949206,0.0,0,0,0,DLG13,0
7d731ceb-8af9-4691-8f3b-df752d74fce8,Data Field,1,0,1,0,0,0,0.000419175612202355,0.00042918188634949206,0.0,0,0,0,DLG13,0
96e2c8fc-6963-455b-a132-bb9e7476aba3,Data Field,1,0,1,0,0,0,0.000419175612202355,0.00042918188634949206,0.0,0,0,0,DLG13,0
697cdf35-65ea-40e1-998b-92d32473dda3,Data Field,1,0,1,0,0,0,0.000419175612202355,0.00042918188634949206,0.0,0,0,0,DLG13,0
532d4c1f-f8d3-42c9-b2b4-eb1a7350165c,Data Table,1,19,20,1,0,19,0.0008359689556216223,0.00042918188634949206,0.0,0,2,0,DLG13,0
d0c2958e-43a9-4c5b-8b49-9ec2fb587593,Data Field,1,0,1,0,0,0,0.000419175612202355,0.00042918188634949206,0.0,0,0,0,DLG13,0
7fc80795-d07f-4990-ae80-a6cd4962b265,Data Field,1,0,1,0,0,0,0.000419175612202355,0.00042918188634949206,0.0,0,0,0,DLG13,0
c141a5f9-8d88-4b85-ab11-ffb0b6ae31e1,Data Field,1,0,1,0,0,0,0.000419175612202355,0.00042918188634949206,0.0,0,0,0,DLG13,0
840da5d0-7f26-4f64-9cd8-c80b4faf6036,Data Field,1,0,1,0,0,0,0.000419175612202355,0.00042918188634949206,0.0,0,0,0,DLG13,0
d8201714-6d67-4c59-aee7-e7b0764c7925,Data Field,1,0,1,0,0,0,0.000419175612202355,0.00042918188634949206,0.0,0,0,0,DLG13,0
87f05124-e1c1-4bca-a3bd-d684b7660a1f,Data Field,1,0,1,0,0,0,0.000419175612202355,0.00042918188634949206,0.0,0,0,0,DLG13,0
333e44c1-9918-4140-87e1-53937a3cebb5,Data Field,1,0,1,0,0,0,0.000419175612202355,0.00042918188634949206,0.0,0,0,0,DLG13,0
3e497d21-6b6d-434e-835c-041ed4df787a,Data Field,1,0,1,0,0,0,0.000419175612202355,0.00042918188634949206,0.0,0,0,0,DLG13,0
53d7f6e7-2c3a-4f12-bcc1-92b5f4fcd83d,Data Field,1,0,1,0,0,0,0.000419175612202355,0.00042918188634949206,0.0,0,0,0,DLG13,0
4bd46660-77a8-4413-a05f-0cb29e984ce1,Data Job,1,1,2,1,1,0,0.0005378995370774809,0.0007942441162511701,0.0,1,1,0,DLG13,0
dbc80b59-9c5d-490a-8020-1de360e7580b,Data Field,1,0,1,0,0,0,0.000419175612202355,0.00042918188634949206,0.0,0,0,0,DLG13,0
285db3b9-53b3-497c-a76b-2a25e68a5333,Data Table,0,24,24,0,5,19,0.000419175612202355,0.0020175401773010024,0.0,34,0,0,DLG13,0
9881100f-65ac-4661-b422-8e768a9caaab,Data Field,1,0,1,0,0,0,0.000419175612202355,0.00042918188634949206,0.0,0,0,0,DLG13,0
dae33000-eb65-417a-b33a-37c671d7c77c,Data Field,1,0,1,0,0,0,0.000419175612202355,0.00042918188634949206,0.0,0,0,0,DLG13,0
0b1b3e8b-4a19-4944-8a95-5b91827ebc03,Data Field,1,0,1,0,0,0,0.000419175612202355,0.00042918188634949206,0.0,0,0,0,DLG13,0
943bdb6a-3d3c-491b-b7f9-d1a2f39ff12e,Data Field,1,0,1,0,0,0,0.000419175612202355,0.00042918188634949206,0.0,0,0,0,DLG13,0
23109a6d-edac-47dd-b889-34b2da878c47,Data Field,1,0,1,0,0,0,0.000419175612202355,0.00042918188634949206,0.0,0,0,0,DLG13,0
818f576c-4259-48c9-afbc-079eb87c51c5,Data Field,1,0,1,0,0,0,0.000419175612202355,0.00042918188634949206,0.0,0,0,0,DLG13,0
303540f0-6c38-454a-9500-08fc8ddd151b,Data Field,1,0,1,0,0,0,0.000419175612202355,0.00042918188634949206,0.0,0,0,0,DLG13,0
46017ac4-0311-4cb4-a924-4e8e56951ef2,Data Field,1,0,1,0,0,0,0.000419175612202355,0.00042918188634949206,0.0,0,0,0,DLG13,0
3a1c69b1-d746-4e72-8c34-045f18c477d7,Data Field,1,0,1,0,0,0,0.000419175612202355,0.00042918188634949206,0.0,0,0,0,DLG13,0
98b8adf4-a067-458e-875c-5721de2b6ba6,Data Job,8,1,9,8,1,0,0.0011001421241646845,0.0006351094591308929,9.280742459396751e-05,25,8,0,DLG13,0
6d3dba64-23b1-418e-9c74-a82505f90071,Data Field,1,0,1,0,0,0,0.000419175612202355,0.00042918188634949206,0.0,0,0,0,DLG13,0
7600e224-c5a1-4f57-85ef-aa3c700cb6d1,Data Field,1,0,1,0,0,0,0.000419175612202355,0.00042918188634949206,0.0,0,0,0,DLG13,0
4b9a91dc-1b50-484b-8260-3b6b9045b85f,Data Field,1,0,1,0,0,0,0.000419175612202355,0.00042918188634949206,0.0,0,0,0,DLG13,0
8f1b8687-4503-4c11-8be1-c2ee268053f3,Data Field,1,0,1,0,0,0,0.000419175612202355,0.00042918188634949206,0.0,0,0,0,DLG13,0
7c8cf55a-45fc-4606-a42f-1b4c4709c83d,Data Field,1,0,1,0,0,0,0.000419175612202355,0.00042918188634949206,0.0,0,0,0,DLG13,0
15cdd02a-8fdc-4b82-b7be-bde415e51068,Data Field,1,0,1,0,0,0,0.000419175612202355,0.00042918188634949206,0.0,0,0,0,DLG13,0
cce50643-bbbe-4c53-9d77-7cae86c76d75,Data Field,1,0,1,0,0,0,0.000419175612202355,0.00042918188634949206,0.0,0,0,0,DLG13,0
e3ffe738-0086-4a90-8fcc-cea0d5907342,Data Field,1,0,1,0,0,0,0.000419175612202355,0.00042918188634949206,0.0,0,0,0,DLG13,0
b1be0969-cab6-4412-bea9-77ff380c23cc,Data Field,1,0,1,0,0,0,0.000419175612202355,0.00042918188634949206,0.0,0,0,0,DLG13,0
5bc98f88-90e1-40cf-9b4e-7fbf02ee26a4,Data Field,1,0,1,0,0,0,0.000419175612202355,0.00042918188634949206,0.0,0,0,0,DLG13,0
675f5451-3bab-4cd9-8184-ca6018011011,Data Field,1,0,1,0,0,0,0.000419175612202355,0.00042918188634949206,0.0,0,0,0,DLG13,0
ec70fc44-be5e-4ad1-968f-91e2003b0337,Data Field,1,0,1,0,0,0,0.000419175612202355,0.00042918188634949206,0.0,0,0,0,DLG13,0
88d51ee6-a763-4a4f-9fe8-bd4aa5582d88,Data Field,1,0,1,0,0,0,0.000419175612202355,0.00042918188634949206,0.0,0,0,0,DLG13,0
a5b7bacc-0b94-40e9-a35b-e49b355ef9d5,Data Field,1,0,1,0,0,0,0.000419175612202355,0.00042918188634949206,0.0,0,0,0,DLG13,0
23c4142c-721b-4b6e-a713-c87465b8b833,Data Field,1,0,1,0,0,0,0.000419175612202355,0.00042918188634949206,0.0,0,0,0,DLG13,0
35093f94-3e6f-40dc-a728-2a8662f7f222,Data Field,1,0,1,0,0,0,0.000419175612202355,0.00042918188634949206,0.0,0,0,0,DLG13,0
e551bfe6-e74c-46d3-82c0-e7e80ac53628,Data Field,1,0,1,0,0,0,0.000419175612202355,0.00042918188634949206,0.0,0,0,0,DLG13,0
4a32878c-a09d-4a9b-bec1-298ea290d600,Data Field,1,0,1,0,0,0,0.000419175612202355,0.00042918188634949206,0.0,0,0,0,DLG13,0
5e8b9e39-969a-4b39-acf8-2002a6d09f31,Data Field,1,0,1,0,0,0,0.000419175612202355,0.00042918188634949206,0.0,0,0,0,DLG13,0
9987cb27-f525-4ec9-820a-d7f7f225bd2d,Data Field,1,0,1,0,0,0,0.000419175612202355,0.00042918188634949206,0.0,0,0,0,DLG13,0
6d460c7d-1cc9-440a-bf33-e103f0e9c962,Data Field,1,0,1,0,0,0,0.000419175612202355,0.00042918188634949206,0.0,0,0,0,DLG13,0
66c1f09b-419f-475f-af18-5061d44aab49,Data Field,1,0,1,0,0,0,0.000419175612202355,0.00042918188634949206,0.0,0,0,0,DLG13,0
664e04d0-c172-4608-8d1a-0a8ee5a7461e,Data Field,1,0,1,0,0,0,0.000419175612202355,0.00042918188634949206,0.0,0,0,0,DLG13,0
38a00892-62fd-4488-a67d-ee2f0d648bdc,Data Field,1,0,1,0,0,0,0.000419175612202355,0.00042918188634949206,0.0,0,0,0,DLG13,0
14fd0914-1441-49ec-a5ab-a41b05f2eadb,Data Field,1,0,1,0,0,0,0.000419175612202355,0.00042918188634949206,0.0,0,0,0,DLG13,0
bfdcc4d8-0482-4859-b73a-95be236bef1b,Data Table,1,23,24,1,0,23,0.0010784552307971803,0.00042918188634949206,0.0,0,3,0,DLG13,0
317d5c6b-d413-432f-a0b1-b0d4281010fd,Data Field,1,0,1,0,0,0,0.000419175612202355,0.00042918188634949206,0.0,0,0,0,DLG13,0
c78da246-58a1-4fdd-8099-ba90d4f27669,Data Field,1,0,1,0,0,0,0.000419175612202355,0.00042918188634949206,0.0,0,0,0,DLG13,0
d693777a-55b9-49a4-b77b-98487063097a,Data Field,1,0,1,0,0,0,0.000419175612202355,0.00042918188634949206,0.0,0,0,0,DLG13,0
224b61ee-80c5-4fd2-8c9e-a2bf2c05a4d2,Data Field,1,0,1,0,0,0,0.000419175612202355,0.00042918188634949206,0.0,0,0,0,DLG13,0
2dd7f8c3-f073-48b6-b927-ea5920490d0f,Data Field,1,0,1,0,0,0,0.000419175612202355,0.00042918188634949206,0.0,0,0,0,DLG13,0
c6c3154a-a513-4c18-91c5-4e8638f467e2,Data Field,1,0,1,0,0,0,0.000419175612202355,0.00042918188634949206,0.0,0,0,0,DLG13,0
39ab57c8-675f-4ab4-98e0-62519f0e88d7,Data Field,1,0,1,0,0,0,0.000419175612202355,0.00042918188634949206,0.0,0,0,0,DLG13,0
a15ad35c-2b7c-4511-a45c-5e81474b1763,Data Field,1,0,1,0,0,0,0.000419175612202355,0.00042918188634949206,0.0,0,0,0,DLG13,0
03f7a9af-9780-45dd-ab5f-cde892ae26d7,Data Field,1,0,1,0,0,0,0.000419175612202355,0.00042918188634949206,0.0,0,0,0,DLG13,0
4e449352-6632-401f-8775-8f3856be0f98,Data Field,1,0,1,0,0,0,0.000419175612202355,0.00042918188634949206,0.0,0,0,0,DLG13,0
3e08f7c8-12a9-4075-9954-a8b0b1429c09,Data Field,1,0,1,0,0,0,0.000419175612202355,0.00042918188634949206,0.0,0,0,0,DLG13,0
a381e110-2f87-4f09-b7a2-b71dc56399b8,Data Field,1,0,1,0,0,0,0.000419175612202355,0.00042918188634949206,0.0,0,0,0,DLG13,0
069f77be-d007-4d84-a740-eaca438848fe,Data Field,1,0,1,0,0,0,0.000419175612202355,0.00042918188634949206,0.0,0,0,0,DLG13,0
5b2d76da-0e74-4141-be59-0a19c28faa33,Data Field,1,0,1,0,0,0,0.000419175612202355,0.00042918188634949206,0.0,0,0,0,DLG13,0
febeb77f-d1f6-4ea5-b353-e624ff53511e,Data Field,1,0,1,0,0,0,0.000419175612202355,0.00042918188634949206,0.0,0,0,0,DLG13,0
9f34bb1d-abab-4cd5-8886-6cf338e1c23b,Data Field,1,0,1,0,0,0,0.000419175612202355,0.00042918188634949206,0.0,0,0,0,DLG13,0
057aa69e-c5e1-49a3-87b3-6432210e17b5,Data Field,1,0,1,0,0,0,0.000419175612202355,0.00042918188634949206,0.0,0,0,0,DLG13,0
475c3be5-2076-4c7a-b4f2-5437136823f8,Data Field,1,0,1,0,0,0,0.000419175612202355,0.00042918188634949206,0.0,0,0,0,DLG13,0
78090c6e-3c1f-4175-91b5-35d3352668c4,Data Field,1,0,1,0,0,0,0.000419175612202355,0.00042918188634949206,0.0,0,0,0,DLG13,0
516038c3-87fd-4c59-bc4f-06d7775c3279,Data Field,1,0,1,0,0,0,0.000419175612202355,0.00042918188634949206,0.0,0,0,0,DLG13,0
8f28421d-d78f-4494-bde9-cb205a4341ea,Data Field,1,0,1,0,0,0,0.000419175612202355,0.00042918188634949206,0.0,0,0,0,DLG13,0
09f9974e-ebc2-4b7f-8efa-aeaa0d06dde5,Data Field,1,0,1,0,0,0,0.000419175612202355,0.00042918188634949206,0.0,0,0,0,DLG13,0
31891499-4c2b-4469-9175-6c7ac1f66bae,Data Field,1,0,1,0,0,0,0.000419175612202355,0.00042918188634949206,0.0,0,0,0,DLG13,0
e8dd0e86-71f9-40b1-8ec9-b2877a04ac43,Data Field,1,0,1,0,0,0,0.000419175612202355,0.00042918188634949206,0.0,0,0,0,DLG13,0
0d3979ef-8abe-4b2b-83df-809d81dddcfa,Data Field,1,0,1,0,0,0,0.000419175612202355,0.00042918188634949206,0.0,0,0,0,DLG13,0
9f413b98-6685-48c7-980d-014c589fd21a,Data Job,1,1,2,1,1,0,0.002130775243304605,0.0007942441162511701,9.280742459396751e-06,1,38,0,DLG13,0
154f9504-134b-49ef-9eb1-f91c57326396,Data Field,1,0,1,0,0,0,0.000419175612202355,0.00042918188634949206,0.0,0,0,0,DLG13,0
d0206d3a-f689-492a-979c-44f1eae1fdc1,Data Field,1,0,1,0,0,0,0.000419175612202355,0.00042918188634949206,0.0,0,0,0,DLG13,0
fb237489-3774-4e62-aff0-453a1b662c6b,Data Field,1,0,1,0,0,0,0.000419175612202355,0.00042918188634949206,0.0,0,0,0,DLG13,0
1416cd92-aaff-4f85-9819-182ef99159e8,Data Field,1,0,1,0,0,0,0.000419175612202355,0.00042918188634949206,0.0,0,0,0,DLG13,0
bedc8171-ffc3-446e-ab2f-eb21498d5a12,Data Field,1,0,1,0,0,0,0.000419175612202355,0.00042918188634949206,0.0,0,0,0,DLG13,0
6e006672-b48b-4294-be66-1c8025fa842f,Data Field,1,0,1,0,0,0,0.000419175612202355,0.00042918188634949206,0.0,0,0,0,DLG13,0
0146f1b0-af63-4e25-858f-d902487dac3d,Data Field,1,0,1,0,0,0,0.000419175612202355,0.00042918188634949206,0.0,0,0,0,DLG13,0
d8afbf59-48e1-4d1c-9356-5712e184bd32,Data Field,1,0,1,0,0,0,0.000419175612202355,0.00042918188634949206,0.0,0,0,0,DLG13,0
bd8b5753-03f4-48bc-9de1-3e1fc8d5b60b,Data Field,1,0,1,0,0,0,0.000419175612202355,0.00042918188634949206,0.0,0,0,0,DLG13,0
055c3b34-8fce-4a4b-baf7-e9d6b23f981d,Data Field,1,0,1,0,0,0,0.000419175612202355,0.00042918188634949206,0.0,0,0,0,DLG13,0
e99f928a-943a-430c-a3c4-8b2464902f2a,Data Field,1,0,1,0,0,0,0.000419175612202355,0.00042918188634949206,0.0,0,0,0,DLG13,0
d50d57a5-187a-4926-a806-85eb2371932c,Data Field,1,0,1,0,0,0,0.000419175612202355,0.00042918188634949206,0.0,0,0,0,DLG13,0
8c788b11-2fd1-4e90-802e-fee2a3481294,Data Field,1,0,1,0,0,0,0.000419175612202355,0.00042918188634949206,0.0,0,0,0,DLG13,0
74f01da1-8cb2-42a1-b627-d4ec3f75c99e,Data Field,1,0,1,0,0,0,0.000419175612202355,0.00042918188634949206,0.0,0,0,0,DLG13,0
f4fb1575-a836-4d3d-93ba-34331e48dd78,Data Field,1,0,1,0,0,0,0.000419175612202355,0.00042918188634949206,0.0,0,0,0,DLG13,0
1ab9ea27-2fb9-493a-902e-8979095c6e61,Data Field,1,0,1,0,0,0,0.000419175612202355,0.00042918188634949206,0.0,0,0,0,DLG13,0
993549e4-44ac-4c5c-80f9-ec43cc97139e,Data Table,1,9,10,1,0,9,0.0022166527376771797,0.00042918188634949206,0.0,0,39,0,DLG13,0
d02eaf11-bad3-4cc8-86a8-35ec0ef06d18,Data Job,2,1,3,2,1,0,0.0018507183996670183,0.0013707239838547697,2.7842227378190253e-05,3,36,0,DLG13,0
aea61475-b49a-43da-a552-39e1bb55b60d,Data Field,1,0,1,0,0,0,0.000419175612202355,0.00042918188634949206,0.0,0,0,0,DLG13,0
4b5caf55-6745-4926-a57d-615fa3d692dd,Data Field,1,0,1,0,0,0,0.000419175612202355,0.00042918188634949206,0.0,0,0,0,DLG13,0
fdc279b9-fac7-4822-b223-0913cac0c114,Data Field,1,0,1,0,0,0,0.000419175612202355,0.00042918188634949206,0.0,0,0,0,DLG13,0
031d4443-4ded-451a-b11a-ccc1c9434c83,Data Field,1,0,1,0,0,0,0.000419175612202355,0.00042918188634949206,0.0,0,0,0,DLG13,0
b12b0393-aebd-43ca-9715-7b187f0a511e,Data Field,1,0,1,0,0,0,0.000419175612202355,0.00042918188634949206,0.0,0,0,0,DLG13,0
41e27390-fcdc-48f6-9957-d0d272d5f996,Data Table,1,12,13,1,0,12,0.0008186485073947967,0.00042918188634949206,0.0,0,2,0,DLG13,0
0d108538-73e4-4a06-bac5-afe7aefb77ba,Data Field,1,0,1,0,0,0,0.000419175612202355,0.00042918188634949206,0.0,0,0,0,DLG13,0
186df0b4-7106-4df7-b744-63dde7e96fee,Data Field,1,0,1,0,0,0,0.000419175612202355,0.00042918188634949206,0.0,0,0,0,DLG13,0
4d0444f3-6bb4-4e7d-b595-7fb6cd162fec,Data Field,1,0,1,0,0,0,0.000419175612202355,0.00042918188634949206,0.0,0,0,0,DLG13,0
77b4baaf-90ff-4aae-ac76-052ab3236a1f,Data Field,1,0,1,0,0,0,0.000419175612202355,0.00042918188634949206,0.0,0,0,0,DLG13,0
b162dac4-d36d-44da-a1c5-44ee5159b927,Data Field,1,0,1,0,0,0,0.000419175612202355,0.00042918188634949206,0.0,0,0,0,DLG13,0
059647e2-0afb-4909-8c0a-a17d158211d2,Data Field,1,0,1,0,0,0,0.000419175612202355,0.00042918188634949206,0.0,0,0,0,DLG13,0
0f533e0f-ac6f-41ea-a42b-dbc32f3cbf73,Data Field,1,0,1,0,0,0,0.000419175612202355,0.00042918188634949206,0.0,0,0,0,DLG13,0
d76e5caa-454c-4772-9d38-d188f791f190,Data Field,1,0,1,0,0,0,0.000419175612202355,0.00042918188634949206,0.0,0,0,0,DLG13,0
96bc1a5c-0930-4d43-8b80-a78fb104c2f1,Data Field,1,0,1,0,0,0,0.000419175612202355,0.00042918188634949206,0.0,0,0,0,DLG13,0
de1db6ba-55db-43a1-93db-5d55a3feaeef,Data Field,1,0,1,0,0,0,0.000419175612202355,0.00042918188634949206,0.0,0,0,0,DLG13,0
41d884a5-09b1-407a-8148-fe1ab02b4148,Data Field,1,0,1,0,0,0,0.000419175612202355,0.00042918188634949206,0.0,0,0,0,DLG13,0
9e4c5412-8cc5-41c2-86b3-13a25766f08d,Data Field,1,0,1,0,0,0,0.000419175612202355,0.00042918188634949206,0.0,0,0,0,DLG13,0
dab01770-0a63-4864-9381-c18eb9939db5,Data Field,1,0,1,0,0,0,0.000419175612202355,0.00042918188634949206,0.0,0,0,0,DLG13,0
39855e09-c6fe-4d3a-b8e6-989ca44be639,Data Field,1,0,1,0,0,0,0.000419175612202355,0.00042918188634949206,0.0,0,0,0,DLG13,0
50241d90-3330-4321-a307-872bf76f6110,Data Field,1,0,1,0,0,0,0.000419175612202355,0.00042918188634949206,0.0,0,0,0,DLG13,0
bfa4e38a-a16d-49d0-927d-5e39e382c44d,Data Field,1,0,1,0,0,0,0.000419175612202355,0.00042918188634949206,0.0,0,0,0,DLG13,0
aafa4844-45a4-4042-b53a-c6b9d465894e,Data Field,1,0,1,0,0,0,0.000419175612202355,0.00042918188634949206,0.0,0,0,0,DLG13,0
de2a34f2-cebf-4a42-a0d1-54657d04f1b8,Data Job,9,1,10,9,1,0,0.001782804692196659,0.0007942441162511701,4.6403712296983755e-06,1,9,0,DLG13,0
652e36ea-03d7-4646-a0c0-258c1002d2f8,Data Field,1,0,1,0,0,0,0.000419175612202355,0.00042918188634949206,0.0,0,0,0,DLG13,0
e0c5e856-21a4-4608-a023-78776325d16f,Data Field,1,0,1,0,0,0,0.000419175612202355,0.00042918188634949206,0.0,0,0,0,DLG13,0
ad974b6d-398e-433d-bf77-238204488082,Data Field,1,0,1,0,0,0,0.000419175612202355,0.00042918188634949206,0.0,0,0,0,DLG13,0
16cd4952-163b-412b-8995-94fb68e876f6,Data Field,1,0,1,0,0,0,0.000419175612202355,0.00042918188634949206,0.0,0,0,0,DLG13,0
f3ef69b7-7928-4ea0-a562-2890aff081bc,Data Field,1,0,1,0,0,0,0.000419175612202355,0.00042918188634949206,0.0,0,0,0,DLG13,0
c496ae67-d30f-42d9-8a72-28b30a9f0833,Data Table,0,9,9,0,1,8,0.000419175612202355,0.0006839971469190318,0.0,14,0,0,DLG13,0
ff197d53-fa22-49c3-a9d5-9979617530b4,Data Field,1,0,1,0,0,0,0.000419175612202355,0.00042918188634949206,0.0,0,0,0,DLG13,0
30632f87-4bb6-4843-beda-c5130e81721d,Data Field,1,0,1,0,0,0,0.000419175612202355,0.00042918188634949206,0.0,0,0,0,DLG13,0
b716952e-b34a-4fb5-a56f-a23cd2273852,Data Field,1,0,1,0,0,0,0.000419175612202355,0.00042918188634949206,0.0,0,0,0,DLG13,0
f166dc13-2a8f-4e0c-a312-c91204949db2,Data Field,1,0,1,0,0,0,0.000419175612202355,0.00042918188634949206,0.0,0,0,0,DLG13,0
4adaa4fb-b07a-4b9f-bbcf-b5f7da76fe82,Data Field,1,0,1,0,0,0,0.000419175612202355,0.00042918188634949206,0.0,0,0,0,DLG13,0
86245453-d208-4260-8c8a-8ed299d1bb51,Data Table,1,17,18,1,0,17,0.0019358174180250454,0.00042918188634949206,0.0,0,10,0,DLG13,1
20b05965-1a8e-4de5-99c1-645d8255eb37,Data Field,1,0,1,0,0,0,0.000419175612202355,0.00042918188634949206,0.0,0,0,0,DLG13,0
1e2de67f-1ac2-4adc-8dea-78ca29308f20,Data Field,1,0,1,0,0,0,0.000419175612202355,0.00042918188634949206,0.0,0,0,0,DLG13,0
fbc13648-237c-4291-bebb-4a00eaec5590,Data Field,1,0,1,0,0,0,0.000419175612202355,0.00042918188634949206,0.0,0,0,0,DLG13,0
a4d7c025-bc8c-4116-9fc1-7eaafe346071,Data Field,1,0,1,0,0,0,0.000419175612202355,0.00042918188634949206,0.0,0,0,0,DLG13,0
3c84dc3a-b9c4-4e5b-94b2-213db96554d5,Data Job,2,1,3,2,1,0,0.0007753473868277327,0.0007942441162511701,0.0,1,2,0,DLG13,0
1e32c4e2-4135-4dc7-818f-e6d50539bb52,Data Field,1,0,1,0,0,0,0.000419175612202355,0.00042918188634949206,0.0,0,0,0,DLG13,0
5e881f0b-ab27-468b-b4c3-aeb482f905e5,Data Field,1,0,1,0,0,0,0.000419175612202355,0.00042918188634949206,0.0,0,0,0,DLG13,0
c1ad7dd8-3b5d-4be1-be51-a3aeb7cefbee,Data Field,1,0,1,0,0,0,0.000419175612202355,0.00042918188634949206,0.0,0,0,0,DLG13,0
138ae3fa-c61d-48a7-b166-1b27236d7cf0,Data Field,1,0,1,0,0,0,0.000419175612202355,0.00042918188634949206,0.0,0,0,0,DLG13,0
c78ada1c-8865-4b04-b546-bb30e40b80c5,Data Field,1,0,1,0,0,0,0.000419175612202355,0.00042918188634949206,0.0,0,0,0,DLG13,0
b16fd8a6-55c4-4600-b7e2-67ba83b0377c,Data Field,1,0,1,0,0,0,0.000419175612202355,0.00042918188634949206,0.0,0,0,0,DLG13,0
b8ddb231-3045-4f04-a3b5-a70ffc9e2c4e,Data Field,1,0,1,0,0,0,0.000419175612202355,0.00042918188634949206,0.0,0,0,0,DLG13,0
83ad7039-9db5-4245-af61-1929d7e49ef1,Data Field,1,0,1,0,0,0,0.000419175612202355,0.00042918188634949206,0.0,0,0,0,DLG13,0
6cba0af1-bbde-4a24-8499-7446a266c628,Data Field,1,0,1,0,0,0,0.000419175612202355,0.00042918188634949206,0.0,0,0,0,DLG13,0
82819695-96a3-409e-b536-101cadb2f964,Data Field,1,0,1,0,0,0,0.000419175612202355,0.00042918188634949206,0.0,0,0,0,DLG13,0
b71a6dde-4492-4a7e-89cb-583a53336f74,Data Field,1,0,1,0,0,0,0.000419175612202355,0.00042918188634949206,0.0,0,0,0,DLG13,0
c55674d8-3714-4c9e-9c46-9145005e660a,Data Field,1,0,1,0,0,0,0.000419175612202355,0.00042918188634949206,0.0,0,0,0,DLG13,0
a5aba009-45bd-4267-8e33-c7acecdad5de,Data Field,1,0,1,0,0,0,0.000419175612202355,0.00042918188634949206,0.0,0,0,0,DLG13,0
16c86582-3f56-4d18-b347-a1bf8451548d,Data Field,1,0,1,0,0,0,0.000419175612202355,0.00042918188634949206,0.0,0,0,0,DLG13,0
669c0f94-0373-4bcd-ba7f-3c0ee771df5b,Data Field,1,0,1,0,0,0,0.000419175612202355,0.00042918188634949206,0.0,0,0,0,DLG13,0
9a96ea38-a17b-40ed-bae9-bb497a7a9d5d,Data Field,1,0,1,0,0,0,0.000419175612202355,0.00042918188634949206,0.0,0,0,0,DLG13,0
33941064-fbc7-4d50-bd4c-797fb1d663a2,Data Field,1,0,1,0,0,0,0.000419175612202355,0.00042918188634949206,0.0,0,0,0,DLG13,0
8c451860-6b57-479e-95ab-9cb339c6e09c,Data Field,1,0,1,0,0,0,0.000419175612202355,0.00042918188634949206,0.0,0,0,0,DLG13,0
86345bdf-7daf-4ffc-b878-15b4e793ae67,Data Field,1,0,1,0,0,0,0.000419175612202355,0.00042918188634949206,0.0,0,0,0,DLG13,0
ec7febeb-71c8-4dd7-9ed1-45005b621792,Data Field,1,0,1,0,0,0,0.000419175612202355,0.00042918188634949206,0.0,0,0,0,DLG13,0
e4f72cc4-e184-42d8-a8fa-8a9809fe8956,Data Field,1,0,1,0,0,0,0.000419175612202355,0.00042918188634949206,0.0,0,0,0,DLG13,0
a0a3aa88-51ec-4c54-b02a-bbc75768fc4a,Data Field,1,0,1,0,0,0,0.000419175612202355,0.00042918188634949206,0.0,0,0,0,DLG13,0
49f1e023-328b-4e61-a40d-ddf8907baeb5,Data Field,1,0,1,0,0,0,0.000419175612202355,0.00042918188634949206,0.0,0,0,0,DLG13,0
d790e0ab-4e2c-411c-b200-3ec47ae0010c,Data Field,1,0,1,0,0,0,0.000419175612202355,0.00042918188634949206,0.0,0,0,0,DLG13,0
f7c010a3-9eab-4c84-bd18-c512c82085c5,Data Field,1,0,1,0,0,0,0.000419175612202355,0.00042918188634949206,0.0,0,0,0,DLG13,0
98ba1aa2-3771-44d2-91aa-f1f69c9bdde7,Data Field,1,0,1,0,0,0,0.000419175612202355,0.00042918188634949206,0.0,0,0,0,DLG13,0
ffd28ea3-3784-45b2-87fa-99214ba15137,Data Table,0,19,19,0,7,12,0.000419175612202355,0.002209650173270991,0.0,34,0,0,DLG13,1
913a343f-669a-4494-883e-1868f86ebf35,Data Field,1,0,1,0,0,0,0.000419175612202355,0.00042918188634949206,0.0,0,0,0,DLG13,0
077879db-acdc-4f56-9d34-6fbd18fc1549,Data Field,1,0,1,0,0,0,0.000419175612202355,0.00042918188634949206,0.0,0,0,0,DLG13,0
e71d75d2-a346-4f7a-961e-3bef8f2e722d,Data Field,1,0,1,0,0,0,0.000419175612202355,0.00042918188634949206,0.0,0,0,0,DLG13,0
3031d758-f6a7-471a-966e-2277a4f4185e,Data Field,1,0,1,0,0,0,0.000419175612202355,0.00042918188634949206,0.0,0,0,0,DLG13,0
3653e620-8e2b-42af-9393-98fb2ee98c16,Data Field,1,0,1,0,0,0,0.000419175612202355,0.00042918188634949206,0.0,0,0,0,DLG13,0
cedc1a70-5481-464f-aec4-819f126fe012,Data Field,1,0,1,0,0,0,0.000419175612202355,0.00042918188634949206,0.0,0,0,0,DLG13,0
c5923b0e-dde0-409b-b2c9-ea156477416d,Data Field,1,0,1,0,0,0,0.000419175612202355,0.00042918188634949206,0.0,0,0,0,DLG13,0
1b725657-a9c7-4870-97e7-a699dfab58bc,Data Field,1,0,1,0,0,0,0.000419175612202355,0.00042918188634949206,0.0,0,0,0,DLG13,0
86c41310-0210-42fb-8945-7d776ef4d2ef,Data Field,1,0,1,0,0,0,0.000419175612202355,0.00042918188634949206,0.0,0,0,0,DLG13,0
5e548295-e4b1-49e9-9b31-b47f59e82cee,Data Field,1,0,1,0,0,0,0.000419175612202355,0.00042918188634949206,0.0,0,0,0,DLG13,0
c4c7c1ea-fa6c-437a-bf0c-96e3ae8cdf15,Data Field,1,0,1,0,0,0,0.000419175612202355,0.00042918188634949206,0.0,0,0,0,DLG13,0
4745be8e-a740-4d25-b68f-0cd493fc8f60,Data Field,1,0,1,0,0,0,0.000419175612202355,0.00042918188634949206,0.0,0,0,0,DLG13,0
5dfa8cb4-043d-4461-929e-50c4b7eb2984,Data Field,1,0,1,0,0,0,0.000419175612202355,0.00042918188634949206,0.0,0,0,0,DLG13,0
7ac9897c-297b-4e0c-b648-feedc9e84519,Data Field,1,0,1,0,0,0,0.000419175612202355,0.00042918188634949206,0.0,0,0,0,DLG13,0
86f99fd0-cfe3-4e1d-8b84-e2e233c3f3ad,Data Table,0,14,14,0,2,12,0.000419175612202355,0.0006212918823194804,0.0,5,0,0,DLG13,0
3d738b8e-19ca-42e8-a22b-c1f81cc9bb58,Data Field,1,0,1,0,0,0,0.000419175612202355,0.00042918188634949206,0.0,0,0,0,DLG13,0
ac3e5f4d-6154-440d-8524-c95b6be891fc,Data Table,1,20,21,1,1,19,0.0019994249851608336,0.0011052499846639881,1.8561484918793502e-05,2,37,0,DLG13,0
f80db29f-7d61-4664-bad2-87900311510c,Data Field,1,0,1,0,0,0,0.000419175612202355,0.00042918188634949206,0.0,0,0,0,DLG13,0
8feb2a68-2f49-4340-9d8f-73c219639908,Data Field,1,0,1,0,0,0,0.000419175612202355,0.00042918188634949206,0.0,0,0,0,DLG13,0
015c54a0-d92f-42cb-833d-7668600cf211,Data Field,1,0,1,0,0,0,0.000419175612202355,0.00042918188634949206,0.0,0,0,0,DLG13,0
b55f4e66-541e-442c-9985-ad111dc89f13,Data Field,1,0,1,0,0,0,0.000419175612202355,0.00042918188634949206,0.0,0,0,0,DLG13,0
d2bf266c-c9ad-4502-9a48-4873f53c3ba4,Data Field,1,0,1,0,0,0,0.000419175612202355,0.00042918188634949206,0.0,0,0,0,DLG13,0
0db6d5a9-4fae-481d-8d79-2e3bb8e07ff3,Data Field,1,0,1,0,0,0,0.000419175612202355,0.00042918188634949206,0.0,0,0,0,DLG13,0
ab4d1c39-5087-4170-a281-cc56a32fa1a2,Data Field,1,0,1,0,0,0,0.000419175612202355,0.00042918188634949206,0.0,0,0,0,DLG13,0
4ae62a9a-3d1a-40cf-9039-22dc4635f4b5,Data Field,1,0,1,0,0,0,0.000419175612202355,0.00042918188634949206,0.0,0,0,0,DLG13,0
6b5caae4-5513-46b9-a7c8-202947cd8285,Data Field,1,0,1,0,0,0,0.000419175612202355,0.00042918188634949206,0.0,0,0,0,DLG13,0
4bba39ab-af32-40e0-911e-fc88970be9e7,Data Field,1,0,1,0,0,0,0.000419175612202355,0.00042918188634949206,0.0,0,0,0,DLG13,0
e8f0a89a-9bf2-44b0-9f81-86b43feb5fda,Data Field,1,0,1,0,0,0,0.000419175612202355,0.00042918188634949206,0.0,0,0,0,DLG13,0
d9da89b8-5e11-4384-98b4-0cbf0ba71234,Data Field,1,0,1,0,0,0,0.000419175612202355,0.00042918188634949206,0.0,0,0,0,DLG13,0
38c2e09e-eff2-414b-93f9-25615542eedc,Data Job,3,1,4,3,1,0,0.0020288042869797073,0.0007942441162511701,9.280742459396751e-06,1,37,0,DLG13,0
d2a9504b-0f5d-4b48-80f9-7c9c4c8dec0f,Data Field,1,0,1,0,0,0,0.000419175612202355,0.00042918188634949206,0.0,0,0,0,DLG13,0
04d29711-a5a8-4d9d-aabf-2e110cb127f9,Data Field,1,0,1,0,0,0,0.000419175612202355,0.00042918188634949206,0.0,0,0,0,DLG13,0
0378b5da-9efe-48db-9d84-5c3b69c091de,Data Field,1,0,1,0,0,0,0.000419175612202355,0.00042918188634949206,0.0,0,0,0,DLG13,0
ae04f8de-e0d5-4afc-bb3f-45390d9749fb,Data Field,1,0,1,0,0,0,0.000419175612202355,0.00042918188634949206,0.0,0,0,0,DLG13,0
b360f73a-4d81-4d78-86f2-124f0d3b65e2,Data Field,1,0,1,0,0,0,0.000419175612202355,0.00042918188634949206,0.0,0,0,0,DLG13,0
c41c20d7-90d7-4896-8e0f-a96ffcee220e,Data Field,1,0,1,0,0,0,0.000419175612202355,0.00042918188634949206,0.0,0,0,0,DLG13,0
31ead275-cb42-4dcf-b85f-181c42acba75,Data Table,1,23,24,1,0,23,0.00296037369914549,0.00042918188634949206,0.0,0,35,0,DLG13,0
a91a0f0e-811e-45e7-8b6f-5078adfa043e,Data Field,1,0,1,0,0,0,0.000419175612202355,0.00042918188634949206,0.0,0,0,0,DLG13,0
cefe8d01-3591-47f7-bd00-36e5addd45a6,Data Field,1,0,1,0,0,0,0.000419175612202355,0.00042918188634949206,0.0,0,0,0,DLG13,0
8bbd7886-47db-48d9-9b48-4153b13cf096,Data Field,1,0,1,0,0,0,0.000419175612202355,0.00042918188634949206,0.0,0,0,0,DLG13,0
3e3ca39d-93ea-4745-b197-a84423042ab1,Data Field,1,0,1,0,0,0,0.000419175612202355,0.00042918188634949206,0.0,0,0,0,DLG13,0
c88cc75c-89ca-4938-998d-302a2331e615,Data Field,1,0,1,0,0,0,0.000419175612202355,0.00042918188634949206,0.0,0,0,0,DLG13,0
d9881cf1-4020-464f-b02d-7cb149712939,Data Table,0,9,9,0,1,8,0.000419175612202355,0.0006839971469190318,0.0,14,0,0,DLG13,0
327cb989-613a-4e77-abce-298fcf843d28,Data Field,1,0,1,0,0,0,0.000419175612202355,0.00042918188634949206,0.0,0,0,0,DLG13,0
9bdcb3d4-0500-4395-9911-3103303315f3,Data Field,1,0,1,0,0,0,0.000419175612202355,0.00042918188634949206,0.0,0,0,0,DLG13,0
0fd4e17f-d09b-49d9-9bfd-92176e5c5c09,Data Field,1,0,1,0,0,0,0.000419175612202355,0.00042918188634949206,0.0,0,0,0,DLG13,0
0817929d-9c0f-41bd-a75c-3bd1a16e1812,Data Field,1,0,1,0,0,0,0.000419175612202355,0.00042918188634949206,0.0,0,0,0,DLG13,0
6add61c7-f36a-4d07-9850-2bd5e2cdac41,Data Field,1,0,1,0,0,0,0.000419175612202355,0.00042918188634949206,0.0,0,0,0,DLG13,0
f4616aba-326d-4f88-9383-936a58d0fc68,Data Field,1,0,1,0,0,0,0.000419175612202355,0.00042918188634949206,0.0,0,0,0,DLG13,0
0c8be110-a248-4766-be73-406530f7640f,Data Field,1,0,1,0,0,0,0.000419175612202355,0.00042918188634949206,0.0,0,0,0,DLG13,0
203dba48-6baa-4ee4-9957-a70903c2439f,Data Field,1,0,1,0,0,0,0.000419175612202355,0.00042918188634949206,0.0,0,0,0,DLG13,0
2f5e9ec1-a2d3-43f8-8e70-ed6fd359cf16,Data Field,1,0,1,0,0,0,0.000419175612202355,0.00042918188634949206,0.0,0,0,0,DLG13,0
be40b034-df0b-4eb1-a615-17dee7d658b9,Data Field,1,0,1,0,0,0,0.000419175612202355,0.00042918188634949206,0.0,0,0,0,DLG13,0
fc20995e-5b4a-4922-927f-139d577276f5,Data Field,1,0,1,0,0,0,0.000419175612202355,0.00042918188634949206,0.0,0,0,0,DLG13,0
52b98773-9b65-4e53-afa4-25c50d67e354,Data Field,1,0,1,0,0,0,0.000419175612202355,0.00042918188634949206,0.0,0,0,0,DLG13,0
73d7f30d-dfec-409d-b309-a952c412e82a,Data Field,1,0,1,0,0,0,0.000419175612202355,0.00042918188634949206,0.0,0,0,0,DLG13,0
29805e36-a57f-4968-aafc-0d2b20188055,Data Field,1,0,1,0,0,0,0.000419175612202355,0.00042918188634949206,0.0,0,0,0,DLG13,0
ccf3427e-4128-4d56-8c64-9c1e3020da25,Data Field,1,0,1,0,0,0,0.000419175612202355,0.00042918188634949206,0.0,0,0,0,DLG13,0
5f2d6f94-7349-428d-bb15-ac5cf48e85a2,Data Field,1,0,1,0,0,0,0.000419175612202355,0.00042918188634949206,0.0,0,0,0,DLG13,0
c215499b-6fae-425a-b316-f16c46ae7df0,Data Field,1,0,1,0,0,0,0.000419175612202355,0.00042918188634949206,0.0,0,0,0,DLG13,0
20a0177c-d024-4b6d-9445-dd578aa1c38f,Data Field,1,0,1,0,0,0,0.000419175612202355,0.00042918188634949206,0.0,0,0,0,DLG13,0
80216ad0-a4f5-4b46-addd-59cfc6ab4edc,Data Field,1,0,1,0,0,0,0.000419175612202355,0.00042918188634949206,0.0,0,0,0,DLG13,0
ab1993c7-a367-4e96-be8d-5c3b3bce6c7e,Data Field,1,0,1,0,0,0,0.000419175612202355,0.00042918188634949206,0.0,0,0,0,DLG13,0
fc6b4ba0-0fbc-4b67-932e-b3efc947bdad,Data Field,1,0,1,0,0,0,0.000419175612202355,0.00042918188634949206,0.0,0,0,0,DLG13,0
f032cdf5-65b1-47a2-8c6f-db57b96578be,Data Field,1,0,1,0,0,0,0.000419175612202355,0.00042918188634949206,0.0,0,0,0,DLG13,0
aacde72e-d9b5-41ff-9e5a-35e1ddd178ea,Data Field,1,0,1,0,0,0,0.000419175612202355,0.00042918188634949206,0.0,0,0,0,DLG13,0
ed92c93f-fc3a-4b68-b7c4-d37566f52f36,Data Field,1,0,1,0,0,0,0.000419175612202355,0.00042918188634949206,0.0,0,0,0,DLG13,0
f49f1506-ebec-4f6d-98ad-3da09fee83e4,Data Field,1,0,1,0,0,0,0.000419175612202355,0.00042918188634949206,0.0,0,0,0,DLG13,0
a6e1f18f-57ca-439d-92e8-c53509026800,Data Field,1,0,1,0,0,0,0.000419175612202355,0.00042918188634949206,0.0,0,0,0,DLG13,0
26374842-4370-4ca0-b584-f480a8546952,Data Field,1,0,1,0,0,0,0.000419175612202355,0.00042918188634949206,0.0,0,0,0,DLG13,0
dd4f2adf-29b1-4620-b760-a4389d01361e,Data Field,1,0,1,0,0,0,0.000419175612202355,0.00042918188634949206,0.0,0,0,0,DLG13,0
efcc6453-12dd-4164-a4a6-a3631c8f116e,Data Field,1,0,1,0,0,0,0.000419175612202355,0.00042918188634949206,0.0,0,0,0,DLG13,0
11386fee-dad6-4e6b-8baf-f97b51bec476,Data Field,1,0,1,0,0,0,0.000419175612202355,0.00042918188634949206,0.0,0,0,0,DLG13,0
73060ae4-8677-48de-a46b-88371a042e16,Data Field,1,0,1,0,0,0,0.000419175612202355,0.00042918188634949206,0.0,0,0,0,DLG13,0
fcf3fc91-e9cd-42ba-a60c-fae6bd224461,Data Field,1,0,1,0,0,0,0.000419175612202355,0.00042918188634949206,0.0,0,0,0,DLG13,0
52f3e667-606a-4d16-b4d5-b64d83a01b69,Data Field,1,0,1,0,0,0,0.000419175612202355,0.00042918188634949206,0.0,0,0,0,DLG13,0
d0a571bb-d94f-40b3-8a2c-b6231b3789c0,Data Field,1,0,1,0,0,0,0.000419175612202355,0.00042918188634949206,0.0,0,0,0,DLG13,0
9f513dd1-a702-4622-a9e3-a013a11337c0,Data Field,1,0,1,0,0,0,0.000419175612202355,0.00042918188634949206,0.0,0,0,0,DLG13,0
0aaeff21-0f1b-4791-a27e-f5803d367a87,Data Field,1,0,1,0,0,0,0.000419175612202355,0.00042918188634949206,0.0,0,0,0,DLG13,0
6657a324-414d-4f40-a02f-fa44bebdb441,Data Field,1,0,1,0,0,0,0.000419175612202355,0.00042918188634949206,0.0,0,0,0,DLG13,0
96ea84b2-a8a3-4e09-a4d2-8dbd4bd6c56d,Data Job,8,1,9,8,1,0,0.003374684503482486,0.0025753442749856317,2.7842227378190253e-05,13,34,0,DLG13,0
fc8ce22b-7319-4a32-9310-21810cafe9c1,Data Field,1,0,1,0,0,0,0.000419175612202355,0.00042918188634949206,0.0,0,0,0,DLG13,0
48d888e6-164e-4e85-92c7-be956506f503,Data Field,1,0,1,0,0,0,0.000419175612202355,0.00042918188634949206,0.0,0,0,0,DLG13,0
f957feb6-c12f-4194-83d2-65ae83c1f1b1,Data Field,1,0,1,0,0,0,0.000419175612202355,0.00042918188634949206,0.0,0,0,0,DLG13,0
bd5a4244-4665-43f1-a0db-c6b61a8986d5,Data Field,1,0,1,0,0,0,0.000419175612202355,0.00042918188634949206,0.0,0,0,0,DLG13,0
7882186b-d5ab-4c24-aaec-b153b763ce7d,Data Field,1,0,1,0,0,0,0.000419175612202355,0.00042918188634949206,0.0,0,0,0,DLG13,0
6572e7e5-cef9-4873-abc9-88a047204e47,Data Field,1,0,1,0,0,0,0.000419175612202355,0.00042918188634949206,0.0,0,0,0,DLG13,0
91cf808d-93f0-4f2f-8824-d907d6be233c,Data Field,1,0,1,0,0,0,0.000419175612202355,0.00042918188634949206,0.0,0,0,0,DLG13,0
6be0f8a3-2cf3-415c-991a-f293366d4c30,Data Field,1,0,1,0,0,0,0.000419175612202355,0.00042918188634949206,0.0,0,0,0,DLG13,0
3ab3bb4f-57df-4557-9906-31ece6cd0403,Data Field,1,0,1,0,0,0,0.000419175612202355,0.00042918188634949206,0.0,0,0,0,DLG13,0
0e25cc38-6f49-48c0-b68b-10473ee168c0,Data Field,1,0,1,0,0,0,0.000419175612202355,0.00042918188634949206,0.0,0,0,0,DLG13,0
4b1fe83b-dec6-46a3-b368-8d59821f8b01,Data Field,1,0,1,0,0,0,0.000419175612202355,0.00042918188634949206,0.0,0,0,0,DLG13,0
7318a38e-87e8-48af-a595-d73fa98ec9c8,Data Field,1,0,1,0,0,0,0.000419175612202355,0.00042918188634949206,0.0,0,0,0,DLG13,0
22cc540c-5187-42dc-aea2-2cce7b533cc4,Data Field,1,0,1,0,0,0,0.000419175612202355,0.00042918188634949206,0.0,0,0,0,DLG13,0
ce39153c-06d3-4bb2-822e-da62a1731edc,Data Field,1,0,1,0,0,0,0.000419175612202355,0.00042918188634949206,0.0,0,0,0,DLG13,0
0625b7a7-2373-404d-8ef5-b43faff94db7,Data Field,1,0,1,0,0,0,0.000419175612202355,0.00042918188634949206,0.0,0,0,0,DLG13,0
18e0d216-8ac7-4b8d-ab70-1ce423cc7ed8,Data Field,1,0,1,0,0,0,0.000419175612202355,0.00042918188634949206,0.0,0,0,0,DLG13,0
b99dde08-dc26-4a67-a310-85d89d1cce7b,Data Field,1,0,1,0,0,0,0.000419175612202355,0.00042918188634949206,0.0,0,0,0,DLG13,0
07516166-c618-45a9-b6c8-5cb84503c571,Data Field,1,0,1,0,0,0,0.000419175612202355,0.00042918188634949206,0.0,0,0,0,DLG13,0
47f88c5e-a4ec-4944-a49a-cbf7901a445e,Data Field,1,0,1,0,0,0,0.000419175612202355,0.00042918188634949206,0.0,0,0,0,DLG13,0
7f0c638f-a5f3-4231-9159-1b6e15b90827,Data Field,1,0,1,0,0,0,0.000419175612202355,0.00042918188634949206,0.0,0,0,0,DLG13,0
b423ede8-a81e-4101-a7df-903955f5caa8,Data Field,1,0,1,0,0,0,0.000419175612202355,0.00042918188634949206,0.0,0,0,0,DLG13,0
b4e35b2f-a01b-4749-8d24-52bf7e66ec47,Data Field,1,0,1,0,0,0,0.000419175612202355,0.00042918188634949206,0.0,0,0,0,DLG13,0
0b4348ae-e59b-470c-92c1-a5c297528feb,Data Field,1,0,1,0,0,0,0.000419175612202355,0.00042918188634949206,0.0,0,0,0,DLG13,0
4a20ba0d-bf1d-42fd-96c2-fe67ee453ea0,Data Field,1,0,1,0,0,0,0.000419175612202355,0.00042918188634949206,0.0,0,0,0,DLG13,0
d0970b68-f00b-4343-b39b-dc8651ea6fd9,Data Field,1,0,1,0,0,0,0.000419175612202355,0.00042918188634949206,0.0,0,0,0,DLG13,0
1d7a5e1c-21ed-40ff-8293-8eabc5b90491,Data Field,1,0,1,0,0,0,0.000419175612202355,0.00042918188634949206,0.0,0,0,0,DLG13,0
a7495dcd-2ddd-4e6a-822c-3c8387eb75da,Data Field,1,0,1,0,0,0,0.000419175612202355,0.00042918188634949206,0.0,0,0,0,DLG13,0
f7610cb0-e5dc-484f-9fa7-e7683e2543e8,Data Field,1,0,1,0,0,0,0.000419175612202355,0.00042918188634949206,0.0,0,0,0,DLG13,0
41f4d23a-2be2-4758-84f3-5c3c2b879129,Data Field,1,0,1,0,0,0,0.000419175612202355,0.00042918188634949206,0.0,0,0,0,DLG13,0
c1b25b4c-9141-4dd2-8850-2c3d12a5ecf0,Data Field,1,0,1,0,0,0,0.000419175612202355,0.00042918188634949206,0.0,0,0,0,DLG13,0
60b02ec7-e8b4-4d1d-8109-b1d696e3f7ae,Data Field,1,0,1,0,0,0,0.000419175612202355,0.00042918188634949206,0.0,0,0,0,DLG13,0
a988b5f6-203e-4b75-a173-b5abfaa74acf,Data Field,1,0,1,0,0,0,0.000419175612202355,0.00042918188634949206,0.0,0,0,0,DLG13,0
6a30c232-e496-4bd3-9c09-56e00d6c63a7,Data Field,1,0,1,0,0,0,0.000419175612202355,0.00042918188634949206,0.0,0,0,0,DLG13,0
eeaf109b-5b5c-4c8d-b951-07c218dd8243,Data Field,1,0,1,0,0,0,0.000419175612202355,0.00042918188634949206,0.0,0,0,0,DLG13,0
582e9b72-cf3d-4de4-860e-2ed13b5b0300,Data Field,1,0,1,0,0,0,0.000419175612202355,0.00042918188634949206,0.0,0,0,0,DLG13,0
2039e947-ee49-4e82-a312-ead2cec40e6e,Data Field,1,0,1,0,0,0,0.000419175612202355,0.00042918188634949206,0.0,0,0,0,DLG13,0
f9b661c0-2f39-4e03-a461-6db156b0ea3b,Data Field,1,0,1,0,0,0,0.000419175612202355,0.00042918188634949206,0.0,0,0,0,DLG13,0
02920e31-8251-4c0f-953b-7471d7159e7b,Data Field,1,0,1,0,0,0,0.000419175612202355,0.00042918188634949206,0.0,0,0,0,DLG13,0
54f96508-b9ac-4c97-b322-3082800c07ea,Data Field,1,0,1,0,0,0,0.000419175612202355,0.00042918188634949206,0.0,0,0,0,DLG13,0
5a39ce59-c668-459a-a9c6-e78ba10ff829,Data Table,1,12,13,1,0,12,0.0008186485073947967,0.00042918188634949206,0.0,0,2,0,DLG13,0
85583600-1652-4b43-aab8-2e7a260b5a6c,Data Field,1,0,1,0,0,0,0.000419175612202355,0.00042918188634949206,0.0,0,0,0,DLG13,0
c690e4e9-bea6-4bf9-bb56-e700c53a1261,Data Table,1,27,28,1,0,27,0.0021509789071455575,0.00042918188634949206,0.0,0,38,0,DLG13,0
60a5361a-2dc9-48a0-ae2f-8ec30c0c8121,Data Field,1,0,1,0,0,0,0.000419175612202355,0.00042918188634949206,0.0,0,0,0,DLG13,0
bd9bd320-42c4-413a-8957-609cc6a584b9,Data Field,1,0,1,0,0,0,0.000419175612202355,0.00042918188634949206,0.0,0,0,0,DLG13,0
18f51e79-1f60-45d6-bb7a-3d2a12b0f194,Data Field,1,0,1,0,0,0,0.000419175612202355,0.00042918188634949206,0.0,0,0,0,DLG13,0
e4b93443-4396-4a32-bcff-2a1f1b45bbbe,Data Field,1,0,1,0,0,0,0.000419175612202355,0.00042918188634949206,0.0,0,0,0,DLG13,0
eb2dbdc6-1ee3-4b8a-92e6-2b7fa431d52f,Data Field,1,0,1,0,0,0,0.000419175612202355,0.00042918188634949206,0.0,0,0,0,DLG13,0
cab58466-d666-4e4c-be99-209e552fc11d,Data Table,1,13,14,1,4,9,0.003292520457805618,0.0025024237552937166,1.8561484918793502e-05,12,35,0,DLG13,1
3be08a2a-ca7d-4635-b0d1-745fc9773be2,Data Field,1,0,1,0,0,0,0.000419175612202355,0.00042918188634949206,0.0,0,0,0,DLG13,0
5106b8b1-830f-4cc6-9990-e044cdd5596c,Data Field,1,0,1,0,0,0,0.000419175612202355,0.00042918188634949206,0.0,0,0,0,DLG13,0
f36ef513-ffc4-4513-9309-4f0b1fbb1bc5,Data Field,1,0,1,0,0,0,0.000419175612202355,0.00042918188634949206,0.0,0,0,0,DLG13,0
1cfa8739-5c4f-4d6c-a957-1d624e41fc8f,Data Field,1,0,1,0,0,0,0.000419175612202355,0.00042918188634949206,0.0,0,0,0,DLG13,0
9efe670f-7c9d-445e-93e6-cf57f78c6943,Data Field,1,0,1,0,0,0,0.000419175612202355,0.00042918188634949206,0.0,0,0,0,DLG13,0
446f02c1-3cee-48bd-afb3-fd368b69393f,Data Field,1,0,1,0,0,0,0.000419175612202355,0.00042918188634949206,0.0,0,0,0,DLG13,0
44cafd77-6e11-465f-9c59-adbeb025acf7,Data Field,1,0,1,0,0,0,0.000419175612202355,0.00042918188634949206,0.0,0,0,0,DLG13,0
9d824560-2d7d-4ed7-8936-10131e490824,Data Field,1,0,1,0,0,0,0.000419175612202355,0.00042918188634949206,0.0,0,0,0,DLG13,0
d416916b-de9d-4d5d-a10d-28d8f871f0a6,Data Field,1,0,1,0,0,0,0.000419175612202355,0.00042918188634949206,0.0,0,0,0,DLG13,0
6286f6bc-4554-4654-aaff-344c72762907,Data Field,1,0,1,0,0,0,0.000419175612202355,0.00042918188634949206,0.0,0,0,0,DLG13,0
5ab0b310-fcd5-45c3-a6d5-41bab13d3049,Data Field,1,0,1,0,0,0,0.000419175612202355,0.00042918188634949206,0.0,0,0,0,DLG13,0
4a5e13e3-c22d-479b-a2bf-73fb3e8d0ada,Data Field,1,0,1,0,0,0,0.000419175612202355,0.00042918188634949206,0.0,0,0,0,DLG13,0
4caf0719-125f-4219-8e31-cdf986facfd5,Data Field,1,0,1,0,0,0,0.000419175612202355,0.00042918188634949206,0.0,0,0,0,DLG13,0
e423cbc6-8377-466f-89ea-d83130dc8349,Data Field,1,0,1,0,0,0,0.000419175612202355,0.00042918188634949206,0.0,0,0,0,DLG13,0
fa82af82-cd19-4a93-88ee-5aad68999a4b,Data Field,1,0,1,0,0,0,0.000419175612202355,0.00042918188634949206,0.0,0,0,0,DLG13,0
85162c0f-3487-4f17-a32d-6eb135bb696f,Data Field,1,0,1,0,0,0,0.000419175612202355,0.00042918188634949206,0.0,0,0,0,DLG13,0
dekz1vz2-5vum-tfbn-630u-tawm049e8vpv,Data Field,1,0,1,0,0,0,0.000419175612202355,0.00042918188634949206,0.0,0,0,0,DLG13,0
rltcrm7h-d27t-eu1z-yqag-lr4yje2ah43g,Data Field,1,0,1,0,0,0,0.000419175612202355,0.00042918188634949206,0.0,0,0,0,DLG13,0
wndfu573-uwcl-2i4a-nd79-yhrhg4vbgero,Data Field,1,0,1,0,0,0,0.000419175612202355,0.00042918188634949206,0.0,0,0,0,DLG13,0
w9wqv3li-d9b1-uxw1-0yi3-7uemis6g5gkw,Data Field,1,0,1,0,0,0,0.000419175612202355,0.00042918188634949206,0.0,0,0,0,DLG13,0
ipjeo04l-0zq4-gz0r-hflf-th7magpah6iy,Data Field,1,0,1,0,0,0,0.000419175612202355,0.00042918188634949206,0.0,0,0,0,DLG13,0
7p01bgw0-p09e-sjbr-73o4-6h9m1ncsdq58,Data Field,1,0,1,0,0,0,0.000419175612202355,0.00042918188634949206,0.0,0,0,0,DLG13,0
au2349up-s3ek-7w11-tezw-1sldvaylg2rl,Data Field,1,0,1,0,0,0,0.000419175612202355,0.00042918188634949206,0.0,0,0,0,DLG13,0
a14wsm5n-byme-n0b0-yj59-wsjmrlsx9sxh,Data Field,1,0,1,0,0,0,0.000419175612202355,0.00042918188634949206,0.0,0,0,0,DLG13,0
i6j1rdgp-xxt0-ujg9-3wlb-7z2r0c1dfsji,Data Field,1,0,1,0,0,0,0.000419175612202355,0.00042918188634949206,0.0,0,0,0,DLG13,0
4ussnz5x-lev0-jk8j-d78q-ddvb4zbcyw92,Data Field,1,0,1,0,0,0,0.000419175612202355,0.00042918188634949206,0.0,0,0,0,DLG13,0
bligw56l-xea0-9in9-ryky-wel05xmws8d8,Data Field,1,0,1,0,0,0,0.000419175612202355,0.00042918188634949206,0.0,0,0,0,DLG13,0
i1s8ay3p-hdxg-agu3-kxeb-63ege5e68lwf,Data Field,1,0,1,0,0,0,0.000419175612202355,0.00042918188634949206,0.0,0,0,0,DLG13,0
ju9nn9vz-hb47-5wi9-8jm3-d40n01kzopc2,Data Field,1,0,1,0,0,0,0.000419175612202355,0.00042918188634949206,0.0,0,0,0,DLG13,0
vp4vv5wa-2hrl-v66o-ikww-r2uvtrcxwpym,Data Field,1,0,1,0,0,0,0.000419175612202355,0.00042918188634949206,0.0,0,0,0,DLG13,0
6fvbof28-5rqf-hq6e-e7ju-vqttuweh4u6t,Data Field,1,0,1,0,0,0,0.000419175612202355,0.00042918188634949206,0.0,0,0,0,DLG13,0
datii8tk-r97r-sbty-34wc-ojl50td6crsh,Data Field,1,0,1,0,0,0,0.000419175612202355,0.00042918188634949206,0.0,0,0,0,DLG13,0
pd9e0s41-hlq5-hi1n-jg82-5wfu71ewpzs5,Data Field,1,0,1,0,0,0,0.000419175612202355,0.00042918188634949206,0.0,0,0,0,DLG13,0
skam3g58-ju7x-2qek-27c4-9slcc48z4w4w,Data Field,1,0,1,0,0,0,0.000419175612202355,0.00042918188634949206,0.0,0,0,0,DLG13,0
63ed506b-b5d3-42a9-ba4e-8449fe108390,Data Field,1,0,1,0,0,0,0.001610786040873157,0.001664540448277002,0.0,0,0,0,DLG15,0
bffddfbf-8deb-4a41-ac8f-030d6006e242,Data Job,13,1,14,13,1,0,0.01940504319184452,0.01735799578073851,0.000755589424331271,18,13,0,DLG15,0
633066e6-6396-4bdd-bb4a-fbf6d4bc6086,Data Field,1,0,1,0,0,0,0.001610786040873157,0.001664540448277002,0.0,0,0,0,DLG15,0
6dd2ba3f-6257-4e76-ad92-a12f029ce799,Data Field,1,0,1,0,0,0,0.001610786040873157,0.001664540448277002,0.0,0,0,0,DLG15,0
ac611f13-dd5c-43db-9cb7-6047c6545d6e,Data Field,1,0,1,0,0,0,0.001610786040873157,0.001664540448277002,0.0,0,0,0,DLG15,0
cd328234-466d-4f98-b8f7-afeceaa77bc4,Data Field,1,0,1,0,0,0,0.001610786040873157,0.001664540448277002,0.0,0,0,0,DLG15,0
adba1248-b56b-407a-827f-33d190a9ce31,Data Field,1,0,1,0,0,0,0.001610786040873157,0.001664540448277002,0.0,0,0,0,DLG15,0
2f96b911-2601-4742-89ad-3cf6ccc0e0c2,Data Field,1,0,1,0,0,0,0.001610786040873157,0.001664540448277002,0.0,0,0,0,DLG15,0
9895f744-34c1-4cf3-81a1-6f340af71f4f,Data Field,1,0,1,0,0,0,0.001610786040873157,0.001664540448277002,0.0,0,0,0,DLG15,0
0d8e0d9b-9629-4296-8326-75db7b2c483a,Data Field,1,0,1,0,0,0,0.001610786040873157,0.001664540448277002,0.0,0,0,0,DLG15,0
a7b42994-d157-4654-a94f-974db432b208,Data Field,1,0,1,0,0,0,0.001610786040873157,0.001664540448277002,0.0,0,0,0,DLG15,0
cdfbdd3a-f8de-4fa2-8e93-e9cceabdba56,Data Field,1,0,1,0,0,0,0.001610786040873157,0.001664540448277002,0.0,0,0,0,DLG15,0
ae1d9e66-f196-4daf-b9ea-35f6f5531cee,Data Field,1,0,1,0,0,0,0.001610786040873157,0.001664540448277002,0.0,0,0,0,DLG15,0
d08d10c1-8ee8-4c6f-98d7-78d3b74ce2fa,Data Field,1,0,1,0,0,0,0.001610786040873157,0.001664540448277002,0.0,0,0,0,DLG15,0
aa4adce9-5e9f-451d-8a80-7e5ad5d1f487,Data Field,1,0,1,0,0,0,0.001610786040873157,0.001664540448277002,0.0,0,0,0,DLG15,0
88b8b995-d00e-42d1-acff-24a6328300b6,Data Field,1,0,1,0,0,0,0.001610786040873157,0.001664540448277002,0.0,0,0,0,DLG15,0
bade1fd8-7004-47dd-8fb2-12af2f1b8cd6,Data Table,0,28,28,0,1,27,0.001610786040873157,0.002802576969167181,0.0,19,0,0,DLG15,0
33a6abdd-f076-45bf-b365-841a8d7a4c1e,Data Field,1,0,1,0,0,0,0.001610786040873157,0.001664540448277002,0.0,0,0,0,DLG15,0
4497be07-cc4a-49cf-86f3-1d24eed89838,Data Field,1,0,1,0,0,0,0.001610786040873157,0.001664540448277002,0.0,0,0,0,DLG15,0
abd50856-f33e-40a8-b920-b2919ac5f99b,Data Field,1,0,1,0,0,0,0.001610786040873157,0.001664540448277002,0.0,0,0,0,DLG15,0
0db71aeb-e6a0-481c-94a2-7e5063bbd720,Data Field,1,0,1,0,0,0,0.001610786040873157,0.001664540448277002,0.0,0,0,0,DLG15,0
d5ebff63-5e0e-4828-9f56-a5c0ca9ebbc4,Data Field,1,0,1,0,0,0,0.001610786040873157,0.001664540448277002,0.0,0,0,0,DLG15,0
19dd0071-d46f-4df4-a273-3d64bad003ea,Data Field,1,0,1,0,0,0,0.001610786040873157,0.001664540448277002,0.0,0,0,0,DLG15,0
c228e315-5c15-4010-b210-d2611664f568,Data Field,1,0,1,0,0,0,0.001610786040873157,0.001664540448277002,0.0,0,0,0,DLG15,0
9ddc2225-7800-42f8-80b7-4b969f850359,Data Field,1,0,1,0,0,0,0.001610786040873157,0.001664540448277002,0.0,0,0,0,DLG15,0
012f4cef-98b2-438a-acd9-56b641305d73,Data Field,1,0,1,0,0,0,0.001610786040873157,0.001664540448277002,0.0,0,0,0,DLG15,0
c5cc7182-ae29-4dc4-a480-b751b144b120,Data Field,1,0,1,0,0,0,0.001610786040873157,0.001664540448277002,0.0,0,0,0,DLG15,0
9897ca16-192b-4cc9-9d29-9e0fcf70fb58,Data Field,1,0,1,0,0,0,0.001610786040873157,0.001664540448277002,0.0,0,0,0,DLG15,0
02779ad8-eb9b-4a06-97cb-e0d72695f596,Data Field,1,0,1,0,0,0,0.001610786040873157,0.001664540448277002,0.0,0,0,0,DLG15,0
9abe4fee-d96b-4aee-9115-683b2c618517,Data Field,1,0,1,0,0,0,0.001610786040873157,0.001664540448277002,0.0,0,0,0,DLG15,0
944eb936-56e5-4ec2-9b42-8f97b32d0192,Data Field,1,0,1,0,0,0,0.001610786040873157,0.001664540448277002,0.0,0,0,0,DLG15,0
b16d4254-f394-4037-89b6-72e7c438766d,Data Field,1,0,1,0,0,0,0.001610786040873157,0.001664540448277002,0.0,0,0,0,DLG15,0
5820154a-8a3a-40ff-a269-3ea65acfb6e4,Data Field,1,0,1,0,0,0,0.001610786040873157,0.001664540448277002,0.0,0,0,0,DLG15,0
3863029f-62fa-4f4c-840e-21ba704d7ec7,Data Field,1,0,1,0,0,0,0.001610786040873157,0.001664540448277002,0.0,0,0,0,DLG15,0
b5ca11fa-a099-4cb2-a918-984cbc41cbc4,Data Field,1,0,1,0,0,0,0.001610786040873157,0.001664540448277002,0.0,0,0,0,DLG15,0
347e3149-b78d-4bed-8972-3692e704d486,Data Field,1,0,1,0,0,0,0.001610786040873157,0.001664540448277002,0.0,0,0,0,DLG15,0
2346239b-6563-49d2-b755-6cf906749778,Data Field,1,0,1,0,0,0,0.001610786040873157,0.001664540448277002,0.0,0,0,0,DLG15,0
58863aa2-1c4e-4518-9a79-449f3316abfd,Data Field,1,0,1,0,0,0,0.001610786040873157,0.001664540448277002,0.0,0,0,0,DLG15,0
9caeeff3-06a5-4ea9-8e0b-b07d67ec3bae,Data Field,1,0,1,0,0,0,0.001610786040873157,0.001664540448277002,0.0,0,0,0,DLG15,0
db439b33-b9e3-4dde-ae89-1a3d9f6b7965,Data Field,1,0,1,0,0,0,0.001610786040873157,0.001664540448277002,0.0,0,0,0,DLG15,0
f67a71d0-bf78-481a-aa47-71d9b2367d60,Data Field,1,0,1,0,0,0,0.001610786040873157,0.001664540448277002,0.0,0,0,0,DLG15,0
85dc0e32-8364-43f7-9186-499f1b215bdb,Data Field,1,0,1,0,0,0,0.001610786040873157,0.001664540448277002,0.0,0,0,0,DLG15,0
ca0a1650-70a5-4684-9748-698218a3bdd8,Data Field,1,0,1,0,0,0,0.001610786040873157,0.001664540448277002,0.0,0,0,0,DLG15,0
134791c9-80dd-48c9-a303-53dcd4a61477,Data Field,1,0,1,0,0,0,0.001610786040873157,0.001664540448277002,0.0,0,0,0,DLG15,0
c3ae488c-96a1-45a5-8dd3-6ea9343f739b,Data Field,1,0,1,0,0,0,0.001610786040873157,0.001664540448277002,0.0,0,0,0,DLG15,0
52ff5f95-32c3-477c-ae56-fb6a07fe743e,Data Field,1,0,1,0,0,0,0.001610786040873157,0.001664540448277002,0.0,0,0,0,DLG15,0
e6fedffe-4412-4b9f-97d2-80ee542b2813,Data Field,1,0,1,0,0,0,0.001610786040873157,0.001664540448277002,0.0,0,0,0,DLG15,0
328f8de0-c837-41ae-a1ab-40783236ba69,Data Field,1,0,1,0,0,0,0.001610786040873157,0.001664540448277002,0.0,0,0,0,DLG15,0
ee880e7e-da04-49bd-8ca5-09989f8d24ba,Data Field,1,0,1,0,0,0,0.001610786040873157,0.001664540448277002,0.0,0,0,0,DLG15,0
c09d3dfa-1834-49e1-80f2-1432fa012d5a,Data Field,1,0,1,0,0,0,0.001610786040873157,0.001664540448277002,0.0,0,0,0,DLG15,0
212556f1-3f1d-4299-b2ce-50caa2f44aa4,Data Field,1,0,1,0,0,0,0.001610786040873157,0.001664540448277002,0.0,0,0,0,DLG15,0
3b3ee0c6-3255-4afb-900b-7dfcd13cc8b9,Data Field,1,0,1,0,0,0,0.001610786040873157,0.001664540448277002,0.0,0,0,0,DLG15,0
8d4659dc-4af7-44af-b9e2-e5a76b3ef785,Data Field,1,0,1,0,0,0,0.001610786040873157,0.001664540448277002,0.0,0,0,0,DLG15,0
5f2b60cb-3af2-4d85-b40f-dcd012fc30aa,Data Field,1,0,1,0,0,0,0.001610786040873157,0.001664540448277002,0.0,0,0,0,DLG15,0
fa5cd1bd-4031-4b00-99ae-f552573eb171,Data Field,1,0,1,0,0,0,0.001610786040873157,0.001664540448277002,0.0,0,0,0,DLG15,0
83adb19c-d315-4216-916d-464d68efc774,Data Table,0,26,26,0,1,25,0.001610786040873157,0.002802576969167181,0.0,19,0,0,DLG15,0
ff93b28d-8c43-4eae-9edf-11210bb8b274,Data Field,1,0,1,0,0,0,0.001610786040873157,0.001664540448277002,0.0,0,0,0,DLG15,0
f1982c2f-ac5c-4eff-b8a0-69c556e2579e,Data Field,1,0,1,0,0,0,0.001610786040873157,0.001664540448277002,0.0,0,0,0,DLG15,0
88ece838-8c66-44cb-b145-3a5cb5bc4d8b,Data Field,1,0,1,0,0,0,0.001610786040873157,0.001664540448277002,0.0,0,0,0,DLG15,0
ac9252b7-ea45-4817-8549-e903232e02b1,Data Field,1,0,1,0,0,0,0.001610786040873157,0.001664540448277002,0.0,0,0,0,DLG15,0
10347795-272c-49e9-9fee-b5706512e4cf,Data Field,1,0,1,0,0,0,0.001610786040873157,0.001664540448277002,0.0,0,0,0,DLG15,0
828c201f-6c69-4601-acf0-34ba21bea164,Data Field,1,0,1,0,0,0,0.001610786040873157,0.001664540448277002,0.0,0,0,0,DLG15,0
c376ba82-6a0f-4ba9-86b2-e76dba09c1af,Data Field,1,0,1,0,0,0,0.001610786040873157,0.001664540448277002,0.0,0,0,0,DLG15,0
7377432a-12c2-4406-a912-48fe759a6e02,Data Field,1,0,1,0,0,0,0.001610786040873157,0.001664540448277002,0.0,0,0,0,DLG15,0
566164ce-4a0a-4e5f-80ca-aff3b55d6288,Data Field,1,0,1,0,0,0,0.001610786040873157,0.001664540448277002,0.0,0,0,0,DLG15,0
320627d1-0817-4194-8183-c39a691f9921,Data Field,1,0,1,0,0,0,0.001610786040873157,0.001664540448277002,0.0,0,0,0,DLG15,0
8e68ef37-0672-449b-850a-4bb4836bea91,Data Field,1,0,1,0,0,0,0.001610786040873157,0.001664540448277002,0.0,0,0,0,DLG15,0
b20bfa46-6309-42d0-81a3-79d4a7da0b44,Data Field,1,0,1,0,0,0,0.001610786040873157,0.001664540448277002,0.0,0,0,0,DLG15,0
8819395e-583f-46ea-b094-d154055fe186,Data Field,1,0,1,0,0,0,0.001610786040873157,0.001664540448277002,0.0,0,0,0,DLG15,0
bbca0c37-e36f-463f-b659-4ca91b971487,Data Field,1,0,1,0,0,0,0.001610786040873157,0.001664540448277002,0.0,0,0,0,DLG15,0
536d1452-fa1f-4453-b42b-88abed0eba3b,Data Field,1,0,1,0,0,0,0.001610786040873157,0.001664540448277002,0.0,0,0,0,DLG15,0
f8e393d4-6931-4616-8018-cbadc142ec30,Data Field,1,0,1,0,0,0,0.001610786040873157,0.001664540448277002,0.0,0,0,0,DLG15,0
f8c14488-29f1-479b-9a43-4ba3bdedceb1,Data Field,1,0,1,0,0,0,0.001610786040873157,0.001664540448277002,0.0,0,0,0,DLG15,0
d2869adf-3070-44c5-87b9-dea0d3d116cb,Data Field,1,0,1,0,0,0,0.001610786040873157,0.001664540448277002,0.0,0,0,0,DLG15,0
8b9c5a79-3da3-4d88-b8ae-9950eda064bb,Data Field,1,0,1,0,0,0,0.001610786040873157,0.001664540448277002,0.0,0,0,0,DLG15,0
7ad0fa5a-4204-47f2-8f84-563fca177fd9,Data Field,1,0,1,0,0,0,0.001610786040873157,0.001664540448277002,0.0,0,0,0,DLG15,0
8b531bbe-36c9-4dc3-9474-8ff0da6f1105,Data Field,1,0,1,0,0,0,0.001610786040873157,0.001664540448277002,0.0,0,0,0,DLG15,0
04083f47-0017-433d-ab17-a42ffb853eac,Data Field,1,0,1,0,0,0,0.001610786040873157,0.001664540448277002,0.0,0,0,0,DLG15,0
6b6079d8-116a-4e21-b0d4-be71dca36b83,Data Field,1,0,1,0,0,0,0.001610786040873157,0.001664540448277002,0.0,0,0,0,DLG15,0
0a7b1a95-a332-44a9-bb94-debf1cc666ea,Data Field,1,0,1,0,0,0,0.001610786040873157,0.001664540448277002,0.0,0,0,0,DLG15,0
de842cdb-c776-4470-8d27-c9f7495a8133,Data Field,1,0,1,0,0,0,0.001610786040873157,0.001664540448277002,0.0,0,0,0,DLG15,0
d01d9d5f-53de-4b8a-8edf-40c7f5c2fa1d,Data Field,1,0,1,0,0,0,0.001610786040873157,0.001664540448277002,0.0,0,0,0,DLG15,0
a7bb4cdd-0ea0-497a-b551-71193a903567,Data Field,1,0,1,0,0,0,0.001610786040873157,0.001664540448277002,0.0,0,0,0,DLG15,0
9e88837d-446a-4857-bb0d-17eb52476a1b,Data Field,1,0,1,0,0,0,0.001610786040873157,0.001664540448277002,0.0,0,0,0,DLG15,0
d67550fd-4a0b-4cbb-9d90-810561794f47,Data Field,1,0,1,0,0,0,0.001610786040873157,0.001664540448277002,0.0,0,0,0,DLG15,0
bb064a6f-de00-46cf-a3a9-bcc14c4cd60f,Data Field,1,0,1,0,0,0,0.001610786040873157,0.001664540448277002,0.0,0,0,0,DLG15,0
972281d6-59bc-4971-880e-f79ad1ca5e90,Data Field,1,0,1,0,0,0,0.001610786040873157,0.001664540448277002,0.0,0,0,0,DLG15,0
efdf2844-5959-4a63-8ae7-6e4728f54cd6,Data Field,1,0,1,0,0,0,0.001610786040873157,0.001664540448277002,0.0,0,0,0,DLG15,0
d4cdfad8-d5c5-428a-a40e-142ef6c179be,Data Field,1,0,1,0,0,0,0.001610786040873157,0.001664540448277002,0.0,0,0,0,DLG15,0
30590c70-7165-4f55-b0af-36b391abb05a,Data Field,1,0,1,0,0,0,0.001610786040873157,0.001664540448277002,0.0,0,0,0,DLG15,0
539cab1b-7df4-48d7-a6b7-2c214d53ed63,Data Field,1,0,1,0,0,0,0.001610786040873157,0.001664540448277002,0.0,0,0,0,DLG15,0
1c0b40a8-c5cf-422e-b585-999edeb714d9,Data Field,1,0,1,0,0,0,0.001610786040873157,0.001664540448277002,0.0,0,0,0,DLG15,0
d622d367-e24f-41c2-afd8-f56c6dd7adf4,Data Field,1,0,1,0,0,0,0.001610786040873157,0.001664540448277002,0.0,0,0,0,DLG15,0
b5ed86d6-4fc0-42a8-b7f1-75c81bde5f4d,Data Field,1,0,1,0,0,0,0.001610786040873157,0.001664540448277002,0.0,0,0,0,DLG15,0
6fc15f25-52c5-4ef1-8d4f-082fa7ca3253,Data Field,1,0,1,0,0,0,0.001610786040873157,0.001664540448277002,0.0,0,0,0,DLG15,0
70d8371f-9262-4139-aae4-55f6321acbbd,Data Table,0,52,52,0,1,51,0.001610786040873157,0.002802576969167181,0.0,19,0,0,DLG15,0
5fb00a78-1c3b-4653-bc3d-8f99b15cbd24,Data Field,1,0,1,0,0,0,0.001610786040873157,0.001664540448277002,0.0,0,0,0,DLG15,0
3bc012c9-2793-4948-b8d8-3b49609b064c,Data Field,1,0,1,0,0,0,0.001610786040873157,0.001664540448277002,0.0,0,0,0,DLG15,0
a11dc330-974e-4ae4-8645-79e08953e2fd,Data Field,1,0,1,0,0,0,0.001610786040873157,0.001664540448277002,0.0,0,0,0,DLG15,0
6e477b8f-5919-4e13-a54e-ed2fb9559cd0,Data Field,1,0,1,0,0,0,0.001610786040873157,0.001664540448277002,0.0,0,0,0,DLG15,0
e7cd9762-d8c4-40da-878b-4f8a5aa22658,Data Field,1,0,1,0,0,0,0.001610786040873157,0.001664540448277002,0.0,0,0,0,DLG15,0
bb7978da-9095-47e7-a276-9a292644a516,Data Field,1,0,1,0,0,0,0.001610786040873157,0.001664540448277002,0.0,0,0,0,DLG15,0
f0dc5b4f-7cdb-4906-bb8a-afb195734d9e,Data Field,1,0,1,0,0,0,0.001610786040873157,0.001664540448277002,0.0,0,0,0,DLG15,0
edc12df0-f6ed-4a78-abe5-ab3ccd66352f,Data Field,1,0,1,0,0,0,0.001610786040873157,0.001664540448277002,0.0,0,0,0,DLG15,0
efcfeabb-40b2-4019-a4cf-757f38c9f888,Data Field,1,0,1,0,0,0,0.001610786040873157,0.001664540448277002,0.0,0,0,0,DLG15,0
fae64847-2794-49b8-a95b-0f48cedb0630,Data Field,1,0,1,0,0,0,0.001610786040873157,0.001664540448277002,0.0,0,0,0,DLG15,0
5044c882-3136-4243-86e4-25be9611d1f7,Data Field,1,0,1,0,0,0,0.001610786040873157,0.001664540448277002,0.0,0,0,0,DLG15,0
8bfa9913-e38a-4b6f-97a4-e4163e1daf91,Data Field,1,0,1,0,0,0,0.001610786040873157,0.001664540448277002,0.0,0,0,0,DLG15,0
e61f85e3-1b28-4a44-835d-0b8567559b11,Data Field,1,0,1,0,0,0,0.001610786040873157,0.001664540448277002,0.0,0,0,0,DLG15,0
c514ce60-5d2a-48d7-abe3-2ae20ac3e5d3,Data Field,1,0,1,0,0,0,0.001610786040873157,0.001664540448277002,0.0,0,0,0,DLG15,0
985eeed3-e724-4a34-8205-c43f5f4ff574,Data Field,1,0,1,0,0,0,0.001610786040873157,0.001664540448277002,0.0,0,0,0,DLG15,0
440bb0a7-d350-4763-b72c-6d646ab317c4,Data Field,1,0,1,0,0,0,0.001610786040873157,0.001664540448277002,0.0,0,0,0,DLG15,0
9d7123be-800f-47b8-8ad8-5b35b4516608,Data Field,1,0,1,0,0,0,0.001610786040873157,0.001664540448277002,0.0,0,0,0,DLG15,0
731ec27e-b53b-4a3a-9398-10202c40416b,Data Field,1,0,1,0,0,0,0.001610786040873157,0.001664540448277002,0.0,0,0,0,DLG15,0
0d5afeaf-0015-429d-bfa4-3bc642a556e2,Data Field,1,0,1,0,0,0,0.001610786040873157,0.001664540448277002,0.0,0,0,0,DLG15,0
83f0963f-c086-4088-b43a-a809a1a70afa,Data Field,1,0,1,0,0,0,0.001610786040873157,0.001664540448277002,0.0,0,0,0,DLG15,0
ee583736-7492-4a79-aec7-ba5d0b85177e,Data Field,1,0,1,0,0,0,0.001610786040873157,0.001664540448277002,0.0,0,0,0,DLG15,0
3224577b-f656-4d33-8ae7-83533daadcb2,Data Field,1,0,1,0,0,0,0.001610786040873157,0.001664540448277002,0.0,0,0,0,DLG15,0
06801011-e314-442f-b724-22df472d2305,Data Field,1,0,1,0,0,0,0.001610786040873157,0.001664540448277002,0.0,0,0,0,DLG15,0
87a63163-3ce7-471a-a8a6-5785f1baabf6,Data Field,1,0,1,0,0,0,0.001610786040873157,0.001664540448277002,0.0,0,0,0,DLG15,0
c604f7bf-5ea2-4069-ac66-c4680d63da46,Data Field,1,0,1,0,0,0,0.001610786040873157,0.001664540448277002,0.0,0,0,0,DLG15,0
73fd56d6-4cf3-42df-b0c4-338c87ba0367,Data Field,1,0,1,0,0,0,0.001610786040873157,0.001664540448277002,0.0,0,0,0,DLG15,0
9b0e63e3-a112-4b5f-abee-8a711238485a,Data Field,1,0,1,0,0,0,0.001610786040873157,0.001664540448277002,0.0,0,0,0,DLG15,0
dc8c8760-4b8c-47bb-a739-a35e709a3e90,Data Field,1,0,1,0,0,0,0.001610786040873157,0.001664540448277002,0.0,0,0,0,DLG15,0
391c150e-30a6-407a-96af-339a36749f48,Data Field,1,0,1,0,0,0,0.001610786040873157,0.001664540448277002,0.0,0,0,0,DLG15,0
5f54902d-633e-4cb8-94bc-ec75339b631d,Data Field,1,0,1,0,0,0,0.001610786040873157,0.001664540448277002,0.0,0,0,0,DLG15,0
2dddfad7-bb91-48df-8fb4-b1bd1b93155f,Data Field,1,0,1,0,0,0,0.001610786040873157,0.001664540448277002,0.0,0,0,0,DLG15,0
9cd40936-c68a-4159-abc0-369a7cb6dffc,Data Field,1,0,1,0,0,0,0.001610786040873157,0.001664540448277002,0.0,0,0,0,DLG15,0
f6fdb397-e053-43c1-8c11-4395a345083c,Data Field,1,0,1,0,0,0,0.001610786040873157,0.001664540448277002,0.0,0,0,0,DLG15,0
35152af4-9211-4a5e-abca-feb49c70743d,Data Table,0,49,49,0,1,48,0.001610786040873157,0.002802576969167181,0.0,19,0,0,DLG15,0
c735d5a5-e7cd-4a03-aa47-d1e6ac0d0487,Data Field,1,0,1,0,0,0,0.001610786040873157,0.001664540448277002,0.0,0,0,0,DLG15,0
d875ee05-a973-4fb2-b7db-c1407e18e88c,Data Field,1,0,1,0,0,0,0.001610786040873157,0.001664540448277002,0.0,0,0,0,DLG15,0
c8a42300-8307-4321-b534-c3588c1036c6,Data Field,1,0,1,0,0,0,0.001610786040873157,0.001664540448277002,0.0,0,0,0,DLG15,0
03f4cb30-9870-4c1c-9590-8e867fc06ee5,Data Table,0,32,32,0,1,31,0.001610786040873157,0.002802576969167181,0.0,19,0,0,DLG15,0
69360b26-ea15-4210-acf2-5174c343fd4a,Data Field,1,0,1,0,0,0,0.001610786040873157,0.001664540448277002,0.0,0,0,0,DLG15,0
cef393c3-a674-4844-be69-73b9d2bdb578,Data Field,1,0,1,0,0,0,0.001610786040873157,0.001664540448277002,0.0,0,0,0,DLG15,0
5e8d83e8-aef7-4da6-a10b-024b599a3c79,Data Field,1,0,1,0,0,0,0.001610786040873157,0.001664540448277002,0.0,0,0,0,DLG15,0
c88eef4e-edc1-43ce-a2dc-7355ffddeb34,Data Field,1,0,1,0,0,0,0.001610786040873157,0.001664540448277002,0.0,0,0,0,DLG15,0
d03bf282-d172-4596-b6e6-8792b25c2381,Data Field,1,0,1,0,0,0,0.001610786040873157,0.001664540448277002,0.0,0,0,0,DLG15,0
1bebb769-0e8a-4da0-af8c-37e12181c6ea,Data Field,1,0,1,0,0,0,0.001610786040873157,0.001664540448277002,0.0,0,0,0,DLG15,0
c74740e3-9e41-4264-a66e-dad858912494,Data Field,1,0,1,0,0,0,0.001610786040873157,0.001664540448277002,0.0,0,0,0,DLG15,0
e21726b2-49ba-4470-89ad-f49f0de46bb1,Data Field,1,0,1,0,0,0,0.001610786040873157,0.001664540448277002,0.0,0,0,0,DLG15,0
68da70d1-6309-43ea-9a77-17344d77b9c9,Data Field,1,0,1,0,0,0,0.001610786040873157,0.001664540448277002,0.0,0,0,0,DLG15,0
28df2ed0-adf5-469e-bed3-4db1762afd14,Data Field,1,0,1,0,0,0,0.001610786040873157,0.001664540448277002,0.0,0,0,0,DLG15,0
7ca47875-d0da-474e-9fab-9e7ea8b32ba5,Data Field,1,0,1,0,0,0,0.001610786040873157,0.001664540448277002,0.0,0,0,0,DLG15,0
5f5cc3a1-6b5c-43ce-9e7d-67c9d1fb37f8,Data Field,1,0,1,0,0,0,0.001610786040873157,0.001664540448277002,0.0,0,0,0,DLG15,0
93a457ff-5b02-46f7-9f36-44a68b6941cf,Data Field,1,0,1,0,0,0,0.001610786040873157,0.001664540448277002,0.0,0,0,0,DLG15,0
4f7da911-ebee-4eea-bde1-57d664fef34e,Data Field,1,0,1,0,0,0,0.001610786040873157,0.001664540448277002,0.0,0,0,0,DLG15,0
73e08909-a189-4f02-93dd-81f456785546,Data Field,1,0,1,0,0,0,0.001610786040873157,0.001664540448277002,0.0,0,0,0,DLG15,0
5283c0c8-9759-4cd5-b127-9766406df127,Data Field,1,0,1,0,0,0,0.001610786040873157,0.001664540448277002,0.0,0,0,0,DLG15,0
f811e244-8813-4549-b278-4cc9ca3447ca,Data Field,1,0,1,0,0,0,0.001610786040873157,0.001664540448277002,0.0,0,0,0,DLG15,0
8a753038-2b08-45b6-87ec-39bd0443926d,Data Field,1,0,1,0,0,0,0.001610786040873157,0.001664540448277002,0.0,0,0,0,DLG15,0
16c947af-0dd0-4640-9cc9-a499362b5ef5,Data Field,1,0,1,0,0,0,0.001610786040873157,0.001664540448277002,0.0,0,0,0,DLG15,0
27ac30ed-39bc-48ec-97dc-d00266a5c047,Data Field,1,0,1,0,0,0,0.001610786040873157,0.001664540448277002,0.0,0,0,0,DLG15,0
ca0a7c16-3d85-4332-87f9-cb60ba32ce52,Data Field,1,0,1,0,0,0,0.001610786040873157,0.001664540448277002,0.0,0,0,0,DLG15,0
b9a0a66a-5be6-4f79-8666-f88131e118f1,Data Field,1,0,1,0,0,0,0.001610786040873157,0.001664540448277002,0.0,0,0,0,DLG15,0
c4bb5a87-7e76-4049-903f-7095a48f6b2d,Data Field,1,0,1,0,0,0,0.001610786040873157,0.001664540448277002,0.0,0,0,0,DLG15,0
35868e27-874a-4d35-82d8-888c6cbdfa5a,Data Field,1,0,1,0,0,0,0.001610786040873157,0.001664540448277002,0.0,0,0,0,DLG15,0
8b12e1c4-1bbd-4ae1-90ba-b91a8b50486a,Data Field,1,0,1,0,0,0,0.001610786040873157,0.001664540448277002,0.0,0,0,0,DLG15,0
4f3eb237-5d81-4e42-b48b-43174cc86031,Data Field,1,0,1,0,0,0,0.001610786040873157,0.001664540448277002,0.0,0,0,0,DLG15,0
3af62c33-4284-4d32-9a5a-5c0ea025a718,Data Field,1,0,1,0,0,0,0.001610786040873157,0.001664540448277002,0.0,0,0,0,DLG15,0
54a385ef-5204-4146-8c3e-815e83b224e6,Data Field,1,0,1,0,0,0,0.001610786040873157,0.001664540448277002,0.0,0,0,0,DLG15,0
4657ef9b-a4ff-443b-ab30-e0716e7856cf,Data Field,1,0,1,0,0,0,0.001610786040873157,0.001664540448277002,0.0,0,0,0,DLG15,0
7f841d54-2819-4a98-ac8b-62130fd161e4,Data Field,1,0,1,0,0,0,0.001610786040873157,0.001664540448277002,0.0,0,0,0,DLG15,0
2d33922f-3650-4cec-84b2-879e03fff488,Data Field,1,0,1,0,0,0,0.001610786040873157,0.001664540448277002,0.0,0,0,0,DLG15,0
64ec3834-22f0-4c2b-893b-8bd472154d57,Data Field,1,0,1,0,0,0,0.001610786040873157,0.001664540448277002,0.0,0,0,0,DLG15,0
610b555e-6a47-4f7b-bafc-8c12370f2444,Data Field,1,0,1,0,0,0,0.001610786040873157,0.001664540448277002,0.0,0,0,0,DLG15,0
dde05de9-3ad5-4454-9568-8a987b22ebcb,Data Field,1,0,1,0,0,0,0.001610786040873157,0.001664540448277002,0.0,0,0,0,DLG15,0
bb771774-be71-409f-90e2-d3b014cb9e82,Data Field,1,0,1,0,0,0,0.001610786040873157,0.001664540448277002,0.0,0,0,0,DLG15,0
3c940192-88e3-4c70-838e-ffff9c3e9101,Data Field,1,0,1,0,0,0,0.001610786040873157,0.001664540448277002,0.0,0,0,0,DLG15,0
46a8fac7-289f-49b9-ae68-0ec260571413,Data Field,1,0,1,0,0,0,0.001610786040873157,0.001664540448277002,0.0,0,0,0,DLG15,0
ef2f4af1-e04f-4830-8bc7-6584c9ef6832,Data Field,1,0,1,0,0,0,0.001610786040873157,0.001664540448277002,0.0,0,0,0,DLG15,0
2ea98e82-434e-4643-aed0-5ef3b63c12dd,Data Field,1,0,1,0,0,0,0.001610786040873157,0.001664540448277002,0.0,0,0,0,DLG15,0
cb69aee7-9208-4b6e-9a27-8d40bd773650,Data Field,1,0,1,0,0,0,0.001610786040873157,0.001664540448277002,0.0,0,0,0,DLG15,0
1b75135b-fe94-48d8-bc98-73aceeeee08c,Data Field,1,0,1,0,0,0,0.001610786040873157,0.001664540448277002,0.0,0,0,0,DLG15,0
98a9946c-cd8b-4138-b6fd-81292ff7fd8a,Data Field,1,0,1,0,0,0,0.001610786040873157,0.001664540448277002,0.0,0,0,0,DLG15,0
a6fdf97c-3426-450e-98e5-11bd83b2b2c4,Data Field,1,0,1,0,0,0,0.001610786040873157,0.001664540448277002,0.0,0,0,0,DLG15,0
11119992-122e-4d2e-91f6-c396f9066b84,Data Field,1,0,1,0,0,0,0.001610786040873157,0.001664540448277002,0.0,0,0,0,DLG15,0
b015b035-dd9c-45af-a28d-d299774b282a,Data Field,1,0,1,0,0,0,0.001610786040873157,0.001664540448277002,0.0,0,0,0,DLG15,0
fa51874d-a670-458a-b04d-c9126c5d9f35,Data Field,1,0,1,0,0,0,0.001610786040873157,0.001664540448277002,0.0,0,0,0,DLG15,0
d18a0029-ca20-4a59-b4a4-b47b7847665f,Data Field,1,0,1,0,0,0,0.001610786040873157,0.001664540448277002,0.0,0,0,0,DLG15,0
2747e589-a963-42c6-945c-1231f03e6f22,Data Field,1,0,1,0,0,0,0.001610786040873157,0.001664540448277002,0.0,0,0,0,DLG15,0
a251bdfe-0e2e-456a-a2e1-7888f32f4bf1,Data Field,1,0,1,0,0,0,0.001610786040873157,0.001664540448277002,0.0,0,0,0,DLG15,0
dfd248ea-7421-4a34-99cb-6d92565e998d,Data Field,1,0,1,0,0,0,0.001610786040873157,0.001664540448277002,0.0,0,0,0,DLG15,0
62aa0dd8-0803-4205-881e-2138e5f05106,Data Field,1,0,1,0,0,0,0.001610786040873157,0.001664540448277002,0.0,0,0,0,DLG15,0
a7907c9d-8ac9-47bc-9877-49c17b351a1b,Data Field,1,0,1,0,0,0,0.001610786040873157,0.001664540448277002,0.0,0,0,0,DLG15,0
46fa93c7-cd5e-4770-b15b-c9e4826c5661,Data Field,1,0,1,0,0,0,0.001610786040873157,0.001664540448277002,0.0,0,0,0,DLG15,0
0189243c-4306-4e30-a73c-f3d886e23ddb,Data Field,1,0,1,0,0,0,0.001610786040873157,0.001664540448277002,0.0,0,0,0,DLG15,0
663387e1-f18c-4618-bd73-033505b0efae,Data Field,1,0,1,0,0,0,0.001610786040873157,0.001664540448277002,0.0,0,0,0,DLG15,0
21fea4f2-3de7-4313-8b2a-7a6dc9f6c82b,Data Field,1,0,1,0,0,0,0.001610786040873157,0.001664540448277002,0.0,0,0,0,DLG15,0
b3322937-9315-4ec3-b773-cfb586b51ff4,Data Field,1,0,1,0,0,0,0.001610786040873157,0.001664540448277002,0.0,0,0,0,DLG15,0
c0a1af28-6d52-4c6d-b08e-a3e44cf44aee,Data Field,1,0,1,0,0,0,0.001610786040873157,0.001664540448277002,0.0,0,0,0,DLG15,0
b0c70e9b-f7e4-4cdd-b820-8df69d1b9e51,Data Field,1,0,1,0,0,0,0.001610786040873157,0.001664540448277002,0.0,0,0,0,DLG15,0
58d4ede9-4b92-4aba-bcde-6d64b66cdb5c,Data Field,1,0,1,0,0,0,0.001610786040873157,0.001664540448277002,0.0,0,0,0,DLG15,0
332f595e-a63c-40d4-9e03-e37665407e56,Data Table,0,30,30,0,1,29,0.001610786040873157,0.002802576969167181,0.0,19,0,0,DLG15,0
f347c5af-f875-4653-8016-124d7e90d27e,Data Field,1,0,1,0,0,0,0.001610786040873157,0.001664540448277002,0.0,0,0,0,DLG15,0
fdcf9717-48d8-4abe-a6c3-4a043a4bfe4c,Data Field,1,0,1,0,0,0,0.001610786040873157,0.001664540448277002,0.0,0,0,0,DLG15,0
e47e634d-8dbf-443d-81b4-55808e36f748,Data Field,1,0,1,0,0,0,0.001610786040873157,0.001664540448277002,0.0,0,0,0,DLG15,0
fef32068-a015-440f-9a34-52e25150d1be,Data Field,1,0,1,0,0,0,0.001610786040873157,0.001664540448277002,0.0,0,0,0,DLG15,0
faa54c44-40b6-400a-b4b7-5389f8f726a5,Data Field,1,0,1,0,0,0,0.001610786040873157,0.001664540448277002,0.0,0,0,0,DLG15,0
9cf4b18a-c51e-47cf-92c7-6a8f3eec7cfb,Data Field,1,0,1,0,0,0,0.001610786040873157,0.001664540448277002,0.0,0,0,0,DLG15,0
b7e198d6-b7d9-4508-9717-0895f0b7b3fb,Data Field,1,0,1,0,0,0,0.001610786040873157,0.001664540448277002,0.0,0,0,0,DLG15,0
8e14b154-1f8d-436b-bd60-fee3b48708d8,Data Field,1,0,1,0,0,0,0.001610786040873157,0.001664540448277002,0.0,0,0,0,DLG15,0
cc4ff283-e069-42ea-a4b3-42d2917db44e,Data Field,1,0,1,0,0,0,0.001610786040873157,0.001664540448277002,0.0,0,0,0,DLG15,0
527ce38f-a1d4-41b3-bc51-de325f7c809c,Data Field,1,0,1,0,0,0,0.001610786040873157,0.001664540448277002,0.0,0,0,0,DLG15,0
d3b59655-fa17-4d4c-8f23-c885f041f335,Data Field,1,0,1,0,0,0,0.001610786040873157,0.001664540448277002,0.0,0,0,0,DLG15,0
ab1456f5-3144-468b-8b42-836003b0c213,Data Field,1,0,1,0,0,0,0.001610786040873157,0.001664540448277002,0.0,0,0,0,DLG15,0
e8ecf73a-6b7e-4a4d-8a42-54eafb7a5a49,Data Field,1,0,1,0,0,0,0.001610786040873157,0.001664540448277002,0.0,0,0,0,DLG15,0
13c0518f-941a-403d-b9ba-54b3fbec99a6,Data Field,1,0,1,0,0,0,0.001610786040873157,0.001664540448277002,0.0,0,0,0,DLG15,0
5ffc86a7-949a-4699-aa56-2cae76102e52,Data Field,1,0,1,0,0,0,0.001610786040873157,0.001664540448277002,0.0,0,0,0,DLG15,0
508e5e6a-4c82-4140-b97a-c299b1650617,Data Field,1,0,1,0,0,0,0.001610786040873157,0.001664540448277002,0.0,0,0,0,DLG15,0
557ae286-ca96-4b83-b2e3-ec512b21bfc3,Data Field,1,0,1,0,0,0,0.001610786040873157,0.001664540448277002,0.0,0,0,0,DLG15,0
d853bc10-6db9-42be-910c-3d0300b98acf,Data Field,1,0,1,0,0,0,0.001610786040873157,0.001664540448277002,0.0,0,0,0,DLG15,0
9bad865c-4844-45d2-9a52-a2bcdbd7cdd1,Data Field,1,0,1,0,0,0,0.001610786040873157,0.001664540448277002,0.0,0,0,0,DLG15,0
02ff5723-d6fe-4079-9f91-2146ee966f18,Data Field,1,0,1,0,0,0,0.001610786040873157,0.001664540448277002,0.0,0,0,0,DLG15,0
42698457-18d3-4b3d-811b-7c5e5d8f5844,Data Field,1,0,1,0,0,0,0.001610786040873157,0.001664540448277002,0.0,0,0,0,DLG15,0
a024cd0b-0550-4a16-918a-ca80509380ad,Data Field,1,0,1,0,0,0,0.001610786040873157,0.001664540448277002,0.0,0,0,0,DLG15,0
cfd2451c-745c-40c2-b1f3-11eee3080ba9,Data Field,1,0,1,0,0,0,0.001610786040873157,0.001664540448277002,0.0,0,0,0,DLG15,0
5692aecf-797c-41ef-b432-56be3c080156,Data Field,1,0,1,0,0,0,0.001610786040873157,0.001664540448277002,0.0,0,0,0,DLG15,0
3e791c1f-3f0e-41ea-94b3-6d84ed97fd0a,Data Field,1,0,1,0,0,0,0.001610786040873157,0.001664540448277002,0.0,0,0,0,DLG15,0
44fb2a74-a74b-4be2-b028-89c7ab729ec4,Data Field,1,0,1,0,0,0,0.001610786040873157,0.001664540448277002,0.0,0,0,0,DLG15,0
844d3439-d463-4613-9241-3ef8111b6b32,Data Field,1,0,1,0,0,0,0.001610786040873157,0.001664540448277002,0.0,0,0,0,DLG15,0
f4502a05-1c30-49f4-8e5b-95f4c1e6f207,Data Field,1,0,1,0,0,0,0.001610786040873157,0.001664540448277002,0.0,0,0,0,DLG15,0
a16005e1-e2c6-4a14-b50c-adf3ef801174,Data Table,0,49,49,0,1,48,0.001610786040873157,0.002802576969167181,0.0,19,0,0,DLG15,0
cdb10b0d-d816-49dd-adec-99674b3bbda6,Data Field,1,0,1,0,0,0,0.001610786040873157,0.001664540448277002,0.0,0,0,0,DLG15,0
7a77e066-d8c6-49da-b82a-605aad44a627,Data Field,1,0,1,0,0,0,0.001610786040873157,0.001664540448277002,0.0,0,0,0,DLG15,0
c391a161-1d03-43aa-bf01-213f80ef1353,Data Field,1,0,1,0,0,0,0.001610786040873157,0.001664540448277002,0.0,0,0,0,DLG15,0
415a8d40-9a4f-45ac-9ce4-289fa8af1450,Data Field,1,0,1,0,0,0,0.001610786040873157,0.001664540448277002,0.0,0,0,0,DLG15,0
4f9376ab-d0e4-4107-8437-a9ed6311f30d,Data Field,1,0,1,0,0,0,0.001610786040873157,0.001664540448277002,0.0,0,0,0,DLG15,0
1fdb56ed-647b-480f-9296-f34f424777ff,Data Field,1,0,1,0,0,0,0.001610786040873157,0.001664540448277002,0.0,0,0,0,DLG15,0
cc731377-0dd3-46c0-b7e8-2c2f42904ea3,Data Field,1,0,1,0,0,0,0.001610786040873157,0.001664540448277002,0.0,0,0,0,DLG15,0
a6c6e5b6-1b72-498a-b6ea-9ec2694649f8,Data Field,1,0,1,0,0,0,0.001610786040873157,0.001664540448277002,0.0,0,0,0,DLG15,0
756a7d3e-bfe0-4c42-9332-3c04ada7905b,Data Field,1,0,1,0,0,0,0.001610786040873157,0.001664540448277002,0.0,0,0,0,DLG15,0
b5f581cd-a059-4f12-a123-a190c4984ce1,Data Field,1,0,1,0,0,0,0.001610786040873157,0.001664540448277002,0.0,0,0,0,DLG15,0
bdc72473-cfff-4f8b-8951-4a4cdf5aa46e,Data Field,1,0,1,0,0,0,0.001610786040873157,0.001664540448277002,0.0,0,0,0,DLG15,0
1e4788d0-7a1a-43ec-8e5f-e8b203c44a1f,Data Field,1,0,1,0,0,0,0.001610786040873157,0.001664540448277002,0.0,0,0,0,DLG15,0
785d8604-f0cc-4677-a6a1-278457878610,Data Field,1,0,1,0,0,0,0.001610786040873157,0.001664540448277002,0.0,0,0,0,DLG15,0
0c17bc72-f2b9-4e13-83c6-886611db14a0,Data Field,1,0,1,0,0,0,0.001610786040873157,0.001664540448277002,0.0,0,0,0,DLG15,0
c4a24b78-91ef-45c8-8f88-652464e9d968,Data Field,1,0,1,0,0,0,0.001610786040873157,0.001664540448277002,0.0,0,0,0,DLG15,0
309a71e5-b104-4900-9af6-537881c625e1,Data Field,1,0,1,0,0,0,0.001610786040873157,0.001664540448277002,0.0,0,0,0,DLG15,0
5f887bbf-a9ac-4bbe-9fe7-290172fcbfba,Data Field,1,0,1,0,0,0,0.001610786040873157,0.001664540448277002,0.0,0,0,0,DLG15,0
b3f3e608-9a7b-4896-9e88-9d11c3fecc97,Data Field,1,0,1,0,0,0,0.001610786040873157,0.001664540448277002,0.0,0,0,0,DLG15,0
48c0d4f2-0f39-4826-a4ff-574537badbe4,Data Table,0,32,32,0,1,31,0.001610786040873157,0.002802576969167181,0.0,19,0,0,DLG15,0
0c16d2be-522c-4219-80ff-8d4fc03a06fb,Data Field,1,0,1,0,0,0,0.001610786040873157,0.001664540448277002,0.0,0,0,0,DLG15,0
b92796d0-a568-405f-bcef-6e2ff18b1384,Data Field,1,0,1,0,0,0,0.001610786040873157,0.001664540448277002,0.0,0,0,0,DLG15,0
161b101c-7d44-4510-b86b-58085e3883ef,Data Field,1,0,1,0,0,0,0.001610786040873157,0.001664540448277002,0.0,0,0,0,DLG15,0
69f3a968-3815-45cd-af99-16dc30aaf210,Data Field,1,0,1,0,0,0,0.001610786040873157,0.001664540448277002,0.0,0,0,0,DLG15,0
f4043763-4a74-482d-bfb0-e6b985514314,Data Field,1,0,1,0,0,0,0.001610786040873157,0.001664540448277002,0.0,0,0,0,DLG15,0
737b5f01-aa8c-477d-b10f-bdd761c23af6,Data Field,1,0,1,0,0,0,0.001610786040873157,0.001664540448277002,0.0,0,0,0,DLG15,0
5442384a-8b01-4d53-8ec1-ca78ca90b9f2,Data Field,1,0,1,0,0,0,0.001610786040873157,0.001664540448277002,0.0,0,0,0,DLG15,0
8508af10-b3b2-44df-814b-e44d9987e23c,Data Field,1,0,1,0,0,0,0.001610786040873157,0.001664540448277002,0.0,0,0,0,DLG15,0
84682987-42f5-4ce3-aefb-1081b654d624,Data Field,1,0,1,0,0,0,0.001610786040873157,0.001664540448277002,0.0,0,0,0,DLG15,0
ff494418-9783-42a6-9242-14c3010b4ab6,Data Field,1,0,1,0,0,0,0.001610786040873157,0.001664540448277002,0.0,0,0,0,DLG15,0
1623faab-f5cf-4b65-af6f-79b4457602e1,Data Field,1,0,1,0,0,0,0.001610786040873157,0.001664540448277002,0.0,0,0,0,DLG15,0
4081dd38-24d3-4fa1-8cc6-8001e23a1ee9,Data Field,1,0,1,0,0,0,0.001610786040873157,0.001664540448277002,0.0,0,0,0,DLG15,0
647726d9-8a4f-4530-a631-71f6f7fca5c9,Data Field,1,0,1,0,0,0,0.001610786040873157,0.001664540448277002,0.0,0,0,0,DLG15,0
47fffe1d-734a-499a-ac05-954b43706c71,Data Field,1,0,1,0,0,0,0.001610786040873157,0.001664540448277002,0.0,0,0,0,DLG15,0
40281ce6-dde4-4125-855a-ee1be568464f,Data Field,1,0,1,0,0,0,0.001610786040873157,0.001664540448277002,0.0,0,0,0,DLG15,0
edaaa34d-9a61-4a0a-834d-20935199af8d,Data Field,1,0,1,0,0,0,0.001610786040873157,0.001664540448277002,0.0,0,0,0,DLG15,0
a2c7e223-a001-49ec-9c48-a7074256596e,Data Field,1,0,1,0,0,0,0.001610786040873157,0.001664540448277002,0.0,0,0,0,DLG15,0
59745164-3540-45f4-ad6e-d08deb2b8649,Data Field,1,0,1,0,0,0,0.001610786040873157,0.001664540448277002,0.0,0,0,0,DLG15,0
70ea2e13-f300-4dd6-883f-aa93e1c4a27f,Data Field,1,0,1,0,0,0,0.001610786040873157,0.001664540448277002,0.0,0,0,0,DLG15,0
969783e8-e74d-4561-9646-678c8cb8e236,Data Field,1,0,1,0,0,0,0.001610786040873157,0.001664540448277002,0.0,0,0,0,DLG15,0
21c90e97-c663-4240-8c84-d4fae057a1fb,Data Field,1,0,1,0,0,0,0.001610786040873157,0.001664540448277002,0.0,0,0,0,DLG15,0
c99e7015-209b-47b9-870d-5bfb49166e52,Data Field,1,0,1,0,0,0,0.001610786040873157,0.001664540448277002,0.0,0,0,0,DLG15,0
d9718963-bfc8-487c-9454-d0ad43ed773e,Data Field,1,0,1,0,0,0,0.001610786040873157,0.001664540448277002,0.0,0,0,0,DLG15,0
32fc0a93-5097-4ba7-ad4a-3bfcba1cfe1c,Data Field,1,0,1,0,0,0,0.001610786040873157,0.001664540448277002,0.0,0,0,0,DLG15,0
97a3ccbe-1452-4241-9635-c821e55fd11d,Data Field,1,0,1,0,0,0,0.001610786040873157,0.001664540448277002,0.0,0,0,0,DLG15,0
8aadd11f-ef19-4d50-a786-068cac1f3bc0,Data Field,1,0,1,0,0,0,0.001610786040873157,0.001664540448277002,0.0,0,0,0,DLG15,0
d1ce7e04-4bcd-4062-a9d7-c6c1eff8d73a,Data Field,1,0,1,0,0,0,0.001610786040873157,0.001664540448277002,0.0,0,0,0,DLG15,0
ee21c91d-0627-41ca-8ca2-246b791afaf8,Data Field,1,0,1,0,0,0,0.001610786040873157,0.001664540448277002,0.0,0,0,0,DLG15,0
bf92cf2a-bb38-4493-9811-9acfeb3d237d,Data Field,1,0,1,0,0,0,0.001610786040873157,0.001664540448277002,0.0,0,0,0,DLG15,0
7545d5bf-c6d9-4f8f-b7bb-aa5aded09cf0,Data Field,1,0,1,0,0,0,0.001610786040873157,0.001664540448277002,0.0,0,0,0,DLG15,0
7b957a3c-2357-40d0-8065-da388728a305,Data Field,1,0,1,0,0,0,0.001610786040873157,0.001664540448277002,0.0,0,0,0,DLG15,0
7d8a90c8-ca0b-43ce-abfd-47938650a948,Data Field,1,0,1,0,0,0,0.001610786040873157,0.001664540448277002,0.0,0,0,0,DLG15,0
3a646af6-8d0f-493f-953d-345868127ec6,Data Field,1,0,1,0,0,0,0.001610786040873157,0.001664540448277002,0.0,0,0,0,DLG15,0
a3950fcc-31ac-4133-b7fc-81efb25ef60d,Data Field,1,0,1,0,0,0,0.001610786040873157,0.001664540448277002,0.0,0,0,0,DLG15,0
8f53edfa-9ee7-4757-8b1e-f1fa1f79aede,Data Field,1,0,1,0,0,0,0.001610786040873157,0.001664540448277002,0.0,0,0,0,DLG15,0
19397927-904b-4709-bbf4-4d5ba35df79d,Data Field,1,0,1,0,0,0,0.001610786040873157,0.001664540448277002,0.0,0,0,0,DLG15,0
af2b7bff-8b2f-464b-909a-c62bf7dc3636,Data Field,1,0,1,0,0,0,0.001610786040873157,0.001664540448277002,0.0,0,0,0,DLG15,0
54e70ef0-9548-4172-ac30-915bc76e9815,Data Field,1,0,1,0,0,0,0.001610786040873157,0.001664540448277002,0.0,0,0,0,DLG15,0
ceed2e4d-ed3b-45f8-ba2f-8eda2116c692,Data Table,0,30,30,0,1,29,0.001610786040873157,0.002802576969167181,0.0,19,0,0,DLG15,0
fe66423f-3bb7-492d-9f99-1a9bb2e76042,Data Field,1,0,1,0,0,0,0.001610786040873157,0.001664540448277002,0.0,0,0,0,DLG15,0
b1a373ec-bfca-45a2-9ede-2ffcf72127df,Data Field,1,0,1,0,0,0,0.001610786040873157,0.001664540448277002,0.0,0,0,0,DLG15,0
ab9c7c1d-4b87-480a-97ad-8b05a1c3625d,Data Field,1,0,1,0,0,0,0.001610786040873157,0.001664540448277002,0.0,0,0,0,DLG15,0
506fe1ae-2985-4f55-86f9-3081d7b6dfce,Data Field,1,0,1,0,0,0,0.001610786040873157,0.001664540448277002,0.0,0,0,0,DLG15,0
39ca07d9-2b32-4863-b97b-39ed606515ea,Data Field,1,0,1,0,0,0,0.001610786040873157,0.001664540448277002,0.0,0,0,0,DLG15,0
1d6580eb-9eeb-40d3-9f9b-23b0284c783a,Data Field,1,0,1,0,0,0,0.001610786040873157,0.001664540448277002,0.0,0,0,0,DLG15,0
0e4c08f3-024a-4478-ba67-247d0f1194db,Data Field,1,0,1,0,0,0,0.001610786040873157,0.001664540448277002,0.0,0,0,0,DLG15,0
f8374b57-7af2-4f2c-be89-1c5c43c21885,Data Field,1,0,1,0,0,0,0.001610786040873157,0.001664540448277002,0.0,0,0,0,DLG15,0
f73e4397-8f5b-41ae-8c06-b2033df633c9,Data Field,1,0,1,0,0,0,0.001610786040873157,0.001664540448277002,0.0,0,0,0,DLG15,0
56e91eec-6327-461b-bd64-806884db504d,Data Field,1,0,1,0,0,0,0.001610786040873157,0.001664540448277002,0.0,0,0,0,DLG15,0
f94d6d0c-c85b-4bee-98d5-eee4ba723b13,Data Field,1,0,1,0,0,0,0.001610786040873157,0.001664540448277002,0.0,0,0,0,DLG15,0
420f4b22-0285-44e6-b11e-6f8b3af20bfb,Data Field,1,0,1,0,0,0,0.001610786040873157,0.001664540448277002,0.0,0,0,0,DLG15,0
096da9f7-125e-467d-a96f-ef3f654ba12e,Data Field,1,0,1,0,0,0,0.001610786040873157,0.001664540448277002,0.0,0,0,0,DLG15,0
c8ee4870-c63d-47f7-8514-b5d0e86a7ae2,Data Field,1,0,1,0,0,0,0.001610786040873157,0.001664540448277002,0.0,0,0,0,DLG15,0
69435b58-c9a7-46e9-85dd-acb414021a49,Data Field,1,0,1,0,0,0,0.001610786040873157,0.001664540448277002,0.0,0,0,0,DLG15,0
fea9d604-505a-4b65-becd-bd33a4eaa9dd,Data Field,1,0,1,0,0,0,0.001610786040873157,0.001664540448277002,0.0,0,0,0,DLG15,0
41c05228-bfcd-417a-b481-fa8ef0ccdc86,Data Field,1,0,1,0,0,0,0.001610786040873157,0.001664540448277002,0.0,0,0,0,DLG15,0
ca5c399f-dbcf-40ac-9f9a-e7f4f54e95b1,Data Field,1,0,1,0,0,0,0.001610786040873157,0.001664540448277002,0.0,0,0,0,DLG15,0
185479ae-eae5-4d79-bbd3-94937781144e,Data Field,1,0,1,0,0,0,0.001610786040873157,0.001664540448277002,0.0,0,0,0,DLG15,0
dc106c5f-8eda-43cc-a0bc-33ab40fc7f74,Data Field,1,0,1,0,0,0,0.001610786040873157,0.001664540448277002,0.0,0,0,0,DLG15,0
d2465698-b679-4a24-90d2-64e7f5bb6095,Data Field,1,0,1,0,0,0,0.001610786040873157,0.001664540448277002,0.0,0,0,0,DLG15,0
8ec9ddf4-cc94-4da9-b10e-e6f04715fbfc,Data Field,1,0,1,0,0,0,0.001610786040873157,0.001664540448277002,0.0,0,0,0,DLG15,0
48334950-bbde-43cd-98ad-5a602b53d206,Data Field,1,0,1,0,0,0,0.001610786040873157,0.001664540448277002,0.0,0,0,0,DLG15,0
bf7b05ec-5935-447e-a142-408e1affed93,Data Field,1,0,1,0,0,0,0.001610786040873157,0.001664540448277002,0.0,0,0,0,DLG15,0
999e0428-85bf-4904-9a91-1061d44eb3b3,Data Field,1,0,1,0,0,0,0.001610786040873157,0.001664540448277002,0.0,0,0,0,DLG15,0
2fa8e2b1-609b-40a3-aa28-a762460a4b95,Data Field,1,0,1,0,0,0,0.001610786040873157,0.001664540448277002,0.0,0,0,0,DLG15,0
dd728f26-f46d-4513-9cdc-82629bf40fc6,Data Field,1,0,1,0,0,0,0.001610786040873157,0.001664540448277002,0.0,0,0,0,DLG15,0
0079c06a-f5f9-4c6d-be2c-92300c647184,Data Field,1,0,1,0,0,0,0.001610786040873157,0.001664540448277002,0.0,0,0,0,DLG15,0
fbabf975-7618-4ad4-8a35-901470b294b9,Data Field,1,0,1,0,0,0,0.001610786040873157,0.001664540448277002,0.0,0,0,0,DLG15,0
580e512e-3f6d-4b2a-bf75-3baec16b12f7,Data Field,1,0,1,0,0,0,0.001610786040873157,0.001664540448277002,0.0,0,0,0,DLG15,0
19e9df18-3f7f-4c36-a898-932011d06e71,Data Field,1,0,1,0,0,0,0.001610786040873157,0.001664540448277002,0.0,0,0,0,DLG15,0
dedd977b-84d0-4cd3-8d0e-f84b41aa6c77,Data Field,1,0,1,0,0,0,0.001610786040873157,0.001664540448277002,0.0,0,0,0,DLG15,0
5b9b3003-140f-41c1-aa45-175fdcfeedad,Data Field,1,0,1,0,0,0,0.001610786040873157,0.001664540448277002,0.0,0,0,0,DLG15,0
7a4b97ef-80d9-46b3-854a-22b17d555471,Data Field,1,0,1,0,0,0,0.001610786040873157,0.001664540448277002,0.0,0,0,0,DLG15,0
4dbaf90e-6dcd-47ad-aaf7-a7d06984e912,Data Field,1,0,1,0,0,0,0.001610786040873157,0.001664540448277002,0.0,0,0,0,DLG15,0
e3e879d3-f80f-4254-9811-2b0b316f473b,Data Field,1,0,1,0,0,0,0.001610786040873157,0.001664540448277002,0.0,0,0,0,DLG15,0
262497f2-5ec9-4ab3-b0a6-a357b7437b31,Data Field,1,0,1,0,0,0,0.001610786040873157,0.001664540448277002,0.0,0,0,0,DLG15,0
9e653d61-5ae3-4264-b698-7748f89e92c2,Data Field,1,0,1,0,0,0,0.001610786040873157,0.001664540448277002,0.0,0,0,0,DLG15,0
f38529b4-6b64-496e-9e92-61f17c2f4329,Data Field,1,0,1,0,0,0,0.001610786040873157,0.001664540448277002,0.0,0,0,0,DLG15,0
a81a7f89-21df-4964-a0b6-3825ccb3b622,Data Field,1,0,1,0,0,0,0.001610786040873157,0.001664540448277002,0.0,0,0,0,DLG15,0
ae687dae-886f-4c31-8bfc-aa640fbcdfc2,Data Field,1,0,1,0,0,0,0.001610786040873157,0.001664540448277002,0.0,0,0,0,DLG15,0
a2af4351-b0a9-492f-a0fb-bd7a38e27cd2,Data Field,1,0,1,0,0,0,0.001610786040873157,0.001664540448277002,0.0,0,0,0,DLG15,0
f14182f0-381e-4664-9deb-b19c08338977,Data Field,1,0,1,0,0,0,0.001610786040873157,0.001664540448277002,0.0,0,0,0,DLG15,0
a6621d68-283c-42b9-8095-8dc5e9155f52,Data Field,1,0,1,0,0,0,0.001610786040873157,0.001664540448277002,0.0,0,0,0,DLG15,0
bc0d16f8-b629-4723-9070-a700e118e6f8,Data Field,1,0,1,0,0,0,0.001610786040873157,0.001664540448277002,0.0,0,0,0,DLG15,0
9383120a-dc78-4e13-9988-a906c01e8240,Data Field,1,0,1,0,0,0,0.001610786040873157,0.001664540448277002,0.0,0,0,0,DLG15,0
c5f00f5c-d7ec-499f-aacb-b489272e6d98,Data Field,1,0,1,0,0,0,0.001610786040873157,0.001664540448277002,0.0,0,0,0,DLG15,0
554758f9-6d93-4b72-8f2c-54787a0c511c,Data Field,1,0,1,0,0,0,0.001610786040873157,0.001664540448277002,0.0,0,0,0,DLG15,0
897aa763-f5e8-41a1-8b60-60ed107f1e49,Data Field,1,0,1,0,0,0,0.001610786040873157,0.001664540448277002,0.0,0,0,0,DLG15,0
514a6a0c-fed8-4be9-9d42-67380ae87459,Data Field,1,0,1,0,0,0,0.001610786040873157,0.001664540448277002,0.0,0,0,0,DLG15,0
58d9761a-815b-4d62-b8cb-d6a82b5c5d60,Data Field,1,0,1,0,0,0,0.001610786040873157,0.001664540448277002,0.0,0,0,0,DLG15,0
a3d59767-848d-4d9c-bf0a-931725fa7422,Data Field,1,0,1,0,0,0,0.001610786040873157,0.001664540448277002,0.0,0,0,0,DLG15,0
16a63b48-acd6-4fea-aaae-fa2dfaa7b3eb,Data Field,1,0,1,0,0,0,0.001610786040873157,0.001664540448277002,0.0,0,0,0,DLG15,0
53cd750a-5675-4271-a32f-7a595312f0c5,Data Field,1,0,1,0,0,0,0.001610786040873157,0.001664540448277002,0.0,0,0,0,DLG15,0
562fe8e9-33be-4f47-9050-2e4a219eaca3,Data Field,1,0,1,0,0,0,0.001610786040873157,0.001664540448277002,0.0,0,0,0,DLG15,0
19152f91-57e8-4be9-a0ef-71003eb0cb9e,Data Job,1,1,2,1,1,0,0.0035351094862691827,0.0021360827858243983,1.61450731694716e-05,1,15,0,DLG15,0
7f2b15da-17a0-4b69-ad64-d0a873c92027,Data Field,1,0,1,0,0,0,0.001610786040873157,0.001664540448277002,0.0,0,0,0,DLG15,0
4b21d913-49fb-407f-92da-1f1f2f79563c,Data Field,1,0,1,0,0,0,0.001610786040873157,0.001664540448277002,0.0,0,0,0,DLG15,0
84863986-4509-4987-8dcd-4170011b7b79,Data Field,1,0,1,0,0,0,0.001610786040873157,0.001664540448277002,0.0,0,0,0,DLG15,0
589e3e10-e8d3-4512-bf41-5a439996b97b,Data Table,0,11,11,0,2,9,0.001610786040873157,0.002672345419213283,0.0,3,0,0,DLG15,0
34fcdb3d-a682-4f82-9d7f-5a5a94d4f9a0,Data Field,1,0,1,0,0,0,0.001610786040873157,0.001664540448277002,0.0,0,0,0,DLG15,0
8b149062-eaf6-4bae-a9ac-ee7997a4c857,Data Field,1,0,1,0,0,0,0.001610786040873157,0.001664540448277002,0.0,0,0,0,DLG15,0
05d5b2c9-4dea-4ac3-b6e9-dcfde9e4444f,Data Field,1,0,1,0,0,0,0.001610786040873157,0.001664540448277002,0.0,0,0,0,DLG15,0
b0f54a63-3360-4df0-ab26-9d96f27db207,Data Field,1,0,1,0,0,0,0.001610786040873157,0.001664540448277002,0.0,0,0,0,DLG15,0
568ad97d-766d-42bd-a604-21cab969ba0b,Data Field,1,0,1,0,0,0,0.001610786040873157,0.001664540448277002,0.0,0,0,0,DLG15,0
5653e979-0cf9-4915-bd50-cd051d7cb45c,Data Field,1,0,1,0,0,0,0.001610786040873157,0.001664540448277002,0.0,0,0,0,DLG15,0
a96daf85-96e4-4dde-9f0b-f7bfd505b7fd,Data Field,1,0,1,0,0,0,0.001610786040873157,0.001664540448277002,0.0,0,0,0,DLG15,0
d80d47b9-90ae-4001-87c7-e5745513750b,Data Field,1,0,1,0,0,0,0.001610786040873157,0.001664540448277002,0.0,0,0,0,DLG15,0
5db06ee2-c187-4995-ac98-8f81fe10f34f,Data Field,1,0,1,0,0,0,0.001610786040873157,0.001664540448277002,0.0,0,0,0,DLG15,0
bc0206f4-ed66-44f0-8dec-772d0c44b248,Data Table,1,7,8,1,0,7,0.005779107250110149,0.001664540448277002,0.0,0,17,0,DLG15,0
533f75a9-d14b-480a-b98d-26fde4051889,Data Field,1,0,1,0,0,0,0.001610786040873157,0.001664540448277002,0.0,0,0,0,DLG15,0
bdeb683e-8c43-4ef0-b562-5e6faf328614,Data Field,1,0,1,0,0,0,0.001610786040873157,0.001664540448277002,0.0,0,0,0,DLG15,0
bb245d8b-a48f-47da-84a0-8451432a3149,Data Field,1,0,1,0,0,0,0.001610786040873157,0.001664540448277002,0.0,0,0,0,DLG15,0
71768acd-5899-42d4-990d-e46259d1c20a,Data Field,1,0,1,0,0,0,0.001610786040873157,0.001664540448277002,0.0,0,0,0,DLG15,0
e95dbdb2-7d46-4e5d-8f3f-38fd7551a913,Data Field,1,0,1,0,0,0,0.001610786040873157,0.001664540448277002,0.0,0,0,0,DLG15,0
a79937c6-b39f-4981-acda-c433c82f338e,Data Field,1,0,1,0,0,0,0.001610786040873157,0.001664540448277002,0.0,0,0,0,DLG15,0
a24915a6-f08e-4990-9c01-91a83b5d2cb6,Data Table,3,32,35,3,0,32,0.01062778527233093,0.001664540448277002,0.0,0,18,0,DLG15,1
b4c0710a-245e-49d8-b695-02985fef6ef0,Data Field,1,0,1,0,0,0,0.001610786040873157,0.001664540448277002,0.0,0,0,0,DLG15,0
1e09f3e4-6d0b-458c-a2f3-d8e407163a9a,Data Field,1,0,1,0,0,0,0.001610786040873157,0.001664540448277002,0.0,0,0,0,DLG15,0
8b63faec-4053-4e7f-9490-82f692daf08e,Data Field,1,0,1,0,0,0,0.001610786040873157,0.001664540448277002,0.0,0,0,0,DLG15,0
30dea124-e8f6-444e-9aa7-50d242bbaac4,Data Field,1,0,1,0,0,0,0.001610786040873157,0.001664540448277002,0.0,0,0,0,DLG15,0
22157bd8-b53a-4cfd-863d-ed5ae2b18673,Data Field,1,0,1,0,0,0,0.001610786040873157,0.001664540448277002,0.0,0,0,0,DLG15,0
3edd1e18-7e23-42d4-8031-e89f1fa1b9cf,Data Field,1,0,1,0,0,0,0.001610786040873157,0.001664540448277002,0.0,0,0,0,DLG15,0
e677604a-fdd8-42f7-aef4-7fb2216a6162,Data Field,1,0,1,0,0,0,0.001610786040873157,0.001664540448277002,0.0,0,0,0,DLG15,0
40c6b94e-8782-4fbf-a170-e119d8ecce76,Data Field,1,0,1,0,0,0,0.001610786040873157,0.001664540448277002,0.0,0,0,0,DLG15,0
a588a100-7350-49d3-82a8-98e65901a700,Data Field,1,0,1,0,0,0,0.001610786040873157,0.001664540448277002,0.0,0,0,0,DLG15,0
0b5d3c20-32e2-4ae7-a815-e44535af9bf7,Data Field,1,0,1,0,0,0,0.001610786040873157,0.001664540448277002,0.0,0,0,0,DLG15,0
8590d052-4cae-4760-9211-6876366daf66,Data Job,1,1,2,1,1,0,0.0035351094862691827,0.0021360827858243983,1.61450731694716e-05,1,15,0,DLG15,0
844e992e-c2c6-42b7-a414-7ad0c4ed94ed,Data Table,0,7,7,0,1,6,0.001610786040873157,0.002972836883828469,0.0,2,0,0,DLG15,0
589bd486-52d5-4421-9766-c93741287b13,Data Field,1,0,1,0,0,0,0.001610786040873157,0.001664540448277002,0.0,0,0,0,DLG15,0
fe8f8565-8992-430d-9537-8a5c167bfdd1,Data Field,1,0,1,0,0,0,0.001610786040873157,0.001664540448277002,0.0,0,0,0,DLG15,0
56ef1851-fdca-4634-9781-b36507c2cf44,Data Field,1,0,1,0,0,0,0.001610786040873157,0.001664540448277002,0.0,0,0,0,DLG15,0
1aad20e5-6559-42b7-84d4-22bf976a212d,Data Field,1,0,1,0,0,0,0.001610786040873157,0.001664540448277002,0.0,0,0,0,DLG15,0
fdca9a2a-0704-4ef0-a705-95958eee38b7,Data Field,1,0,1,0,0,0,0.001610786040873157,0.001664540448277002,0.0,0,0,0,DLG15,0
6a530d1d-d235-49d1-b34e-d0f5667795e0,Data Field,1,0,1,0,0,0,0.001610786040873157,0.001664540448277002,0.0,0,0,0,DLG15,0
2b4cd069-1523-484b-8c14-d9ef90979bed,Data Field,1,0,1,0,0,0,0.001610786040873157,0.001664540448277002,0.0,0,0,0,DLG15,0
73e939a8-8d49-43e3-a198-a3bbcfdd9195,Data Field,1,0,1,0,0,0,0.001610786040873157,0.001664540448277002,0.0,0,0,0,DLG15,0
21412aa0-2979-4d13-9ea7-7843de835fa3,Data Field,1,0,1,0,0,0,0.001610786040873157,0.001664540448277002,0.0,0,0,0,DLG15,0
563bff0f-f7d5-4afd-b423-277e610592c7,Data Field,1,0,1,0,0,0,0.001610786040873157,0.001664540448277002,0.0,0,0,0,DLG15,0
67ef2ded-2f81-49df-a925-62a10777aa47,Data Field,1,0,1,0,0,0,0.001610786040873157,0.001664540448277002,0.0,0,0,0,DLG15,0
ab0fc293-d45e-40fe-b50a-1d60b233703a,Data Field,1,0,1,0,0,0,0.001610786040873157,0.001664540448277002,0.0,0,0,0,DLG15,0
0463bfef-3633-4a39-acd0-0cd3a26f59d8,Data Field,1,0,1,0,0,0,0.001610786040873157,0.001664540448277002,0.0,0,0,0,DLG15,0
2e5c6acf-a107-4f28-a8a1-e556e7896fa2,Data Job,2,1,3,2,1,0,0.004903898497882365,0.0030791674609191907,5.166423414230913e-05,1,16,0,DLG15,0
e3b30899-671e-4aaa-94b1-3c28edff49b8,Data Field,1,0,1,0,0,0,0.001610786040873157,0.001664540448277002,0.0,0,0,0,DLG15,0
09ebf316-9182-4974-97ab-38591df4ceaf,Data Field,1,0,1,0,0,0,0.001610786040873157,0.001664540448277002,0.0,0,0,0,DLG15,0
9d91674c-5566-429f-80ee-3e90e75625b5,Data Field,1,0,1,0,0,0,0.001610786040873157,0.001664540448277002,0.0,0,0,0,DLG15,0
2d8a3396-bf33-4ef7-8d9d-6b1812b05e8a,Data Field,1,0,1,0,0,0,0.001610786040873157,0.001664540448277002,0.0,0,0,0,DLG15,0
7d8f8ed2-998e-4041-8bd6-b7ae50bc92f3,Data Field,1,0,1,0,0,0,0.001610786040873157,0.001664540448277002,0.0,0,0,0,DLG15,0
fae8c86a-fd3c-4760-a67e-8df7b4d965f2,Data Field,1,0,1,0,0,0,0.001610786040873157,0.001664540448277002,0.0,0,0,0,DLG15,0
bf360b73-b68b-49e6-9c16-13587d7e737a,Data Field,1,0,1,0,0,0,0.001610786040873157,0.001664540448277002,0.0,0,0,0,DLG15,0
972c900c-b9c3-4ced-bd2d-4dffe0010303,Data Field,1,0,1,0,0,0,0.001610786040873157,0.001664540448277002,0.0,0,0,0,DLG15,0
28c53f24-c9b6-4ad6-a681-003ea5510a0b,Data Field,1,0,1,0,0,0,0.001610786040873157,0.001664540448277002,0.0,0,0,0,DLG15,0
7f581ed9-ba65-4f55-8cc1-9279e0d0ea89,Data Field,1,0,1,0,0,0,0.001610786040873157,0.001664540448277002,0.0,0,0,0,DLG15,0
4a0488b2-6797-4fcf-9290-ec2b310ecf7f,Data Field,1,0,1,0,0,0,0.001610786040873157,0.001664540448277002,0.0,0,0,0,DLG15,0
84c62f93-08b4-4ce0-8950-07cb9bee6ebd,Data Table,0,22,22,0,2,20,0.001610786040873157,0.002672345419213283,0.0,3,0,0,DLG15,0
46c96c27-16f7-4e57-85a4-bdc595f8b41b,Data Table,0,4,4,0,1,3,0.001610786040873157,0.002802576969167181,0.0,19,0,0,DLG15,0
ccc6e1ab-d347-41f9-99fd-88d8594e21a7,Data Field,1,0,1,0,0,0,0.001610786040873157,0.001664540448277002,0.0,0,0,0,DLG15,0
7dc736bf-48d4-4b02-9c12-b0aec94780de,Data Field,1,0,1,0,0,0,0.001610786040873157,0.001664540448277002,0.0,0,0,0,DLG15,0
7e180d09-ef92-4d9d-ae3e-bcfe119b673a,Data Field,1,0,1,0,0,0,0.001610786040873157,0.001664540448277002,0.0,0,0,0,DLG15,0
ee781a1a-801b-40eb-a82f-09e82f925e1f,Data Field,1,0,1,0,0,0,0.001610786040873157,0.001664540448277002,0.0,0,0,0,DLG15,0
957222f3-879f-4699-9f50-762c6db1328e,Data Field,1,0,1,0,0,0,0.001610786040873157,0.001664540448277002,0.0,0,0,0,DLG15,0
0c3aff84-25dd-4a10-bc0b-86e59ef21770,Data Table,1,38,39,1,8,30,0.01809408743625021,0.018446903720159356,0.0007685054828668483,17,14,0,DLG15,1
000ca565-15d3-4c67-998d-4850e4e4f852,Data Field,1,0,1,0,0,0,0.001610786040873157,0.001664540448277002,0.0,0,0,0,DLG15,0
d302a3a2-68b8-4569-9420-a957209d685d,Data Field,1,0,1,0,0,0,0.001610786040873157,0.001664540448277002,0.0,0,0,0,DLG15,0
2b28cf90-7867-4d76-a96c-b8e2c43d5366,Data Field,1,0,1,0,0,0,0.001610786040873157,0.001664540448277002,0.0,0,0,0,DLG15,0
7154060d-943c-4226-b8f7-e0d90e31bdd4,Data Field,1,0,1,0,0,0,0.001610786040873157,0.001664540448277002,0.0,0,0,0,DLG15,0
2a9ed03f-b76a-4243-9ca4-e85b96aac65f,Data Field,1,0,1,0,0,0,0.001610786040873157,0.001664540448277002,0.0,0,0,0,DLG15,0
83cdb2f5-bed0-4cfe-8c32-390d8573e2d7,Data Table,0,4,4,0,1,3,0.001610786040873157,0.002802576969167181,0.0,19,0,0,DLG15,0
a672673b-2154-49e7-bfc4-002c7412dde6,Data Field,1,0,1,0,0,0,0.001610786040873157,0.001664540448277002,0.0,0,0,0,DLG15,0
7e3ec6e6-7735-4276-af43-96f75586f247,Data Table,2,13,15,2,0,13,0.011110083258098208,0.001664540448277002,0.0,0,20,0,DLG15,1
0fdc6126-528e-4a4a-a72f-c7ab779b6b37,Data Field,1,0,1,0,0,0,0.001610786040873157,0.001664540448277002,0.0,0,0,0,DLG15,0
9d24c5b0-36b0-4e3e-941e-95e8db260b76,Data Field,1,0,1,0,0,0,0.001610786040873157,0.001664540448277002,0.0,0,0,0,DLG15,0
c6afdcea-2357-40cf-90e4-f999344ae9db,Data Field,1,0,1,0,0,0,0.001610786040873157,0.001664540448277002,0.0,0,0,0,DLG15,0
6c2c3ecd-8a0e-42da-b8c5-219fbe1d0fb7,Data Field,1,0,1,0,0,0,0.001610786040873157,0.001664540448277002,0.0,0,0,0,DLG15,0
503ab8e9-420f-48a1-b9a9-c29ef22b8ea0,Data Field,1,0,1,0,0,0,0.001610786040873157,0.001664540448277002,0.0,0,0,0,DLG15,0
06649904-b1e7-4f03-af04-0fffde5a0483,Data Field,1,0,1,0,0,0,0.001610786040873157,0.001664540448277002,0.0,0,0,0,DLG15,0
8b8383f1-825a-46b6-aa7e-a84f4e04240f,Data Field,1,0,1,0,0,0,0.001610786040873157,0.001664540448277002,0.0,0,0,0,DLG15,0
02af7d6f-f5ab-45fa-8e40-f91a3dcd3c78,Data Table,0,5,5,0,2,3,0.001610786040873157,0.002672345419213283,0.0,3,0,0,DLG15,0
bb174170-6182-49dd-9a0c-c70e150ed78c,Data Table,0,16,16,0,1,15,0.001610786040873157,0.002802576969167181,0.0,19,0,0,DLG15,0
9cf1e29c-a4e3-48d7-a655-bd54577ccfd5,Data Field,1,0,1,0,0,0,0.001610786040873157,0.001664540448277002,0.0,0,0,0,DLG15,0
82384c41-555a-478e-b426-a9d318b138f7,Data Field,1,0,1,0,0,0,0.001610786040873157,0.001664540448277002,0.0,0,0,0,DLG15,0
050c4cf2-4ac7-40ce-9cd1-65c2c6036f7b,Data Field,1,0,1,0,0,0,0.001610786040873157,0.001664540448277002,0.0,0,0,0,DLG15,0
d91b6a25-0a01-4573-b70c-40a0b2b3b593,Data Job,4,1,5,4,1,0,0.0055882930036889565,0.0023718539545980965,2.9061131705048887e-05,1,18,0,DLG15,0
8717bc7e-f6d6-413d-b13f-aa2f4cd821a0,Data Field,1,0,1,0,0,0,0.001610786040873157,0.001664540448277002,0.0,0,0,0,DLG15,0
2789d4a9-080e-4683-b7a2-197795615d71,Data Field,1,0,1,0,0,0,0.001610786040873157,0.001664540448277002,0.0,0,0,0,DLG15,0
d59b4ab5-6f4f-4a9c-ade0-2a1e5aace712,Data Field,1,0,1,0,0,0,0.001610786040873157,0.001664540448277002,0.0,0,0,0,DLG15,0
11ebaba1-c494-4a96-a4e0-4a8def2f2b97,Data Field,1,0,1,0,0,0,0.001610786040873157,0.001664540448277002,0.0,0,0,0,DLG15,0
b410d3d7-1d78-482c-bf62-ee5e998e21df,Data Table,0,4,4,0,1,3,0.001610786040873157,0.002802576969167181,0.0,19,0,0,DLG15,0
beaaa63f-ec23-47a1-92a8-5f75afcf57c8,Data Field,1,0,1,0,0,0,0.001610786040873157,0.001664540448277002,0.0,0,0,0,DLG15,0
f2d03be8-a006-437e-89e6-7bbe9bf62b5e,Data Field,1,0,1,0,0,0,0.001610786040873157,0.001664540448277002,0.0,0,0,0,DLG15,0
286254dc-28c2-4082-9479-1fe50c5a8dcc,Data Field,1,0,1,0,0,0,0.001610786040873157,0.001664540448277002,0.0,0,0,0,DLG15,0
a14da02f-d1ec-4077-8343-c84ddd4d3fc4,Data Field,1,0,1,0,0,0,0.001610786040873157,0.001664540448277002,0.0,0,0,0,DLG15,0
63f942e5-d112-42cc-93fc-53c59ac99f59,Data Field,1,0,1,0,0,0,0.001610786040873157,0.001664540448277002,0.0,0,0,0,DLG15,0
58db0597-6333-40b9-a00b-3a59d6403cb3,Data Field,1,0,1,0,0,0,0.001610786040873157,0.001664540448277002,0.0,0,0,0,DLG15,0
38d41c5e-4576-45f1-856d-b69e844973b7,Data Field,1,0,1,0,0,0,0.001610786040873157,0.001664540448277002,0.0,0,0,0,DLG15,0
7ce99ae4-f66f-4e62-84d4-1153db64eff4,Data Job,1,1,2,1,1,0,0.0035351094862691827,0.0021360827858243983,1.61450731694716e-05,1,15,0,DLG15,0
a5350b0e-a9b5-45a9-b954-cf87d02965c0,Data Field,1,0,1,0,0,0,0.001610786040873157,0.001664540448277002,0.0,0,0,0,DLG15,0
9446fc4c-7341-4640-9598-ee959dd815db,Data Field,1,0,1,0,0,0,0.001610786040873157,0.001664540448277002,0.0,0,0,0,DLG15,0
26bad039-ae18-45cd-a5ce-87e42e2ffab1,Data Field,1,0,1,0,0,0,0.001610786040873157,0.001664540448277002,0.0,0,0,0,DLG15,0
15080a2e-1047-4430-9acc-72b6e0b44edc,Data Field,1,0,1,0,0,0,0.001610786040873157,0.001664540448277002,0.0,0,0,0,DLG15,0
af4b0fa4-4da1-435b-a7c2-4bccc7b81170,Data Field,1,0,1,0,0,0,0.001610786040873157,0.001664540448277002,0.0,0,0,0,DLG15,0
d71067fa-4bf8-40ba-901a-ac76bd2a8762,Data Field,1,0,1,0,0,0,0.001610786040873157,0.001664540448277002,0.0,0,0,0,DLG15,0
d6829570-b635-49f9-b4de-3f7def6c348f,Data Field,1,0,1,0,0,0,0.001610786040873157,0.001664540448277002,0.0,0,0,0,DLG15,0
e09348f2-496f-4969-9ec2-cb108f065c48,Data Field,1,0,1,0,0,0,0.001610786040873157,0.001664540448277002,0.0,0,0,0,DLG15,0
81260eb3-1315-4496-abe5-52f6140e6ebd,Data Field,1,0,1,0,0,0,0.001610786040873157,0.001664540448277002,0.0,0,0,0,DLG15,0
201fc9bf-afe7-42fe-9443-cd4c2aa08a11,Data Field,1,0,1,0,0,0,0.001610786040873157,0.001664540448277002,0.0,0,0,0,DLG15,0
8fa988bd-8754-4877-acae-81317c0bb233,Data Field,1,0,1,0,0,0,0.001610786040873157,0.001664540448277002,0.0,0,0,0,DLG15,0
adf091f8-18d8-4d09-9952-b5fccf41bd3b,Data Field,1,0,1,0,0,0,0.001610786040873157,0.001664540448277002,0.0,0,0,0,DLG15,0
7a9a558a-fb77-4cb5-9527-76b4d9c568ff,Data Field,1,0,1,0,0,0,0.001610786040873157,0.001664540448277002,0.0,0,0,0,DLG15,0
108e6bbe-0f91-4a28-a6d1-58f79d20d05c,Data Field,1,0,1,0,0,0,0.001610786040873157,0.001664540448277002,0.0,0,0,0,DLG15,0
2e4d6768-a488-4161-b23f-a45d4d8757b4,Data Field,1,0,1,0,0,0,0.001610786040873157,0.001664540448277002,0.0,0,0,0,DLG15,0
97680e32-9622-4361-9400-8e23faff6ee3,Data Field,1,0,1,0,0,0,0.001610786040873157,0.001664540448277002,0.0,0,0,0,DLG15,0
faab63a0-8c2b-4a9b-b9bc-3a4436d7092a,Data Field,1,0,1,0,0,0,0.001610786040873157,0.001664540448277002,0.0,0,0,0,DLG15,0
2021ee1e-010e-48e7-842a-5da03d20a200,Data Job,4,1,5,4,1,0,0.0055882930036889565,0.0023718539545980965,2.9061131705048887e-05,1,18,0,DLG15,0
a3d3a72c-9e60-4d0e-ae38-4b678636c6b5,Data Field,1,0,1,0,0,0,0.001610786040873157,0.001664540448277002,0.0,0,0,0,DLG15,0
bd142257-695a-411c-8d10-633818ce1338,Data Field,1,0,1,0,0,0,0.001610786040873157,0.001664540448277002,0.0,0,0,0,DLG15,0
3b6c51f9-168b-4975-b1f8-7621f30eecfd,Data Field,1,0,1,0,0,0,0.001610786040873157,0.001664540448277002,0.0,0,0,0,DLG15,0
7940005f-4cf9-4da2-9dae-7ffbbbf44c67,Data Field,1,0,1,0,0,0,0.001610786040873157,0.001664540448277002,0.0,0,0,0,DLG15,0
18665abe-ebd3-4577-a2eb-54a9d8e7c360,Data Field,1,0,1,0,0,0,0.001610786040873157,0.001664540448277002,0.0,0,0,0,DLG15,0
d8c22692-d64c-4ab2-b094-4fd0a717314c,Data Field,1,0,1,0,0,0,0.001610786040873157,0.001664540448277002,0.0,0,0,0,DLG15,0
8c28edc6-25e9-426c-89fa-6860aba691d4,Data Field,1,0,1,0,0,0,0.001610786040873157,0.001664540448277002,0.0,0,0,0,DLG15,0
993126d7-8f58-4415-aa97-9faf6ce27992,Data Field,1,0,1,0,0,0,0.001610786040873157,0.001664540448277002,0.0,0,0,0,DLG15,0
5814fd73-bc8d-4c91-816e-63719c495033,Data Table,1,16,17,1,1,15,0.00461645245135908,0.004281133319379936,0.00010332846828461826,2,16,0,DLG15,0
1b68e988-4bab-4b1f-8da7-d94accc742a4,Data Field,1,0,1,0,0,0,0.001610786040873157,0.001664540448277002,0.0,0,0,0,DLG15,0
86d1f218-2d8c-4bf9-a5d3-382d93621f92,Data Job,1,1,2,1,1,0,0.0035351094862691827,0.005303592614150716,0.00014530565852524443,3,15,0,DLG15,0
93d2f722-60a9-4735-a5d3-03aea3deeaf7,Data Field,1,0,1,0,0,0,0.001610786040873157,0.001664540448277002,0.0,0,0,0,DLG15,0
d6815780-4e26-4b4c-a91d-37a39547575d,Data Field,1,0,1,0,0,0,0.001610786040873157,0.001664540448277002,0.0,0,0,0,DLG15,0
96a6fd9d-27f9-460d-b2ba-51ad52bb472f,Data Field,1,0,1,0,0,0,0.001610786040873157,0.001664540448277002,0.0,0,0,0,DLG15,0
43fdf9b4-b923-43b7-8cb6-1fc434012fc6,Data Field,1,0,1,0,0,0,0.001610786040873157,0.001664540448277002,0.0,0,0,0,DLG15,0
4487f70b-3d3a-4085-b094-0135a68594af,Data Field,1,0,1,0,0,0,0.001610786040873157,0.001664540448277002,0.0,0,0,0,DLG15,0
b0b6da9c-a3be-4401-9844-ec6ea80609da,Data Job,1,1,2,1,1,0,0.005547057589992237,0.0030791674609191907,5.489324877620345e-05,1,17,0,DLG15,0
4b604146-7510-40c7-bd2a-2c54cd5c6548,Data Field,1,0,1,0,0,0,0.001610786040873157,0.001664540448277002,0.0,0,0,0,DLG15,0
e7c6eb6c-8f45-43e7-b952-0f9cbfa66040,Data Field,1,0,1,0,0,0,0.001610786040873157,0.001664540448277002,0.0,0,0,0,DLG15,0
0a102543-1f79-413c-8730-5da9d14981b7,Data Field,1,0,1,0,0,0,0.001610786040873157,0.001664540448277002,0.0,0,0,0,DLG15,0
f5d65ef9-0632-444f-b056-4345b4ee9916,Data Field,1,0,1,0,0,0,0.001610786040873157,0.001664540448277002,0.0,0,0,0,DLG15,0
01fcfba1-5e6e-4251-9686-a18fd5078591,Data Field,1,0,1,0,0,0,0.001610786040873157,0.001664540448277002,0.0,0,0,0,DLG15,0
b4c3b8dd-daa7-4912-9a86-03004b505663,Data Field,1,0,1,0,0,0,0.001610786040873157,0.001664540448277002,0.0,0,0,0,DLG15,0
1b5c62f8-0c52-4333-b9f6-9edcec562c96,Data Field,1,0,1,0,0,0,0.001610786040873157,0.001664540448277002,0.0,0,0,0,DLG15,0
cd2c0a23-8b7c-47d2-8fe4-18b4b954a445,Data Table,1,15,16,1,1,14,0.00461645245135908,0.004281133319379936,0.00010332846828461826,2,16,0,DLG15,0
d768d0e4-0ac4-4e4c-a375-a6234c991e68,Data Field,1,0,1,0,0,0,0.001610786040873157,0.001664540448277002,0.0,0,0,0,DLG15,0
b554e008-a9f5-4140-b11c-e210a4c6cf08,Data Field,1,0,1,0,0,0,0.001610786040873157,0.001664540448277002,0.0,0,0,0,DLG15,0
55a9222d-534b-4f6a-b810-0a44591b1c64,Data Field,1,0,1,0,0,0,0.001610786040873157,0.001664540448277002,0.0,0,0,0,DLG15,0
cc29131c-6d4e-47bc-97d7-72c85fc4c99d,Data Field,1,0,1,0,0,0,0.001610786040873157,0.001664540448277002,0.0,0,0,0,DLG15,0
d87e67fd-fac6-419d-beb7-8ec00f3c44b4,Data Field,1,0,1,0,0,0,0.001610786040873157,0.001664540448277002,0.0,0,0,0,DLG15,0
5dda0b03-a04e-4c5f-8195-6036157385bc,Data Field,1,0,1,0,0,0,0.001610786040873157,0.001664540448277002,0.0,0,0,0,DLG15,0
b41f5010-e390-49aa-8bd9-5414b1519db4,Data Field,1,0,1,0,0,0,0.001610786040873157,0.001664540448277002,0.0,0,0,0,DLG15,0
7070bd96-ff42-4699-9232-cc9dd9e34548,Data Table,1,15,16,1,0,15,0.006343582770715956,0.001664540448277002,0.0,0,18,0,DLG15,0
2072d1f6-c49b-4f9e-ad20-b5eb6df6212f,Data Field,1,0,1,0,0,0,0.001610786040873157,0.001664540448277002,0.0,0,0,0,DLG15,0
36886876-0971-48b6-b247-3229bb220bf6,Data Field,1,0,1,0,0,0,0.001610786040873157,0.001664540448277002,0.0,0,0,0,DLG15,0
1b694bdd-e303-4028-94b6-f737a4f83810,Data Field,1,0,1,0,0,0,0.001610786040873157,0.001664540448277002,0.0,0,0,0,DLG15,0
eea2638f-7bb4-423f-9917-306090a096c2,Data Field,1,0,1,0,0,0,0.001610786040873157,0.001664540448277002,0.0,0,0,0,DLG15,0
cc556417-8218-4f51-a5d0-f738bb023ad6,Data Field,1,0,1,0,0,0,0.001610786040873157,0.001664540448277002,0.0,0,0,0,DLG15,0
2aa153e8-5e96-4230-827c-42c07bf62ee9,Data Field,1,0,1,0,0,0,0.001610786040873157,0.001664540448277002,0.0,0,0,0,DLG15,0
df08eb78-5e04-4332-a327-b1cd69fd02dd,Data Field,1,0,1,0,0,0,0.001610786040873157,0.001664540448277002,0.0,0,0,0,DLG15,0
26bad0cc-5cd6-4684-a60e-e61553b8ce25,Data Field,1,0,1,0,0,0,0.001610786040873157,0.001664540448277002,0.0,0,0,0,DLG15,0
e38d145f-ccca-4984-8b18-48edf7de57bc,Data Field,1,0,1,0,0,0,0.001610786040873157,0.001664540448277002,0.0,0,0,0,DLG15,0
c988608b-d28f-4246-a2bc-e7535d8d9a97,Data Job,1,1,2,1,1,0,0.005547057589992237,0.0030791674609191907,5.489324877620345e-05,1,17,0,DLG15,0
a609e934-af85-4b11-adb6-381438f6d50d,Data Job,1,1,2,1,1,0,0.0035351094862691827,0.005303592614150716,0.00014530565852524443,3,15,0,DLG15,0
46877799-1abf-439c-8221-0413d81068e0,Data Field,1,0,1,0,0,0,0.001610786040873157,0.001664540448277002,0.0,0,0,0,DLG15,0
257f4935-9915-4640-b0eb-ee434c682a98,Data Field,1,0,1,0,0,0,0.001610786040873157,0.001664540448277002,0.0,0,0,0,DLG15,0
56b09003-63c1-4f26-8851-cba60c830ff4,Data Field,1,0,1,0,0,0,0.001610786040873157,0.001664540448277002,0.0,0,0,0,DLG15,0
2949c72b-f137-489f-aa2c-be48d3310e74,Data Field,1,0,1,0,0,0,0.001610786040873157,0.001664540448277002,0.0,0,0,0,DLG15,0
a2e7b451-806f-4d60-b2e8-81d446c3c562,Data Field,1,0,1,0,0,0,0.001610786040873157,0.001664540448277002,0.0,0,0,0,DLG15,0
deef1c7d-bb0b-4176-a17d-410ce8d40a2f,Data Field,1,0,1,0,0,0,0.001610786040873157,0.001664540448277002,0.0,0,0,0,DLG15,0
1e9c5591-9ff5-4528-913b-1dd0ec659221,Data Table,1,15,16,1,0,15,0.006343582770715956,0.001664540448277002,0.0,0,18,0,DLG15,0
7d81353a-a25a-44e4-9cdc-f578b3e5bf8b,Data Field,1,0,1,0,0,0,0.001610786040873157,0.001664540448277002,0.0,0,0,0,DLG15,0
72c13652-e64c-471b-bc21-ca04133a46bf,Data Field,1,0,1,0,0,0,0.001610786040873157,0.001664540448277002,0.0,0,0,0,DLG15,0
0bce330a-6f33-4263-a4bc-d6de77d4a816,Data Field,1,0,1,0,0,0,0.001610786040873157,0.001664540448277002,0.0,0,0,0,DLG15,0
c479c356-4f0e-4e6d-a019-c512a5a91181,Data Field,1,0,1,0,0,0,0.001610786040873157,0.001664540448277002,0.0,0,0,0,DLG15,0
b99591d5-5f20-4814-9454-8d2b5f37613b,Data Field,1,0,1,0,0,0,0.001610786040873157,0.001664540448277002,0.0,0,0,0,DLG15,0
2fc38107-0459-456f-a18c-6b8dd4307161,Data Field,1,0,1,0,0,0,0.001610786040873157,0.001664540448277002,0.0,0,0,0,DLG15,0
051677be-22fa-4831-b9f7-3e6d5359f1d7,Data Field,1,0,1,0,0,0,0.001610786040873157,0.001664540448277002,0.0,0,0,0,DLG15,0
048c18b3-3e65-48e6-a37f-b21d67370ab8,Data Field,1,0,1,0,0,0,0.001610786040873157,0.001664540448277002,0.0,0,0,0,DLG15,0
03b07e6c-c50c-48a4-af0c-d14baf4b2377,Data Field,1,0,1,0,0,0,0.001610786040873157,0.001664540448277002,0.0,0,0,0,DLG15,0
ee908c09-04c3-47c4-920e-843da088c4ec,Data Field,1,0,1,0,0,0,0.001610786040873157,0.001664540448277002,0.0,0,0,0,DLG15,0
84af235b-8633-48f6-9ee6-79e76efb4d64,Data Field,1,0,1,0,0,0,0.001610786040873157,0.001664540448277002,0.0,0,0,0,DLG15,0
47921a49-a47a-40f0-be84-dc7164a12a81,Data Field,1,0,1,0,0,0,0.001610786040873157,0.001664540448277002,0.0,0,0,0,DLG15,0
27d2714b-9d3a-4091-bc5e-d98f96d09e13,Data Field,1,0,1,0,0,0,0.001610786040873157,0.001664540448277002,0.0,0,0,0,DLG15,0
5be200a2-7f8b-489c-8b83-9cdf4088bd01,Data Field,1,0,1,0,0,0,0.001610786040873157,0.001664540448277002,0.0,0,0,0,DLG15,0
d3942e12-ddd3-4c76-89d1-a7f26d1e7f98,Data Field,1,0,1,0,0,0,0.001610786040873157,0.001664540448277002,0.0,0,0,0,DLG15,0
b84307aa-d344-4421-9e6c-7b79f6786ccf,Data Field,1,0,1,0,0,0,0.001610786040873157,0.001664540448277002,0.0,0,0,0,DLG15,0
rfqjb0e5-3nxq-1qsx-iram-j3qyol7i80ky,Data Field,1,0,1,0,0,0,0.001610786040873157,0.001664540448277002,0.0,0,0,0,DLG15,0
s8zs350w-h3j0-blpr-tavl-r45vzb9hcqfw,Data Field,1,0,1,0,0,0,0.001610786040873157,0.001664540448277002,0.0,0,0,0,DLG15,0
ojo7w7ic-3ivz-u6rc-378e-qsysntaomwme,Data Field,1,0,1,0,0,0,0.001610786040873157,0.001664540448277002,0.0,0,0,0,DLG15,0
70rjf06a-rm6t-k19r-5inb-kd16re0f2451,Data Field,1,0,1,0,0,0,0.001610786040873157,0.001664540448277002,0.0,0,0,0,DLG15,0
yabvfpk4-da3n-d4un-fw97-wppm4w9hremv,Data Field,1,0,1,0,0,0,0.001610786040873157,0.001664540448277002,0.0,0,0,0,DLG15,0
ickjjj8y-v0yi-bzwz-dimx-wuthj2fw3ru5,Data Field,1,0,1,0,0,0,0.001610786040873157,0.001664540448277002,0.0,0,0,0,DLG15,0
xffk0bwk-lspg-6gsm-xn9f-cplthlklthih,Data Field,1,0,1,0,0,0,0.001610786040873157,0.001664540448277002,0.0,0,0,0,DLG15,0
gy2ju1uz-7s5j-gy2p-jt17-csamzkozf0sf,Data Field,1,0,1,0,0,0,0.001610786040873157,0.001664540448277002,0.0,0,0,0,DLG15,0
9mwzwkd7-qa2n-9zqr-j82q-668041wu40my,Data Field,1,0,1,0,0,0,0.001610786040873157,0.001664540448277002,0.0,0,0,0,DLG15,0
kjejvrav-mdad-nxup-s6r0-2yep19x7bcsx,Data Field,1,0,1,0,0,0,0.001610786040873157,0.001664540448277002,0.0,0,0,0,DLG15,0
ykaqzrez-01tq-gbf0-zk8p-szzp0cnc40k2,Data Field,1,0,1,0,0,0,0.001610786040873157,0.001664540448277002,0.0,0,0,0,DLG15,0
b17o1hga-d1c6-hrwa-npd7-ir427d7glzt0,Data Field,1,0,1,0,0,0,0.001610786040873157,0.001664540448277002,0.0,0,0,0,DLG15,0
uws9hc8a-30pr-50ot-ta1x-6kwy7k7iotvp,Data Field,1,0,1,0,0,0,0.001610786040873157,0.001664540448277002,0.0,0,0,0,DLG15,0
oc4yot8u-0xk4-u5ra-6q6z-um1f30bs3c4m,Data Field,1,0,1,0,0,0,0.001610786040873157,0.001664540448277002,0.0,0,0,0,DLG15,0
2wl8hwqs-mx9r-jujl-dhz6-qpgktdec62tl,Data Field,1,0,1,0,0,0,0.001610786040873157,0.001664540448277002,0.0,0,0,0,DLG15,0
qgkji5j0-wlah-p2go-ozjl-328y0xwkvud6,Data Field,1,0,1,0,0,0,0.001610786040873157,0.001664540448277002,0.0,0,0,0,DLG15,0
a2jp3o78-riys-u78x-i3af-hy5mv3t7z2kv,Data Field,1,0,1,0,0,0,0.001610786040873157,0.001664540448277002,0.0,0,0,0,DLG15,0
jbo5ajjh-kai4-ngvn-bowo-h1tyo8116fej,Data Field,1,0,1,0,0,0,0.001610786040873157,0.001664540448277002,0.0,0,0,0,DLG15,0
85zb3tyf-78l3-x7hh-id3k-5xihnxarkob7,Data Field,1,0,1,0,0,0,0.001610786040873157,0.001664540448277002,0.0,0,0,0,DLG15,0
puc27svr-9jqw-emy5-61eg-coqyjka8peow,Data Field,1,0,1,0,0,0,0.001610786040873157,0.001664540448277002,0.0,0,0,0,DLG15,0
huq4wlqk-9bhh-t5o2-vjt2-6vu3c725aikx,Data Field,1,0,1,0,0,0,0.001610786040873157,0.001664540448277002,0.0,0,0,0,DLG15,0
f85y9c4i-0qcp-d88h-s6jm-ja1linv7y03z,Data Field,1,0,1,0,0,0,0.001610786040873157,0.001664540448277002,0.0,0,0,0,DLG15,0
8vcmd2l0-tlp5-buph-ngx0-qyl4qr0lj3n7,Data Field,1,0,1,0,0,0,0.001610786040873157,0.001664540448277002,0.0,0,0,0,DLG15,0
tk4nyzix-tqj0-201o-769s-s376rre5b4uz,Data Field,1,0,1,0,0,0,0.001610786040873157,0.001664540448277002,0.0,0,0,0,DLG15,0
ud81k62c-za57-c0bo-o58i-x19vkaekf0ww,Data Field,1,0,1,0,0,0,0.001610786040873157,0.001664540448277002,0.0,0,0,0,DLG15,0
o9fivj32-jobt-fv28-8ngh-hxllnxu7elw9,Data Field,1,0,1,0,0,0,0.001610786040873157,0.001664540448277002,0.0,0,0,0,DLG15,0
rtt92qru-0co6-qvtz-qisl-vkz5pszuvc5b,Data Field,1,0,1,0,0,0,0.001610786040873157,0.001664540448277002,0.0,0,0,0,DLG15,0
d1rav6q2-bomr-zpaj-az5j-vjj6axikpzq1,Data Field,1,0,1,0,0,0,0.001610786040873157,0.001664540448277002,0.0,0,0,0,DLG15,0
2a5pi3kr-lyga-2bj0-qs0p-r6dp46zygd9x,Data Field,1,0,1,0,0,0,0.001610786040873157,0.001664540448277002,0.0,0,0,0,DLG15,0
wz04bwg6-yp14-1p56-nynh-nfrgikego5e3,Data Field,1,0,1,0,0,0,0.001610786040873157,0.001664540448277002,0.0,0,0,0,DLG15,0
drr8ijbb-doty-qqxk-8ra6-kv57k3xshor1,Data Field,1,0,1,0,0,0,0.001610786040873157,0.001664540448277002,0.0,0,0,0,DLG15,0
6zr61jjk-dnpn-ifhh-fk62-l994h6dim6bu,Data Field,1,0,1,0,0,0,0.001610786040873157,0.001664540448277002,0.0,0,0,0,DLG15,0
pux2yt7o-w7z4-hyl2-5on0-n2iov9xd8uua,Data Field,1,0,1,0,0,0,0.001610786040873157,0.001664540448277002,0.0,0,0,0,DLG15,0
8ahgtiok-sqfh-dpwg-svm3-qynurshqqwfs,Data Field,1,0,1,0,0,0,0.001610786040873157,0.001664540448277002,0.0,0,0,0,DLG15,0
rmzhhs7j-h6j0-wvmx-898e-1w7oir0ilo1l,Data Field,1,0,1,0,0,0,0.001610786040873157,0.001664540448277002,0.0,0,0,0,DLG15,0
